2018-09-12 오전 8:30:04,동성제약,46000,0,0
2018-09-12 오전 8:30:05,동성제약,46000,0,0
2018-09-12 오전 8:30:11,동성제약,46000,0,0
2018-09-12 오전 8:30:17,동성제약,46000,0,0
2018-09-12 오전 8:30:19,동성제약,46000,0,0
2018-09-12 오전 8:30:19,동성제약,46000,0,0
2018-09-12 오전 8:30:26,동성제약,46000,0,0
2018-09-12 오전 8:30:28,동성제약,46000,0,0
2018-09-12 오전 8:30:28,동성제약,46000,0,0
2018-09-12 오전 8:30:29,동성제약,46000,0,0
2018-09-12 오전 8:30:31,동성제약,46000,0,0
2018-09-12 오전 8:30:32,동성제약,46000,0,0
2018-09-12 오전 8:30:34,동성제약,46000,0,0
2018-09-12 오전 8:30:39,동성제약,46000,0,0
2018-09-12 오전 8:30:41,동성제약,46000,0,0
2018-09-12 오전 8:30:45,동성제약,46000,0,0
2018-09-12 오전 8:30:46,동성제약,46000,0,0
2018-09-12 오전 8:30:57,동성제약,46000,0,0
2018-09-12 오전 8:30:57,동성제약,46000,0,0
2018-09-12 오전 8:30:58,동성제약,46000,0,0
2018-09-12 오전 8:31:04,동성제약,46000,0,0
2018-09-12 오전 8:31:05,동성제약,46000,0,0
2018-09-12 오전 8:31:05,동성제약,46000,0,0
2018-09-12 오전 8:31:06,동성제약,46000,0,0
2018-09-12 오전 8:31:06,동성제약,46000,0,0
2018-09-12 오전 8:31:06,동성제약,46000,0,0
2018-09-12 오전 8:31:08,동성제약,46000,0,0
2018-09-12 오전 8:31:10,동성제약,46000,0,0
2018-09-12 오전 8:31:12,동성제약,45800,0,0
2018-09-12 오전 8:31:24,동성제약,45800,0,0
2018-09-12 오전 8:31:27,동성제약,45800,0,0
2018-09-12 오전 8:31:33,동성제약,45800,0,0
2018-09-12 오전 8:31:34,동성제약,45800,0,0
2018-09-12 오전 8:31:45,동성제약,45800,0,0
2018-09-12 오전 8:31:48,동성제약,45800,0,0
2018-09-12 오전 8:31:51,동성제약,45800,0,0
2018-09-12 오전 8:31:54,동성제약,45800,0,0
2018-09-12 오전 8:31:55,동성제약,45800,0,0
2018-09-12 오전 8:31:58,동성제약,45800,0,0
2018-09-12 오전 8:32:03,동성제약,45800,0,0
2018-09-12 오전 8:32:07,동성제약,45800,0,0
2018-09-12 오전 8:32:18,동성제약,45800,0,0
2018-09-12 오전 8:32:19,동성제약,45800,0,0
2018-09-12 오전 8:32:21,동성제약,45800,0,0
2018-09-12 오전 8:32:21,동성제약,45800,0,0
2018-09-12 오전 8:32:22,동성제약,45800,0,0
2018-09-12 오전 8:32:23,동성제약,45800,0,0
2018-09-12 오전 8:32:23,동성제약,45800,0,0
2018-09-12 오전 8:32:23,동성제약,45800,0,0
2018-09-12 오전 8:32:24,동성제약,45800,0,0
2018-09-12 오전 8:32:24,동성제약,45800,0,0
2018-09-12 오전 8:32:25,동성제약,45800,0,0
2018-09-12 오전 8:32:26,동성제약,45800,0,0
2018-09-12 오전 8:32:29,동성제약,45800,0,0
2018-09-12 오전 8:32:29,동성제약,45800,0,0
2018-09-12 오전 8:32:31,동성제약,45800,0,0
2018-09-12 오전 8:32:32,동성제약,45800,0,0
2018-09-12 오전 8:32:33,동성제약,45800,0,0
2018-09-12 오전 8:32:33,동성제약,45800,0,0
2018-09-12 오전 8:32:34,동성제약,45800,0,0
2018-09-12 오전 8:32:37,동성제약,45800,0,0
2018-09-12 오전 8:32:37,동성제약,45800,0,0
2018-09-12 오전 8:32:41,동성제약,45500,0,0
2018-09-12 오전 8:32:41,동성제약,45200,0,0
2018-09-12 오전 8:32:41,동성제약,45100,0,0
2018-09-12 오전 8:32:41,동성제약,45000,0,0
2018-09-12 오전 8:32:41,동성제약,45000,0,0
2018-09-12 오전 8:32:41,동성제약,43500,0,0
2018-09-12 오전 8:32:42,동성제약,43500,0,0
2018-09-12 오전 8:32:42,동성제약,43500,0,0
2018-09-12 오전 8:32:49,동성제약,43500,0,0
2018-09-12 오전 8:32:50,동성제약,43500,0,0
2018-09-12 오전 8:32:51,동성제약,43500,0,0
2018-09-12 오전 8:32:54,동성제약,43500,0,0
2018-09-12 오전 8:32:57,동성제약,43600,0,0
2018-09-12 오전 8:32:58,동성제약,43600,0,0
2018-09-12 오전 8:33:01,동성제약,43600,0,0
2018-09-12 오전 8:33:03,동성제약,43600,0,0
2018-09-12 오전 8:33:16,동성제약,43600,0,0
2018-09-12 오전 8:33:17,동성제약,43600,0,0
2018-09-12 오전 8:33:19,동성제약,43600,0,0
2018-09-12 오전 8:33:20,동성제약,43600,0,0
2018-09-12 오전 8:33:23,동성제약,43600,0,0
2018-09-12 오전 8:33:24,동성제약,43600,0,0
2018-09-12 오전 8:33:26,동성제약,43500,0,0
2018-09-12 오전 8:33:26,동성제약,43500,0,0
2018-09-12 오전 8:33:32,동성제약,43500,0,0
2018-09-12 오전 8:33:32,동성제약,43500,0,0
2018-09-12 오전 8:33:53,동성제약,43500,0,0
2018-09-12 오전 8:33:56,동성제약,43500,0,0
2018-09-12 오전 8:33:59,동성제약,43500,0,0
2018-09-12 오전 8:34:01,동성제약,43500,0,0
2018-09-12 오전 8:34:12,동성제약,43500,0,0
2018-09-12 오전 8:34:12,동성제약,43500,0,0
2018-09-12 오전 8:34:42,동성제약,43500,0,0
2018-09-12 오전 8:34:42,동성제약,43500,0,0
2018-09-12 오전 8:34:44,동성제약,43500,0,0
2018-09-12 오전 8:34:44,동성제약,43500,0,0
2018-09-12 오전 8:34:44,동성제약,43500,0,0
2018-09-12 오전 8:34:45,동성제약,43500,0,0
2018-09-12 오전 8:34:47,동성제약,43500,0,0
2018-09-12 오전 8:34:47,동성제약,43500,0,0
2018-09-12 오전 8:34:50,동성제약,43500,0,0
2018-09-12 오전 8:34:51,동성제약,43500,0,0
2018-09-12 오전 8:34:57,동성제약,43500,0,0
2018-09-12 오전 8:34:57,동성제약,43500,0,0
2018-09-12 오전 8:34:59,동성제약,43500,0,0
2018-09-12 오전 8:35:01,동성제약,43500,0,0
2018-09-12 오전 8:35:01,동성제약,43500,0,0
2018-09-12 오전 8:35:02,동성제약,43500,0,0
2018-09-12 오전 8:35:03,동성제약,43500,0,0
2018-09-12 오전 8:35:04,동성제약,43500,0,0
2018-09-12 오전 8:35:08,동성제약,43500,0,0
2018-09-12 오전 8:35:10,동성제약,43500,0,0
2018-09-12 오전 8:35:11,동성제약,43500,0,0
2018-09-12 오전 8:35:12,동성제약,43500,0,0
2018-09-12 오전 8:35:13,동성제약,43500,0,0
2018-09-12 오전 8:35:17,동성제약,43500,0,0
2018-09-12 오전 8:35:17,동성제약,43500,0,0
2018-09-12 오전 8:35:21,동성제약,43500,0,0
2018-09-12 오전 8:35:24,동성제약,43500,0,0
2018-09-12 오전 8:35:26,동성제약,43500,0,0
2018-09-12 오전 8:35:33,동성제약,43500,0,0
2018-09-12 오전 8:35:33,동성제약,43500,0,0
2018-09-12 오전 8:35:35,동성제약,43500,0,0
2018-09-12 오전 8:35:36,동성제약,43500,0,0
2018-09-12 오전 8:35:44,동성제약,43500,0,0
2018-09-12 오전 8:35:46,동성제약,43500,0,0
2018-09-12 오전 8:36:09,동성제약,43500,0,0
2018-09-12 오전 8:36:10,동성제약,43500,0,0
2018-09-12 오전 8:36:11,동성제약,43500,0,0
2018-09-12 오전 8:36:11,동성제약,43500,0,0
2018-09-12 오전 8:36:11,동성제약,43500,0,0
2018-09-12 오전 8:36:15,동성제약,43500,0,0
2018-09-12 오전 8:36:16,동성제약,43500,0,0
2018-09-12 오전 8:36:50,동성제약,43500,0,0
2018-09-12 오전 8:36:51,동성제약,43500,0,0
2018-09-12 오전 8:37:02,동성제약,43500,0,0
2018-09-12 오전 8:37:04,동성제약,43500,0,0
2018-09-12 오전 8:37:14,동성제약,43500,0,0
2018-09-12 오전 8:37:17,동성제약,43500,0,0
2018-09-12 오전 8:37:19,동성제약,43500,0,0
2018-09-12 오전 8:37:22,동성제약,43500,0,0
2018-09-12 오전 8:37:22,동성제약,43500,0,0
2018-09-12 오전 8:37:24,동성제약,43500,0,0
2018-09-12 오전 8:37:25,동성제약,43500,0,0
2018-09-12 오전 8:37:26,동성제약,43500,0,0
2018-09-12 오전 8:37:26,동성제약,43500,0,0
2018-09-12 오전 8:37:31,동성제약,43500,0,0
2018-09-12 오전 8:37:32,동성제약,43500,0,0
2018-09-12 오전 8:37:36,동성제약,43500,0,0
2018-09-12 오전 8:37:37,동성제약,43500,0,0
2018-09-12 오전 8:37:43,동성제약,43500,0,0
2018-09-12 오전 8:37:43,동성제약,43500,0,0
2018-09-12 오전 8:37:45,동성제약,43500,0,0
2018-09-12 오전 8:38:16,동성제약,43500,0,0
2018-09-12 오전 8:38:17,동성제약,43500,0,0
2018-09-12 오전 8:38:22,동성제약,43500,0,0
2018-09-12 오전 8:38:24,동성제약,43500,0,0
2018-09-12 오전 8:38:50,동성제약,43500,0,0
2018-09-12 오전 8:38:51,동성제약,43500,0,0
2018-09-12 오전 8:39:06,동성제약,43500,0,0
2018-09-12 오전 8:39:06,동성제약,43500,0,0
2018-09-12 오전 8:39:06,동성제약,43500,0,0
2018-09-12 오전 8:39:09,동성제약,43500,0,0
2018-09-12 오전 8:39:10,동성제약,43500,0,0
2018-09-12 오전 8:39:10,동성제약,43500,0,0
2018-09-12 오전 8:39:23,동성제약,43500,0,0
2018-09-12 오전 8:39:24,동성제약,43500,0,0
2018-09-12 오전 8:39:36,동성제약,43500,0,0
2018-09-12 오전 8:39:37,동성제약,43500,0,0
2018-09-12 오전 8:39:41,동성제약,43500,0,0
2018-09-12 오전 8:39:49,동성제약,43500,0,0
2018-09-12 오전 8:39:53,동성제약,43500,0,0
2018-09-12 오전 8:39:55,동성제약,43500,0,0
2018-09-12 오전 8:39:55,동성제약,43500,0,0
2018-09-12 오전 8:40:01,동성제약,43500,0,0
2018-09-12 오전 8:40:02,동성제약,43500,0,0
2018-09-12 오전 8:40:02,동성제약,43500,0,0
2018-09-12 오전 8:40:03,동성제약,43500,0,0
2018-09-12 오전 8:40:03,동성제약,43500,0,0
2018-09-12 오전 8:40:05,동성제약,43500,0,0
2018-09-12 오전 8:40:05,동성제약,43500,0,0
2018-09-12 오전 8:40:05,동성제약,43500,0,0
2018-09-12 오전 8:40:10,동성제약,43500,0,0
2018-09-12 오전 8:40:11,동성제약,43500,0,0
2018-09-12 오전 8:40:12,동성제약,43500,0,0
2018-09-12 오전 8:40:12,동성제약,43500,0,0
2018-09-12 오전 8:40:15,동성제약,43500,0,0
2018-09-12 오전 8:40:15,동성제약,43500,0,0
2018-09-12 오전 8:40:16,동성제약,43500,0,0
2018-09-12 오전 8:40:25,동성제약,43500,0,0
2018-09-12 오전 8:40:27,동성제약,43500,0,0
2018-09-12 오전 8:40:32,동성제약,43500,0,0
2018-09-12 오전 8:40:33,동성제약,43500,0,0
2018-09-12 오전 8:40:36,동성제약,43500,0,0
2018-09-12 오전 8:40:38,동성제약,43500,0,0
2018-09-12 오전 8:40:38,동성제약,43500,0,0
2018-09-12 오전 8:40:39,동성제약,43500,0,0
2018-09-12 오전 8:40:40,동성제약,43500,0,0
2018-09-12 오전 8:40:42,동성제약,43500,0,0
2018-09-12 오전 8:40:43,동성제약,43500,0,0
2018-09-12 오전 8:40:48,동성제약,43500,0,0
2018-09-12 오전 8:40:49,동성제약,43500,0,0
2018-09-12 오전 8:40:51,동성제약,43500,0,0
2018-09-12 오전 8:40:52,동성제약,43500,0,0
2018-09-12 오전 8:41:10,동성제약,43500,0,0
2018-09-12 오전 8:41:12,동성제약,43500,0,0
2018-09-12 오전 8:41:25,동성제약,43550,0,0
2018-09-12 오전 8:41:25,동성제약,43550,0,0
2018-09-12 오전 8:41:25,동성제약,43550,0,0
2018-09-12 오전 8:41:25,동성제약,43550,0,0
2018-09-12 오전 8:41:26,동성제약,43550,0,0
2018-09-12 오전 8:41:27,동성제약,43550,0,0
2018-09-12 오전 8:41:31,동성제약,43550,0,0
2018-09-12 오전 8:41:33,동성제약,43550,0,0
2018-09-12 오전 8:41:33,동성제약,43550,0,0
2018-09-12 오전 8:41:34,동성제약,43550,0,0
2018-09-12 오전 8:41:36,동성제약,43550,0,0
2018-09-12 오전 8:41:37,동성제약,43550,0,0
2018-09-12 오전 8:41:37,동성제약,43550,0,0
2018-09-12 오전 8:41:38,동성제약,43550,0,0
2018-09-12 오전 8:41:40,동성제약,43550,0,0
2018-09-12 오전 8:41:41,동성제약,43550,0,0
2018-09-12 오전 8:41:41,동성제약,43550,0,0
2018-09-12 오전 8:41:41,동성제약,43550,0,0
2018-09-12 오전 8:41:44,동성제약,43900,0,0
2018-09-12 오전 8:41:46,동성제약,43850,0,0
2018-09-12 오전 8:41:46,동성제약,43850,0,0
2018-09-12 오전 8:41:48,동성제약,43850,0,0
2018-09-12 오전 8:41:50,동성제약,43850,0,0
2018-09-12 오전 8:41:53,동성제약,43850,0,0
2018-09-12 오전 8:41:54,동성제약,43850,0,0
2018-09-12 오전 8:41:59,동성제약,43850,0,0
2018-09-12 오전 8:42:00,동성제약,43850,0,0
2018-09-12 오전 8:42:02,동성제약,43700,0,0
2018-09-12 오전 8:42:06,동성제약,43700,0,0
2018-09-12 오전 8:42:06,동성제약,43700,0,0
2018-09-12 오전 8:42:08,동성제약,43700,0,0
2018-09-12 오전 8:42:09,동성제약,43700,0,0
2018-09-12 오전 8:42:13,동성제약,43800,0,0
2018-09-12 오전 8:42:18,동성제약,43800,0,0
2018-09-12 오전 8:42:19,동성제약,43900,0,0
2018-09-12 오전 8:42:21,동성제약,43900,0,0
2018-09-12 오전 8:42:22,동성제약,44450,0,0
2018-09-12 오전 8:42:24,동성제약,44450,0,0
2018-09-12 오전 8:42:26,동성제약,44450,0,0
2018-09-12 오전 8:42:27,동성제약,44450,0,0
2018-09-12 오전 8:42:27,동성제약,44450,0,0
2018-09-12 오전 8:42:33,동성제약,44450,0,0
2018-09-12 오전 8:42:33,동성제약,44450,0,0
2018-09-12 오전 8:42:36,동성제약,43700,0,0
2018-09-12 오전 8:42:39,동성제약,43700,0,0
2018-09-12 오전 8:42:41,동성제약,43700,0,0
2018-09-12 오전 8:43:01,동성제약,43550,0,0
2018-09-12 오전 8:43:01,동성제약,43550,0,0
2018-09-12 오전 8:43:05,동성제약,43550,0,0
2018-09-12 오전 8:43:12,동성제약,43550,0,0
2018-09-12 오전 8:43:14,동성제약,43550,0,0
2018-09-12 오전 8:43:14,동성제약,43550,0,0
2018-09-12 오전 8:43:15,동성제약,43550,0,0
2018-09-12 오전 8:43:21,동성제약,43550,0,0
2018-09-12 오전 8:43:21,동성제약,43550,0,0
2018-09-12 오전 8:43:24,동성제약,43550,0,0
2018-09-12 오전 8:43:27,동성제약,43550,0,0
2018-09-12 오전 8:43:28,동성제약,43550,0,0
2018-09-12 오전 8:43:37,동성제약,43550,0,0
2018-09-12 오전 8:43:37,동성제약,43550,0,0
2018-09-12 오전 8:43:44,동성제약,43550,0,0
2018-09-12 오전 8:43:45,동성제약,43550,0,0
2018-09-12 오전 8:43:50,동성제약,43550,0,0
2018-09-12 오전 8:43:50,동성제약,43550,0,0
2018-09-12 오전 8:43:53,동성제약,43550,0,0
2018-09-12 오전 8:43:57,동성제약,43550,0,0
2018-09-12 오전 8:44:10,동성제약,43550,0,0
2018-09-12 오전 8:44:12,동성제약,43550,0,0
2018-09-12 오전 8:44:24,동성제약,43550,0,0
2018-09-12 오전 8:44:24,동성제약,43550,0,0
2018-09-12 오전 8:44:51,동성제약,43550,0,0
2018-09-12 오전 8:44:55,동성제약,43550,0,0
2018-09-12 오전 8:44:57,동성제약,43550,0,0
2018-09-12 오전 8:44:57,동성제약,43550,0,0
2018-09-12 오전 8:44:57,동성제약,43550,0,0
2018-09-12 오전 8:45:05,동성제약,43550,0,0
2018-09-12 오전 8:45:06,동성제약,43550,0,0
2018-09-12 오전 8:45:07,동성제약,43550,0,0
2018-09-12 오전 8:45:14,동성제약,43550,0,0
2018-09-12 오전 8:45:18,동성제약,43550,0,0
2018-09-12 오전 8:45:26,동성제약,43550,0,0
2018-09-12 오전 8:45:26,동성제약,43550,0,0
2018-09-12 오전 8:45:28,동성제약,43550,0,0
2018-09-12 오전 8:45:31,동성제약,43550,0,0
2018-09-12 오전 8:45:34,동성제약,43550,0,0
2018-09-12 오전 8:45:35,동성제약,43550,0,0
2018-09-12 오전 8:45:38,동성제약,43550,0,0
2018-09-12 오전 8:45:38,동성제약,43550,0,0
2018-09-12 오전 8:45:46,동성제약,43550,0,0
2018-09-12 오전 8:45:47,동성제약,43550,0,0
2018-09-12 오전 8:45:51,동성제약,43550,0,0
2018-09-12 오전 8:45:54,동성제약,43550,0,0
2018-09-12 오전 8:45:54,동성제약,43550,0,0
2018-09-12 오전 8:45:54,동성제약,43550,0,0
2018-09-12 오전 8:46:17,동성제약,43550,0,0
2018-09-12 오전 8:46:18,동성제약,43550,0,0
2018-09-12 오전 8:46:18,동성제약,43550,0,0
2018-09-12 오전 8:46:19,동성제약,43550,0,0
2018-09-12 오전 8:46:26,동성제약,43550,0,0
2018-09-12 오전 8:46:27,동성제약,43550,0,0
2018-09-12 오전 8:46:37,동성제약,43550,0,0
2018-09-12 오전 8:46:39,동성제약,43600,0,0
2018-09-12 오전 8:46:40,동성제약,43600,0,0
2018-09-12 오전 8:46:40,동성제약,43600,0,0
2018-09-12 오전 8:46:56,동성제약,43600,0,0
2018-09-12 오전 8:46:56,동성제약,43600,0,0
2018-09-12 오전 8:46:57,동성제약,43600,0,0
2018-09-12 오전 8:46:57,동성제약,43600,0,0
2018-09-12 오전 8:47:02,동성제약,43600,0,0
2018-09-12 오전 8:47:02,동성제약,43600,0,0
2018-09-12 오전 8:47:04,동성제약,43600,0,0
2018-09-12 오전 8:47:06,동성제약,43600,0,0
2018-09-12 오전 8:47:09,동성제약,43600,0,0
2018-09-12 오전 8:47:09,동성제약,43600,0,0
2018-09-12 오전 8:47:13,동성제약,43600,0,0
2018-09-12 오전 8:47:13,동성제약,43600,0,0
2018-09-12 오전 8:47:21,동성제약,43600,0,0
2018-09-12 오전 8:47:22,동성제약,43600,0,0
2018-09-12 오전 8:47:24,동성제약,43600,0,0
2018-09-12 오전 8:47:24,동성제약,43600,0,0
2018-09-12 오전 8:47:45,동성제약,43600,0,0
2018-09-12 오전 8:47:47,동성제약,43600,0,0
2018-09-12 오전 8:47:52,동성제약,43600,0,0
2018-09-12 오전 8:47:53,동성제약,43600,0,0
2018-09-12 오전 8:47:58,동성제약,43600,0,0
2018-09-12 오전 8:47:58,동성제약,43600,0,0
2018-09-12 오전 8:47:58,동성제약,43600,0,0
2018-09-12 오전 8:48:04,동성제약,43550,0,0
2018-09-12 오전 8:48:11,동성제약,43500,0,0
2018-09-12 오전 8:48:13,동성제약,43500,0,0
2018-09-12 오전 8:48:14,동성제약,43500,0,0
2018-09-12 오전 8:48:16,동성제약,43500,0,0
2018-09-12 오전 8:48:17,동성제약,43500,0,0
2018-09-12 오전 8:48:22,동성제약,43500,0,0
2018-09-12 오전 8:48:23,동성제약,43500,0,0
2018-09-12 오전 8:48:24,동성제약,43500,0,0
2018-09-12 오전 8:48:24,동성제약,43500,0,0
2018-09-12 오전 8:48:29,동성제약,43500,0,0
2018-09-12 오전 8:48:30,동성제약,43500,0,0
2018-09-12 오전 8:48:32,동성제약,43600,0,0
2018-09-12 오전 8:48:32,동성제약,43600,0,0
2018-09-12 오전 8:48:36,동성제약,43600,0,0
2018-09-12 오전 8:48:37,동성제약,43600,0,0
2018-09-12 오전 8:48:38,동성제약,43600,0,0
2018-09-12 오전 8:48:38,동성제약,43600,0,0
2018-09-12 오전 8:48:38,동성제약,43600,0,0
2018-09-12 오전 8:48:41,동성제약,43600,0,0
2018-09-12 오전 8:48:44,동성제약,43600,0,0
2018-09-12 오전 8:48:50,동성제약,43600,0,0
2018-09-12 오전 8:48:52,동성제약,43600,0,0
2018-09-12 오전 8:48:53,동성제약,43600,0,0
2018-09-12 오전 8:48:55,동성제약,43600,0,0
2018-09-12 오전 8:48:55,동성제약,43600,0,0
2018-09-12 오전 8:48:58,동성제약,43600,0,0
2018-09-12 오전 8:48:59,동성제약,43600,0,0
2018-09-12 오전 8:48:59,동성제약,43600,0,0
2018-09-12 오전 8:48:59,동성제약,43600,0,0
2018-09-12 오전 8:49:01,동성제약,43600,0,0
2018-09-12 오전 8:49:01,동성제약,43600,0,0
2018-09-12 오전 8:49:05,동성제약,43550,0,0
2018-09-12 오전 8:49:06,동성제약,43550,0,0
2018-09-12 오전 8:49:06,동성제약,43550,0,0
2018-09-12 오전 8:49:09,동성제약,43550,0,0
2018-09-12 오전 8:49:10,동성제약,43550,0,0
2018-09-12 오전 8:49:15,동성제약,43550,0,0
2018-09-12 오전 8:49:16,동성제약,43550,0,0
2018-09-12 오전 8:49:23,동성제약,43550,0,0
2018-09-12 오전 8:49:24,동성제약,43550,0,0
2018-09-12 오전 8:49:25,동성제약,43550,0,0
2018-09-12 오전 8:49:27,동성제약,43550,0,0
2018-09-12 오전 8:49:33,동성제약,43550,0,0
2018-09-12 오전 8:49:33,동성제약,43550,0,0
2018-09-12 오전 8:49:34,동성제약,43550,0,0
2018-09-12 오전 8:49:36,동성제약,43550,0,0
2018-09-12 오전 8:49:38,동성제약,43550,0,0
2018-09-12 오전 8:49:38,동성제약,43550,0,0
2018-09-12 오전 8:49:38,동성제약,43550,0,0
2018-09-12 오전 8:49:40,동성제약,43550,0,0
2018-09-12 오전 8:49:41,동성제약,43550,0,0
2018-09-12 오전 8:49:44,동성제약,43550,0,0
2018-09-12 오전 8:49:46,동성제약,43550,0,0
2018-09-12 오전 8:49:53,동성제약,43550,0,0
2018-09-12 오전 8:49:53,동성제약,43550,0,0
2018-09-12 오전 8:49:55,동성제약,43550,0,0
2018-09-12 오전 8:50:05,동성제약,43550,0,0
2018-09-12 오전 8:50:07,동성제약,43600,0,0
2018-09-12 오전 8:50:11,동성제약,43600,0,0
2018-09-12 오전 8:50:17,동성제약,43600,0,0
2018-09-12 오전 8:50:18,동성제약,43600,0,0
2018-09-12 오전 8:50:19,동성제약,43600,0,0
2018-09-12 오전 8:50:19,동성제약,43600,0,0
2018-09-12 오전 8:50:19,동성제약,43600,0,0
2018-09-12 오전 8:50:24,동성제약,43600,0,0
2018-09-12 오전 8:50:26,동성제약,43550,0,0
2018-09-12 오전 8:50:26,동성제약,43550,0,0
2018-09-12 오전 8:50:27,동성제약,43550,0,0
2018-09-12 오전 8:50:31,동성제약,43550,0,0
2018-09-12 오전 8:50:35,동성제약,43550,0,0
2018-09-12 오전 8:50:36,동성제약,43550,0,0
2018-09-12 오전 8:50:37,동성제약,43550,0,0
2018-09-12 오전 8:50:37,동성제약,43550,0,0
2018-09-12 오전 8:50:43,동성제약,43550,0,0
2018-09-12 오전 8:50:43,동성제약,43550,0,0
2018-09-12 오전 8:50:47,동성제약,43550,0,0
2018-09-12 오전 8:50:48,동성제약,43550,0,0
2018-09-12 오전 8:50:48,동성제약,43550,0,0
2018-09-12 오전 8:50:49,동성제약,43550,0,0
2018-09-12 오전 8:50:50,동성제약,43550,0,0
2018-09-12 오전 8:50:51,동성제약,43550,0,0
2018-09-12 오전 8:50:51,동성제약,43550,0,0
2018-09-12 오전 8:50:52,동성제약,43550,0,0
2018-09-12 오전 8:51:04,동성제약,43550,0,0
2018-09-12 오전 8:51:15,동성제약,43550,0,0
2018-09-12 오전 8:51:15,동성제약,43550,0,0
2018-09-12 오전 8:51:16,동성제약,43550,0,0
2018-09-12 오전 8:51:23,동성제약,43550,0,0
2018-09-12 오전 8:51:24,동성제약,43600,0,0
2018-09-12 오전 8:51:26,동성제약,43600,0,0
2018-09-12 오전 8:51:29,동성제약,43600,0,0
2018-09-12 오전 8:51:29,동성제약,43600,0,0
2018-09-12 오전 8:51:36,동성제약,43600,0,0
2018-09-12 오전 8:51:37,동성제약,43600,0,0
2018-09-12 오전 8:51:41,동성제약,43600,0,0
2018-09-12 오전 8:51:42,동성제약,43600,0,0
2018-09-12 오전 8:51:44,동성제약,43600,0,0
2018-09-12 오전 8:51:45,동성제약,43600,0,0
2018-09-12 오전 8:51:47,동성제약,43600,0,0
2018-09-12 오전 8:51:47,동성제약,43600,0,0
2018-09-12 오전 8:51:52,동성제약,43600,0,0
2018-09-12 오전 8:51:52,동성제약,43600,0,0
2018-09-12 오전 8:51:54,동성제약,43550,0,0
2018-09-12 오전 8:51:55,동성제약,43550,0,0
2018-09-12 오전 8:51:56,동성제약,43550,0,0
2018-09-12 오전 8:51:57,동성제약,43550,0,0
2018-09-12 오전 8:51:58,동성제약,43550,0,0
2018-09-12 오전 8:52:00,동성제약,43550,0,0
2018-09-12 오전 8:52:00,동성제약,43550,0,0
2018-09-12 오전 8:52:01,동성제약,43550,0,0
2018-09-12 오전 8:52:02,동성제약,43550,0,0
2018-09-12 오전 8:52:05,동성제약,43550,0,0
2018-09-12 오전 8:52:05,동성제약,43550,0,0
2018-09-12 오전 8:52:05,동성제약,43550,0,0
2018-09-12 오전 8:52:07,동성제약,43550,0,0
2018-09-12 오전 8:52:07,동성제약,43550,0,0
2018-09-12 오전 8:52:08,동성제약,43550,0,0
2018-09-12 오전 8:52:10,동성제약,43550,0,0
2018-09-12 오전 8:52:11,동성제약,43550,0,0
2018-09-12 오전 8:52:17,동성제약,43550,0,0
2018-09-12 오전 8:52:17,동성제약,43550,0,0
2018-09-12 오전 8:52:17,동성제약,43550,0,0
2018-09-12 오전 8:52:19,동성제약,43500,0,0
2018-09-12 오전 8:52:19,동성제약,43500,0,0
2018-09-12 오전 8:52:21,동성제약,43500,0,0
2018-09-12 오전 8:52:24,동성제약,43500,0,0
2018-09-12 오전 8:52:24,동성제약,43500,0,0
2018-09-12 오전 8:52:29,동성제약,43550,0,0
2018-09-12 오전 8:52:30,동성제약,43550,0,0
2018-09-12 오전 8:52:34,동성제약,43550,0,0
2018-09-12 오전 8:52:34,동성제약,43550,0,0
2018-09-12 오전 8:52:34,동성제약,43600,0,0
2018-09-12 오전 8:52:35,동성제약,43600,0,0
2018-09-12 오전 8:52:36,동성제약,43600,0,0
2018-09-12 오전 8:52:37,동성제약,43600,0,0
2018-09-12 오전 8:52:38,동성제약,43600,0,0
2018-09-12 오전 8:52:38,동성제약,43600,0,0
2018-09-12 오전 8:52:40,동성제약,43600,0,0
2018-09-12 오전 8:52:41,동성제약,43600,0,0
2018-09-12 오전 8:52:42,동성제약,43600,0,0
2018-09-12 오전 8:52:47,동성제약,43550,0,0
2018-09-12 오전 8:52:47,동성제약,43550,0,0
2018-09-12 오전 8:52:47,동성제약,43550,0,0
2018-09-12 오전 8:52:47,동성제약,43550,0,0
2018-09-12 오전 8:52:48,동성제약,43550,0,0
2018-09-12 오전 8:52:51,동성제약,43550,0,0
2018-09-12 오전 8:52:52,동성제약,43550,0,0
2018-09-12 오전 8:52:52,동성제약,43550,0,0
2018-09-12 오전 8:52:52,동성제약,43550,0,0
2018-09-12 오전 8:52:53,동성제약,43550,0,0
2018-09-12 오전 8:52:56,동성제약,43550,0,0
2018-09-12 오전 8:53:02,동성제약,43500,0,0
2018-09-12 오전 8:53:02,동성제약,43500,0,0
2018-09-12 오전 8:53:02,동성제약,43500,0,0
2018-09-12 오전 8:53:13,동성제약,43500,0,0
2018-09-12 오전 8:53:15,동성제약,43500,0,0
2018-09-12 오전 8:53:21,동성제약,43550,0,0
2018-09-12 오전 8:53:21,동성제약,43550,0,0
2018-09-12 오전 8:53:21,동성제약,43550,0,0
2018-09-12 오전 8:53:21,동성제약,43550,0,0
2018-09-12 오전 8:53:22,동성제약,43550,0,0
2018-09-12 오전 8:53:24,동성제약,43550,0,0
2018-09-12 오전 8:53:25,동성제약,43550,0,0
2018-09-12 오전 8:53:26,동성제약,43550,0,0
2018-09-12 오전 8:53:27,동성제약,43550,0,0
2018-09-12 오전 8:53:28,동성제약,43550,0,0
2018-09-12 오전 8:53:28,동성제약,43550,0,0
2018-09-12 오전 8:53:40,동성제약,43550,0,0
2018-09-12 오전 8:53:41,동성제약,43550,0,0
2018-09-12 오전 8:53:41,동성제약,43550,0,0
2018-09-12 오전 8:53:43,동성제약,43550,0,0
2018-09-12 오전 8:53:43,동성제약,43550,0,0
2018-09-12 오전 8:53:47,동성제약,43550,0,0
2018-09-12 오전 8:53:48,동성제약,43550,0,0
2018-09-12 오전 8:53:48,동성제약,43500,0,0
2018-09-12 오전 8:53:51,동성제약,43500,0,0
2018-09-12 오전 8:53:52,동성제약,43500,0,0
2018-09-12 오전 8:53:52,동성제약,43500,0,0
2018-09-12 오전 8:54:03,동성제약,43500,0,0
2018-09-12 오전 8:54:05,동성제약,43500,0,0
2018-09-12 오전 8:54:05,동성제약,43500,0,0
2018-09-12 오전 8:54:06,동성제약,43500,0,0
2018-09-12 오전 8:54:07,동성제약,43500,0,0
2018-09-12 오전 8:54:07,동성제약,43500,0,0
2018-09-12 오전 8:54:07,동성제약,43500,0,0
2018-09-12 오전 8:54:08,동성제약,43500,0,0
2018-09-12 오전 8:54:08,동성제약,43500,0,0
2018-09-12 오전 8:54:09,동성제약,43500,0,0
2018-09-12 오전 8:54:09,동성제약,43500,0,0
2018-09-12 오전 8:54:12,동성제약,43500,0,0
2018-09-12 오전 8:54:12,동성제약,43500,0,0
2018-09-12 오전 8:54:13,동성제약,43500,0,0
2018-09-12 오전 8:54:13,동성제약,43500,0,0
2018-09-12 오전 8:54:13,동성제약,43500,0,0
2018-09-12 오전 8:54:15,동성제약,43500,0,0
2018-09-12 오전 8:54:15,동성제약,43500,0,0
2018-09-12 오전 8:54:16,동성제약,43500,0,0
2018-09-12 오전 8:54:17,동성제약,43500,0,0
2018-09-12 오전 8:54:20,동성제약,43500,0,0
2018-09-12 오전 8:54:20,동성제약,43500,0,0
2018-09-12 오전 8:54:20,동성제약,43500,0,0
2018-09-12 오전 8:54:22,동성제약,43500,0,0
2018-09-12 오전 8:54:22,동성제약,43500,0,0
2018-09-12 오전 8:54:23,동성제약,43500,0,0
2018-09-12 오전 8:54:24,동성제약,43500,0,0
2018-09-12 오전 8:54:24,동성제약,43500,0,0
2018-09-12 오전 8:54:25,동성제약,43500,0,0
2018-09-12 오전 8:54:30,동성제약,43500,0,0
2018-09-12 오전 8:54:32,동성제약,43500,0,0
2018-09-12 오전 8:54:36,동성제약,43500,0,0
2018-09-12 오전 8:54:37,동성제약,43500,0,0
2018-09-12 오전 8:54:38,동성제약,43500,0,0
2018-09-12 오전 8:54:40,동성제약,43500,0,0
2018-09-12 오전 8:54:44,동성제약,43500,0,0
2018-09-12 오전 8:54:44,동성제약,43500,0,0
2018-09-12 오전 8:54:46,동성제약,43500,0,0
2018-09-12 오전 8:54:46,동성제약,43500,0,0
2018-09-12 오전 8:54:46,동성제약,43500,0,0
2018-09-12 오전 8:54:49,동성제약,43500,0,0
2018-09-12 오전 8:54:50,동성제약,43500,0,0
2018-09-12 오전 8:54:54,동성제약,43500,0,0
2018-09-12 오전 8:54:54,동성제약,43500,0,0
2018-09-12 오전 8:54:54,동성제약,43500,0,0
2018-09-12 오전 8:54:56,동성제약,43500,0,0
2018-09-12 오전 8:54:57,동성제약,43500,0,0
2018-09-12 오전 8:54:59,동성제약,43550,0,0
2018-09-12 오전 8:55:02,동성제약,43550,0,0
2018-09-12 오전 8:55:03,동성제약,43550,0,0
2018-09-12 오전 8:55:03,동성제약,43550,0,0
2018-09-12 오전 8:55:04,동성제약,43550,0,0
2018-09-12 오전 8:55:04,동성제약,43550,0,0
2018-09-12 오전 8:55:04,동성제약,43550,0,0
2018-09-12 오전 8:55:05,동성제약,43550,0,0
2018-09-12 오전 8:55:08,동성제약,43550,0,0
2018-09-12 오전 8:55:09,동성제약,43550,0,0
2018-09-12 오전 8:55:13,동성제약,43550,0,0
2018-09-12 오전 8:55:14,동성제약,43550,0,0
2018-09-12 오전 8:55:15,동성제약,43550,0,0
2018-09-12 오전 8:55:16,동성제약,43550,0,0
2018-09-12 오전 8:55:16,동성제약,43550,0,0
2018-09-12 오전 8:55:17,동성제약,43550,0,0
2018-09-12 오전 8:55:18,동성제약,43550,0,0
2018-09-12 오전 8:55:19,동성제약,43550,0,0
2018-09-12 오전 8:55:20,동성제약,43550,0,0
2018-09-12 오전 8:55:24,동성제약,43550,0,0
2018-09-12 오전 8:55:24,동성제약,43550,0,0
2018-09-12 오전 8:55:25,동성제약,43550,0,0
2018-09-12 오전 8:55:25,동성제약,43550,0,0
2018-09-12 오전 8:55:28,동성제약,43550,0,0
2018-09-12 오전 8:55:28,동성제약,43550,0,0
2018-09-12 오전 8:55:31,동성제약,43550,0,0
2018-09-12 오전 8:55:33,동성제약,43550,0,0
2018-09-12 오전 8:55:36,동성제약,43550,0,0
2018-09-12 오전 8:55:36,동성제약,43550,0,0
2018-09-12 오전 8:55:38,동성제약,43550,0,0
2018-09-12 오전 8:55:39,동성제약,43550,0,0
2018-09-12 오전 8:55:41,동성제약,43550,0,0
2018-09-12 오전 8:55:41,동성제약,43550,0,0
2018-09-12 오전 8:55:42,동성제약,43550,0,0
2018-09-12 오전 8:55:42,동성제약,43550,0,0
2018-09-12 오전 8:55:43,동성제약,43550,0,0
2018-09-12 오전 8:55:43,동성제약,43550,0,0
2018-09-12 오전 8:55:45,동성제약,43550,0,0
2018-09-12 오전 8:55:46,동성제약,43550,0,0
2018-09-12 오전 8:55:50,동성제약,43550,0,0
2018-09-12 오전 8:55:51,동성제약,43550,0,0
2018-09-12 오전 8:55:51,동성제약,43550,0,0
2018-09-12 오전 8:55:52,동성제약,43550,0,0
2018-09-12 오전 8:55:52,동성제약,43550,0,0
2018-09-12 오전 8:55:56,동성제약,43550,0,0
2018-09-12 오전 8:55:56,동성제약,43550,0,0
2018-09-12 오전 8:55:59,동성제약,43550,0,0
2018-09-12 오전 8:56:00,동성제약,43550,0,0
2018-09-12 오전 8:56:00,동성제약,43550,0,0
2018-09-12 오전 8:56:02,동성제약,43550,0,0
2018-09-12 오전 8:56:02,동성제약,43550,0,0
2018-09-12 오전 8:56:02,동성제약,43550,0,0
2018-09-12 오전 8:56:04,동성제약,43550,0,0
2018-09-12 오전 8:56:04,동성제약,43550,0,0
2018-09-12 오전 8:56:04,동성제약,43550,0,0
2018-09-12 오전 8:56:05,동성제약,43550,0,0
2018-09-12 오전 8:56:06,동성제약,43550,0,0
2018-09-12 오전 8:56:06,동성제약,43550,0,0
2018-09-12 오전 8:56:08,동성제약,43550,0,0
2018-09-12 오전 8:56:08,동성제약,43550,0,0
2018-09-12 오전 8:56:09,동성제약,43550,0,0
2018-09-12 오전 8:56:10,동성제약,43550,0,0
2018-09-12 오전 8:56:11,동성제약,43550,0,0
2018-09-12 오전 8:56:11,동성제약,43550,0,0
2018-09-12 오전 8:56:13,동성제약,43550,0,0
2018-09-12 오전 8:56:15,동성제약,43550,0,0
2018-09-12 오전 8:56:16,동성제약,43550,0,0
2018-09-12 오전 8:56:16,동성제약,43550,0,0
2018-09-12 오전 8:56:16,동성제약,43550,0,0
2018-09-12 오전 8:56:16,동성제약,43550,0,0
2018-09-12 오전 8:56:17,동성제약,43550,0,0
2018-09-12 오전 8:56:18,동성제약,43550,0,0
2018-09-12 오전 8:56:18,동성제약,43550,0,0
2018-09-12 오전 8:56:20,동성제약,43550,0,0
2018-09-12 오전 8:56:21,동성제약,43550,0,0
2018-09-12 오전 8:56:22,동성제약,43550,0,0
2018-09-12 오전 8:56:23,동성제약,43550,0,0
2018-09-12 오전 8:56:29,동성제약,43550,0,0
2018-09-12 오전 8:56:29,동성제약,43550,0,0
2018-09-12 오전 8:56:29,동성제약,43550,0,0
2018-09-12 오전 8:56:29,동성제약,43600,0,0
2018-09-12 오전 8:56:29,동성제약,43600,0,0
2018-09-12 오전 8:56:29,동성제약,43600,0,0
2018-09-12 오전 8:56:30,동성제약,43600,0,0
2018-09-12 오전 8:56:31,동성제약,43600,0,0
2018-09-12 오전 8:56:31,동성제약,43600,0,0
2018-09-12 오전 8:56:32,동성제약,43500,0,0
2018-09-12 오전 8:56:34,동성제약,43500,0,0
2018-09-12 오전 8:56:34,동성제약,43500,0,0
2018-09-12 오전 8:56:35,동성제약,43500,0,0
2018-09-12 오전 8:56:37,동성제약,43500,0,0
2018-09-12 오전 8:56:37,동성제약,43500,0,0
2018-09-12 오전 8:56:38,동성제약,43500,0,0
2018-09-12 오전 8:56:40,동성제약,43500,0,0
2018-09-12 오전 8:56:41,동성제약,43500,0,0
2018-09-12 오전 8:56:41,동성제약,43500,0,0
2018-09-12 오전 8:56:43,동성제약,43500,0,0
2018-09-12 오전 8:56:44,동성제약,43500,0,0
2018-09-12 오전 8:56:45,동성제약,43500,0,0
2018-09-12 오전 8:56:45,동성제약,43500,0,0
2018-09-12 오전 8:56:45,동성제약,43500,0,0
2018-09-12 오전 8:56:45,동성제약,43500,0,0
2018-09-12 오전 8:56:47,동성제약,43500,0,0
2018-09-12 오전 8:56:47,동성제약,43500,0,0
2018-09-12 오전 8:56:51,동성제약,43500,0,0
2018-09-12 오전 8:56:51,동성제약,43500,0,0
2018-09-12 오전 8:56:51,동성제약,43500,0,0
2018-09-12 오전 8:56:52,동성제약,43500,0,0
2018-09-12 오전 8:56:52,동성제약,43500,0,0
2018-09-12 오전 8:56:52,동성제약,43500,0,0
2018-09-12 오전 8:56:53,동성제약,43500,0,0
2018-09-12 오전 8:56:57,동성제약,43500,0,0
2018-09-12 오전 8:56:57,동성제약,43500,0,0
2018-09-12 오전 8:56:59,동성제약,43500,0,0
2018-09-12 오전 8:56:59,동성제약,43500,0,0
2018-09-12 오전 8:57:01,동성제약,43500,0,0
2018-09-12 오전 8:57:02,동성제약,43500,0,0
2018-09-12 오전 8:57:02,동성제약,43500,0,0
2018-09-12 오전 8:57:02,동성제약,43500,0,0
2018-09-12 오전 8:57:02,동성제약,43500,0,0
2018-09-12 오전 8:57:02,동성제약,43500,0,0
2018-09-12 오전 8:57:04,동성제약,43500,0,0
2018-09-12 오전 8:57:04,동성제약,43500,0,0
2018-09-12 오전 8:57:05,동성제약,43500,0,0
2018-09-12 오전 8:57:06,동성제약,43500,0,0
2018-09-12 오전 8:57:08,동성제약,43600,0,0
2018-09-12 오전 8:57:09,동성제약,43600,0,0
2018-09-12 오전 8:57:10,동성제약,43600,0,0
2018-09-12 오전 8:57:10,동성제약,43600,0,0
2018-09-12 오전 8:57:12,동성제약,43600,0,0
2018-09-12 오전 8:57:12,동성제약,43600,0,0
2018-09-12 오전 8:57:13,동성제약,43600,0,0
2018-09-12 오전 8:57:13,동성제약,43600,0,0
2018-09-12 오전 8:57:13,동성제약,43600,0,0
2018-09-12 오전 8:57:14,동성제약,43600,0,0
2018-09-12 오전 8:57:15,동성제약,43600,0,0
2018-09-12 오전 8:57:15,동성제약,43600,0,0
2018-09-12 오전 8:57:15,동성제약,43600,0,0
2018-09-12 오전 8:57:16,동성제약,43600,0,0
2018-09-12 오전 8:57:17,동성제약,43600,0,0
2018-09-12 오전 8:57:18,동성제약,43600,0,0
2018-09-12 오전 8:57:18,동성제약,43600,0,0
2018-09-12 오전 8:57:18,동성제약,43600,0,0
2018-09-12 오전 8:57:18,동성제약,43600,0,0
2018-09-12 오전 8:57:19,동성제약,43600,0,0
2018-09-12 오전 8:57:20,동성제약,43600,0,0
2018-09-12 오전 8:57:20,동성제약,43600,0,0
2018-09-12 오전 8:57:20,동성제약,43600,0,0
2018-09-12 오전 8:57:22,동성제약,43700,0,0
2018-09-12 오전 8:57:22,동성제약,43700,0,0
2018-09-12 오전 8:57:23,동성제약,43700,0,0
2018-09-12 오전 8:57:24,동성제약,43700,0,0
2018-09-12 오전 8:57:24,동성제약,43700,0,0
2018-09-12 오전 8:57:24,동성제약,43700,0,0
2018-09-12 오전 8:57:25,동성제약,43700,0,0
2018-09-12 오전 8:57:26,동성제약,43700,0,0
2018-09-12 오전 8:57:26,동성제약,43700,0,0
2018-09-12 오전 8:57:26,동성제약,43700,0,0
2018-09-12 오전 8:57:27,동성제약,43700,0,0
2018-09-12 오전 8:57:28,동성제약,43700,0,0
2018-09-12 오전 8:57:34,동성제약,43700,0,0
2018-09-12 오전 8:57:34,동성제약,43700,0,0
2018-09-12 오전 8:57:34,동성제약,43700,0,0
2018-09-12 오전 8:57:34,동성제약,43600,0,0
2018-09-12 오전 8:57:34,동성제약,43600,0,0
2018-09-12 오전 8:57:34,동성제약,43600,0,0
2018-09-12 오전 8:57:34,동성제약,43550,0,0
2018-09-12 오전 8:57:34,동성제약,43550,0,0
2018-09-12 오전 8:57:34,동성제약,43550,0,0
2018-09-12 오전 8:57:34,동성제약,43550,0,0
2018-09-12 오전 8:57:35,동성제약,43550,0,0
2018-09-12 오전 8:57:35,동성제약,43550,0,0
2018-09-12 오전 8:57:36,동성제약,43550,0,0
2018-09-12 오전 8:57:37,동성제약,43550,0,0
2018-09-12 오전 8:57:37,동성제약,43550,0,0
2018-09-12 오전 8:57:37,동성제약,43550,0,0
2018-09-12 오전 8:57:39,동성제약,43550,0,0
2018-09-12 오전 8:57:40,동성제약,43550,0,0
2018-09-12 오전 8:57:42,동성제약,43550,0,0
2018-09-12 오전 8:57:42,동성제약,43550,0,0
2018-09-12 오전 8:57:43,동성제약,43550,0,0
2018-09-12 오전 8:57:43,동성제약,43550,0,0
2018-09-12 오전 8:57:43,동성제약,43550,0,0
2018-09-12 오전 8:57:44,동성제약,43550,0,0
2018-09-12 오전 8:57:44,동성제약,43550,0,0
2018-09-12 오전 8:57:45,동성제약,43550,0,0
2018-09-12 오전 8:57:46,동성제약,43550,0,0
2018-09-12 오전 8:57:47,동성제약,43550,0,0
2018-09-12 오전 8:57:47,동성제약,43550,0,0
2018-09-12 오전 8:57:48,동성제약,43550,0,0
2018-09-12 오전 8:57:48,동성제약,43550,0,0
2018-09-12 오전 8:57:51,동성제약,43550,0,0
2018-09-12 오전 8:57:51,동성제약,43550,0,0
2018-09-12 오전 8:57:51,동성제약,43550,0,0
2018-09-12 오전 8:57:52,동성제약,43550,0,0
2018-09-12 오전 8:57:53,동성제약,43550,0,0
2018-09-12 오전 8:57:54,동성제약,43550,0,0
2018-09-12 오전 8:57:55,동성제약,43550,0,0
2018-09-12 오전 8:57:55,동성제약,43550,0,0
2018-09-12 오전 8:57:55,동성제약,43550,0,0
2018-09-12 오전 8:57:56,동성제약,43550,0,0
2018-09-12 오전 8:57:56,동성제약,43550,0,0
2018-09-12 오전 8:57:56,동성제약,43550,0,0
2018-09-12 오전 8:57:56,동성제약,43550,0,0
2018-09-12 오전 8:57:56,동성제약,43550,0,0
2018-09-12 오전 8:57:56,동성제약,43550,0,0
2018-09-12 오전 8:57:57,동성제약,43550,0,0
2018-09-12 오전 8:57:58,동성제약,43550,0,0
2018-09-12 오전 8:57:58,동성제약,43550,0,0
2018-09-12 오전 8:57:58,동성제약,43550,0,0
2018-09-12 오전 8:57:59,동성제약,43550,0,0
2018-09-12 오전 8:57:59,동성제약,43550,0,0
2018-09-12 오전 8:57:59,동성제약,43550,0,0
2018-09-12 오전 8:58:00,동성제약,43550,0,0
2018-09-12 오전 8:58:00,동성제약,43550,0,0
2018-09-12 오전 8:58:00,동성제약,43550,0,0
2018-09-12 오전 8:58:00,동성제약,43550,0,0
2018-09-12 오전 8:58:00,동성제약,43550,0,0
2018-09-12 오전 8:58:01,동성제약,43550,0,0
2018-09-12 오전 8:58:01,동성제약,43550,0,0
2018-09-12 오전 8:58:01,동성제약,43550,0,0
2018-09-12 오전 8:58:02,동성제약,43550,0,0
2018-09-12 오전 8:58:05,동성제약,43550,0,0
2018-09-12 오전 8:58:12,동성제약,43550,0,0
2018-09-12 오전 8:58:12,동성제약,43550,0,0
2018-09-12 오전 8:58:13,동성제약,43550,0,0
2018-09-12 오전 8:58:13,동성제약,43550,0,0
2018-09-12 오전 8:58:14,동성제약,43550,0,0
2018-09-12 오전 8:58:16,동성제약,43550,0,0
2018-09-12 오전 8:58:16,동성제약,43550,0,0
2018-09-12 오전 8:58:18,동성제약,43550,0,0
2018-09-12 오전 8:58:18,동성제약,43550,0,0
2018-09-12 오전 8:58:20,동성제약,43550,0,0
2018-09-12 오전 8:58:21,동성제약,43550,0,0
2018-09-12 오전 8:58:22,동성제약,43550,0,0
2018-09-12 오전 8:58:22,동성제약,43550,0,0
2018-09-12 오전 8:58:22,동성제약,43550,0,0
2018-09-12 오전 8:58:23,동성제약,43550,0,0
2018-09-12 오전 8:58:23,동성제약,43550,0,0
2018-09-12 오전 8:58:24,동성제약,43600,0,0
2018-09-12 오전 8:58:24,동성제약,43600,0,0
2018-09-12 오전 8:58:24,동성제약,43600,0,0
2018-09-12 오전 8:58:24,동성제약,43600,0,0
2018-09-12 오전 8:58:24,동성제약,43600,0,0
2018-09-12 오전 8:58:26,동성제약,43600,0,0
2018-09-12 오전 8:58:26,동성제약,43600,0,0
2018-09-12 오전 8:58:27,동성제약,43600,0,0
2018-09-12 오전 8:58:29,동성제약,43600,0,0
2018-09-12 오전 8:58:29,동성제약,43600,0,0
2018-09-12 오전 8:58:30,동성제약,43600,0,0
2018-09-12 오전 8:58:31,동성제약,43600,0,0
2018-09-12 오전 8:58:31,동성제약,43600,0,0
2018-09-12 오전 8:58:32,동성제약,43600,0,0
2018-09-12 오전 8:58:32,동성제약,43600,0,0
2018-09-12 오전 8:58:36,동성제약,43600,0,0
2018-09-12 오전 8:58:36,동성제약,43600,0,0
2018-09-12 오전 8:58:36,동성제약,43600,0,0
2018-09-12 오전 8:58:36,동성제약,43600,0,0
2018-09-12 오전 8:58:37,동성제약,43600,0,0
2018-09-12 오전 8:58:38,동성제약,43600,0,0
2018-09-12 오전 8:58:38,동성제약,43600,0,0
2018-09-12 오전 8:58:39,동성제약,43600,0,0
2018-09-12 오전 8:58:39,동성제약,43600,0,0
2018-09-12 오전 8:58:39,동성제약,43600,0,0
2018-09-12 오전 8:58:40,동성제약,43600,0,0
2018-09-12 오전 8:58:40,동성제약,43600,0,0
2018-09-12 오전 8:58:40,동성제약,43600,0,0
2018-09-12 오전 8:58:40,동성제약,43600,0,0
2018-09-12 오전 8:58:41,동성제약,43600,0,0
2018-09-12 오전 8:58:42,동성제약,43600,0,0
2018-09-12 오전 8:58:43,동성제약,43600,0,0
2018-09-12 오전 8:58:43,동성제약,43600,0,0
2018-09-12 오전 8:58:44,동성제약,43600,0,0
2018-09-12 오전 8:58:45,동성제약,43600,0,0
2018-09-12 오전 8:58:45,동성제약,43600,0,0
2018-09-12 오전 8:58:46,동성제약,43600,0,0
2018-09-12 오전 8:58:47,동성제약,43600,0,0
2018-09-12 오전 8:58:48,동성제약,43600,0,0
2018-09-12 오전 8:58:48,동성제약,43600,0,0
2018-09-12 오전 8:58:48,동성제약,43600,0,0
2018-09-12 오전 8:58:48,동성제약,43600,0,0
2018-09-12 오전 8:58:49,동성제약,43600,0,0
2018-09-12 오전 8:58:51,동성제약,43600,0,0
2018-09-12 오전 8:58:51,동성제약,43600,0,0
2018-09-12 오전 8:58:53,동성제약,43600,0,0
2018-09-12 오전 8:58:53,동성제약,43600,0,0
2018-09-12 오전 8:58:53,동성제약,43600,0,0
2018-09-12 오전 8:58:53,동성제약,43600,0,0
2018-09-12 오전 8:58:54,동성제약,43600,0,0
2018-09-12 오전 8:58:55,동성제약,43600,0,0
2018-09-12 오전 8:58:55,동성제약,43600,0,0
2018-09-12 오전 8:58:55,동성제약,43600,0,0
2018-09-12 오전 8:58:55,동성제약,43600,0,0
2018-09-12 오전 8:58:57,동성제약,43600,0,0
2018-09-12 오전 8:58:57,동성제약,43600,0,0
2018-09-12 오전 8:58:57,동성제약,43600,0,0
2018-09-12 오전 8:58:58,동성제약,43600,0,0
2018-09-12 오전 8:58:58,동성제약,43600,0,0
2018-09-12 오전 8:58:59,동성제약,43600,0,0
2018-09-12 오전 8:58:59,동성제약,43600,0,0
2018-09-12 오전 8:59:00,동성제약,43600,0,0
2018-09-12 오전 8:59:00,동성제약,43600,0,0
2018-09-12 오전 8:59:01,동성제약,43600,0,0
2018-09-12 오전 8:59:01,동성제약,43600,0,0
2018-09-12 오전 8:59:02,동성제약,43600,0,0
2018-09-12 오전 8:59:02,동성제약,43600,0,0
2018-09-12 오전 8:59:02,동성제약,43600,0,0
2018-09-12 오전 8:59:02,동성제약,43600,0,0
2018-09-12 오전 8:59:03,동성제약,43600,0,0
2018-09-12 오전 8:59:04,동성제약,43600,0,0
2018-09-12 오전 8:59:05,동성제약,43600,0,0
2018-09-12 오전 8:59:05,동성제약,43600,0,0
2018-09-12 오전 8:59:06,동성제약,43600,0,0
2018-09-12 오전 8:59:06,동성제약,43600,0,0
2018-09-12 오전 8:59:07,동성제약,43600,0,0
2018-09-12 오전 8:59:07,동성제약,43600,0,0
2018-09-12 오전 8:59:08,동성제약,43600,0,0
2018-09-12 오전 8:59:09,동성제약,43600,0,0
2018-09-12 오전 8:59:10,동성제약,43600,0,0
2018-09-12 오전 8:59:10,동성제약,43600,0,0
2018-09-12 오전 8:59:11,동성제약,43600,0,0
2018-09-12 오전 8:59:12,동성제약,43600,0,0
2018-09-12 오전 8:59:12,동성제약,43600,0,0
2018-09-12 오전 8:59:13,동성제약,43600,0,0
2018-09-12 오전 8:59:13,동성제약,43600,0,0
2018-09-12 오전 8:59:15,동성제약,43600,0,0
2018-09-12 오전 8:59:15,동성제약,43600,0,0
2018-09-12 오전 8:59:15,동성제약,43600,0,0
2018-09-12 오전 8:59:16,동성제약,43600,0,0
2018-09-12 오전 8:59:16,동성제약,43600,0,0
2018-09-12 오전 8:59:17,동성제약,43600,0,0
2018-09-12 오전 8:59:17,동성제약,43600,0,0
2018-09-12 오전 8:59:19,동성제약,43600,0,0
2018-09-12 오전 8:59:19,동성제약,43600,0,0
2018-09-12 오전 8:59:20,동성제약,43600,0,0
2018-09-12 오전 8:59:21,동성제약,43700,0,0
2018-09-12 오전 8:59:21,동성제약,43700,0,0
2018-09-12 오전 8:59:21,동성제약,43700,0,0
2018-09-12 오전 8:59:22,동성제약,43700,0,0
2018-09-12 오전 8:59:22,동성제약,43700,0,0
2018-09-12 오전 8:59:22,동성제약,43700,0,0
2018-09-12 오전 8:59:23,동성제약,43700,0,0
2018-09-12 오전 8:59:23,동성제약,43700,0,0
2018-09-12 오전 8:59:23,동성제약,43700,0,0
2018-09-12 오전 8:59:23,동성제약,43700,0,0
2018-09-12 오전 8:59:24,동성제약,43700,0,0
2018-09-12 오전 8:59:25,동성제약,43700,0,0
2018-09-12 오전 8:59:26,동성제약,43700,0,0
2018-09-12 오전 8:59:26,동성제약,43700,0,0
2018-09-12 오전 8:59:27,동성제약,43700,0,0
2018-09-12 오전 8:59:27,동성제약,43700,0,0
2018-09-12 오전 8:59:28,동성제약,43700,0,0
2018-09-12 오전 8:59:29,동성제약,43700,0,0
2018-09-12 오전 8:59:31,동성제약,43700,0,0
2018-09-12 오전 8:59:32,동성제약,43700,0,0
2018-09-12 오전 8:59:32,동성제약,43700,0,0
2018-09-12 오전 8:59:32,동성제약,43700,0,0
2018-09-12 오전 8:59:32,동성제약,43700,0,0
2018-09-12 오전 8:59:32,동성제약,43700,0,0
2018-09-12 오전 8:59:32,동성제약,43700,0,0
2018-09-12 오전 8:59:33,동성제약,43700,0,0
2018-09-12 오전 8:59:33,동성제약,43700,0,0
2018-09-12 오전 8:59:33,동성제약,43700,0,0
2018-09-12 오전 8:59:34,동성제약,43700,0,0
2018-09-12 오전 8:59:34,동성제약,43700,0,0
2018-09-12 오전 8:59:34,동성제약,43700,0,0
2018-09-12 오전 8:59:34,동성제약,43700,0,0
2018-09-12 오전 8:59:35,동성제약,43700,0,0
2018-09-12 오전 8:59:35,동성제약,43700,0,0
2018-09-12 오전 8:59:35,동성제약,43700,0,0
2018-09-12 오전 8:59:36,동성제약,43700,0,0
2018-09-12 오전 8:59:36,동성제약,43700,0,0
2018-09-12 오전 8:59:36,동성제약,43700,0,0
2018-09-12 오전 8:59:36,동성제약,43700,0,0
2018-09-12 오전 8:59:36,동성제약,43700,0,0
2018-09-12 오전 8:59:36,동성제약,43700,0,0
2018-09-12 오전 8:59:37,동성제약,43700,0,0
2018-09-12 오전 8:59:37,동성제약,43700,0,0
2018-09-12 오전 8:59:37,동성제약,43700,0,0
2018-09-12 오전 8:59:37,동성제약,43700,0,0
2018-09-12 오전 8:59:37,동성제약,43700,0,0
2018-09-12 오전 8:59:37,동성제약,43700,0,0
2018-09-12 오전 8:59:37,동성제약,43700,0,0
2018-09-12 오전 8:59:40,동성제약,43700,0,0
2018-09-12 오전 8:59:40,동성제약,43700,0,0
2018-09-12 오전 8:59:40,동성제약,43700,0,0
2018-09-12 오전 8:59:40,동성제약,43700,0,0
2018-09-12 오전 8:59:41,동성제약,43700,0,0
2018-09-12 오전 8:59:41,동성제약,43700,0,0
2018-09-12 오전 8:59:42,동성제약,43700,0,0
2018-09-12 오전 8:59:42,동성제약,43700,0,0
2018-09-12 오전 8:59:43,동성제약,43600,0,0
2018-09-12 오전 8:59:43,동성제약,43600,0,0
2018-09-12 오전 8:59:43,동성제약,43600,0,0
2018-09-12 오전 8:59:43,동성제약,43600,0,0
2018-09-12 오전 8:59:43,동성제약,43600,0,0
2018-09-12 오전 8:59:43,동성제약,43600,0,0
2018-09-12 오전 8:59:44,동성제약,43600,0,0
2018-09-12 오전 8:59:44,동성제약,43600,0,0
2018-09-12 오전 8:59:44,동성제약,43600,0,0
2018-09-12 오전 8:59:44,동성제약,43600,0,0
2018-09-12 오전 8:59:45,동성제약,43600,0,0
2018-09-12 오전 8:59:45,동성제약,43600,0,0
2018-09-12 오전 8:59:45,동성제약,43600,0,0
2018-09-12 오전 8:59:45,동성제약,43600,0,0
2018-09-12 오전 8:59:45,동성제약,43600,0,0
2018-09-12 오전 8:59:46,동성제약,43600,0,0
2018-09-12 오전 8:59:46,동성제약,43600,0,0
2018-09-12 오전 8:59:46,동성제약,43600,0,0
2018-09-12 오전 8:59:46,동성제약,43600,0,0
2018-09-12 오전 8:59:46,동성제약,43600,0,0
2018-09-12 오전 8:59:46,동성제약,43600,0,0
2018-09-12 오전 8:59:47,동성제약,43600,0,0
2018-09-12 오전 8:59:47,동성제약,43600,0,0
2018-09-12 오전 8:59:47,동성제약,43600,0,0
2018-09-12 오전 8:59:47,동성제약,43600,0,0
2018-09-12 오전 8:59:48,동성제약,43600,0,0
2018-09-12 오전 8:59:48,동성제약,43600,0,0
2018-09-12 오전 8:59:48,동성제약,43600,0,0
2018-09-12 오전 8:59:49,동성제약,43600,0,0
2018-09-12 오전 8:59:49,동성제약,43600,0,0
2018-09-12 오전 8:59:49,동성제약,43600,0,0
2018-09-12 오전 8:59:49,동성제약,43600,0,0
2018-09-12 오전 8:59:49,동성제약,43600,0,0
2018-09-12 오전 8:59:49,동성제약,43600,0,0
2018-09-12 오전 8:59:50,동성제약,43600,0,0
2018-09-12 오전 8:59:51,동성제약,43600,0,0
2018-09-12 오전 8:59:51,동성제약,43600,0,0
2018-09-12 오전 8:59:51,동성제약,43600,0,0
2018-09-12 오전 8:59:51,동성제약,43600,0,0
2018-09-12 오전 8:59:52,동성제약,43600,0,0
2018-09-12 오전 8:59:52,동성제약,43600,0,0
2018-09-12 오전 8:59:52,동성제약,43600,0,0
2018-09-12 오전 8:59:52,동성제약,43600,0,0
2018-09-12 오전 8:59:53,동성제약,43600,0,0
2018-09-12 오전 8:59:53,동성제약,43600,0,0
2018-09-12 오전 8:59:54,동성제약,43600,0,0
2018-09-12 오전 8:59:54,동성제약,43600,0,0
2018-09-12 오전 8:59:55,동성제약,43600,0,0
2018-09-12 오전 8:59:56,동성제약,43600,0,0
2018-09-12 오전 8:59:56,동성제약,43600,0,0
2018-09-12 오전 8:59:57,동성제약,43600,0,0
2018-09-12 오전 8:59:57,동성제약,43600,0,0
2018-09-12 오전 8:59:58,동성제약,43600,0,0
2018-09-12 오전 8:59:59,동성제약,43550,0,0
2018-09-12 오후 6:53:22,동성제약,45800,47700,42300
2018-09-12 오후 6:53:22,동성제약,45800,47700,42300
2018-09-12 오후 6:53:22,동성제약,45800,47700,42300
2018-09-12 오후 6:53:22,동성제약,45800,47700,42300
2018-09-12 오후 6:53:22,동성제약,45800,47700,42300
2018-09-12 오후 6:53:22,동성제약,45800,47700,42300
2018-09-12 오후 6:53:22,동성제약,45800,47700,42300
2018-09-12 오후 6:53:22,동성제약,45800,47700,42300
2018-09-12 오후 6:53:22,동성제약,45800,47700,42300
2018-09-12 오후 6:53:22,동성제약,45800,47700,42300
2018-09-12 오후 6:53:22,동성제약,45800,47700,42300
2018-09-12 오후 6:53:22,동성제약,45800,47700,42300
2018-09-12 오후 6:53:22,동성제약,45800,47700,42300
2018-09-12 오후 6:53:22,동성제약,45800,47700,42300
2018-09-12 오후 6:53:22,동성제약,45800,47700,42300
2018-09-12 오후 6:53:22,동성제약,45800,47700,42300
2018-09-12 오후 6:53:22,동성제약,45800,47700,42300
2018-09-12 오후 6:53:22,동성제약,45800,47700,42300
2018-09-12 오후 6:53:22,동성제약,45800,47700,42300
2018-09-12 오후 6:53:22,동성제약,45800,47700,42300
2018-09-12 오후 6:53:22,동성제약,45800,47700,42300
2018-09-12 오후 6:53:22,동성제약,45800,47700,42300
2018-09-12 오후 6:53:22,동성제약,45800,47700,42300
2018-09-12 오후 6:53:22,동성제약,45800,47700,42300
2018-09-12 오후 6:53:22,동성제약,45800,47700,42300
2018-09-12 오후 6:53:22,동성제약,45800,47700,42300
2018-09-12 오후 6:53:22,동성제약,45800,47700,42300
2018-09-12 오후 6:53:22,동성제약,45800,47700,42300
2018-09-12 오후 6:53:22,동성제약,45800,47700,42300
2018-09-12 오후 6:53:22,동성제약,45800,47700,42300
2018-09-12 오후 6:53:22,동성제약,45800,47700,42300
2018-09-12 오후 6:53:22,동성제약,45800,47700,42300
2018-09-12 오후 6:53:22,동성제약,45800,47700,42300
2018-09-12 오후 6:53:22,동성제약,45800,47700,42300
2018-09-12 오후 6:53:22,동성제약,45800,47700,42300
2018-09-12 오후 6:53:22,동성제약,45800,47700,42300
2018-09-12 오후 6:53:22,동성제약,45800,47700,42300
2018-09-12 오후 6:53:22,동성제약,45800,47700,42300
2018-09-12 오후 6:53:22,동성제약,45800,47700,42300
2018-09-12 오후 6:53:22,동성제약,45800,47700,42300
2018-09-12 오후 6:53:22,동성제약,45800,47700,42300
2018-09-12 오후 6:53:22,동성제약,45800,47700,42300
2018-09-12 오후 6:53:22,동성제약,45800,47700,42300
2018-09-12 오후 6:53:22,동성제약,45800,47700,42300
2018-09-12 오후 6:53:22,동성제약,45800,47700,42300
2018-09-12 오후 6:53:22,동성제약,45800,47700,42300
2018-09-12 오후 6:53:22,동성제약,45800,47700,42300
2018-09-12 오후 6:53:22,동성제약,45800,47700,42300
2018-09-12 오후 6:53:22,동성제약,45800,47700,42300
2018-09-12 오후 6:53:22,동성제약,45800,47700,42300
2018-09-12 오후 6:53:22,동성제약,45800,47700,42300
2018-09-12 오후 6:53:22,동성제약,45800,47700,42300
2018-09-12 오후 6:53:22,동성제약,45800,47700,42300
2018-09-12 오후 6:53:22,동성제약,45800,47700,42300
