2018-09-12 오전 9:32:20,에이프로젠 KIC,10850,10900,9950
2018-09-12 오전 9:32:20,에이프로젠 KIC,10900,10900,9950
2018-09-12 오전 9:32:21,에이프로젠 KIC,10900,10900,9950
2018-09-12 오전 9:32:21,에이프로젠 KIC,10950,10950,9950
2018-09-12 오전 9:32:21,에이프로젠 KIC,10950,10950,9950
2018-09-12 오전 9:32:21,에이프로젠 KIC,10950,10950,9950
2018-09-12 오전 9:32:21,에이프로젠 KIC,10950,10950,9950
2018-09-12 오전 9:32:21,에이프로젠 KIC,10950,10950,9950
2018-09-12 오전 9:32:22,에이프로젠 KIC,10950,10950,9950
2018-09-12 오전 9:32:22,에이프로젠 KIC,10950,10950,9950
2018-09-12 오전 9:32:22,에이프로젠 KIC,10950,10950,9950
2018-09-12 오전 9:32:22,에이프로젠 KIC,10950,10950,9950
2018-09-12 오전 9:32:22,에이프로젠 KIC,10950,10950,9950
2018-09-12 오전 9:32:22,에이프로젠 KIC,10950,10950,9950
2018-09-12 오전 9:32:22,에이프로젠 KIC,11000,11000,9950
2018-09-12 오전 9:32:22,에이프로젠 KIC,11000,11000,9950
2018-09-12 오전 9:32:22,에이프로젠 KIC,11000,11000,9950
2018-09-12 오전 9:32:22,에이프로젠 KIC,11000,11000,9950
2018-09-12 오전 9:32:22,에이프로젠 KIC,11000,11000,9950
2018-09-12 오전 9:32:22,에이프로젠 KIC,11000,11000,9950
2018-09-12 오전 9:32:22,에이프로젠 KIC,10950,11000,9950
2018-09-12 오전 9:32:22,에이프로젠 KIC,10900,11000,9950
2018-09-12 오전 9:32:22,에이프로젠 KIC,10900,11000,9950
2018-09-12 오전 9:32:22,에이프로젠 KIC,10900,11000,9950
2018-09-12 오전 9:32:22,에이프로젠 KIC,10900,11000,9950
2018-09-12 오전 9:32:22,에이프로젠 KIC,10900,11000,9950
2018-09-12 오전 9:32:22,에이프로젠 KIC,10900,11000,9950
2018-09-12 오전 9:32:22,에이프로젠 KIC,10950,11000,9950
2018-09-12 오전 9:32:22,에이프로젠 KIC,11000,11000,9950
2018-09-12 오전 9:32:22,에이프로젠 KIC,11000,11000,9950
2018-09-12 오전 9:32:22,에이프로젠 KIC,11000,11000,9950
2018-09-12 오전 9:32:22,에이프로젠 KIC,11000,11000,9950
2018-09-12 오전 9:32:22,에이프로젠 KIC,11000,11000,9950
2018-09-12 오전 9:32:22,에이프로젠 KIC,11000,11000,9950
2018-09-12 오전 9:32:22,에이프로젠 KIC,10950,11000,9950
2018-09-12 오전 9:32:23,에이프로젠 KIC,11000,11000,9950
2018-09-12 오전 9:32:23,에이프로젠 KIC,11000,11000,9950
2018-09-12 오전 9:32:23,에이프로젠 KIC,11050,11050,9950
2018-09-12 오전 9:32:23,에이프로젠 KIC,11050,11050,9950
2018-09-12 오전 9:32:23,에이프로젠 KIC,11050,11050,9950
2018-09-12 오전 9:32:23,에이프로젠 KIC,11050,11050,9950
2018-09-12 오전 9:32:23,에이프로젠 KIC,11050,11050,9950
2018-09-12 오전 9:32:23,에이프로젠 KIC,11050,11050,9950
2018-09-12 오전 9:32:23,에이프로젠 KIC,11050,11050,9950
2018-09-12 오전 9:32:23,에이프로젠 KIC,11050,11050,9950
2018-09-12 오전 9:32:23,에이프로젠 KIC,11050,11050,9950
2018-09-12 오전 9:32:23,에이프로젠 KIC,11050,11050,9950
2018-09-12 오전 9:32:23,에이프로젠 KIC,11050,11050,9950
2018-09-12 오전 9:32:23,에이프로젠 KIC,11050,11050,9950
2018-09-12 오전 9:32:23,에이프로젠 KIC,11050,11050,9950
2018-09-12 오전 9:32:23,에이프로젠 KIC,11050,11050,9950
2018-09-12 오전 9:32:23,에이프로젠 KIC,11050,11050,9950
2018-09-12 오전 9:32:23,에이프로젠 KIC,11000,11050,9950
2018-09-12 오전 9:32:23,에이프로젠 KIC,11000,11050,9950
2018-09-12 오전 9:32:23,에이프로젠 KIC,11000,11050,9950
2018-09-12 오전 9:32:23,에이프로젠 KIC,11000,11050,9950
2018-09-12 오전 9:32:23,에이프로젠 KIC,11000,11050,9950
2018-09-12 오전 9:32:23,에이프로젠 KIC,11000,11050,9950
2018-09-12 오전 9:32:23,에이프로젠 KIC,11000,11050,9950
2018-09-12 오전 9:32:23,에이프로젠 KIC,11000,11050,9950
2018-09-12 오전 9:32:23,에이프로젠 KIC,11000,11050,9950
2018-09-12 오전 9:32:23,에이프로젠 KIC,11000,11050,9950
2018-09-12 오전 9:32:23,에이프로젠 KIC,11050,11050,9950
2018-09-12 오전 9:32:23,에이프로젠 KIC,11100,11100,9950
2018-09-12 오전 9:32:24,에이프로젠 KIC,11000,11100,9950
2018-09-12 오전 9:32:24,에이프로젠 KIC,11100,11100,9950
2018-09-12 오전 9:32:24,에이프로젠 KIC,11100,11100,9950
2018-09-12 오전 9:32:24,에이프로젠 KIC,11100,11100,9950
2018-09-12 오전 9:32:24,에이프로젠 KIC,11100,11100,9950
2018-09-12 오전 9:32:24,에이프로젠 KIC,11050,11100,9950
2018-09-12 오전 9:32:24,에이프로젠 KIC,11050,11100,9950
2018-09-12 오전 9:32:24,에이프로젠 KIC,11050,11100,9950
2018-09-12 오전 9:32:24,에이프로젠 KIC,11100,11100,9950
2018-09-12 오전 9:32:24,에이프로젠 KIC,11100,11100,9950
2018-09-12 오전 9:32:24,에이프로젠 KIC,11100,11100,9950
2018-09-12 오전 9:32:25,에이프로젠 KIC,11100,11100,9950
2018-09-12 오전 9:32:25,에이프로젠 KIC,11100,11100,9950
2018-09-12 오전 9:32:25,에이프로젠 KIC,11100,11100,9950
2018-09-12 오전 9:32:25,에이프로젠 KIC,11100,11100,9950
2018-09-12 오전 9:32:25,에이프로젠 KIC,11050,11100,9950
2018-09-12 오전 9:32:25,에이프로젠 KIC,11100,11100,9950
2018-09-12 오전 9:32:25,에이프로젠 KIC,11050,11100,9950
2018-09-12 오전 9:32:25,에이프로젠 KIC,11100,11100,9950
2018-09-12 오전 9:32:25,에이프로젠 KIC,11100,11100,9950
2018-09-12 오전 9:32:25,에이프로젠 KIC,11100,11100,9950
2018-09-12 오전 9:32:25,에이프로젠 KIC,11100,11100,9950
2018-09-12 오전 9:32:25,에이프로젠 KIC,11100,11100,9950
2018-09-12 오전 9:32:25,에이프로젠 KIC,11100,11100,9950
2018-09-12 오전 9:32:25,에이프로젠 KIC,11100,11100,9950
2018-09-12 오전 9:32:26,에이프로젠 KIC,11050,11100,9950
2018-09-12 오전 9:32:26,에이프로젠 KIC,11100,11100,9950
2018-09-12 오전 9:32:26,에이프로젠 KIC,11100,11100,9950
2018-09-12 오전 9:32:26,에이프로젠 KIC,11100,11100,9950
2018-09-12 오전 9:32:26,에이프로젠 KIC,11050,11100,9950
2018-09-12 오전 9:32:26,에이프로젠 KIC,11050,11100,9950
2018-09-12 오전 9:32:26,에이프로젠 KIC,11050,11100,9950
2018-09-12 오전 9:32:26,에이프로젠 KIC,11050,11100,9950
2018-09-12 오전 9:32:27,에이프로젠 KIC,11050,11100,9950
2018-09-12 오전 9:32:27,에이프로젠 KIC,11050,11100,9950
2018-09-12 오전 9:32:27,에이프로젠 KIC,11050,11100,9950
2018-09-12 오전 9:32:27,에이프로젠 KIC,11050,11100,9950
2018-09-12 오전 9:32:27,에이프로젠 KIC,11050,11100,9950
2018-09-12 오전 9:32:27,에이프로젠 KIC,11050,11100,9950
2018-09-12 오전 9:32:27,에이프로젠 KIC,11050,11100,9950
2018-09-12 오전 9:32:27,에이프로젠 KIC,11050,11100,9950
2018-09-12 오전 9:32:27,에이프로젠 KIC,11050,11100,9950
2018-09-12 오전 9:32:27,에이프로젠 KIC,11000,11100,9950
2018-09-12 오전 9:32:27,에이프로젠 KIC,11050,11100,9950
2018-09-12 오전 9:32:28,에이프로젠 KIC,11050,11100,9950
2018-09-12 오전 9:32:28,에이프로젠 KIC,11050,11100,9950
2018-09-12 오전 9:32:28,에이프로젠 KIC,11000,11100,9950
2018-09-12 오전 9:32:28,에이프로젠 KIC,11050,11100,9950
2018-09-12 오전 9:32:28,에이프로젠 KIC,11050,11100,9950
2018-09-12 오전 9:32:29,에이프로젠 KIC,11050,11100,9950
2018-09-12 오전 9:32:29,에이프로젠 KIC,11000,11100,9950
2018-09-12 오전 9:32:29,에이프로젠 KIC,11050,11100,9950
2018-09-12 오전 9:32:29,에이프로젠 KIC,11050,11100,9950
2018-09-12 오전 9:32:29,에이프로젠 KIC,11050,11100,9950
2018-09-12 오전 9:32:29,에이프로젠 KIC,11050,11100,9950
2018-09-12 오전 9:32:29,에이프로젠 KIC,11050,11100,9950
2018-09-12 오전 9:32:29,에이프로젠 KIC,11050,11100,9950
2018-09-12 오전 9:32:29,에이프로젠 KIC,11050,11100,9950
2018-09-12 오전 9:32:29,에이프로젠 KIC,11050,11100,9950
2018-09-12 오전 9:32:30,에이프로젠 KIC,11050,11100,9950
2018-09-12 오전 9:32:30,에이프로젠 KIC,11000,11100,9950
2018-09-12 오전 9:32:30,에이프로젠 KIC,11000,11100,9950
2018-09-12 오전 9:32:30,에이프로젠 KIC,11000,11100,9950
2018-09-12 오전 9:32:30,에이프로젠 KIC,11000,11100,9950
2018-09-12 오전 9:32:30,에이프로젠 KIC,10950,11100,9950
2018-09-12 오전 9:32:30,에이프로젠 KIC,11000,11100,9950
2018-09-12 오전 9:32:30,에이프로젠 KIC,10950,11100,9950
2018-09-12 오전 9:32:30,에이프로젠 KIC,11000,11100,9950
2018-09-12 오전 9:32:30,에이프로젠 KIC,11000,11100,9950
2018-09-12 오전 9:32:30,에이프로젠 KIC,11000,11100,9950
2018-09-12 오전 9:32:30,에이프로젠 KIC,11050,11100,9950
2018-09-12 오전 9:32:30,에이프로젠 KIC,11050,11100,9950
2018-09-12 오전 9:32:30,에이프로젠 KIC,11050,11100,9950
2018-09-12 오전 9:32:31,에이프로젠 KIC,11050,11100,9950
2018-09-12 오전 9:32:31,에이프로젠 KIC,11050,11100,9950
2018-09-12 오전 9:32:31,에이프로젠 KIC,10950,11100,9950
2018-09-12 오전 9:32:31,에이프로젠 KIC,11000,11100,9950
2018-09-12 오전 9:32:31,에이프로젠 KIC,11000,11100,9950
2018-09-12 오전 9:32:31,에이프로젠 KIC,10950,11100,9950
2018-09-12 오전 9:32:31,에이프로젠 KIC,11000,11100,9950
2018-09-12 오전 9:32:31,에이프로젠 KIC,11000,11100,9950
2018-09-12 오전 9:32:31,에이프로젠 KIC,11000,11100,9950
2018-09-12 오전 9:32:31,에이프로젠 KIC,11000,11100,9950
2018-09-12 오전 9:32:32,에이프로젠 KIC,11000,11100,9950
2018-09-12 오전 9:32:32,에이프로젠 KIC,11000,11100,9950
2018-09-12 오전 9:32:32,에이프로젠 KIC,11000,11100,9950
2018-09-12 오전 9:32:32,에이프로젠 KIC,10950,11100,9950
2018-09-12 오전 9:32:32,에이프로젠 KIC,11000,11100,9950
2018-09-12 오전 9:32:32,에이프로젠 KIC,11000,11100,9950
2018-09-12 오전 9:32:32,에이프로젠 KIC,10950,11100,9950
2018-09-12 오전 9:32:32,에이프로젠 KIC,11000,11100,9950
2018-09-12 오전 9:32:32,에이프로젠 KIC,11000,11100,9950
2018-09-12 오전 9:32:32,에이프로젠 KIC,11000,11100,9950
2018-09-12 오전 9:32:32,에이프로젠 KIC,11000,11100,9950
2018-09-12 오전 9:32:33,에이프로젠 KIC,11000,11100,9950
2018-09-12 오전 9:32:33,에이프로젠 KIC,11000,11100,9950
2018-09-12 오전 9:32:33,에이프로젠 KIC,11000,11100,9950
2018-09-12 오전 9:32:33,에이프로젠 KIC,11000,11100,9950
2018-09-12 오전 9:32:33,에이프로젠 KIC,10950,11100,9950
2018-09-12 오전 9:32:33,에이프로젠 KIC,11000,11100,9950
2018-09-12 오전 9:32:33,에이프로젠 KIC,11000,11100,9950
2018-09-12 오전 9:32:33,에이프로젠 KIC,11000,11100,9950
2018-09-12 오전 9:32:34,에이프로젠 KIC,11000,11100,9950
2018-09-12 오전 9:32:34,에이프로젠 KIC,11000,11100,9950
2018-09-12 오전 9:32:34,에이프로젠 KIC,10950,11100,9950
2018-09-12 오전 9:32:34,에이프로젠 KIC,10950,11100,9950
2018-09-12 오전 9:32:34,에이프로젠 KIC,10950,11100,9950
2018-09-12 오전 9:32:34,에이프로젠 KIC,10900,11100,9950
2018-09-12 오전 9:32:34,에이프로젠 KIC,10850,11100,9950
2018-09-12 오전 9:32:34,에이프로젠 KIC,10950,11100,9950
2018-09-12 오전 9:32:34,에이프로젠 KIC,10950,11100,9950
2018-09-12 오전 9:32:34,에이프로젠 KIC,10950,11100,9950
2018-09-12 오전 9:32:35,에이프로젠 KIC,10950,11100,9950
2018-09-12 오전 9:32:35,에이프로젠 KIC,10850,11100,9950
2018-09-12 오전 9:32:35,에이프로젠 KIC,10950,11100,9950
2018-09-12 오전 9:32:35,에이프로젠 KIC,10950,11100,9950
2018-09-12 오전 9:32:35,에이프로젠 KIC,10950,11100,9950
2018-09-12 오전 9:32:35,에이프로젠 KIC,10950,11100,9950
2018-09-12 오전 9:32:35,에이프로젠 KIC,10950,11100,9950
2018-09-12 오전 9:32:35,에이프로젠 KIC,10950,11100,9950
2018-09-12 오전 9:32:36,에이프로젠 KIC,10950,11100,9950
2018-09-12 오전 9:32:36,에이프로젠 KIC,10950,11100,9950
2018-09-12 오전 9:32:36,에이프로젠 KIC,10950,11100,9950
2018-09-12 오전 9:32:36,에이프로젠 KIC,10950,11100,9950
2018-09-12 오전 9:32:36,에이프로젠 KIC,10900,11100,9950
2018-09-12 오전 9:32:36,에이프로젠 KIC,10900,11100,9950
2018-09-12 오전 9:32:36,에이프로젠 KIC,10900,11100,9950
2018-09-12 오전 9:32:36,에이프로젠 KIC,10900,11100,9950
2018-09-12 오전 9:32:37,에이프로젠 KIC,10900,11100,9950
2018-09-12 오전 9:32:37,에이프로젠 KIC,10900,11100,9950
2018-09-12 오전 9:32:37,에이프로젠 KIC,10900,11100,9950
2018-09-12 오전 9:32:37,에이프로젠 KIC,10900,11100,9950
2018-09-12 오전 9:32:37,에이프로젠 KIC,10900,11100,9950
2018-09-12 오전 9:32:38,에이프로젠 KIC,10900,11100,9950
2018-09-12 오전 9:32:38,에이프로젠 KIC,10950,11100,9950
2018-09-12 오전 9:32:38,에이프로젠 KIC,10950,11100,9950
2018-09-12 오전 9:32:38,에이프로젠 KIC,10950,11100,9950
2018-09-12 오전 9:32:38,에이프로젠 KIC,10950,11100,9950
2018-09-12 오전 9:32:38,에이프로젠 KIC,10950,11100,9950
2018-09-12 오전 9:32:38,에이프로젠 KIC,10900,11100,9950
2018-09-12 오전 9:32:38,에이프로젠 KIC,10900,11100,9950
2018-09-12 오전 9:32:38,에이프로젠 KIC,10900,11100,9950
2018-09-12 오전 9:32:38,에이프로젠 KIC,10900,11100,9950
2018-09-12 오전 9:32:38,에이프로젠 KIC,10900,11100,9950
2018-09-12 오전 9:32:38,에이프로젠 KIC,10900,11100,9950
2018-09-12 오전 9:32:39,에이프로젠 KIC,10950,11100,9950
2018-09-12 오전 9:32:39,에이프로젠 KIC,10950,11100,9950
2018-09-12 오전 9:32:39,에이프로젠 KIC,10900,11100,9950
2018-09-12 오전 9:32:39,에이프로젠 KIC,10950,11100,9950
2018-09-12 오전 9:32:39,에이프로젠 KIC,10900,11100,9950
2018-09-12 오전 9:32:39,에이프로젠 KIC,10900,11100,9950
2018-09-12 오전 9:32:39,에이프로젠 KIC,10900,11100,9950
2018-09-12 오전 9:32:39,에이프로젠 KIC,10950,11100,9950
2018-09-12 오전 9:32:39,에이프로젠 KIC,10950,11100,9950
2018-09-12 오전 9:32:39,에이프로젠 KIC,10950,11100,9950
2018-09-12 오전 9:32:39,에이프로젠 KIC,10900,11100,9950
2018-09-12 오전 9:32:39,에이프로젠 KIC,10900,11100,9950
2018-09-12 오전 9:32:40,에이프로젠 KIC,10900,11100,9950
2018-09-12 오전 9:32:40,에이프로젠 KIC,10900,11100,9950
2018-09-12 오전 9:32:40,에이프로젠 KIC,10900,11100,9950
2018-09-12 오전 9:32:40,에이프로젠 KIC,10950,11100,9950
2018-09-12 오전 9:32:40,에이프로젠 KIC,10950,11100,9950
2018-09-12 오전 9:32:40,에이프로젠 KIC,10950,11100,9950
2018-09-12 오전 9:32:40,에이프로젠 KIC,10950,11100,9950
2018-09-12 오전 9:32:40,에이프로젠 KIC,10900,11100,9950
2018-09-12 오전 9:32:40,에이프로젠 KIC,10950,11100,9950
2018-09-12 오전 9:32:41,에이프로젠 KIC,10950,11100,9950
2018-09-12 오전 9:32:41,에이프로젠 KIC,10950,11100,9950
2018-09-12 오전 9:32:41,에이프로젠 KIC,10950,11100,9950
2018-09-12 오전 9:32:41,에이프로젠 KIC,10900,11100,9950
2018-09-12 오전 9:32:41,에이프로젠 KIC,10950,11100,9950
2018-09-12 오전 9:32:41,에이프로젠 KIC,10900,11100,9950
2018-09-12 오전 9:32:41,에이프로젠 KIC,10900,11100,9950
2018-09-12 오전 9:32:42,에이프로젠 KIC,10950,11100,9950
2018-09-12 오전 9:32:42,에이프로젠 KIC,10950,11100,9950
2018-09-12 오전 9:32:42,에이프로젠 KIC,10950,11100,9950
2018-09-12 오전 9:32:43,에이프로젠 KIC,10950,11100,9950
2018-09-12 오전 9:32:43,에이프로젠 KIC,10950,11100,9950
2018-09-12 오전 9:32:43,에이프로젠 KIC,10950,11100,9950
2018-09-12 오전 9:32:43,에이프로젠 KIC,10950,11100,9950
2018-09-12 오전 9:32:43,에이프로젠 KIC,10950,11100,9950
2018-09-12 오전 9:32:43,에이프로젠 KIC,10950,11100,9950
2018-09-12 오전 9:32:43,에이프로젠 KIC,10950,11100,9950
2018-09-12 오전 9:32:43,에이프로젠 KIC,10950,11100,9950
2018-09-12 오전 9:32:43,에이프로젠 KIC,10950,11100,9950
2018-09-12 오전 9:32:43,에이프로젠 KIC,11000,11100,9950
2018-09-12 오전 9:32:44,에이프로젠 KIC,11000,11100,9950
2018-09-12 오전 9:32:44,에이프로젠 KIC,11000,11100,9950
2018-09-12 오전 9:32:44,에이프로젠 KIC,11000,11100,9950
2018-09-12 오전 9:32:44,에이프로젠 KIC,10900,11100,9950
2018-09-12 오전 9:32:44,에이프로젠 KIC,10950,11100,9950
2018-09-12 오전 9:32:44,에이프로젠 KIC,10950,11100,9950
2018-09-12 오전 9:32:44,에이프로젠 KIC,11000,11100,9950
2018-09-12 오전 9:32:44,에이프로젠 KIC,10950,11100,9950
2018-09-12 오전 9:32:44,에이프로젠 KIC,10950,11100,9950
2018-09-12 오전 9:32:44,에이프로젠 KIC,11000,11100,9950
2018-09-12 오전 9:32:44,에이프로젠 KIC,11000,11100,9950
2018-09-12 오전 9:32:44,에이프로젠 KIC,11000,11100,9950
2018-09-12 오전 9:32:44,에이프로젠 KIC,11000,11100,9950
2018-09-12 오전 9:32:44,에이프로젠 KIC,11000,11100,9950
2018-09-12 오전 9:32:44,에이프로젠 KIC,11000,11100,9950
2018-09-12 오전 9:32:44,에이프로젠 KIC,10950,11100,9950
2018-09-12 오전 9:32:44,에이프로젠 KIC,10950,11100,9950
2018-09-12 오전 9:32:44,에이프로젠 KIC,10950,11100,9950
2018-09-12 오전 9:32:44,에이프로젠 KIC,10950,11100,9950
2018-09-12 오전 9:32:45,에이프로젠 KIC,11000,11100,9950
2018-09-12 오전 9:32:45,에이프로젠 KIC,11000,11100,9950
2018-09-12 오전 9:32:45,에이프로젠 KIC,11000,11100,9950
2018-09-12 오전 9:32:45,에이프로젠 KIC,11000,11100,9950
2018-09-12 오전 9:32:45,에이프로젠 KIC,11000,11100,9950
2018-09-12 오전 9:32:45,에이프로젠 KIC,11000,11100,9950
2018-09-12 오전 9:32:45,에이프로젠 KIC,11000,11100,9950
2018-09-12 오전 9:32:45,에이프로젠 KIC,11050,11100,9950
2018-09-12 오전 9:32:45,에이프로젠 KIC,11050,11100,9950
2018-09-12 오전 9:32:45,에이프로젠 KIC,11050,11100,9950
2018-09-12 오전 9:32:46,에이프로젠 KIC,11050,11100,9950
2018-09-12 오전 9:32:46,에이프로젠 KIC,11050,11100,9950
2018-09-12 오전 9:32:46,에이프로젠 KIC,11050,11100,9950
2018-09-12 오전 9:32:46,에이프로젠 KIC,11050,11100,9950
2018-09-12 오전 9:32:46,에이프로젠 KIC,11000,11100,9950
2018-09-12 오전 9:32:46,에이프로젠 KIC,11050,11100,9950
2018-09-12 오전 9:32:46,에이프로젠 KIC,11050,11100,9950
2018-09-12 오전 9:32:46,에이프로젠 KIC,11050,11100,9950
2018-09-12 오전 9:32:46,에이프로젠 KIC,11050,11100,9950
2018-09-12 오전 9:32:46,에이프로젠 KIC,11050,11100,9950
2018-09-12 오전 9:32:46,에이프로젠 KIC,11050,11100,9950
2018-09-12 오전 9:32:47,에이프로젠 KIC,11050,11100,9950
2018-09-12 오전 9:32:47,에이프로젠 KIC,11050,11100,9950
2018-09-12 오전 9:32:47,에이프로젠 KIC,11050,11100,9950
2018-09-12 오전 9:32:47,에이프로젠 KIC,11050,11100,9950
2018-09-12 오전 9:32:47,에이프로젠 KIC,11000,11100,9950
2018-09-12 오전 9:32:47,에이프로젠 KIC,11050,11100,9950
2018-09-12 오전 9:32:47,에이프로젠 KIC,11050,11100,9950
2018-09-12 오전 9:32:47,에이프로젠 KIC,11050,11100,9950
2018-09-12 오전 9:32:47,에이프로젠 KIC,11050,11100,9950
2018-09-12 오전 9:32:47,에이프로젠 KIC,11050,11100,9950
2018-09-12 오전 9:32:47,에이프로젠 KIC,11050,11100,9950
2018-09-12 오전 9:32:47,에이프로젠 KIC,11050,11100,9950
2018-09-12 오전 9:32:47,에이프로젠 KIC,11050,11100,9950
2018-09-12 오전 9:32:48,에이프로젠 KIC,11050,11100,9950
2018-09-12 오전 9:32:48,에이프로젠 KIC,11050,11100,9950
2018-09-12 오전 9:32:48,에이프로젠 KIC,11050,11100,9950
2018-09-12 오전 9:32:48,에이프로젠 KIC,11050,11100,9950
2018-09-12 오전 9:32:48,에이프로젠 KIC,11050,11100,9950
2018-09-12 오전 9:32:48,에이프로젠 KIC,11050,11100,9950
2018-09-12 오전 9:32:48,에이프로젠 KIC,11050,11100,9950
2018-09-12 오전 9:32:48,에이프로젠 KIC,11050,11100,9950
2018-09-12 오전 9:32:48,에이프로젠 KIC,11050,11100,9950
2018-09-12 오전 9:32:49,에이프로젠 KIC,11050,11100,9950
2018-09-12 오전 9:32:49,에이프로젠 KIC,11050,11100,9950
2018-09-12 오전 9:32:49,에이프로젠 KIC,11050,11100,9950
2018-09-12 오전 9:32:49,에이프로젠 KIC,11050,11100,9950
2018-09-12 오전 9:32:49,에이프로젠 KIC,11050,11100,9950
2018-09-12 오전 9:32:49,에이프로젠 KIC,11050,11100,9950
2018-09-12 오전 9:32:49,에이프로젠 KIC,11050,11100,9950
2018-09-12 오전 9:32:49,에이프로젠 KIC,11100,11100,9950
2018-09-12 오전 9:32:49,에이프로젠 KIC,11050,11100,9950
2018-09-12 오전 9:32:49,에이프로젠 KIC,11050,11100,9950
2018-09-12 오전 9:32:49,에이프로젠 KIC,11050,11100,9950
2018-09-12 오전 9:32:49,에이프로젠 KIC,11050,11100,9950
2018-09-12 오전 9:32:49,에이프로젠 KIC,11050,11100,9950
2018-09-12 오전 9:32:50,에이프로젠 KIC,11050,11100,9950
2018-09-12 오전 9:32:50,에이프로젠 KIC,11050,11100,9950
2018-09-12 오전 9:32:50,에이프로젠 KIC,11050,11100,9950
2018-09-12 오전 9:32:50,에이프로젠 KIC,11050,11100,9950
2018-09-12 오전 9:32:50,에이프로젠 KIC,11050,11100,9950
2018-09-12 오전 9:32:50,에이프로젠 KIC,11050,11100,9950
2018-09-12 오전 9:32:50,에이프로젠 KIC,11050,11100,9950
2018-09-12 오전 9:32:50,에이프로젠 KIC,11050,11100,9950
2018-09-12 오전 9:32:50,에이프로젠 KIC,11050,11100,9950
2018-09-12 오전 9:32:50,에이프로젠 KIC,11000,11100,9950
2018-09-12 오전 9:32:50,에이프로젠 KIC,11000,11100,9950
2018-09-12 오전 9:32:50,에이프로젠 KIC,10950,11100,9950
2018-09-12 오전 9:32:50,에이프로젠 KIC,11000,11100,9950
2018-09-12 오전 9:32:50,에이프로젠 KIC,10950,11100,9950
2018-09-12 오전 9:32:50,에이프로젠 KIC,10900,11100,9950
2018-09-12 오전 9:32:51,에이프로젠 KIC,11000,11100,9950
2018-09-12 오전 9:32:51,에이프로젠 KIC,11000,11100,9950
2018-09-12 오전 9:32:51,에이프로젠 KIC,11000,11100,9950
2018-09-12 오전 9:32:51,에이프로젠 KIC,11050,11100,9950
2018-09-12 오전 9:32:51,에이프로젠 KIC,10950,11100,9950
2018-09-12 오전 9:32:51,에이프로젠 KIC,10900,11100,9950
2018-09-12 오전 9:32:51,에이프로젠 KIC,10850,11100,9950
2018-09-12 오전 9:32:51,에이프로젠 KIC,10800,11100,9950
2018-09-12 오전 9:32:51,에이프로젠 KIC,10800,11100,9950
2018-09-12 오전 9:32:51,에이프로젠 KIC,10950,11100,9950
2018-09-12 오전 9:32:51,에이프로젠 KIC,11000,11100,9950
2018-09-12 오전 9:32:52,에이프로젠 KIC,11000,11100,9950
2018-09-12 오전 9:32:53,에이프로젠 KIC,11000,11100,9950
2018-09-12 오전 9:32:53,에이프로젠 KIC,11000,11100,9950
2018-09-12 오전 9:32:53,에이프로젠 KIC,10950,11100,9950
2018-09-12 오전 9:32:54,에이프로젠 KIC,10950,11100,9950
2018-09-12 오전 9:32:54,에이프로젠 KIC,10950,11100,9950
2018-09-12 오전 9:32:55,에이프로젠 KIC,10950,11100,9950
2018-09-12 오전 9:32:55,에이프로젠 KIC,10950,11100,9950
2018-09-12 오전 9:32:55,에이프로젠 KIC,10950,11100,9950
2018-09-12 오전 9:32:55,에이프로젠 KIC,10900,11100,9950
2018-09-12 오전 9:32:55,에이프로젠 KIC,10950,11100,9950
2018-09-12 오전 9:32:55,에이프로젠 KIC,10950,11100,9950
2018-09-12 오전 9:32:56,에이프로젠 KIC,10900,11100,9950
2018-09-12 오전 9:32:56,에이프로젠 KIC,10900,11100,9950
2018-09-12 오전 9:32:56,에이프로젠 KIC,10900,11100,9950
2018-09-12 오전 9:32:56,에이프로젠 KIC,10950,11100,9950
2018-09-12 오전 9:32:57,에이프로젠 KIC,10900,11100,9950
2018-09-12 오전 9:32:58,에이프로젠 KIC,10900,11100,9950
2018-09-12 오전 9:32:58,에이프로젠 KIC,10850,11100,9950
2018-09-12 오전 9:32:58,에이프로젠 KIC,10800,11100,9950
2018-09-12 오전 9:32:58,에이프로젠 KIC,10900,11100,9950
2018-09-12 오전 9:32:58,에이프로젠 KIC,10800,11100,9950
2018-09-12 오전 9:32:58,에이프로젠 KIC,10900,11100,9950
2018-09-12 오전 9:32:58,에이프로젠 KIC,10900,11100,9950
2018-09-12 오전 9:32:59,에이프로젠 KIC,10900,11100,9950
2018-09-12 오전 9:32:59,에이프로젠 KIC,10900,11100,9950
2018-09-12 오전 9:32:59,에이프로젠 KIC,10800,11100,9950
2018-09-12 오전 9:33:00,에이프로젠 KIC,10900,11100,9950
2018-09-12 오전 9:33:00,에이프로젠 KIC,10850,11100,9950
2018-09-12 오전 9:33:00,에이프로젠 KIC,10800,11100,9950
2018-09-12 오전 9:33:00,에이프로젠 KIC,10750,11100,9950
2018-09-12 오전 9:33:00,에이프로젠 KIC,10700,11100,9950
2018-09-12 오전 9:33:00,에이프로젠 KIC,10700,11100,9950
2018-09-12 오전 9:33:00,에이프로젠 KIC,10750,11100,9950
2018-09-12 오전 9:33:00,에이프로젠 KIC,10700,11100,9950
2018-09-12 오전 9:33:01,에이프로젠 KIC,10850,11100,9950
2018-09-12 오전 9:33:01,에이프로젠 KIC,10800,11100,9950
2018-09-12 오전 9:33:01,에이프로젠 KIC,10800,11100,9950
2018-09-12 오전 9:33:01,에이프로젠 KIC,10800,11100,9950
2018-09-12 오전 9:33:02,에이프로젠 KIC,10800,11100,9950
2018-09-12 오전 9:33:02,에이프로젠 KIC,10800,11100,9950
2018-09-12 오전 9:33:02,에이프로젠 KIC,10800,11100,9950
2018-09-12 오전 9:33:02,에이프로젠 KIC,10800,11100,9950
2018-09-12 오전 9:33:04,에이프로젠 KIC,10800,11100,9950
2018-09-12 오전 9:33:04,에이프로젠 KIC,10750,11100,9950
2018-09-12 오전 9:33:04,에이프로젠 KIC,10750,11100,9950
2018-09-12 오전 9:33:04,에이프로젠 KIC,10800,11100,9950
2018-09-12 오전 9:33:04,에이프로젠 KIC,10750,11100,9950
2018-09-12 오전 9:33:04,에이프로젠 KIC,10700,11100,9950
2018-09-12 오전 9:33:04,에이프로젠 KIC,10800,11100,9950
2018-09-12 오전 9:33:05,에이프로젠 KIC,10800,11100,9950
2018-09-12 오전 9:33:05,에이프로젠 KIC,10800,11100,9950
2018-09-12 오전 9:33:06,에이프로젠 KIC,10800,11100,9950
2018-09-12 오전 9:33:06,에이프로젠 KIC,10800,11100,9950
2018-09-12 오전 9:33:07,에이프로젠 KIC,10800,11100,9950
2018-09-12 오전 9:33:08,에이프로젠 KIC,10800,11100,9950
2018-09-12 오전 9:33:08,에이프로젠 KIC,10800,11100,9950
2018-09-12 오전 9:33:08,에이프로젠 KIC,10800,11100,9950
2018-09-12 오전 9:33:08,에이프로젠 KIC,10800,11100,9950
2018-09-12 오전 9:33:09,에이프로젠 KIC,10800,11100,9950
2018-09-12 오전 9:33:09,에이프로젠 KIC,10800,11100,9950
2018-09-12 오전 9:33:09,에이프로젠 KIC,10800,11100,9950
2018-09-12 오전 9:33:10,에이프로젠 KIC,10750,11100,9950
2018-09-12 오전 9:33:10,에이프로젠 KIC,10800,11100,9950
2018-09-12 오전 9:33:10,에이프로젠 KIC,10800,11100,9950
2018-09-12 오전 9:33:11,에이프로젠 KIC,10800,11100,9950
2018-09-12 오전 9:33:11,에이프로젠 KIC,10800,11100,9950
2018-09-12 오전 9:33:11,에이프로젠 KIC,10800,11100,9950
2018-09-12 오전 9:33:12,에이프로젠 KIC,10800,11100,9950
2018-09-12 오전 9:33:12,에이프로젠 KIC,10800,11100,9950
2018-09-12 오전 9:33:12,에이프로젠 KIC,10800,11100,9950
2018-09-12 오전 9:33:12,에이프로젠 KIC,10750,11100,9950
2018-09-12 오전 9:33:12,에이프로젠 KIC,10800,11100,9950
2018-09-12 오전 9:33:12,에이프로젠 KIC,10800,11100,9950
2018-09-12 오전 9:33:13,에이프로젠 KIC,10800,11100,9950
2018-09-12 오전 9:33:13,에이프로젠 KIC,10800,11100,9950
2018-09-12 오전 9:33:14,에이프로젠 KIC,10800,11100,9950
2018-09-12 오전 9:33:14,에이프로젠 KIC,10850,11100,9950
2018-09-12 오전 9:33:14,에이프로젠 KIC,10800,11100,9950
2018-09-12 오전 9:33:15,에이프로젠 KIC,10800,11100,9950
2018-09-12 오전 9:33:15,에이프로젠 KIC,10800,11100,9950
2018-09-12 오전 9:33:15,에이프로젠 KIC,10800,11100,9950
2018-09-12 오전 9:33:15,에이프로젠 KIC,10800,11100,9950
2018-09-12 오전 9:33:15,에이프로젠 KIC,10800,11100,9950
2018-09-12 오전 9:33:16,에이프로젠 KIC,10800,11100,9950
2018-09-12 오전 9:33:16,에이프로젠 KIC,10800,11100,9950
2018-09-12 오전 9:33:16,에이프로젠 KIC,10800,11100,9950
2018-09-12 오전 9:33:16,에이프로젠 KIC,10800,11100,9950
2018-09-12 오전 9:33:17,에이프로젠 KIC,10750,11100,9950
2018-09-12 오전 9:33:17,에이프로젠 KIC,10800,11100,9950
2018-09-12 오전 9:33:17,에이프로젠 KIC,10800,11100,9950
2018-09-12 오전 9:33:17,에이프로젠 KIC,10800,11100,9950
2018-09-12 오전 9:33:18,에이프로젠 KIC,10750,11100,9950
2018-09-12 오전 9:33:18,에이프로젠 KIC,10750,11100,9950
2018-09-12 오전 9:33:18,에이프로젠 KIC,10750,11100,9950
2018-09-12 오전 9:33:18,에이프로젠 KIC,10750,11100,9950
2018-09-12 오전 9:33:18,에이프로젠 KIC,10800,11100,9950
2018-09-12 오전 9:33:18,에이프로젠 KIC,10800,11100,9950
2018-09-12 오전 9:33:18,에이프로젠 KIC,10800,11100,9950
2018-09-12 오전 9:33:18,에이프로젠 KIC,10700,11100,9950
2018-09-12 오전 9:33:19,에이프로젠 KIC,10800,11100,9950
2018-09-12 오전 9:33:19,에이프로젠 KIC,10800,11100,9950
2018-09-12 오전 9:33:19,에이프로젠 KIC,10800,11100,9950
2018-09-12 오전 9:33:19,에이프로젠 KIC,10800,11100,9950
2018-09-12 오전 9:33:19,에이프로젠 KIC,10800,11100,9950
2018-09-12 오전 9:33:19,에이프로젠 KIC,10800,11100,9950
2018-09-12 오전 9:33:19,에이프로젠 KIC,10800,11100,9950
2018-09-12 오전 9:33:20,에이프로젠 KIC,10800,11100,9950
2018-09-12 오전 9:33:20,에이프로젠 KIC,10800,11100,9950
2018-09-12 오전 9:33:20,에이프로젠 KIC,10800,11100,9950
2018-09-12 오전 9:33:20,에이프로젠 KIC,10800,11100,9950
2018-09-12 오전 9:33:20,에이프로젠 KIC,10800,11100,9950
2018-09-12 오전 9:33:20,에이프로젠 KIC,10800,11100,9950
2018-09-12 오전 9:33:21,에이프로젠 KIC,10800,11100,9950
2018-09-12 오전 9:33:21,에이프로젠 KIC,10800,11100,9950
2018-09-12 오전 9:33:21,에이프로젠 KIC,10800,11100,9950
2018-09-12 오전 9:33:21,에이프로젠 KIC,10800,11100,9950
2018-09-12 오전 9:33:21,에이프로젠 KIC,10800,11100,9950
2018-09-12 오전 9:33:22,에이프로젠 KIC,10800,11100,9950
2018-09-12 오전 9:33:22,에이프로젠 KIC,10800,11100,9950
2018-09-12 오전 9:33:22,에이프로젠 KIC,10700,11100,9950
2018-09-12 오전 9:33:22,에이프로젠 KIC,10800,11100,9950
2018-09-12 오전 9:33:22,에이프로젠 KIC,10800,11100,9950
2018-09-12 오전 9:33:23,에이프로젠 KIC,10800,11100,9950
2018-09-12 오전 9:33:23,에이프로젠 KIC,10800,11100,9950
2018-09-12 오전 9:33:23,에이프로젠 KIC,10800,11100,9950
2018-09-12 오전 9:33:23,에이프로젠 KIC,10800,11100,9950
2018-09-12 오전 9:33:24,에이프로젠 KIC,10800,11100,9950
2018-09-12 오전 9:33:24,에이프로젠 KIC,10800,11100,9950
2018-09-12 오전 9:33:24,에이프로젠 KIC,10800,11100,9950
2018-09-12 오전 9:33:24,에이프로젠 KIC,10800,11100,9950
2018-09-12 오전 9:33:24,에이프로젠 KIC,10800,11100,9950
2018-09-12 오전 9:33:25,에이프로젠 KIC,10800,11100,9950
2018-09-12 오전 9:33:25,에이프로젠 KIC,10800,11100,9950
2018-09-12 오전 9:33:25,에이프로젠 KIC,10800,11100,9950
2018-09-12 오전 9:33:25,에이프로젠 KIC,10850,11100,9950
2018-09-12 오전 9:33:26,에이프로젠 KIC,10850,11100,9950
2018-09-12 오전 9:33:26,에이프로젠 KIC,10850,11100,9950
2018-09-12 오전 9:33:26,에이프로젠 KIC,10850,11100,9950
2018-09-12 오전 9:33:26,에이프로젠 KIC,10850,11100,9950
2018-09-12 오전 9:33:26,에이프로젠 KIC,10850,11100,9950
2018-09-12 오전 9:33:27,에이프로젠 KIC,10850,11100,9950
2018-09-12 오전 9:33:27,에이프로젠 KIC,10800,11100,9950
2018-09-12 오전 9:33:27,에이프로젠 KIC,10800,11100,9950
2018-09-12 오전 9:33:27,에이프로젠 KIC,10850,11100,9950
2018-09-12 오전 9:33:28,에이프로젠 KIC,10850,11100,9950
2018-09-12 오전 9:33:28,에이프로젠 KIC,10850,11100,9950
2018-09-12 오전 9:33:28,에이프로젠 KIC,10850,11100,9950
2018-09-12 오전 9:33:28,에이프로젠 KIC,10850,11100,9950
2018-09-12 오전 9:33:28,에이프로젠 KIC,10850,11100,9950
2018-09-12 오전 9:33:28,에이프로젠 KIC,10850,11100,9950
2018-09-12 오전 9:33:28,에이프로젠 KIC,10850,11100,9950
2018-09-12 오전 9:33:29,에이프로젠 KIC,10850,11100,9950
2018-09-12 오전 9:33:29,에이프로젠 KIC,10850,11100,9950
2018-09-12 오전 9:33:29,에이프로젠 KIC,10850,11100,9950
2018-09-12 오전 9:33:29,에이프로젠 KIC,10850,11100,9950
2018-09-12 오전 9:33:29,에이프로젠 KIC,10850,11100,9950
2018-09-12 오전 9:33:30,에이프로젠 KIC,10850,11100,9950
2018-09-12 오전 9:33:30,에이프로젠 KIC,10850,11100,9950
2018-09-12 오전 9:33:30,에이프로젠 KIC,10850,11100,9950
2018-09-12 오전 9:33:30,에이프로젠 KIC,10850,11100,9950
2018-09-12 오전 9:33:31,에이프로젠 KIC,10850,11100,9950
2018-09-12 오전 9:33:31,에이프로젠 KIC,10850,11100,9950
2018-09-12 오전 9:33:31,에이프로젠 KIC,10850,11100,9950
2018-09-12 오전 9:33:31,에이프로젠 KIC,10850,11100,9950
2018-09-12 오전 9:33:31,에이프로젠 KIC,10850,11100,9950
2018-09-12 오전 9:33:31,에이프로젠 KIC,10850,11100,9950
2018-09-12 오전 9:33:32,에이프로젠 KIC,10850,11100,9950
2018-09-12 오전 9:33:32,에이프로젠 KIC,10850,11100,9950
2018-09-12 오전 9:33:32,에이프로젠 KIC,10850,11100,9950
2018-09-12 오전 9:33:32,에이프로젠 KIC,10850,11100,9950
2018-09-12 오전 9:33:32,에이프로젠 KIC,10850,11100,9950
2018-09-12 오전 9:33:32,에이프로젠 KIC,10850,11100,9950
2018-09-12 오전 9:33:32,에이프로젠 KIC,10800,11100,9950
2018-09-12 오전 9:33:32,에이프로젠 KIC,10850,11100,9950
2018-09-12 오전 9:33:33,에이프로젠 KIC,10850,11100,9950
2018-09-12 오전 9:33:33,에이프로젠 KIC,10850,11100,9950
2018-09-12 오전 9:33:33,에이프로젠 KIC,10800,11100,9950
2018-09-12 오전 9:33:33,에이프로젠 KIC,10850,11100,9950
2018-09-12 오전 9:33:33,에이프로젠 KIC,10850,11100,9950
2018-09-12 오전 9:33:34,에이프로젠 KIC,10850,11100,9950
2018-09-12 오전 9:33:34,에이프로젠 KIC,10850,11100,9950
2018-09-12 오전 9:33:34,에이프로젠 KIC,10800,11100,9950
2018-09-12 오전 9:33:34,에이프로젠 KIC,10850,11100,9950
2018-09-12 오전 9:33:35,에이프로젠 KIC,10800,11100,9950
2018-09-12 오전 9:33:35,에이프로젠 KIC,10850,11100,9950
2018-09-12 오전 9:33:36,에이프로젠 KIC,10800,11100,9950
2018-09-12 오전 9:33:36,에이프로젠 KIC,10800,11100,9950
2018-09-12 오전 9:33:36,에이프로젠 KIC,10750,11100,9950
2018-09-12 오전 9:33:36,에이프로젠 KIC,10800,11100,9950
2018-09-12 오전 9:33:36,에이프로젠 KIC,10800,11100,9950
2018-09-12 오전 9:33:36,에이프로젠 KIC,10800,11100,9950
2018-09-12 오전 9:33:36,에이프로젠 KIC,10800,11100,9950
2018-09-12 오전 9:33:36,에이프로젠 KIC,10750,11100,9950
2018-09-12 오전 9:33:36,에이프로젠 KIC,10800,11100,9950
2018-09-12 오전 9:33:37,에이프로젠 KIC,10800,11100,9950
2018-09-12 오전 9:33:37,에이프로젠 KIC,10800,11100,9950
2018-09-12 오전 9:33:37,에이프로젠 KIC,10800,11100,9950
2018-09-12 오전 9:33:38,에이프로젠 KIC,10800,11100,9950
2018-09-12 오전 9:33:38,에이프로젠 KIC,10800,11100,9950
2018-09-12 오전 9:33:38,에이프로젠 KIC,10800,11100,9950
2018-09-12 오전 9:33:39,에이프로젠 KIC,10800,11100,9950
2018-09-12 오전 9:33:39,에이프로젠 KIC,10800,11100,9950
2018-09-12 오전 9:33:40,에이프로젠 KIC,10800,11100,9950
2018-09-12 오전 9:33:40,에이프로젠 KIC,10800,11100,9950
2018-09-12 오전 9:33:40,에이프로젠 KIC,10800,11100,9950
2018-09-12 오전 9:33:41,에이프로젠 KIC,10800,11100,9950
2018-09-12 오전 9:33:41,에이프로젠 KIC,10800,11100,9950
2018-09-12 오전 9:33:41,에이프로젠 KIC,10800,11100,9950
2018-09-12 오전 9:33:41,에이프로젠 KIC,10850,11100,9950
2018-09-12 오전 9:33:41,에이프로젠 KIC,10850,11100,9950
2018-09-12 오전 9:33:41,에이프로젠 KIC,10850,11100,9950
2018-09-12 오전 9:33:42,에이프로젠 KIC,10850,11100,9950
2018-09-12 오전 9:33:43,에이프로젠 KIC,10850,11100,9950
2018-09-12 오전 9:33:43,에이프로젠 KIC,10850,11100,9950
2018-09-12 오전 9:33:44,에이프로젠 KIC,10850,11100,9950
2018-09-12 오전 9:33:44,에이프로젠 KIC,10850,11100,9950
2018-09-12 오전 9:33:45,에이프로젠 KIC,10850,11100,9950
2018-09-12 오전 9:33:45,에이프로젠 KIC,10850,11100,9950
2018-09-12 오전 9:33:46,에이프로젠 KIC,10800,11100,9950
2018-09-12 오전 9:33:46,에이프로젠 KIC,10850,11100,9950
2018-09-12 오전 9:33:47,에이프로젠 KIC,10800,11100,9950
2018-09-12 오전 9:33:47,에이프로젠 KIC,10850,11100,9950
2018-09-12 오전 9:33:47,에이프로젠 KIC,10800,11100,9950
2018-09-12 오전 9:33:48,에이프로젠 KIC,10850,11100,9950
2018-09-12 오전 9:33:48,에이프로젠 KIC,10850,11100,9950
2018-09-12 오전 9:33:48,에이프로젠 KIC,10800,11100,9950
2018-09-12 오전 9:33:48,에이프로젠 KIC,10800,11100,9950
2018-09-12 오전 9:33:48,에이프로젠 KIC,10850,11100,9950
2018-09-12 오전 9:33:49,에이프로젠 KIC,10850,11100,9950
2018-09-12 오전 9:33:50,에이프로젠 KIC,10850,11100,9950
2018-09-12 오전 9:33:50,에이프로젠 KIC,10850,11100,9950
2018-09-12 오전 9:33:51,에이프로젠 KIC,10800,11100,9950
2018-09-12 오전 9:33:51,에이프로젠 KIC,10850,11100,9950
2018-09-12 오전 9:33:51,에이프로젠 KIC,10800,11100,9950
2018-09-12 오전 9:33:51,에이프로젠 KIC,10850,11100,9950
2018-09-12 오전 9:33:51,에이프로젠 KIC,10850,11100,9950
2018-09-12 오전 9:33:52,에이프로젠 KIC,10800,11100,9950
2018-09-12 오전 9:33:52,에이프로젠 KIC,10850,11100,9950
2018-09-12 오전 9:33:52,에이프로젠 KIC,10850,11100,9950
2018-09-12 오전 9:33:53,에이프로젠 KIC,10850,11100,9950
2018-09-12 오전 9:33:54,에이프로젠 KIC,10850,11100,9950
2018-09-12 오전 9:33:54,에이프로젠 KIC,10850,11100,9950
2018-09-12 오전 9:33:55,에이프로젠 KIC,10800,11100,9950
2018-09-12 오전 9:33:55,에이프로젠 KIC,10850,11100,9950
2018-09-12 오전 9:33:56,에이프로젠 KIC,10850,11100,9950
2018-09-12 오전 9:33:56,에이프로젠 KIC,10850,11100,9950
2018-09-12 오전 9:33:56,에이프로젠 KIC,10850,11100,9950
2018-09-12 오전 9:33:56,에이프로젠 KIC,10850,11100,9950
2018-09-12 오전 9:33:56,에이프로젠 KIC,10850,11100,9950
2018-09-12 오전 9:33:58,에이프로젠 KIC,10850,11100,9950
2018-09-12 오전 9:33:58,에이프로젠 KIC,10800,11100,9950
2018-09-12 오전 9:33:59,에이프로젠 KIC,10850,11100,9950
2018-09-12 오전 9:33:59,에이프로젠 KIC,10850,11100,9950
2018-09-12 오전 9:34:00,에이프로젠 KIC,10850,11100,9950
2018-09-12 오전 9:34:00,에이프로젠 KIC,10850,11100,9950
2018-09-12 오전 9:34:00,에이프로젠 KIC,10850,11100,9950
2018-09-12 오전 9:34:00,에이프로젠 KIC,10850,11100,9950
2018-09-12 오전 9:34:01,에이프로젠 KIC,10850,11100,9950
2018-09-12 오전 9:34:01,에이프로젠 KIC,10850,11100,9950
2018-09-12 오전 9:34:01,에이프로젠 KIC,10900,11100,9950
2018-09-12 오전 9:34:02,에이프로젠 KIC,10850,11100,9950
2018-09-12 오전 9:34:02,에이프로젠 KIC,10900,11100,9950
2018-09-12 오전 9:34:02,에이프로젠 KIC,10900,11100,9950
2018-09-12 오전 9:34:03,에이프로젠 KIC,10850,11100,9950
2018-09-12 오전 9:34:03,에이프로젠 KIC,10900,11100,9950
2018-09-12 오전 9:34:04,에이프로젠 KIC,10900,11100,9950
2018-09-12 오전 9:34:05,에이프로젠 KIC,10900,11100,9950
2018-09-12 오전 9:34:05,에이프로젠 KIC,10900,11100,9950
2018-09-12 오전 9:34:05,에이프로젠 KIC,10850,11100,9950
2018-09-12 오전 9:34:05,에이프로젠 KIC,10900,11100,9950
2018-09-12 오전 9:34:06,에이프로젠 KIC,10900,11100,9950
2018-09-12 오전 9:34:06,에이프로젠 KIC,10900,11100,9950
2018-09-12 오전 9:34:07,에이프로젠 KIC,10900,11100,9950
2018-09-12 오전 9:34:07,에이프로젠 KIC,10900,11100,9950
2018-09-12 오전 9:34:07,에이프로젠 KIC,10900,11100,9950
2018-09-12 오전 9:34:08,에이프로젠 KIC,10900,11100,9950
2018-09-12 오전 9:34:08,에이프로젠 KIC,10900,11100,9950
2018-09-12 오전 9:34:09,에이프로젠 KIC,10900,11100,9950
2018-09-12 오전 9:34:09,에이프로젠 KIC,10900,11100,9950
2018-09-12 오전 9:34:09,에이프로젠 KIC,10900,11100,9950
2018-09-12 오전 9:34:10,에이프로젠 KIC,10900,11100,9950
2018-09-12 오전 9:34:10,에이프로젠 KIC,10900,11100,9950
2018-09-12 오전 9:34:10,에이프로젠 KIC,10900,11100,9950
2018-09-12 오전 9:34:10,에이프로젠 KIC,10900,11100,9950
2018-09-12 오전 9:34:10,에이프로젠 KIC,10900,11100,9950
2018-09-12 오전 9:34:10,에이프로젠 KIC,10900,11100,9950
2018-09-12 오전 9:34:11,에이프로젠 KIC,10900,11100,9950
2018-09-12 오전 9:34:11,에이프로젠 KIC,10900,11100,9950
2018-09-12 오전 9:34:11,에이프로젠 KIC,10900,11100,9950
2018-09-12 오전 9:34:11,에이프로젠 KIC,10950,11100,9950
2018-09-12 오전 9:34:11,에이프로젠 KIC,10950,11100,9950
2018-09-12 오전 9:34:11,에이프로젠 KIC,10900,11100,9950
2018-09-12 오전 9:34:11,에이프로젠 KIC,10950,11100,9950
2018-09-12 오전 9:34:12,에이프로젠 KIC,10950,11100,9950
2018-09-12 오전 9:34:12,에이프로젠 KIC,10950,11100,9950
2018-09-12 오전 9:34:12,에이프로젠 KIC,10950,11100,9950
2018-09-12 오전 9:34:12,에이프로젠 KIC,10950,11100,9950
2018-09-12 오전 9:34:12,에이프로젠 KIC,10950,11100,9950
2018-09-12 오전 9:34:13,에이프로젠 KIC,10950,11100,9950
2018-09-12 오전 9:34:13,에이프로젠 KIC,10950,11100,9950
2018-09-12 오전 9:34:13,에이프로젠 KIC,10950,11100,9950
2018-09-12 오전 9:34:13,에이프로젠 KIC,10950,11100,9950
2018-09-12 오전 9:34:13,에이프로젠 KIC,10950,11100,9950
2018-09-12 오전 9:34:14,에이프로젠 KIC,10950,11100,9950
2018-09-12 오전 9:34:14,에이프로젠 KIC,10950,11100,9950
2018-09-12 오전 9:34:14,에이프로젠 KIC,10950,11100,9950
2018-09-12 오전 9:34:14,에이프로젠 KIC,10950,11100,9950
2018-09-12 오전 9:34:14,에이프로젠 KIC,10950,11100,9950
2018-09-12 오전 9:34:14,에이프로젠 KIC,10950,11100,9950
2018-09-12 오전 9:34:14,에이프로젠 KIC,10950,11100,9950
2018-09-12 오전 9:34:16,에이프로젠 KIC,10950,11100,9950
2018-09-12 오전 9:34:16,에이프로젠 KIC,10950,11100,9950
2018-09-12 오전 9:34:16,에이프로젠 KIC,10950,11100,9950
2018-09-12 오전 9:34:16,에이프로젠 KIC,10950,11100,9950
2018-09-12 오전 9:34:16,에이프로젠 KIC,10950,11100,9950
2018-09-12 오전 9:34:16,에이프로젠 KIC,10900,11100,9950
2018-09-12 오전 9:34:16,에이프로젠 KIC,10850,11100,9950
2018-09-12 오전 9:34:16,에이프로젠 KIC,10850,11100,9950
2018-09-12 오전 9:34:17,에이프로젠 KIC,10850,11100,9950
2018-09-12 오전 9:34:17,에이프로젠 KIC,10950,11100,9950
2018-09-12 오전 9:34:17,에이프로젠 KIC,10950,11100,9950
2018-09-12 오전 9:34:17,에이프로젠 KIC,10950,11100,9950
2018-09-12 오전 9:34:17,에이프로젠 KIC,10950,11100,9950
2018-09-12 오전 9:34:17,에이프로젠 KIC,10950,11100,9950
2018-09-12 오전 9:34:17,에이프로젠 KIC,10950,11100,9950
2018-09-12 오전 9:34:18,에이프로젠 KIC,10900,11100,9950
2018-09-12 오전 9:34:18,에이프로젠 KIC,10850,11100,9950
2018-09-12 오전 9:34:18,에이프로젠 KIC,10900,11100,9950
2018-09-12 오전 9:34:19,에이프로젠 KIC,10900,11100,9950
2018-09-12 오전 9:34:20,에이프로젠 KIC,10900,11100,9950
2018-09-12 오전 9:34:20,에이프로젠 KIC,10900,11100,9950
2018-09-12 오전 9:34:20,에이프로젠 KIC,10900,11100,9950
2018-09-12 오전 9:34:20,에이프로젠 KIC,10900,11100,9950
2018-09-12 오전 9:34:20,에이프로젠 KIC,10900,11100,9950
2018-09-12 오전 9:34:21,에이프로젠 KIC,10900,11100,9950
2018-09-12 오전 9:34:21,에이프로젠 KIC,10900,11100,9950
2018-09-12 오전 9:34:21,에이프로젠 KIC,10900,11100,9950
2018-09-12 오전 9:34:21,에이프로젠 KIC,10900,11100,9950
2018-09-12 오전 9:34:21,에이프로젠 KIC,10900,11100,9950
2018-09-12 오전 9:34:21,에이프로젠 KIC,10900,11100,9950
2018-09-12 오전 9:34:22,에이프로젠 KIC,10950,11100,9950
2018-09-12 오전 9:34:22,에이프로젠 KIC,10950,11100,9950
2018-09-12 오전 9:34:23,에이프로젠 KIC,10950,11100,9950
2018-09-12 오전 9:34:23,에이프로젠 KIC,10950,11100,9950
2018-09-12 오전 9:34:23,에이프로젠 KIC,10950,11100,9950
2018-09-12 오전 9:34:24,에이프로젠 KIC,10950,11100,9950
2018-09-12 오전 9:34:24,에이프로젠 KIC,10950,11100,9950
2018-09-12 오전 9:34:24,에이프로젠 KIC,10900,11100,9950
2018-09-12 오전 9:34:24,에이프로젠 KIC,10950,11100,9950
2018-09-12 오전 9:34:24,에이프로젠 KIC,10850,11100,9950
2018-09-12 오전 9:34:24,에이프로젠 KIC,10900,11100,9950
2018-09-12 오전 9:34:24,에이프로젠 KIC,10950,11100,9950
2018-09-12 오전 9:34:24,에이프로젠 KIC,10900,11100,9950
2018-09-12 오전 9:34:25,에이프로젠 KIC,10900,11100,9950
2018-09-12 오전 9:34:25,에이프로젠 KIC,10900,11100,9950
2018-09-12 오전 9:34:25,에이프로젠 KIC,10900,11100,9950
2018-09-12 오전 9:34:25,에이프로젠 KIC,10900,11100,9950
2018-09-12 오전 9:34:25,에이프로젠 KIC,10900,11100,9950
2018-09-12 오전 9:34:26,에이프로젠 KIC,10900,11100,9950
2018-09-12 오전 9:34:26,에이프로젠 KIC,10900,11100,9950
2018-09-12 오전 9:34:26,에이프로젠 KIC,10900,11100,9950
2018-09-12 오전 9:34:26,에이프로젠 KIC,10900,11100,9950
2018-09-12 오전 9:34:27,에이프로젠 KIC,10900,11100,9950
2018-09-12 오전 9:34:27,에이프로젠 KIC,10900,11100,9950
2018-09-12 오전 9:34:28,에이프로젠 KIC,10900,11100,9950
2018-09-12 오전 9:34:28,에이프로젠 KIC,10900,11100,9950
2018-09-12 오전 9:34:28,에이프로젠 KIC,10950,11100,9950
2018-09-12 오전 9:34:28,에이프로젠 KIC,10950,11100,9950
2018-09-12 오전 9:34:29,에이프로젠 KIC,10950,11100,9950
2018-09-12 오전 9:34:29,에이프로젠 KIC,10950,11100,9950
2018-09-12 오전 9:34:29,에이프로젠 KIC,10950,11100,9950
2018-09-12 오전 9:34:30,에이프로젠 KIC,10900,11100,9950
2018-09-12 오전 9:34:30,에이프로젠 KIC,10950,11100,9950
2018-09-12 오전 9:34:30,에이프로젠 KIC,10950,11100,9950
2018-09-12 오전 9:34:31,에이프로젠 KIC,10950,11100,9950
2018-09-12 오전 9:34:31,에이프로젠 KIC,10950,11100,9950
2018-09-12 오전 9:34:32,에이프로젠 KIC,10950,11100,9950
2018-09-12 오전 9:34:33,에이프로젠 KIC,10950,11100,9950
2018-09-12 오전 9:34:33,에이프로젠 KIC,10900,11100,9950
2018-09-12 오전 9:34:34,에이프로젠 KIC,10900,11100,9950
2018-09-12 오전 9:34:34,에이프로젠 KIC,10850,11100,9950
2018-09-12 오전 9:34:34,에이프로젠 KIC,10850,11100,9950
2018-09-12 오전 9:34:34,에이프로젠 KIC,10900,11100,9950
2018-09-12 오전 9:34:35,에이프로젠 KIC,10900,11100,9950
2018-09-12 오전 9:34:35,에이프로젠 KIC,10900,11100,9950
2018-09-12 오전 9:34:36,에이프로젠 KIC,10900,11100,9950
2018-09-12 오전 9:34:36,에이프로젠 KIC,10900,11100,9950
2018-09-12 오전 9:34:37,에이프로젠 KIC,10900,11100,9950
2018-09-12 오전 9:34:37,에이프로젠 KIC,10900,11100,9950
2018-09-12 오전 9:34:38,에이프로젠 KIC,10900,11100,9950
2018-09-12 오전 9:34:38,에이프로젠 KIC,10900,11100,9950
2018-09-12 오전 9:34:39,에이프로젠 KIC,10850,11100,9950
2018-09-12 오전 9:34:39,에이프로젠 KIC,10850,11100,9950
2018-09-12 오전 9:34:39,에이프로젠 KIC,10850,11100,9950
2018-09-12 오전 9:34:40,에이프로젠 KIC,10850,11100,9950
2018-09-12 오전 9:34:40,에이프로젠 KIC,10800,11100,9950
2018-09-12 오전 9:34:40,에이프로젠 KIC,10750,11100,9950
2018-09-12 오전 9:34:40,에이프로젠 KIC,10750,11100,9950
2018-09-12 오전 9:34:40,에이프로젠 KIC,10750,11100,9950
2018-09-12 오전 9:34:40,에이프로젠 KIC,10850,11100,9950
2018-09-12 오전 9:34:40,에이프로젠 KIC,10850,11100,9950
2018-09-12 오전 9:34:40,에이프로젠 KIC,10750,11100,9950
2018-09-12 오전 9:34:40,에이프로젠 KIC,10750,11100,9950
2018-09-12 오전 9:34:40,에이프로젠 KIC,10850,11100,9950
2018-09-12 오전 9:34:41,에이프로젠 KIC,10750,11100,9950
2018-09-12 오전 9:34:41,에이프로젠 KIC,10850,11100,9950
2018-09-12 오전 9:34:41,에이프로젠 KIC,10850,11100,9950
2018-09-12 오전 9:34:42,에이프로젠 KIC,10800,11100,9950
2018-09-12 오전 9:34:42,에이프로젠 KIC,10800,11100,9950
2018-09-12 오전 9:34:42,에이프로젠 KIC,10800,11100,9950
2018-09-12 오전 9:34:42,에이프로젠 KIC,10850,11100,9950
2018-09-12 오전 9:34:43,에이프로젠 KIC,10850,11100,9950
2018-09-12 오전 9:34:45,에이프로젠 KIC,10850,11100,9950
2018-09-12 오전 9:34:46,에이프로젠 KIC,10850,11100,9950
2018-09-12 오전 9:34:47,에이프로젠 KIC,10850,11100,9950
2018-09-12 오전 9:34:47,에이프로젠 KIC,10850,11100,9950
2018-09-12 오전 9:34:47,에이프로젠 KIC,10850,11100,9950
2018-09-12 오전 9:34:47,에이프로젠 KIC,10850,11100,9950
2018-09-12 오전 9:34:48,에이프로젠 KIC,10850,11100,9950
2018-09-12 오전 9:34:48,에이프로젠 KIC,10850,11100,9950
2018-09-12 오전 9:34:48,에이프로젠 KIC,10850,11100,9950
2018-09-12 오전 9:34:48,에이프로젠 KIC,10850,11100,9950
2018-09-12 오전 9:34:48,에이프로젠 KIC,10850,11100,9950
2018-09-12 오전 9:34:49,에이프로젠 KIC,10850,11100,9950
2018-09-12 오전 9:34:49,에이프로젠 KIC,10850,11100,9950
2018-09-12 오전 9:34:49,에이프로젠 KIC,10850,11100,9950
2018-09-12 오전 9:34:49,에이프로젠 KIC,10850,11100,9950
2018-09-12 오전 9:34:49,에이프로젠 KIC,10850,11100,9950
2018-09-12 오전 9:34:49,에이프로젠 KIC,10850,11100,9950
2018-09-12 오전 9:34:49,에이프로젠 KIC,10800,11100,9950
2018-09-12 오전 9:34:50,에이프로젠 KIC,10800,11100,9950
2018-09-12 오전 9:34:50,에이프로젠 KIC,10800,11100,9950
2018-09-12 오전 9:34:50,에이프로젠 KIC,10800,11100,9950
2018-09-12 오전 9:34:50,에이프로젠 KIC,10850,11100,9950
2018-09-12 오전 9:34:50,에이프로젠 KIC,10850,11100,9950
2018-09-12 오전 9:34:50,에이프로젠 KIC,10850,11100,9950
2018-09-12 오전 9:34:50,에이프로젠 KIC,10850,11100,9950
2018-09-12 오전 9:34:51,에이프로젠 KIC,10850,11100,9950
2018-09-12 오전 9:34:51,에이프로젠 KIC,10850,11100,9950
2018-09-12 오전 9:34:51,에이프로젠 KIC,10850,11100,9950
2018-09-12 오전 9:34:51,에이프로젠 KIC,10850,11100,9950
2018-09-12 오전 9:34:51,에이프로젠 KIC,10850,11100,9950
2018-09-12 오전 9:34:51,에이프로젠 KIC,10850,11100,9950
2018-09-12 오전 9:34:51,에이프로젠 KIC,10850,11100,9950
2018-09-12 오전 9:34:52,에이프로젠 KIC,10850,11100,9950
2018-09-12 오전 9:34:52,에이프로젠 KIC,10850,11100,9950
2018-09-12 오전 9:34:52,에이프로젠 KIC,10850,11100,9950
2018-09-12 오전 9:34:52,에이프로젠 KIC,10850,11100,9950
2018-09-12 오전 9:34:52,에이프로젠 KIC,10850,11100,9950
2018-09-12 오전 9:34:52,에이프로젠 KIC,10800,11100,9950
2018-09-12 오전 9:34:52,에이프로젠 KIC,10850,11100,9950
2018-09-12 오전 9:34:52,에이프로젠 KIC,10850,11100,9950
2018-09-12 오전 9:34:53,에이프로젠 KIC,10850,11100,9950
2018-09-12 오전 9:34:53,에이프로젠 KIC,10800,11100,9950
2018-09-12 오전 9:34:53,에이프로젠 KIC,10850,11100,9950
2018-09-12 오전 9:34:53,에이프로젠 KIC,10850,11100,9950
2018-09-12 오전 9:34:53,에이프로젠 KIC,10850,11100,9950
2018-09-12 오전 9:34:53,에이프로젠 KIC,10850,11100,9950
2018-09-12 오전 9:34:53,에이프로젠 KIC,10850,11100,9950
2018-09-12 오전 9:34:54,에이프로젠 KIC,10850,11100,9950
2018-09-12 오전 9:34:54,에이프로젠 KIC,10850,11100,9950
2018-09-12 오전 9:34:54,에이프로젠 KIC,10850,11100,9950
2018-09-12 오전 9:34:54,에이프로젠 KIC,10850,11100,9950
2018-09-12 오전 9:34:54,에이프로젠 KIC,10850,11100,9950
2018-09-12 오전 9:34:54,에이프로젠 KIC,10850,11100,9950
2018-09-12 오전 9:34:54,에이프로젠 KIC,10850,11100,9950
2018-09-12 오전 9:34:54,에이프로젠 KIC,10850,11100,9950
2018-09-12 오전 9:34:54,에이프로젠 KIC,10850,11100,9950
2018-09-12 오전 9:34:54,에이프로젠 KIC,10850,11100,9950
2018-09-12 오전 9:34:55,에이프로젠 KIC,10850,11100,9950
2018-09-12 오전 9:34:55,에이프로젠 KIC,10850,11100,9950
2018-09-12 오전 9:34:55,에이프로젠 KIC,10850,11100,9950
2018-09-12 오전 9:34:55,에이프로젠 KIC,10850,11100,9950
2018-09-12 오전 9:34:55,에이프로젠 KIC,10850,11100,9950
2018-09-12 오전 9:34:55,에이프로젠 KIC,10850,11100,9950
2018-09-12 오전 9:34:56,에이프로젠 KIC,10850,11100,9950
2018-09-12 오전 9:34:56,에이프로젠 KIC,10850,11100,9950
2018-09-12 오전 9:34:56,에이프로젠 KIC,10850,11100,9950
2018-09-12 오전 9:34:56,에이프로젠 KIC,10850,11100,9950
2018-09-12 오전 9:34:56,에이프로젠 KIC,10850,11100,9950
2018-09-12 오전 9:34:57,에이프로젠 KIC,10850,11100,9950
2018-09-12 오전 9:34:57,에이프로젠 KIC,10850,11100,9950
2018-09-12 오전 9:34:57,에이프로젠 KIC,10850,11100,9950
2018-09-12 오전 9:34:57,에이프로젠 KIC,10850,11100,9950
2018-09-12 오전 9:34:57,에이프로젠 KIC,10850,11100,9950
2018-09-12 오전 9:34:57,에이프로젠 KIC,10800,11100,9950
2018-09-12 오전 9:34:57,에이프로젠 KIC,10850,11100,9950
2018-09-12 오전 9:34:57,에이프로젠 KIC,10850,11100,9950
2018-09-12 오전 9:34:58,에이프로젠 KIC,10850,11100,9950
2018-09-12 오전 9:34:58,에이프로젠 KIC,10850,11100,9950
2018-09-12 오전 9:34:58,에이프로젠 KIC,10850,11100,9950
2018-09-12 오전 9:34:58,에이프로젠 KIC,10850,11100,9950
2018-09-12 오전 9:34:58,에이프로젠 KIC,10850,11100,9950
2018-09-12 오전 9:34:58,에이프로젠 KIC,10800,11100,9950
2018-09-12 오전 9:34:58,에이프로젠 KIC,10850,11100,9950
2018-09-12 오전 9:34:58,에이프로젠 KIC,10850,11100,9950
2018-09-12 오전 9:34:59,에이프로젠 KIC,10850,11100,9950
2018-09-12 오전 9:34:59,에이프로젠 KIC,10850,11100,9950
2018-09-12 오전 9:34:59,에이프로젠 KIC,10850,11100,9950
2018-09-12 오전 9:34:59,에이프로젠 KIC,10850,11100,9950
2018-09-12 오전 9:34:59,에이프로젠 KIC,10850,11100,9950
2018-09-12 오전 9:34:59,에이프로젠 KIC,10850,11100,9950
2018-09-12 오전 9:34:59,에이프로젠 KIC,10850,11100,9950
2018-09-12 오전 9:34:59,에이프로젠 KIC,10800,11100,9950
2018-09-12 오전 9:34:59,에이프로젠 KIC,10850,11100,9950
2018-09-12 오전 9:35:00,에이프로젠 KIC,10850,11100,9950
2018-09-12 오전 9:35:00,에이프로젠 KIC,10850,11100,9950
2018-09-12 오전 9:35:00,에이프로젠 KIC,10800,11100,9950
2018-09-12 오전 9:35:00,에이프로젠 KIC,10850,11100,9950
2018-09-12 오전 9:35:00,에이프로젠 KIC,10850,11100,9950
2018-09-12 오전 9:35:00,에이프로젠 KIC,10850,11100,9950
2018-09-12 오전 9:35:00,에이프로젠 KIC,10850,11100,9950
2018-09-12 오전 9:35:01,에이프로젠 KIC,10850,11100,9950
2018-09-12 오전 9:35:01,에이프로젠 KIC,10850,11100,9950
2018-09-12 오전 9:35:01,에이프로젠 KIC,10800,11100,9950
2018-09-12 오전 9:35:01,에이프로젠 KIC,10850,11100,9950
2018-09-12 오전 9:35:01,에이프로젠 KIC,10850,11100,9950
2018-09-12 오전 9:35:01,에이프로젠 KIC,10850,11100,9950
2018-09-12 오전 9:35:01,에이프로젠 KIC,10850,11100,9950
2018-09-12 오전 9:35:01,에이프로젠 KIC,10850,11100,9950
2018-09-12 오전 9:35:02,에이프로젠 KIC,10850,11100,9950
2018-09-12 오전 9:35:02,에이프로젠 KIC,10850,11100,9950
2018-09-12 오전 9:35:02,에이프로젠 KIC,10850,11100,9950
2018-09-12 오전 9:35:02,에이프로젠 KIC,10800,11100,9950
2018-09-12 오전 9:35:02,에이프로젠 KIC,10800,11100,9950
2018-09-12 오전 9:35:02,에이프로젠 KIC,10800,11100,9950
2018-09-12 오전 9:35:02,에이프로젠 KIC,10800,11100,9950
2018-09-12 오전 9:35:03,에이프로젠 KIC,10800,11100,9950
2018-09-12 오전 9:35:03,에이프로젠 KIC,10800,11100,9950
2018-09-12 오전 9:35:03,에이프로젠 KIC,10800,11100,9950
2018-09-12 오전 9:35:03,에이프로젠 KIC,10800,11100,9950
2018-09-12 오전 9:35:03,에이프로젠 KIC,10800,11100,9950
2018-09-12 오전 9:35:03,에이프로젠 KIC,10750,11100,9950
2018-09-12 오전 9:35:03,에이프로젠 KIC,10750,11100,9950
2018-09-12 오전 9:35:03,에이프로젠 KIC,10800,11100,9950
2018-09-12 오전 9:35:03,에이프로젠 KIC,10800,11100,9950
2018-09-12 오전 9:35:03,에이프로젠 KIC,10800,11100,9950
2018-09-12 오전 9:35:03,에이프로젠 KIC,10800,11100,9950
2018-09-12 오전 9:35:03,에이프로젠 KIC,10700,11100,9950
2018-09-12 오전 9:35:03,에이프로젠 KIC,10800,11100,9950
2018-09-12 오전 9:35:03,에이프로젠 KIC,10700,11100,9950
2018-09-12 오전 9:35:03,에이프로젠 KIC,10800,11100,9950
2018-09-12 오전 9:35:04,에이프로젠 KIC,10750,11100,9950
2018-09-12 오전 9:35:04,에이프로젠 KIC,10750,11100,9950
2018-09-12 오전 9:35:04,에이프로젠 KIC,10750,11100,9950
2018-09-12 오전 9:35:04,에이프로젠 KIC,10700,11100,9950
2018-09-12 오전 9:35:04,에이프로젠 KIC,10750,11100,9950
2018-09-12 오전 9:35:04,에이프로젠 KIC,10750,11100,9950
2018-09-12 오전 9:35:04,에이프로젠 KIC,10750,11100,9950
2018-09-12 오전 9:35:04,에이프로젠 KIC,10750,11100,9950
2018-09-12 오전 9:35:04,에이프로젠 KIC,10750,11100,9950
2018-09-12 오전 9:35:04,에이프로젠 KIC,10750,11100,9950
2018-09-12 오전 9:35:04,에이프로젠 KIC,10700,11100,9950
2018-09-12 오전 9:35:04,에이프로젠 KIC,10650,11100,9950
2018-09-12 오전 9:35:04,에이프로젠 KIC,10650,11100,9950
2018-09-12 오전 9:35:04,에이프로젠 KIC,10750,11100,9950
2018-09-12 오전 9:35:05,에이프로젠 KIC,10750,11100,9950
2018-09-12 오전 9:35:05,에이프로젠 KIC,10750,11100,9950
2018-09-12 오전 9:35:05,에이프로젠 KIC,10700,11100,9950
2018-09-12 오전 9:35:05,에이프로젠 KIC,10700,11100,9950
2018-09-12 오전 9:35:05,에이프로젠 KIC,10750,11100,9950
2018-09-12 오전 9:35:05,에이프로젠 KIC,10750,11100,9950
2018-09-12 오전 9:35:05,에이프로젠 KIC,10750,11100,9950
2018-09-12 오전 9:35:05,에이프로젠 KIC,10650,11100,9950
2018-09-12 오전 9:35:05,에이프로젠 KIC,10750,11100,9950
2018-09-12 오전 9:35:05,에이프로젠 KIC,10750,11100,9950
2018-09-12 오전 9:35:05,에이프로젠 KIC,10700,11100,9950
2018-09-12 오전 9:35:05,에이프로젠 KIC,10700,11100,9950
2018-09-12 오전 9:35:06,에이프로젠 KIC,10700,11100,9950
2018-09-12 오전 9:35:06,에이프로젠 KIC,10700,11100,9950
2018-09-12 오전 9:35:06,에이프로젠 KIC,10700,11100,9950
2018-09-12 오전 9:35:06,에이프로젠 KIC,10700,11100,9950
2018-09-12 오전 9:35:06,에이프로젠 KIC,10700,11100,9950
2018-09-12 오전 9:35:06,에이프로젠 KIC,10700,11100,9950
2018-09-12 오전 9:35:06,에이프로젠 KIC,10700,11100,9950
2018-09-12 오전 9:35:06,에이프로젠 KIC,10650,11100,9950
2018-09-12 오전 9:35:06,에이프로젠 KIC,10650,11100,9950
2018-09-12 오전 9:35:06,에이프로젠 KIC,10700,11100,9950
2018-09-12 오전 9:35:06,에이프로젠 KIC,10700,11100,9950
2018-09-12 오전 9:35:06,에이프로젠 KIC,10700,11100,9950
2018-09-12 오전 9:35:06,에이프로젠 KIC,10700,11100,9950
2018-09-12 오전 9:35:07,에이프로젠 KIC,10600,11100,9950
2018-09-12 오전 9:35:07,에이프로젠 KIC,10700,11100,9950
2018-09-12 오전 9:35:07,에이프로젠 KIC,10600,11100,9950
2018-09-12 오전 9:35:07,에이프로젠 KIC,10600,11100,9950
2018-09-12 오전 9:35:07,에이프로젠 KIC,10600,11100,9950
2018-09-12 오전 9:35:07,에이프로젠 KIC,10700,11100,9950
2018-09-12 오전 9:35:07,에이프로젠 KIC,10700,11100,9950
2018-09-12 오전 9:35:07,에이프로젠 KIC,10700,11100,9950
2018-09-12 오전 9:35:07,에이프로젠 KIC,10700,11100,9950
2018-09-12 오전 9:35:07,에이프로젠 KIC,10700,11100,9950
2018-09-12 오전 9:35:07,에이프로젠 KIC,10700,11100,9950
2018-09-12 오전 9:35:07,에이프로젠 KIC,10600,11100,9950
2018-09-12 오전 9:35:07,에이프로젠 KIC,10700,11100,9950
2018-09-12 오전 9:35:07,에이프로젠 KIC,10600,11100,9950
2018-09-12 오전 9:35:07,에이프로젠 KIC,10700,11100,9950
2018-09-12 오전 9:35:07,에이프로젠 KIC,10700,11100,9950
2018-09-12 오전 9:35:08,에이프로젠 KIC,10700,11100,9950
2018-09-12 오전 9:35:08,에이프로젠 KIC,10700,11100,9950
2018-09-12 오전 9:35:08,에이프로젠 KIC,10700,11100,9950
2018-09-12 오전 9:35:08,에이프로젠 KIC,10600,11100,9950
2018-09-12 오전 9:35:08,에이프로젠 KIC,10700,11100,9950
2018-09-12 오전 9:35:08,에이프로젠 KIC,10600,11100,9950
2018-09-12 오전 9:35:08,에이프로젠 KIC,10700,11100,9950
2018-09-12 오전 9:35:08,에이프로젠 KIC,10700,11100,9950
2018-09-12 오전 9:35:08,에이프로젠 KIC,10700,11100,9950
2018-09-12 오전 9:35:09,에이프로젠 KIC,10600,11100,9950
2018-09-12 오전 9:35:09,에이프로젠 KIC,10700,11100,9950
2018-09-12 오전 9:35:09,에이프로젠 KIC,10600,11100,9950
2018-09-12 오전 9:35:09,에이프로젠 KIC,10700,11100,9950
2018-09-12 오전 9:35:09,에이프로젠 KIC,10700,11100,9950
2018-09-12 오전 9:35:09,에이프로젠 KIC,10700,11100,9950
2018-09-12 오전 9:35:09,에이프로젠 KIC,10700,11100,9950
2018-09-12 오전 9:35:09,에이프로젠 KIC,10700,11100,9950
2018-09-12 오전 9:35:09,에이프로젠 KIC,10700,11100,9950
2018-09-12 오전 9:35:10,에이프로젠 KIC,10700,11100,9950
2018-09-12 오전 9:35:10,에이프로젠 KIC,10600,11100,9950
2018-09-12 오전 9:35:10,에이프로젠 KIC,10600,11100,9950
2018-09-12 오전 9:35:10,에이프로젠 KIC,10700,11100,9950
2018-09-12 오전 9:35:10,에이프로젠 KIC,10550,11100,9950
2018-09-12 오전 9:35:10,에이프로젠 KIC,10700,11100,9950
2018-09-12 오전 9:35:10,에이프로젠 KIC,10700,11100,9950
2018-09-12 오전 9:35:10,에이프로젠 KIC,10700,11100,9950
2018-09-12 오전 9:35:10,에이프로젠 KIC,10700,11100,9950
2018-09-12 오전 9:35:10,에이프로젠 KIC,10700,11100,9950
2018-09-12 오전 9:35:10,에이프로젠 KIC,10700,11100,9950
2018-09-12 오전 9:35:10,에이프로젠 KIC,10700,11100,9950
2018-09-12 오전 9:35:11,에이프로젠 KIC,10550,11100,9950
2018-09-12 오전 9:35:11,에이프로젠 KIC,10700,11100,9950
2018-09-12 오전 9:35:11,에이프로젠 KIC,10700,11100,9950
2018-09-12 오전 9:35:11,에이프로젠 KIC,10700,11100,9950
2018-09-12 오전 9:35:11,에이프로젠 KIC,10550,11100,9950
2018-09-12 오전 9:35:11,에이프로젠 KIC,10700,11100,9950
2018-09-12 오전 9:35:11,에이프로젠 KIC,10550,11100,9950
2018-09-12 오전 9:35:11,에이프로젠 KIC,10550,11100,9950
2018-09-12 오전 9:35:11,에이프로젠 KIC,10700,11100,9950
2018-09-12 오전 9:35:11,에이프로젠 KIC,10700,11100,9950
2018-09-12 오전 9:35:11,에이프로젠 KIC,10700,11100,9950
2018-09-12 오전 9:35:12,에이프로젠 KIC,10700,11100,9950
2018-09-12 오전 9:35:12,에이프로젠 KIC,10700,11100,9950
2018-09-12 오전 9:35:12,에이프로젠 KIC,10700,11100,9950
2018-09-12 오전 9:35:12,에이프로젠 KIC,10550,11100,9950
2018-09-12 오전 9:35:12,에이프로젠 KIC,10700,11100,9950
2018-09-12 오전 9:35:12,에이프로젠 KIC,10700,11100,9950
2018-09-12 오전 9:35:12,에이프로젠 KIC,10550,11100,9950
2018-09-12 오전 9:35:12,에이프로젠 KIC,10500,11100,9950
2018-09-12 오전 9:35:12,에이프로젠 KIC,10500,11100,9950
2018-09-12 오전 9:35:12,에이프로젠 KIC,10500,11100,9950
2018-09-12 오전 9:35:12,에이프로젠 KIC,10450,11100,9950
2018-09-12 오전 9:35:12,에이프로젠 KIC,10450,11100,9950
2018-09-12 오전 9:35:13,에이프로젠 KIC,10500,11100,9950
2018-09-12 오전 9:35:13,에이프로젠 KIC,10500,11100,9950
2018-09-12 오전 9:35:13,에이프로젠 KIC,10450,11100,9950
2018-09-12 오전 9:35:13,에이프로젠 KIC,10450,11100,9950
2018-09-12 오전 9:35:13,에이프로젠 KIC,10500,11100,9950
2018-09-12 오전 9:35:13,에이프로젠 KIC,10500,11100,9950
2018-09-12 오전 9:35:13,에이프로젠 KIC,10500,11100,9950
2018-09-12 오전 9:35:13,에이프로젠 KIC,10500,11100,9950
2018-09-12 오전 9:35:13,에이프로젠 KIC,10500,11100,9950
2018-09-12 오전 9:35:13,에이프로젠 KIC,10500,11100,9950
2018-09-12 오전 9:35:13,에이프로젠 KIC,10500,11100,9950
2018-09-12 오전 9:35:14,에이프로젠 KIC,10500,11100,9950
2018-09-12 오전 9:35:14,에이프로젠 KIC,10600,11100,9950
2018-09-12 오전 9:35:14,에이프로젠 KIC,10600,11100,9950
2018-09-12 오전 9:35:14,에이프로젠 KIC,10600,11100,9950
2018-09-12 오전 9:35:14,에이프로젠 KIC,10500,11100,9950
2018-09-12 오전 9:35:14,에이프로젠 KIC,10450,11100,9950
2018-09-12 오전 9:35:14,에이프로젠 KIC,10600,11100,9950
2018-09-12 오전 9:35:14,에이프로젠 KIC,10600,11100,9950
2018-09-12 오전 9:35:14,에이프로젠 KIC,10500,11100,9950
2018-09-12 오전 9:35:14,에이프로젠 KIC,10500,11100,9950
2018-09-12 오전 9:35:15,에이프로젠 KIC,10450,11100,9950
2018-09-12 오전 9:35:15,에이프로젠 KIC,10500,11100,9950
2018-09-12 오전 9:35:15,에이프로젠 KIC,10500,11100,9950
2018-09-12 오전 9:35:15,에이프로젠 KIC,10450,11100,9950
2018-09-12 오전 9:35:15,에이프로젠 KIC,10500,11100,9950
2018-09-12 오전 9:35:15,에이프로젠 KIC,10450,11100,9950
2018-09-12 오전 9:35:15,에이프로젠 KIC,10500,11100,9950
2018-09-12 오전 9:35:15,에이프로젠 KIC,10450,11100,9950
2018-09-12 오전 9:35:15,에이프로젠 KIC,10500,11100,9950
2018-09-12 오전 9:35:15,에이프로젠 KIC,10500,11100,9950
2018-09-12 오전 9:35:16,에이프로젠 KIC,10600,11100,9950
2018-09-12 오전 9:35:16,에이프로젠 KIC,10600,11100,9950
2018-09-12 오전 9:35:16,에이프로젠 KIC,10600,11100,9950
2018-09-12 오전 9:35:16,에이프로젠 KIC,10600,11100,9950
2018-09-12 오전 9:35:16,에이프로젠 KIC,10600,11100,9950
2018-09-12 오전 9:35:16,에이프로젠 KIC,10600,11100,9950
2018-09-12 오전 9:35:16,에이프로젠 KIC,10600,11100,9950
2018-09-12 오전 9:35:16,에이프로젠 KIC,10500,11100,9950
2018-09-12 오전 9:35:16,에이프로젠 KIC,10500,11100,9950
2018-09-12 오전 9:35:16,에이프로젠 KIC,10500,11100,9950
2018-09-12 오전 9:35:16,에이프로젠 KIC,10500,11100,9950
2018-09-12 오전 9:35:17,에이프로젠 KIC,10500,11100,9950
2018-09-12 오전 9:35:17,에이프로젠 KIC,10500,11100,9950
2018-09-12 오전 9:35:17,에이프로젠 KIC,10500,11100,9950
2018-09-12 오전 9:35:17,에이프로젠 KIC,10600,11100,9950
2018-09-12 오전 9:35:17,에이프로젠 KIC,10600,11100,9950
2018-09-12 오전 9:35:17,에이프로젠 KIC,10550,11100,9950
2018-09-12 오전 9:35:17,에이프로젠 KIC,10600,11100,9950
2018-09-12 오전 9:35:17,에이프로젠 KIC,10600,11100,9950
2018-09-12 오전 9:35:17,에이프로젠 KIC,10550,11100,9950
2018-09-12 오전 9:35:17,에이프로젠 KIC,10500,11100,9950
2018-09-12 오전 9:35:17,에이프로젠 KIC,10450,11100,9950
2018-09-12 오전 9:35:17,에이프로젠 KIC,10550,11100,9950
2018-09-12 오전 9:35:18,에이프로젠 KIC,10500,11100,9950
2018-09-12 오전 9:35:18,에이프로젠 KIC,10500,11100,9950
2018-09-12 오전 9:35:18,에이프로젠 KIC,10550,11100,9950
2018-09-12 오전 9:35:18,에이프로젠 KIC,10550,11100,9950
2018-09-12 오전 9:35:18,에이프로젠 KIC,10550,11100,9950
2018-09-12 오전 9:35:18,에이프로젠 KIC,10500,11100,9950
2018-09-12 오전 9:35:18,에이프로젠 KIC,10550,11100,9950
2018-09-12 오전 9:35:18,에이프로젠 KIC,10550,11100,9950
2018-09-12 오전 9:35:18,에이프로젠 KIC,10550,11100,9950
2018-09-12 오전 9:35:18,에이프로젠 KIC,10550,11100,9950
2018-09-12 오전 9:35:18,에이프로젠 KIC,10550,11100,9950
2018-09-12 오전 9:35:18,에이프로젠 KIC,10550,11100,9950
2018-09-12 오전 9:35:18,에이프로젠 KIC,10550,11100,9950
2018-09-12 오전 9:35:19,에이프로젠 KIC,10550,11100,9950
2018-09-12 오전 9:35:19,에이프로젠 KIC,10550,11100,9950
2018-09-12 오전 9:35:19,에이프로젠 KIC,10550,11100,9950
2018-09-12 오전 9:35:19,에이프로젠 KIC,10550,11100,9950
2018-09-12 오전 9:35:19,에이프로젠 KIC,10500,11100,9950
2018-09-12 오전 9:35:19,에이프로젠 KIC,10550,11100,9950
2018-09-12 오전 9:35:19,에이프로젠 KIC,10550,11100,9950
2018-09-12 오전 9:35:19,에이프로젠 KIC,10550,11100,9950
2018-09-12 오전 9:35:19,에이프로젠 KIC,10550,11100,9950
2018-09-12 오전 9:35:19,에이프로젠 KIC,10500,11100,9950
2018-09-12 오전 9:35:19,에이프로젠 KIC,10450,11100,9950
