2018-09-12 오전 10:19:24,녹십자랩셀,61800,61900,55400
2018-09-12 오후 6:53:22,녹십자랩셀,62200,69400,55400
2018-09-12 오후 6:53:22,녹십자랩셀,62200,69400,55400
2018-09-12 오후 6:53:22,녹십자랩셀,62200,69400,55400
2018-09-12 오후 6:53:22,녹십자랩셀,62200,69400,55400
2018-09-12 오후 6:53:22,녹십자랩셀,62200,69400,55400
2018-09-12 오후 6:53:22,녹십자랩셀,62200,69400,55400
2018-09-12 오후 6:53:22,녹십자랩셀,62200,69400,55400
2018-09-12 오후 6:53:22,녹십자랩셀,62200,69400,55400
2018-09-12 오후 6:53:22,녹십자랩셀,62200,69400,55400
2018-09-12 오후 6:53:22,녹십자랩셀,62200,69400,55400
2018-09-12 오후 6:53:22,녹십자랩셀,62200,69400,55400
2018-09-12 오후 6:53:22,녹십자랩셀,62200,69400,55400
2018-09-12 오후 6:53:22,녹십자랩셀,62200,69400,55400
2018-09-12 오후 6:53:22,녹십자랩셀,62200,69400,55400
2018-09-12 오후 6:53:22,녹십자랩셀,62200,69400,55400
2018-09-12 오후 6:53:22,녹십자랩셀,62200,69400,55400
2018-09-12 오후 6:53:22,녹십자랩셀,62200,69400,55400
2018-09-12 오후 6:53:22,녹십자랩셀,62200,69400,55400
2018-09-12 오후 6:53:22,녹십자랩셀,62200,69400,55400
2018-09-12 오후 6:53:22,녹십자랩셀,62200,69400,55400
2018-09-12 오후 6:53:22,녹십자랩셀,62200,69400,55400
2018-09-12 오후 6:53:22,녹십자랩셀,62200,69400,55400
2018-09-12 오후 6:53:22,녹십자랩셀,62200,69400,55400
2018-09-12 오후 6:53:22,녹십자랩셀,62200,69400,55400
2018-09-12 오후 6:53:22,녹십자랩셀,62200,69400,55400
2018-09-12 오후 6:53:22,녹십자랩셀,62200,69400,55400
2018-09-12 오후 6:53:22,녹십자랩셀,62200,69400,55400
2018-09-12 오후 6:53:22,녹십자랩셀,62200,69400,55400
2018-09-12 오후 6:53:22,녹십자랩셀,62200,69400,55400
2018-09-12 오후 6:53:22,녹십자랩셀,62200,69400,55400
2018-09-12 오후 6:53:22,녹십자랩셀,62200,69400,55400
2018-09-12 오후 6:53:22,녹십자랩셀,62200,69400,55400
2018-09-12 오후 6:53:22,녹십자랩셀,62200,69400,55400
2018-09-12 오후 6:53:22,녹십자랩셀,62200,69400,55400
2018-09-12 오후 6:53:22,녹십자랩셀,62200,69400,55400
2018-09-12 오후 6:53:22,녹십자랩셀,62200,69400,55400
2018-09-12 오후 6:53:22,녹십자랩셀,62200,69400,55400
2018-09-12 오후 6:53:22,녹십자랩셀,62200,69400,55400
2018-09-12 오후 6:53:22,녹십자랩셀,62200,69400,55400
2018-09-12 오후 6:53:22,녹십자랩셀,62200,69400,55400
2018-09-12 오후 6:53:22,녹십자랩셀,62200,69400,55400
2018-09-12 오후 6:53:22,녹십자랩셀,62200,69400,55400
2018-09-12 오후 6:53:22,녹십자랩셀,62200,69400,55400
2018-09-12 오후 6:53:22,녹십자랩셀,62200,69400,55400
2018-09-12 오후 6:53:22,녹십자랩셀,62200,69400,55400
2018-09-12 오후 6:53:22,녹십자랩셀,62200,69400,55400
2018-09-12 오후 6:53:22,녹십자랩셀,62200,69400,55400
2018-09-12 오후 6:53:22,녹십자랩셀,62200,69400,55400
2018-09-12 오후 6:53:22,녹십자랩셀,62200,69400,55400
2018-09-12 오후 6:53:22,녹십자랩셀,62200,69400,55400
2018-09-12 오후 6:53:22,녹십자랩셀,62200,69400,55400
2018-09-12 오후 6:53:22,녹십자랩셀,62200,69400,55400
2018-09-12 오후 6:53:22,녹십자랩셀,62200,69400,55400
2018-09-12 오후 6:53:22,녹십자랩셀,62200,69400,55400
2018-09-12 오후 6:53:22,녹십자랩셀,62200,69400,55400
2018-09-12 오후 6:53:22,녹십자랩셀,62200,69400,55400
2018-09-12 오후 6:53:22,녹십자랩셀,62200,69400,55400
2018-09-12 오후 6:53:22,녹십자랩셀,62200,69400,55400
2018-09-12 오후 6:53:22,녹십자랩셀,62200,69400,55400
2018-09-12 오후 6:53:22,녹십자랩셀,62200,69400,55400
2018-09-12 오후 6:53:22,녹십자랩셀,62200,69400,55400
2018-09-12 오후 6:53:22,녹십자랩셀,62200,69400,55400
2018-09-12 오후 6:53:22,녹십자랩셀,62200,69400,55400
2018-09-12 오후 6:53:22,녹십자랩셀,62200,69400,55400
2018-09-12 오후 6:53:22,녹십자랩셀,62200,69400,55400
2018-09-12 오후 6:53:22,녹십자랩셀,62200,69400,55400
2018-09-12 오후 6:53:22,녹십자랩셀,62200,69400,55400
2018-09-12 오후 6:53:22,녹십자랩셀,62200,69400,55400
2018-09-12 오후 6:53:22,녹십자랩셀,62200,69400,55400
2018-09-12 오후 6:53:22,녹십자랩셀,62200,69400,55400
2018-09-12 오후 6:53:22,녹십자랩셀,62200,69400,55400
2018-09-12 오후 6:53:22,녹십자랩셀,62200,69400,55400
2018-09-12 오후 6:53:22,녹십자랩셀,62200,69400,55400
2018-09-12 오후 6:53:22,녹십자랩셀,62200,69400,55400
2018-09-12 오후 6:53:22,녹십자랩셀,62200,69400,55400
2018-09-12 오후 6:53:22,녹십자랩셀,62200,69400,55400
2018-09-12 오후 6:53:22,녹십자랩셀,62200,69400,55400
2018-09-12 오후 6:53:22,녹십자랩셀,62200,69400,55400
2018-09-12 오후 6:53:22,녹십자랩셀,62200,69400,55400
2018-09-12 오후 6:53:22,녹십자랩셀,62200,69400,55400
2018-09-12 오후 6:53:22,녹십자랩셀,62200,69400,55400
2018-09-12 오후 6:53:22,녹십자랩셀,62200,69400,55400
2018-09-12 오후 6:53:22,녹십자랩셀,62200,69400,55400
2018-09-12 오후 6:53:22,녹십자랩셀,62200,69400,55400
2018-09-12 오후 6:53:22,녹십자랩셀,62200,69400,55400
2018-09-12 오후 6:53:22,녹십자랩셀,62200,69400,55400
2018-09-12 오후 6:53:22,녹십자랩셀,62200,69400,55400
2018-09-12 오후 6:53:22,녹십자랩셀,62200,69400,55400
2018-09-12 오후 6:53:22,녹십자랩셀,62200,69400,55400
2018-09-12 오후 6:53:22,녹십자랩셀,62200,69400,55400
2018-09-12 오후 6:53:22,녹십자랩셀,62200,69400,55400
2018-09-12 오후 6:53:22,녹십자랩셀,62200,69400,55400
2018-09-12 오후 6:53:22,녹십자랩셀,62200,69400,55400
2018-09-12 오후 6:53:22,녹십자랩셀,62200,69400,55400
2018-09-12 오후 6:53:22,녹십자랩셀,62200,69400,55400
2018-09-12 오후 6:53:22,녹십자랩셀,62200,69400,55400
2018-09-12 오후 6:53:22,녹십자랩셀,62200,69400,55400
2018-09-12 오후 6:53:22,녹십자랩셀,62200,69400,55400
2018-09-12 오후 6:53:22,녹십자랩셀,62200,69400,55400
2018-09-12 오후 6:53:22,녹십자랩셀,62200,69400,55400
2018-09-12 오후 6:53:22,녹십자랩셀,62200,69400,55400
2018-09-12 오후 6:53:22,녹십자랩셀,62200,69400,55400
2018-09-12 오후 6:53:22,녹십자랩셀,62200,69400,55400
2018-09-12 오후 6:53:22,녹십자랩셀,62200,69400,55400
2018-09-12 오후 6:53:22,녹십자랩셀,62200,69400,55400
2018-09-12 오후 6:53:22,녹십자랩셀,62200,69400,55400
2018-09-12 오후 6:53:22,녹십자랩셀,62200,69400,55400
2018-09-12 오후 6:53:22,녹십자랩셀,62200,69400,55400
2018-09-12 오후 6:53:22,녹십자랩셀,62200,69400,55400
2018-09-12 오후 6:53:22,녹십자랩셀,62200,69400,55400
2018-09-12 오후 6:53:22,녹십자랩셀,62200,69400,55400
2018-09-12 오후 6:53:22,녹십자랩셀,62200,69400,55400
2018-09-12 오후 6:53:22,녹십자랩셀,62200,69400,55400
2018-09-12 오후 6:53:22,녹십자랩셀,62200,69400,55400
2018-09-12 오후 6:53:22,녹십자랩셀,62200,69400,55400
2018-09-12 오후 6:53:22,녹십자랩셀,62200,69400,55400
2018-09-12 오후 6:53:22,녹십자랩셀,62200,69400,55400
2018-09-12 오후 6:53:22,녹십자랩셀,62200,69400,55400
2018-09-12 오후 6:53:22,녹십자랩셀,62200,69400,55400
2018-09-12 오후 6:53:22,녹십자랩셀,62200,69400,55400
2018-09-12 오후 6:53:22,녹십자랩셀,62200,69400,55400
2018-09-12 오후 6:53:22,녹십자랩셀,62200,69400,55400
2018-09-12 오후 6:53:22,녹십자랩셀,62200,69400,55400
2018-09-12 오후 6:53:22,녹십자랩셀,62200,69400,55400
2018-09-12 오후 6:53:22,녹십자랩셀,62200,69400,55400
2018-09-12 오후 6:53:22,녹십자랩셀,62200,69400,55400
2018-09-12 오후 6:53:22,녹십자랩셀,62200,69400,55400
2018-09-12 오후 6:53:22,녹십자랩셀,62200,69400,55400
2018-09-12 오후 6:53:22,녹십자랩셀,62200,69400,55400
2018-09-12 오후 6:53:22,녹십자랩셀,62200,69400,55400
2018-09-12 오후 6:53:22,녹십자랩셀,62200,69400,55400
2018-09-12 오후 6:53:22,녹십자랩셀,62200,69400,55400
2018-09-12 오후 6:53:22,녹십자랩셀,62200,69400,55400
2018-09-12 오후 6:53:22,녹십자랩셀,62200,69400,55400
2018-09-12 오후 6:53:22,녹십자랩셀,62200,69400,55400
2018-09-12 오후 6:53:22,녹십자랩셀,62200,69400,55400
2018-09-12 오후 6:53:22,녹십자랩셀,62200,69400,55400
2018-09-12 오후 6:53:22,녹십자랩셀,62200,69400,55400
