2018-09-12 오후 2:04:21,신라젠,84500,84500,76700
2018-09-12 오후 6:53:22,신라젠,84700,86100,76700
2018-09-12 오후 6:53:22,신라젠,84700,86100,76700
2018-09-12 오후 6:53:22,신라젠,84700,86100,76700
2018-09-12 오후 6:53:22,신라젠,84700,86100,76700
2018-09-12 오후 6:53:22,신라젠,84700,86100,76700
2018-09-12 오후 6:53:22,신라젠,84700,86100,76700
2018-09-12 오후 6:53:22,신라젠,84700,86100,76700
2018-09-12 오후 6:53:22,신라젠,84700,86100,76700
2018-09-12 오후 6:53:22,신라젠,84700,86100,76700
2018-09-12 오후 6:53:22,신라젠,84700,86100,76700
2018-09-12 오후 6:53:22,신라젠,84700,86100,76700
2018-09-12 오후 6:53:22,신라젠,84700,86100,76700
2018-09-12 오후 6:53:22,신라젠,84700,86100,76700
2018-09-12 오후 6:53:22,신라젠,84700,86100,76700
2018-09-12 오후 6:53:22,신라젠,84700,86100,76700
2018-09-12 오후 6:53:22,신라젠,84700,86100,76700
2018-09-12 오후 6:53:22,신라젠,84700,86100,76700
2018-09-12 오후 6:53:22,신라젠,84700,86100,76700
2018-09-12 오후 6:53:22,신라젠,84700,86100,76700
2018-09-12 오후 6:53:22,신라젠,84700,86100,76700
2018-09-12 오후 6:53:22,신라젠,84700,86100,76700
2018-09-12 오후 6:53:22,신라젠,84700,86100,76700
2018-09-12 오후 6:53:22,신라젠,84700,86100,76700
2018-09-12 오후 6:53:22,신라젠,84700,86100,76700
2018-09-12 오후 6:53:22,신라젠,84700,86100,76700
2018-09-12 오후 6:53:22,신라젠,84700,86100,76700
2018-09-12 오후 6:53:22,신라젠,84700,86100,76700
2018-09-12 오후 6:53:22,신라젠,84700,86100,76700
2018-09-12 오후 6:53:22,신라젠,84700,86100,76700
2018-09-12 오후 6:53:22,신라젠,84700,86100,76700
2018-09-12 오후 6:53:22,신라젠,84700,86100,76700
2018-09-12 오후 6:53:22,신라젠,84700,86100,76700
2018-09-12 오후 6:53:22,신라젠,84700,86100,76700
2018-09-12 오후 6:53:22,신라젠,84700,86100,76700
2018-09-12 오후 6:53:22,신라젠,84700,86100,76700
2018-09-12 오후 6:53:22,신라젠,84700,86100,76700
2018-09-12 오후 6:53:22,신라젠,84700,86100,76700
2018-09-12 오후 6:53:22,신라젠,84700,86100,76700
2018-09-12 오후 6:53:22,신라젠,84700,86100,76700
2018-09-12 오후 6:53:22,신라젠,84700,86100,76700
2018-09-12 오후 6:53:22,신라젠,84700,86100,76700
2018-09-12 오후 6:53:22,신라젠,84700,86100,76700
2018-09-12 오후 6:53:22,신라젠,84700,86100,76700
2018-09-12 오후 6:53:22,신라젠,84700,86100,76700
2018-09-12 오후 6:53:22,신라젠,84700,86100,76700
2018-09-12 오후 6:53:22,신라젠,84700,86100,76700
2018-09-12 오후 6:53:22,신라젠,84700,86100,76700
2018-09-12 오후 6:53:22,신라젠,84700,86100,76700
2018-09-12 오후 6:53:22,신라젠,84700,86100,76700
2018-09-12 오후 6:53:22,신라젠,84700,86100,76700
2018-09-12 오후 6:53:22,신라젠,84700,86100,76700
2018-09-12 오후 6:53:22,신라젠,84700,86100,76700
2018-09-12 오후 6:53:22,신라젠,84700,86100,76700
2018-09-12 오후 6:53:22,신라젠,84700,86100,76700
2018-09-12 오후 6:53:22,신라젠,84700,86100,76700
2018-09-12 오후 6:53:22,신라젠,84700,86100,76700
2018-09-12 오후 6:53:22,신라젠,84700,86100,76700
2018-09-12 오후 6:53:22,신라젠,84700,86100,76700
2018-09-12 오후 6:53:22,신라젠,84700,86100,76700
2018-09-12 오후 6:53:22,신라젠,84700,86100,76700
2018-09-12 오후 6:53:22,신라젠,84700,86100,76700
2018-09-12 오후 6:53:22,신라젠,84700,86100,76700
2018-09-12 오후 6:53:22,신라젠,84700,86100,76700
2018-09-12 오후 6:53:22,신라젠,84700,86100,76700
2018-09-12 오후 6:53:22,신라젠,84700,86100,76700
2018-09-12 오후 6:53:22,신라젠,84700,86100,76700
2018-09-12 오후 6:53:22,신라젠,84700,86100,76700
2018-09-12 오후 6:53:22,신라젠,84700,86100,76700
2018-09-12 오후 6:53:22,신라젠,84700,86100,76700
2018-09-12 오후 6:53:22,신라젠,84700,86100,76700
2018-09-12 오후 6:53:22,신라젠,84700,86100,76700
2018-09-12 오후 6:53:22,신라젠,84700,86100,76700
2018-09-12 오후 6:53:22,신라젠,84700,86100,76700
2018-09-12 오후 6:53:22,신라젠,84700,86100,76700
2018-09-12 오후 6:53:22,신라젠,84700,86100,76700
2018-09-12 오후 6:53:22,신라젠,84700,86100,76700
