시간,현재가,고가,저가,전일대비,전일대비,등락률,매도호가,매수호가,누적거래량,누적거래대금,전일대비기호,전일거래량대비_계약,거래대금증감,전일거래량대비_비율,거래회전율,거래비용,상한가발생시간,하한가발생시간,체결량,체결강도,
YYYY-09-DD 12:35:01,1420,1450,1350,+80,+5.97,+1420,+1415,780602,1103,2,+438718,+636087915,+228.32,0.90,5,000000,000000,+200,131.54
YYYY-09-DD 12:35:03,1415,1450,1350,+75,+5.60,+1415,+1410,782352,1105,2,+440468,+638564165,+228.84,0.90,5,000000,000000,-1750,130.86
YYYY-09-DD 12:35:06,1415,1450,1350,+75,+5.60,+1415,+1410,782817,1106,2,+440933,+639222140,+228.97,0.90,5,000000,000000,+465,130.99
YYYY-09-DD 12:35:10,1415,1450,1350,+75,+5.60,+1415,+1410,785417,1110,2,+443533,+642901140,+229.73,0.90,5,000000,000000,+2600,131.76
YYYY-09-DD 12:35:10,1415,1450,1350,+75,+5.60,+1420,+1410,787566,1113,2,+445682,+645941975,+230.36,0.91,5,000000,000000,+2149,132.40
YYYY-09-DD 12:35:34,1420,1450,1350,+80,+5.97,+1420,+1415,787567,1113,2,+445683,+645943395,+230.36,0.91,5,000000,000000,+1,132.40
YYYY-09-DD 12:35:53,1420,1450,1350,+80,+5.97,+1425,+1420,787902,1113,2,+446018,+646419095,+230.46,0.91,5,000000,000000,+335,132.49
YYYY-09-DD 12:36:07,1425,1450,1350,+85,+6.34,+1425,+1420,787903,1113,2,+446019,+646420520,+230.46,0.91,5,000000,000000,+1,132.49
YYYY-09-DD 12:36:08,1425,1450,1350,+85,+6.34,+1425,+1420,787904,1113,2,+446020,+646421945,+230.46,0.91,5,000000,000000,+1,132.50
YYYY-09-DD 12:36:10,1425,1450,1350,+85,+6.34,+1425,+1420,787905,1113,2,+446021,+646423370,+230.46,0.91,5,000000,000000,+1,132.50
YYYY-09-DD 12:36:11,1425,1450,1350,+85,+6.34,+1425,+1420,787906,1113,2,+446022,+646424795,+230.46,0.91,5,000000,000000,+1,132.50
YYYY-09-DD 12:36:14,1425,1450,1350,+85,+6.34,+1425,+1420,787907,1113,2,+446023,+646426220,+230.46,0.91,5,000000,000000,+1,132.50
YYYY-09-DD 12:36:15,1425,1450,1350,+85,+6.34,+1425,+1420,787908,1113,2,+446024,+646427645,+230.46,0.91,5,000000,000000,+1,132.50
YYYY-09-DD 12:36:24,1425,1450,1350,+85,+6.34,+1425,+1420,787909,1113,2,+446025,+646429070,+230.46,0.91,5,000000,000000,+1,132.50
YYYY-09-DD 12:37:10,1425,1450,1350,+85,+6.34,+1425,+1420,788109,1114,2,+446225,+646714070,+230.52,0.91,5,000000,000000,+200,132.56
YYYY-09-DD 12:37:13,1425,1450,1350,+85,+6.34,+1425,+1420,789961,1116,2,+448077,+649353170,+231.06,0.91,5,000000,000000,+1852,133.10
YYYY-09-DD 12:38:42,1425,1450,1350,+85,+6.34,+1425,+1420,790084,1116,2,+448200,+649528445,+231.10,0.91,5,000000,000000,+123,133.14
YYYY-09-DD 12:38:45,1420,1450,1350,+80,+5.97,+1425,+1420,790087,1116,2,+448203,+649532705,+231.10,0.91,5,000000,000000,-3,133.14
YYYY-09-DD 12:39:29,1425,1450,1350,+85,+6.34,+1425,+1420,790088,1116,2,+448204,+649534130,+231.10,0.91,5,000000,000000,+1,133.14
YYYY-09-DD 12:41:28,1420,1450,1350,+80,+5.97,+1425,+1420,790211,1117,2,+448327,+649708790,+231.13,0.91,5,000000,000000,-123,133.09
YYYY-09-DD 12:42:32,1420,1450,1350,+80,+5.97,+1425,+1420,790742,1117,2,+448858,+650462810,+231.29,0.91,5,000000,000000,-531,132.88
YYYY-09-DD 12:42:54,1420,1450,1350,+80,+5.97,+1420,+1415,790860,1117,2,+448976,+650630370,+231.32,0.91,5,000000,000000,-118,132.83
YYYY-09-DD 12:43:31,1420,1450,1350,+80,+5.97,+1420,+1415,790910,1118,2,+449026,+650701370,+231.34,0.91,5,000000,000000,+50,132.85
YYYY-09-DD 12:43:51,1420,1450,1350,+80,+5.97,+1425,+1420,790918,1118,2,+449034,+650712730,+231.34,0.91,5,000000,000000,+8,132.85
YYYY-09-DD 12:44:14,1420,1450,1350,+80,+5.97,+1420,+1415,790927,1118,2,+449043,+650725510,+231.34,0.91,5,000000,000000,-9,132.85
YYYY-09-DD 12:45:04,1415,1450,1350,+75,+5.60,+1420,+1415,792284,1119,2,+450400,+652645665,+231.74,0.91,5,000000,000000,-1357,132.32
YYYY-09-DD 12:45:04,1410,1450,1350,+70,+5.22,+1420,+1410,793407,1121,2,+451523,+654229095,+232.07,0.91,5,000000,000000,-1123,131.89
YYYY-09-DD 12:45:42,1420,1450,1350,+80,+5.97,+1420,+1415,793408,1121,2,+451524,+654230515,+232.07,0.91,5,000000,000000,+1,131.89
YYYY-09-DD 12:45:47,1420,1450,1350,+80,+5.97,+1420,+1415,793665,1121,2,+451781,+654595455,+232.14,0.91,5,000000,000000,+257,131.96
YYYY-09-DD 12:46:13,1420,1450,1350,+80,+5.97,+1425,+1415,794641,1123,2,+452757,+655981375,+232.43,0.91,5,000000,000000,+976,132.25
YYYY-09-DD 12:46:44,1420,1450,1350,+80,+5.97,+1425,+1420,794826,1123,2,+452942,+656244075,+232.48,0.91,5,000000,000000,-185,132.17
YYYY-09-DD 12:48:15,1420,1450,1350,+80,+5.97,+1420,+1415,794841,1123,2,+452957,+656265375,+232.49,0.91,5,000000,000000,-15,132.17
YYYY-09-DD 12:48:29,1415,1450,1350,+75,+5.60,+1415,+1410,794891,1123,2,+453007,+656336125,+232.50,0.91,5,000000,000000,-50,132.15
YYYY-09-DD 12:48:33,1415,1450,1350,+75,+5.60,+1420,+1415,794941,1123,2,+453057,+656406875,+232.52,0.91,5,000000,000000,+50,132.16
YYYY-09-DD 12:48:43,1415,1450,1350,+75,+5.60,+1415,+1410,794943,1123,2,+453059,+656409705,+232.52,0.91,5,000000,000000,-2,132.16
YYYY-09-DD 12:48:48,1415,1450,1350,+75,+5.60,+1420,+1415,795166,1124,2,+453282,+656725250,+232.58,0.91,5,000000,000000,+223,132.23
YYYY-09-DD 12:50:11,1420,1450,1350,+80,+5.97,+1420,+1415,796066,1125,2,+454182,+658003250,+232.85,0.92,5,000000,000000,+900,132.49
YYYY-09-DD 12:50:31,1415,1450,1350,+75,+5.60,+1420,+1415,796566,1126,2,+454682,+658710750,+232.99,0.92,5,000000,000000,-500,132.30
YYYY-09-DD 12:50:40,1415,1450,1350,+75,+5.60,+1420,+1415,797366,1127,2,+455482,+659842750,+233.23,0.92,5,000000,000000,-800,131.99
YYYY-09-DD 12:50:43,1415,1450,1350,+75,+5.60,+1420,+1410,797370,1127,2,+455486,+659848410,+233.23,0.92,5,000000,000000,-4,131.99
YYYY-09-DD 12:50:46,1410,1450,1350,+70,+5.22,+1410,+1405,805296,1138,2,+463412,+671024070,+235.55,0.93,5,000000,000000,-7926,129.01
YYYY-09-DD 12:50:46,1410,1450,1350,+70,+5.22,+1410,+1405,806236,1139,2,+464352,+672349470,+235.82,0.93,5,000000,000000,+940,129.28
YYYY-09-DD 12:50:46,1410,1450,1350,+70,+5.22,+1410,+1405,811051,1146,2,+469167,+679138620,+237.23,0.93,5,000000,000000,+4815,130.65
YYYY-09-DD 12:50:46,1410,1450,1350,+70,+5.22,+1410,+1405,811174,1146,2,+469290,+679312050,+237.27,0.93,5,000000,000000,+123,130.68
YYYY-09-DD 12:52:16,1410,1450,1350,+70,+5.22,+1420,+1410,812183,1148,2,+470299,+680734740,+237.56,0.93,5,000000,000000,-1009,130.31
YYYY-09-DD 12:53:32,1415,1450,1350,+75,+5.60,+1420,+1410,812643,1148,2,+470759,+681385640,+237.70,0.93,5,000000,000000,+460,130.44
YYYY-09-DD 12:53:33,1410,1450,1350,+70,+5.22,+1420,+1410,818000,1156,2,+476116,+688939010,+239.26,0.94,5,000000,000000,-5357,128.49
YYYY-09-DD 12:53:33,1405,1450,1350,+65,+4.85,+1420,+1405,818143,1156,2,+476259,+689139925,+239.30,0.94,5,000000,000000,-143,128.44
YYYY-09-DD 12:54:34,1410,1450,1350,+70,+5.22,+1420,+1405,819143,1157,2,+477259,+690549925,+239.60,0.94,5,000000,000000,-1000,128.08
YYYY-09-DD 12:56:08,1410,1450,1350,+70,+5.22,+1420,+1410,819234,1158,2,+477350,+690678235,+239.62,0.94,5,000000,000000,-91,128.05
YYYY-09-DD 12:56:17,1410,1450,1350,+70,+5.22,+1420,+1410,820243,1159,2,+478359,+692100925,+239.92,0.94,5,000000,000000,-1009,127.69
YYYY-09-DD 12:57:26,1410,1450,1350,+70,+5.22,+1420,+1410,820244,1159,2,+478360,+692102335,+239.92,0.94,5,000000,000000,-1,127.69
YYYY-09-DD 12:57:39,1410,1450,1350,+70,+5.22,+1420,+1410,820249,1159,2,+478365,+692109385,+239.92,0.94,5,000000,000000,-5,127.69
YYYY-09-DD 12:59:41,1410,1450,1350,+70,+5.22,+1420,+1410,821249,1160,2,+479365,+693519385,+240.21,0.94,5,000000,000000,-1000,127.33
YYYY-09-DD 13:00:18,1410,1450,1350,+70,+5.22,+1415,+1405,822259,1162,2,+480375,+694943485,+240.51,0.95,5,000000,000000,-1010,126.98
YYYY-09-DD 13:00:20,1410,1450,1350,+70,+5.22,+1415,+1405,823259,1163,2,+481375,+696353485,+240.80,0.95,5,000000,000000,+1000,127.25
YYYY-09-DD 13:01:08,1415,1450,1350,+75,+5.60,+1415,+1405,823759,1164,2,+481875,+697060985,+240.95,0.95,5,000000,000000,+500,127.39
YYYY-09-DD 13:01:08,1415,1450,1350,+75,+5.60,+1415,+1405,823760,1164,2,+481876,+697062400,+240.95,0.95,5,000000,000000,+1,127.39
YYYY-09-DD 13:01:31,1420,1450,1350,+80,+5.97,+1420,+1410,823761,1164,2,+481877,+697063820,+240.95,0.95,5,000000,000000,+1,127.39
YYYY-09-DD 13:02:52,1420,1450,1350,+80,+5.97,+1420,+1410,823779,1164,2,+481895,+697089380,+240.95,0.95,5,000000,000000,+18,127.40
YYYY-09-DD 13:04:37,1415,1450,1350,+75,+5.60,+1415,+1410,823780,1164,2,+481896,+697090795,+240.95,0.95,5,000000,000000,+1,127.40
YYYY-09-DD 13:05:02,1415,1450,1350,+75,+5.60,+1420,+1415,825279,1166,2,+483395,+699211880,+241.39,0.95,5,000000,000000,+1499,127.81
YYYY-09-DD 13:05:09,1420,1450,1350,+80,+5.97,+1425,+1415,827384,1169,2,+485500,+702200980,+242.01,0.95,5,000000,000000,+2105,128.39
YYYY-09-DD 13:06:26,1420,1450,1350,+80,+5.97,+1420,+1410,828384,1170,2,+486500,+703620980,+242.30,0.95,5,000000,000000,+1000,128.67
YYYY-09-DD 13:06:59,1420,1450,1350,+80,+5.97,+1420,+1410,828386,1170,2,+486502,+703623820,+242.30,0.95,5,000000,000000,+2,128.67
YYYY-09-DD 13:07:07,1410,1450,1350,+70,+5.22,+1420,+1410,828387,1170,2,+486503,+703625230,+242.30,0.95,5,000000,000000,-1,128.67
YYYY-09-DD 13:08:20,1410,1450,1350,+70,+5.22,+1420,+1410,829396,1172,2,+487512,+705047920,+242.60,0.95,5,000000,000000,-1009,128.31
YYYY-09-DD 13:08:29,1410,1450,1350,+70,+5.22,+1420,+1410,829716,1172,2,+487832,+705499120,+242.69,0.95,5,000000,000000,-320,128.20
YYYY-09-DD 13:09:46,1410,1450,1350,+70,+5.22,+1420,+1410,829717,1172,2,+487833,+705500530,+242.69,0.95,5,000000,000000,-1,128.20
YYYY-09-DD 13:10:09,1410,1450,1350,+70,+5.22,+1420,+1410,829718,1172,2,+487834,+705501940,+242.69,0.95,5,000000,000000,-1,128.20
YYYY-09-DD 13:10:48,1410,1450,1350,+70,+5.22,+1420,+1410,829918,1173,2,+488034,+705783940,+242.75,0.95,5,000000,000000,-200,128.13
YYYY-09-DD 13:10:49,1420,1450,1350,+80,+5.97,+1420,+1410,829919,1173,2,+488035,+705785360,+242.75,0.95,5,000000,000000,+1,128.13
YYYY-09-DD 13:10:55,1420,1450,1350,+80,+5.97,+1420,+1410,829928,1173,2,+488044,+705798140,+242.75,0.95,5,000000,000000,+9,128.13
YYYY-09-DD 13:11:42,1415,1450,1350,+75,+5.60,+1420,+1415,830928,1174,2,+489044,+707213140,+243.04,0.96,5,000000,000000,+1000,128.41
YYYY-09-DD 13:11:55,1415,1450,1350,+75,+5.60,+1415,+1410,831328,1175,2,+489444,+707779140,+243.16,0.96,5,000000,000000,-400,128.26
YYYY-09-DD 13:12:17,1415,1450,1350,+75,+5.60,+1415,+1410,831337,1175,2,+489453,+707791875,+243.16,0.96,5,000000,000000,+9,128.27
YYYY-09-DD 13:13:41,1415,1450,1350,+75,+5.60,+1420,+1415,832437,1176,2,+490553,+709348375,+243.49,0.96,5,000000,000000,+1100,128.57
YYYY-09-DD 13:14:23,1415,1450,1350,+75,+5.60,+1420,+1415,833196,1177,2,+491312,+710422360,+243.71,0.96,5,000000,000000,+759,128.78
YYYY-09-DD 13:14:55,1415,1450,1350,+75,+5.60,+1420,+1415,833496,1178,2,+491612,+710846860,+243.79,0.96,5,000000,000000,-300,128.67
YYYY-09-DD 13:15:01,1415,1450,1350,+75,+5.60,+1420,+1415,833497,1178,2,+491613,+710848275,+243.80,0.96,5,000000,000000,-1,128.67
YYYY-09-DD 13:16:21,1415,1450,1350,+75,+5.60,+1420,+1415,833878,1178,2,+491994,+711387390,+243.91,0.96,5,000000,000000,+381,128.78
YYYY-09-DD 13:16:22,1415,1450,1350,+75,+5.60,+1415,+1410,833897,1178,2,+492013,+711414275,+243.91,0.96,5,000000,000000,-19,128.77
YYYY-09-DD 13:16:34,1415,1450,1350,+75,+5.60,+1415,+1410,834097,1179,2,+492213,+711697275,+243.97,0.96,5,000000,000000,+200,128.82
YYYY-09-DD 13:16:50,1415,1450,1350,+75,+5.60,+1415,+1410,834202,1179,2,+492318,+711845850,+244.00,0.96,5,000000,000000,+105,128.85
YYYY-09-DD 13:16:52,1415,1450,1350,+75,+5.60,+1420,+1415,834887,1180,2,+493003,+712815125,+244.20,0.96,5,000000,000000,+685,129.04
YYYY-09-DD 13:16:58,1415,1450,1350,+75,+5.60,+1420,+1415,836137,1181,2,+494253,+714583875,+244.57,0.96,5,000000,000000,-1250,128.60
YYYY-09-DD 13:19:21,1415,1450,1350,+75,+5.60,+1415,+1410,836138,1181,2,+494254,+714585290,+244.57,0.96,5,000000,000000,-1,128.60
YYYY-09-DD 13:20:46,1415,1450,1350,+75,+5.60,+1415,+1410,836139,1181,2,+494255,+714586705,+244.57,0.96,5,000000,000000,+1,128.60
YYYY-09-DD 13:20:57,1415,1450,1350,+75,+5.60,+1415,+1410,836140,1181,2,+494256,+714588120,+244.57,0.96,5,000000,000000,+1,128.60
YYYY-09-DD 13:21:19,1415,1450,1350,+75,+5.60,+1415,+1410,836144,1181,2,+494260,+714593780,+244.57,0.96,5,000000,000000,+4,128.60
YYYY-09-DD 13:21:40,1415,1450,1350,+75,+5.60,+1415,+1410,836148,1181,2,+494264,+714599440,+244.57,0.96,5,000000,000000,+4,128.60
YYYY-09-DD 13:21:47,1410,1450,1350,+70,+5.22,+1415,+1410,836498,1182,2,+494614,+715092940,+244.67,0.96,5,000000,000000,-350,128.48
YYYY-09-DD 13:22:07,1415,1450,1350,+75,+5.60,+1415,+1410,836499,1182,2,+494615,+715094355,+244.67,0.96,5,000000,000000,+1,128.48
YYYY-09-DD 13:23:51,1410,1450,1350,+70,+5.22,+1415,+1410,837101,1183,2,+495217,+715943175,+244.85,0.96,5,000000,000000,-602,128.27
YYYY-09-DD 13:24:06,1410,1450,1350,+70,+5.22,+1415,+1405,844695,1194,2,+502811,+726650715,+247.07,0.97,5,000000,000000,-7594,125.66
YYYY-09-DD 13:24:08,1405,1450,1350,+65,+4.85,+1415,+1405,844895,1194,2,+503011,+726931715,+247.13,0.97,5,000000,000000,-200,125.60
YYYY-09-DD 13:24:24,1405,1450,1350,+65,+4.85,+1415,+1405,845905,1195,2,+504021,+728350765,+247.42,0.97,5,000000,000000,-1010,125.26
YYYY-09-DD 13:24:46,1405,1450,1350,+65,+4.85,+1415,+1405,846905,1197,2,+505021,+729755765,+247.72,0.97,5,000000,000000,-1000,124.93
YYYY-09-DD 13:24:58,1405,1450,1350,+65,+4.85,+1415,+1405,846906,1197,2,+505022,+729757170,+247.72,0.97,5,000000,000000,-1,124.93
YYYY-09-DD 13:26:57,1410,1450,1350,+70,+5.22,+1415,+1410,846910,1197,2,+505026,+729762810,+247.72,0.97,5,000000,000000,-4,124.93
YYYY-09-DD 13:26:57,1405,1450,1350,+65,+4.85,+1415,+1405,848758,1199,2,+506874,+732359250,+248.26,0.98,5,000000,000000,-1848,124.31
YYYY-09-DD 13:27:16,1410,1450,1350,+70,+5.22,+1410,+1405,848759,1199,2,+506875,+732360660,+248.26,0.98,5,000000,000000,+1,124.32
YYYY-09-DD 13:28:32,1405,1450,1350,+65,+4.85,+1410,+1405,848760,1199,2,+506876,+732362065,+248.26,0.98,5,000000,000000,-1,124.31
YYYY-09-DD 13:28:35,1405,1450,1350,+65,+4.85,+1410,+1405,849219,1200,2,+507335,+733006960,+248.39,0.98,5,000000,000000,-459,124.16
YYYY-09-DD 13:30:34,1405,1450,1350,+65,+4.85,+1410,+1405,852045,1204,2,+510161,+736977490,+249.22,0.98,5,000000,000000,-2826,123.24
YYYY-09-DD 13:30:42,1405,1450,1350,+65,+4.85,+1410,+1405,854495,1207,2,+512611,+740419740,+249.94,0.98,5,000000,000000,-2450,122.46
YYYY-09-DD 13:31:02,1410,1450,1350,+70,+5.22,+1410,+1405,854496,1207,2,+512612,+740421150,+249.94,0.98,5,000000,000000,+1,122.46
YYYY-09-DD 13:31:09,1405,1450,1350,+65,+4.85,+1410,+1405,857496,1211,2,+515612,+744636150,+250.81,0.99,5,000000,000000,-3000,121.51
YYYY-09-DD 13:32:26,1405,1450,1350,+65,+4.85,+1405,+1400,858095,1212,2,+516211,+745477745,+250.99,0.99,5,000000,000000,-599,121.32
YYYY-09-DD 13:32:49,1400,1450,1350,+60,+4.48,+1405,+1400,858126,1212,2,+516242,+745521145,+251.00,0.99,5,000000,000000,-31,121.31
YYYY-09-DD 13:32:54,1405,1450,1350,+65,+4.85,+1405,+1400,858127,1212,2,+516243,+745522550,+251.00,0.99,5,000000,000000,+1,121.31
YYYY-09-DD 13:33:00,1405,1450,1350,+65,+4.85,+1405,+1400,858152,1212,2,+516268,+745557675,+251.01,0.99,5,000000,000000,+25,121.32
YYYY-09-DD 13:33:00,1405,1450,1350,+65,+4.85,+1405,+1400,858536,1213,2,+516652,+746097195,+251.12,0.99,5,000000,000000,+384,121.42
YYYY-09-DD 13:33:05,1400,1450,1350,+60,+4.48,+1410,+1400,860536,1216,2,+518652,+748897195,+251.70,0.99,5,000000,000000,-2000,120.79
YYYY-09-DD 13:33:06,1410,1450,1350,+70,+5.22,+1410,+1400,860537,1216,2,+518653,+748898605,+251.70,0.99,5,000000,000000,+1,120.79
YYYY-09-DD 13:34:15,1405,1450,1350,+65,+4.85,+1405,+1400,860538,1216,2,+518654,+748900010,+251.70,0.99,5,000000,000000,+1,120.79
YYYY-09-DD 13:34:24,1400,1450,1350,+60,+4.48,+1405,+1400,860539,1216,2,+518655,+748901410,+251.70,0.99,5,000000,000000,-1,120.79
YYYY-09-DD 13:34:31,1405,1450,1350,+65,+4.85,+1405,+1400,860540,1216,2,+518656,+748902815,+251.71,0.99,5,000000,000000,+1,120.79
YYYY-09-DD 13:34:36,1405,1450,1350,+65,+4.85,+1405,+1400,860542,1216,2,+518658,+748905625,+251.71,0.99,5,000000,000000,+2,120.80
YYYY-09-DD 13:34:51,1405,1450,1350,+65,+4.85,+1405,+1400,860842,1216,2,+518958,+749327125,+251.79,0.99,5,000000,000000,+300,120.87
YYYY-09-DD 13:35:01,1405,1450,1350,+65,+4.85,+1410,+1405,860869,1216,2,+518985,+749365060,+251.80,0.99,5,000000,000000,+27,120.88
YYYY-09-DD 13:35:11,1410,1450,1350,+70,+5.22,+1410,+1405,860870,1216,2,+518986,+749366470,+251.80,0.99,5,000000,000000,+1,120.88
YYYY-09-DD 13:35:20,1405,1450,1350,+65,+4.85,+1410,+1405,860871,1216,2,+518987,+749367875,+251.80,0.99,5,000000,000000,-1,120.88
YYYY-09-DD 13:35:27,1410,1450,1350,+70,+5.22,+1410,+1405,860872,1216,2,+518988,+749369285,+251.80,0.99,5,000000,000000,+1,120.88
YYYY-09-DD 13:35:29,1410,1450,1350,+70,+5.22,+1410,+1405,860873,1216,2,+518989,+749370695,+251.80,0.99,5,000000,000000,+1,120.88
YYYY-09-DD 13:35:30,1410,1450,1350,+70,+5.22,+1410,+1405,860874,1216,2,+518990,+749372105,+251.80,0.99,5,000000,000000,+1,120.88
YYYY-09-DD 13:36:59,1405,1450,1350,+65,+4.85,+1410,+1405,861424,1217,2,+519540,+750144855,+251.96,0.99,5,000000,000000,-550,120.71
YYYY-09-DD 13:37:08,1410,1450,1350,+70,+5.22,+1410,+1405,861425,1217,2,+519541,+750146265,+251.96,0.99,5,000000,000000,+1,120.71
YYYY-09-DD 13:37:18,1405,1450,1350,+65,+4.85,+1410,+1405,861436,1217,2,+519552,+750161720,+251.97,0.99,5,000000,000000,-11,120.71
YYYY-09-DD 13:37:18,1400,1450,1350,+60,+4.48,+1410,+1400,861445,1217,2,+519561,+750174320,+251.97,0.99,5,000000,000000,-9,120.70
YYYY-09-DD 13:37:29,1410,1450,1350,+70,+5.22,+1410,+1400,861446,1217,2,+519562,+750175730,+251.97,0.99,5,000000,000000,+1,120.70
YYYY-09-DD 13:37:30,1410,1450,1350,+70,+5.22,+1410,+1400,861452,1217,2,+519568,+750184190,+251.97,0.99,5,000000,000000,+6,120.71
YYYY-09-DD 13:38:19,1410,1450,1350,+70,+5.22,+1410,+1400,862452,1218,2,+520568,+751594190,+252.26,0.99,5,000000,000000,+1000,120.96
YYYY-09-DD 13:43:03,1410,1450,1350,+70,+5.22,+1410,+1405,862455,1218,2,+520571,+751598420,+252.27,0.99,5,000000,000000,+3,120.96
YYYY-09-DD 13:43:40,1405,1450,1350,+65,+4.85,+1410,+1405,867455,1225,2,+525571,+758623420,+253.73,1.00,5,000000,000000,-5000,119.43
YYYY-09-DD 13:44:29,1405,1450,1350,+65,+4.85,+1405,+1400,867769,1226,2,+525885,+759064590,+253.82,1.00,5,000000,000000,-314,119.34
YYYY-09-DD 13:44:38,1405,1450,1350,+65,+4.85,+1405,+1400,867770,1226,2,+525886,+759065995,+253.82,1.00,5,000000,000000,+1,119.34
YYYY-09-DD 13:44:50,1405,1450,1350,+65,+4.85,+1405,+1400,868391,1227,2,+526507,+759938500,+254.00,1.00,5,000000,000000,+621,119.49
YYYY-09-DD 13:44:52,1405,1450,1350,+65,+4.85,+1410,+1405,868464,1227,2,+526580,+760041065,+254.02,1.00,5,000000,000000,+73,119.51
YYYY-09-DD 13:45:36,1400,1450,1350,+60,+4.48,+1410,+1400,868465,1227,2,+526581,+760042465,+254.02,1.00,5,000000,000000,-1,119.51
YYYY-09-DD 13:46:39,1400,1450,1350,+60,+4.48,+1410,+1400,868515,1227,2,+526631,+760112465,+254.04,1.00,5,000000,000000,-50,119.50
YYYY-09-DD 13:46:50,1405,1450,1350,+65,+4.85,+1410,+1405,868520,1227,2,+526636,+760119490,+254.04,1.00,5,000000,000000,+5,119.50
YYYY-09-DD 13:47:31,1405,1450,1350,+65,+4.85,+1410,+1405,868521,1227,2,+526637,+760120895,+254.04,1.00,5,000000,000000,-1,119.50
YYYY-09-DD 13:48:30,1405,1450,1350,+65,+4.85,+1405,+1400,869139,1228,2,+527255,+760989185,+254.22,1.00,5,000000,000000,-618,119.31
YYYY-09-DD 13:48:40,1405,1450,1350,+65,+4.85,+1410,+1400,869531,1228,2,+527647,+761539945,+254.34,1.00,5,000000,000000,+392,119.41
YYYY-09-DD 13:49:55,1410,1450,1350,+70,+5.22,+1410,+1405,869532,1228,2,+527648,+761541355,+254.34,1.00,5,000000,000000,+1,119.41
YYYY-09-DD 13:50:06,1405,1450,1350,+65,+4.85,+1410,+1405,869632,1229,2,+527748,+761681855,+254.36,1.00,5,000000,000000,-100,119.38
YYYY-09-DD 13:50:37,1410,1450,1350,+70,+5.22,+1410,+1405,869633,1229,2,+527749,+761683265,+254.36,1.00,5,000000,000000,+1,119.38
YYYY-09-DD 13:52:11,1405,1450,1350,+65,+4.85,+1410,+1405,869675,1229,2,+527791,+761742275,+254.38,1.00,5,000000,000000,-42,119.37
YYYY-09-DD 13:52:31,1405,1450,1350,+65,+4.85,+1405,+1400,869762,1229,2,+527878,+761864510,+254.40,1.00,5,000000,000000,-87,119.34
YYYY-09-DD 13:52:44,1405,1450,1350,+65,+4.85,+1410,+1400,870685,1230,2,+528801,+763161325,+254.67,1.00,5,000000,000000,+923,119.58
YYYY-09-DD 13:53:29,1400,1450,1350,+60,+4.48,+1410,+1400,870686,1230,2,+528802,+763162725,+254.67,1.00,5,000000,000000,-1,119.58
YYYY-09-DD 13:53:43,1410,1450,1350,+70,+5.22,+1410,+1405,870986,1230,2,+529102,+763585725,+254.76,1.00,5,000000,000000,+300,119.65
YYYY-09-DD 13:53:43,1410,1450,1350,+70,+5.22,+1410,+1405,874020,1235,2,+532136,+767863665,+255.65,1.01,5,000000,000000,+3034,120.42
YYYY-09-DD 13:55:04,1415,1450,1350,+75,+5.60,+1415,+1410,874021,1235,2,+532137,+767865080,+255.65,1.01,5,000000,000000,+1,120.42
YYYY-09-DD 13:55:22,1415,1450,1350,+75,+5.60,+1415,+1410,875021,1236,2,+533137,+769280080,+255.94,1.01,5,000000,000000,+1000,120.67
YYYY-09-DD 13:55:57,1415,1450,1350,+75,+5.60,+1415,+1410,875065,1236,2,+533181,+769342340,+255.95,1.01,5,000000,000000,+44,120.68
YYYY-09-DD 13:56:02,1410,1450,1350,+70,+5.22,+1415,+1410,875370,1237,2,+533486,+769772390,+256.04,1.01,5,000000,000000,-305,120.59
YYYY-09-DD 13:56:13,1415,1450,1350,+75,+5.60,+1415,+1410,875374,1237,2,+533490,+769778050,+256.04,1.01,5,000000,000000,+4,120.59
YYYY-09-DD 13:56:32,1415,1450,1350,+75,+5.60,+1415,+1410,875378,1237,2,+533494,+769783710,+256.05,1.01,5,000000,000000,+4,120.59
YYYY-09-DD 13:58:20,1410,1450,1350,+70,+5.22,+1415,+1410,876378,1238,2,+534494,+771193710,+256.34,1.01,5,000000,000000,-1000,120.29
YYYY-09-DD 13:59:06,1410,1450,1350,+70,+5.22,+1415,+1410,876388,1238,2,+534504,+771207810,+256.34,1.01,5,000000,000000,-10,120.28
YYYY-09-DD 13:59:24,1415,1450,1350,+75,+5.60,+1415,+1410,876389,1238,2,+534505,+771209225,+256.34,1.01,5,000000,000000,+1,120.28
YYYY-09-DD 14:00:41,1415,1450,1350,+75,+5.60,+1415,+1410,876489,1238,2,+534605,+771350725,+256.37,1.01,5,000000,000000,+100,120.31
YYYY-09-DD 14:04:21,1415,1450,1350,+75,+5.60,+1415,+1410,876520,1238,2,+534636,+771394590,+256.38,1.01,5,000000,000000,+31,120.32
YYYY-09-DD 14:04:34,1410,1450,1350,+70,+5.22,+1415,+1410,876853,1239,2,+534969,+771864120,+256.48,1.01,5,000000,000000,-333,120.22
YYYY-09-DD 14:04:34,1410,1450,1350,+70,+5.22,+1410,+1405,877064,1239,2,+535180,+772161630,+256.54,1.01,5,000000,000000,-211,120.15
YYYY-09-DD 14:04:55,1410,1450,1350,+70,+5.22,+1410,+1405,877066,1239,2,+535182,+772164450,+256.54,1.01,5,000000,000000,+2,120.15
YYYY-09-DD 14:08:05,1410,1450,1350,+70,+5.22,+1410,+1405,877096,1239,2,+535212,+772206750,+256.55,1.01,5,000000,000000,+30,120.16
YYYY-09-DD 14:08:16,1410,1450,1350,+70,+5.22,+1410,+1405,877106,1239,2,+535222,+772220850,+256.55,1.01,5,000000,000000,+10,120.16
YYYY-09-DD 14:08:17,1410,1450,1350,+70,+5.22,+1410,+1405,877145,1239,2,+535261,+772275840,+256.56,1.01,5,000000,000000,+39,120.17
YYYY-09-DD 14:08:24,1410,1450,1350,+70,+5.22,+1410,+1405,877165,1239,2,+535281,+772304040,+256.57,1.01,5,000000,000000,+20,120.18
YYYY-09-DD 14:08:26,1410,1450,1350,+70,+5.22,+1410,+1405,877166,1239,2,+535282,+772305450,+256.57,1.01,5,000000,000000,+1,120.18
YYYY-09-DD 14:08:33,1410,1450,1350,+70,+5.22,+1410,+1405,877300,1239,2,+535416,+772494390,+256.61,1.01,5,000000,000000,+134,120.21
YYYY-09-DD 14:08:35,1410,1450,1350,+70,+5.22,+1410,+1405,877310,1239,2,+535426,+772508490,+256.61,1.01,5,000000,000000,+10,120.21
YYYY-09-DD 14:10:58,1405,1450,1350,+65,+4.85,+1410,+1405,878405,1241,2,+536521,+774046965,+256.93,1.01,5,000000,000000,-1095,119.88
YYYY-09-DD 14:11:02,1410,1450,1350,+70,+5.22,+1410,+1405,878406,1241,2,+536522,+774048375,+256.93,1.01,5,000000,000000,+1,119.88
YYYY-09-DD 14:11:17,1405,1450,1350,+65,+4.85,+1410,+1405,878606,1241,2,+536722,+774329375,+256.99,1.01,5,000000,000000,-200,119.82
YYYY-09-DD 14:11:39,1405,1450,1350,+65,+4.85,+1410,+1405,878616,1241,2,+536732,+774343425,+256.99,1.01,5,000000,000000,-10,119.82
YYYY-09-DD 14:12:36,1405,1450,1350,+65,+4.85,+1405,+1400,878880,1242,2,+536996,+774714345,+257.07,1.01,5,000000,000000,-264,119.74
YYYY-09-DD 14:12:38,1405,1450,1350,+65,+4.85,+1410,+1400,879625,1243,2,+537741,+775761070,+257.29,1.01,5,000000,000000,+745,119.93
YYYY-09-DD 14:12:59,1405,1450,1350,+65,+4.85,+1410,+1405,879675,1243,2,+537791,+775831320,+257.30,1.01,5,000000,000000,-50,119.91
YYYY-09-DD 14:13:34,1405,1450,1350,+65,+4.85,+1410,+1405,880102,1243,2,+538218,+776431255,+257.43,1.01,5,000000,000000,-427,119.79
YYYY-09-DD 14:13:34,1400,1450,1350,+60,+4.48,+1410,+1405,892893,1261,2,+551009,+794338655,+261.17,1.03,5,000000,000000,-12791,116.08
YYYY-09-DD 14:13:34,1395,1450,1350,+55,+4.10,+1410,+1405,898416,1269,2,+556532,+802043240,+262.78,1.03,5,000000,000000,-5523,114.54
YYYY-09-DD 14:13:34,1390,1450,1350,+50,+3.73,+1410,+1405,904282,1277,2,+562398,+810196980,+264.50,1.04,5,000000,000000,-5866,112.96
YYYY-09-DD 14:13:34,1385,1450,1350,+45,+3.36,+1410,+1385,909675,1285,2,+567791,+817666285,+266.08,1.05,5,000000,000000,-5393,111.55
YYYY-09-DD 14:15:16,1400,1450,1350,+60,+4.48,+1400,+1395,909938,1285,2,+568054,+818034485,+266.15,1.05,5,000000,000000,+263,111.61
YYYY-09-DD 14:15:16,1400,1450,1350,+60,+4.48,+1405,+1395,910675,1286,2,+568791,+819066285,+266.37,1.05,5,000000,000000,+737,111.78
YYYY-09-DD 14:15:27,1395,1450,1350,+55,+4.10,+1405,+1395,910676,1286,2,+568792,+819067680,+266.37,1.05,5,000000,000000,-1,111.78
YYYY-09-DD 14:15:33,1400,1450,1350,+60,+4.48,+1410,+1395,910750,1286,2,+568866,+819171280,+266.39,1.05,5,000000,000000,-74,111.76
YYYY-09-DD 14:15:42,1400,1450,1350,+60,+4.48,+1405,+1395,910751,1286,2,+568867,+819172680,+266.39,1.05,5,000000,000000,-1,111.76
YYYY-09-DD 14:15:58,1400,1450,1350,+60,+4.48,+1410,+1400,912085,1288,2,+570201,+821040280,+266.78,1.05,5,000000,000000,-1334,111.41
YYYY-09-DD 14:17:23,1400,1450,1350,+60,+4.48,+1405,+1400,913094,1289,2,+571210,+822452880,+267.08,1.05,5,000000,000000,-1009,111.15
YYYY-09-DD 14:17:30,1405,1450,1350,+65,+4.85,+1405,+1400,913095,1289,2,+571211,+822454285,+267.08,1.05,5,000000,000000,+1,111.15
YYYY-09-DD 14:17:35,1400,1450,1350,+60,+4.48,+1400,+1395,913096,1289,2,+571212,+822455685,+267.08,1.05,5,000000,000000,-1,111.15
YYYY-09-DD 14:17:44,1400,1450,1350,+60,+4.48,+1400,+1395,913115,1289,2,+571231,+822482285,+267.08,1.05,5,000000,000000,+19,111.16
YYYY-09-DD 14:17:44,1405,1450,1350,+65,+4.85,+1405,+1395,913116,1289,2,+571232,+822483690,+267.08,1.05,5,000000,000000,+1,111.16
YYYY-09-DD 14:17:44,1405,1450,1350,+65,+4.85,+1405,+1400,913117,1289,2,+571233,+822485095,+267.08,1.05,5,000000,000000,+1,111.16
YYYY-09-DD 14:17:44,1405,1450,1350,+65,+4.85,+1405,+1400,913137,1289,2,+571253,+822513195,+267.09,1.05,5,000000,000000,+20,111.16
YYYY-09-DD 14:17:44,1405,1450,1350,+65,+4.85,+1405,+1400,913144,1289,2,+571260,+822523030,+267.09,1.05,5,000000,000000,+7,111.16
YYYY-09-DD 14:17:44,1410,1450,1350,+70,+5.22,+1410,+1400,913157,1289,2,+571273,+822541360,+267.10,1.05,5,000000,000000,+13,111.17
YYYY-09-DD 14:18:17,1410,1450,1350,+70,+5.22,+1410,+1400,913158,1289,2,+571274,+822542770,+267.10,1.05,5,000000,000000,+1,111.17
YYYY-09-DD 14:19:06,1410,1450,1350,+70,+5.22,+1410,+1400,913159,1289,2,+571275,+822544180,+267.10,1.05,5,000000,000000,+1,111.17
YYYY-09-DD 14:20:39,1405,1450,1350,+65,+4.85,+1405,+1400,913236,1290,2,+571352,+822652365,+267.12,1.05,5,000000,000000,-77,111.15
YYYY-09-DD 14:20:46,1405,1450,1350,+65,+4.85,+1405,+1400,913256,1290,2,+571372,+822680465,+267.12,1.05,5,000000,000000,+20,111.15
YYYY-09-DD 14:21:06,1405,1450,1350,+65,+4.85,+1405,+1400,913356,1290,2,+571472,+822820965,+267.15,1.05,5,000000,000000,+100,111.17
YYYY-09-DD 14:21:14,1405,1450,1350,+65,+4.85,+1410,+1405,913376,1290,2,+571492,+822849065,+267.16,1.05,5,000000,000000,+20,111.18
YYYY-09-DD 14:21:32,1410,1450,1350,+70,+5.22,+1410,+1405,913377,1290,2,+571493,+822850475,+267.16,1.05,5,000000,000000,+1,111.18
YYYY-09-DD 14:22:25,1410,1450,1350,+70,+5.22,+1410,+1405,913378,1290,2,+571494,+822851885,+267.16,1.05,5,000000,000000,+1,111.18
YYYY-09-DD 14:24:54,1405,1450,1350,+65,+4.85,+1410,+1400,913395,1290,2,+571511,+822875770,+267.17,1.05,5,000000,000000,-17,111.18
YYYY-09-DD 14:25:13,1405,1450,1350,+65,+4.85,+1410,+1405,913398,1290,2,+571514,+822879985,+267.17,1.05,5,000000,000000,+3,111.18
YYYY-09-DD 14:25:44,1405,1450,1350,+65,+4.85,+1410,+1405,913898,1290,2,+572014,+823582485,+267.31,1.05,5,000000,000000,-500,111.05
YYYY-09-DD 14:26:06,1405,1450,1350,+65,+4.85,+1405,+1400,913926,1290,2,+572042,+823621825,+267.32,1.05,5,000000,000000,-28,111.04
YYYY-09-DD 14:26:16,1405,1450,1350,+65,+4.85,+1410,+1405,913928,1290,2,+572044,+823624635,+267.32,1.05,5,000000,000000,+2,111.04
YYYY-09-DD 14:26:19,1410,1450,1350,+70,+5.22,+1410,+1405,913929,1290,2,+572045,+823626045,+267.32,1.05,5,000000,000000,+1,111.04
YYYY-09-DD 14:27:33,1405,1450,1350,+65,+4.85,+1410,+1405,913939,1290,2,+572055,+823640095,+267.32,1.05,5,000000,000000,-10,111.04
YYYY-09-DD 14:27:33,1405,1450,1350,+65,+4.85,+1410,+1405,913973,1291,2,+572089,+823687865,+267.33,1.05,5,000000,000000,-34,111.03
YYYY-09-DD 14:27:56,1410,1450,1350,+70,+5.22,+1410,+1400,913974,1291,2,+572090,+823689275,+267.33,1.05,5,000000,000000,+1,111.03
YYYY-09-DD 14:29:15,1410,1450,1350,+70,+5.22,+1410,+1405,913976,1291,2,+572092,+823692095,+267.34,1.05,5,000000,000000,+2,111.03
YYYY-09-DD 14:29:25,1405,1450,1350,+65,+4.85,+1410,+1400,913978,1291,2,+572094,+823694905,+267.34,1.05,5,000000,000000,-2,111.03
YYYY-09-DD 14:30:37,1405,1450,1350,+65,+4.85,+1410,+1405,914478,1291,2,+572594,+824397405,+267.48,1.05,5,000000,000000,-500,110.90
YYYY-09-DD 14:30:46,1410,1450,1350,+70,+5.22,+1410,+1405,914479,1291,2,+572595,+824398815,+267.48,1.05,5,000000,000000,+1,110.90
YYYY-09-DD 14:30:50,1405,1450,1350,+65,+4.85,+1405,+1400,914865,1292,2,+572981,+824941145,+267.60,1.05,5,000000,000000,-386,110.80
YYYY-09-DD 14:31:11,1405,1450,1350,+65,+4.85,+1405,+1400,914875,1292,2,+572991,+824955195,+267.60,1.05,5,000000,000000,+10,110.81
YYYY-09-DD 14:31:11,1405,1450,1350,+65,+4.85,+1405,+1400,914979,1292,2,+573095,+825101315,+267.63,1.05,5,000000,000000,+104,110.83
YYYY-09-DD 14:31:46,1405,1450,1350,+65,+4.85,+1410,+1400,914980,1292,2,+573096,+825102720,+267.63,1.05,5,000000,000000,-1,110.83
YYYY-09-DD 14:32:41,1405,1450,1350,+65,+4.85,+1405,+1400,914981,1292,2,+573097,+825104125,+267.63,1.05,5,000000,000000,-1,110.83
YYYY-09-DD 14:33:31,1400,1450,1350,+60,+4.48,+1405,+1400,914982,1292,2,+573098,+825105525,+267.63,1.05,5,000000,000000,-1,110.83
YYYY-09-DD 14:33:44,1400,1450,1350,+60,+4.48,+1405,+1400,914992,1292,2,+573108,+825119525,+267.63,1.05,5,000000,000000,-10,110.83
YYYY-09-DD 14:34:36,1405,1450,1350,+65,+4.85,+1405,+1400,915012,1292,2,+573128,+825147625,+267.64,1.05,5,000000,000000,+20,110.83
YYYY-09-DD 14:34:44,1405,1450,1350,+65,+4.85,+1405,+1400,915013,1292,2,+573129,+825149030,+267.64,1.05,5,000000,000000,+1,110.83
YYYY-09-DD 14:37:47,1400,1450,1350,+60,+4.48,+1405,+1395,916219,1294,2,+574335,+826837430,+267.99,1.05,5,000000,000000,-1206,110.52
YYYY-09-DD 14:38:11,1405,1450,1350,+65,+4.85,+1405,+1400,917432,1295,2,+575548,+828541695,+268.35,1.06,5,000000,000000,+1213,110.80
YYYY-09-DD 14:38:11,1405,1450,1350,+65,+4.85,+1410,+1400,919215,1298,2,+577331,+831046810,+268.87,1.06,5,000000,000000,+1783,111.21
YYYY-09-DD 14:39:01,1405,1450,1350,+65,+4.85,+1405,+1400,919472,1298,2,+577588,+831407895,+268.94,1.06,5,000000,000000,-257,111.15
YYYY-09-DD 14:40:25,1400,1450,1350,+60,+4.48,+1400,+1395,919946,1299,2,+578062,+832071495,+269.08,1.06,5,000000,000000,-474,111.03
YYYY-09-DD 14:40:29,1400,1450,1350,+60,+4.48,+1405,+1400,920472,1300,2,+578588,+832807895,+269.24,1.06,5,000000,000000,+526,111.15
YYYY-09-DD 14:40:43,1400,1450,1350,+60,+4.48,+1405,+1400,921481,1301,2,+579597,+834220495,+269.53,1.06,5,000000,000000,-1009,110.89
YYYY-09-DD 14:40:49,1400,1450,1350,+60,+4.48,+1405,+1400,921681,1301,2,+579797,+834500495,+269.59,1.06,5,000000,000000,-200,110.84
YYYY-09-DD 14:40:49,1400,1450,1350,+60,+4.48,+1405,+1400,923670,1304,2,+581786,+837285095,+270.17,1.06,5,000000,000000,-1989,110.34
YYYY-09-DD 14:41:07,1405,1450,1350,+65,+4.85,+1405,+1400,924013,1305,2,+582129,+837767010,+270.27,1.06,5,000000,000000,+343,110.42
YYYY-09-DD 14:41:07,1410,1450,1350,+70,+5.22,+1410,+1400,924070,1305,2,+582186,+837847380,+270.29,1.06,5,000000,000000,+57,110.43
YYYY-09-DD 14:41:44,1405,1450,1350,+65,+4.85,+1405,+1400,924167,1305,2,+582283,+837983665,+270.32,1.06,5,000000,000000,+97,110.45
YYYY-09-DD 14:42:04,1405,1450,1350,+65,+4.85,+1405,+1400,924267,1305,2,+582383,+838124165,+270.35,1.06,5,000000,000000,+100,110.47
YYYY-09-DD 14:42:04,1405,1450,1350,+65,+4.85,+1405,+1400,924270,1305,2,+582386,+838128380,+270.35,1.06,5,000000,000000,+3,110.47
YYYY-09-DD 14:42:16,1410,1450,1350,+70,+5.22,+1410,+1400,924271,1305,2,+582387,+838129790,+270.35,1.06,5,000000,000000,+1,110.47
YYYY-09-DD 14:42:16,1410,1450,1350,+70,+5.22,+1410,+1400,924272,1305,2,+582388,+838131200,+270.35,1.06,5,000000,000000,+1,110.47
YYYY-09-DD 14:42:23,1405,1450,1350,+65,+4.85,+1405,+1400,924273,1305,2,+582389,+838132605,+270.35,1.06,5,000000,000000,+1,110.47
YYYY-09-DD 14:42:57,1405,1450,1350,+65,+4.85,+1405,+1400,924274,1305,2,+582390,+838134010,+270.35,1.06,5,000000,000000,+1,110.47
YYYY-09-DD 14:43:01,1405,1450,1350,+65,+4.85,+1405,+1400,924276,1305,2,+582392,+838136820,+270.35,1.06,5,000000,000000,+2,110.48
YYYY-09-DD 14:43:07,1405,1450,1350,+65,+4.85,+1405,+1400,924278,1305,2,+582394,+838139630,+270.35,1.06,5,000000,000000,+2,110.48
YYYY-09-DD 14:43:11,1405,1450,1350,+65,+4.85,+1405,+1400,924280,1305,2,+582396,+838142440,+270.35,1.06,5,000000,000000,+2,110.48
YYYY-09-DD 14:43:15,1405,1450,1350,+65,+4.85,+1405,+1400,924282,1305,2,+582398,+838145250,+270.35,1.06,5,000000,000000,+2,110.48
YYYY-09-DD 14:43:18,1405,1450,1350,+65,+4.85,+1405,+1400,924286,1305,2,+582402,+838150870,+270.35,1.06,5,000000,000000,+4,110.48
YYYY-09-DD 14:43:24,1405,1450,1350,+65,+4.85,+1405,+1400,924290,1305,2,+582406,+838156490,+270.35,1.06,5,000000,000000,+4,110.48
YYYY-09-DD 14:43:27,1405,1450,1350,+65,+4.85,+1405,+1400,924294,1305,2,+582410,+838162110,+270.35,1.06,5,000000,000000,+4,110.48
YYYY-09-DD 14:43:28,1400,1450,1350,+60,+4.48,+1405,+1400,924295,1305,2,+582411,+838163510,+270.35,1.06,5,000000,000000,-1,110.48
YYYY-09-DD 14:43:34,1405,1450,1350,+65,+4.85,+1405,+1400,924296,1305,2,+582412,+838164915,+270.35,1.06,5,000000,000000,+1,110.48
YYYY-09-DD 14:43:42,1405,1450,1350,+65,+4.85,+1405,+1400,924298,1305,2,+582414,+838167725,+270.35,1.06,5,000000,000000,+2,110.48
YYYY-09-DD 14:43:45,1405,1450,1350,+65,+4.85,+1405,+1400,924300,1305,2,+582416,+838170535,+270.35,1.06,5,000000,000000,+2,110.48
YYYY-09-DD 14:43:48,1405,1450,1350,+65,+4.85,+1405,+1400,924302,1305,2,+582418,+838173345,+270.36,1.06,5,000000,000000,+2,110.48
YYYY-09-DD 14:43:51,1405,1450,1350,+65,+4.85,+1405,+1400,924304,1305,2,+582420,+838176155,+270.36,1.06,5,000000,000000,+2,110.48
YYYY-09-DD 14:43:53,1405,1450,1350,+65,+4.85,+1405,+1400,924306,1305,2,+582422,+838178965,+270.36,1.06,5,000000,000000,+2,110.48
YYYY-09-DD 14:43:55,1405,1450,1350,+65,+4.85,+1405,+1400,924308,1305,2,+582424,+838181775,+270.36,1.06,5,000000,000000,+2,110.48
YYYY-09-DD 14:43:57,1405,1450,1350,+65,+4.85,+1405,+1400,924310,1305,2,+582426,+838184585,+270.36,1.06,5,000000,000000,+2,110.48
YYYY-09-DD 14:44:00,1405,1450,1350,+65,+4.85,+1405,+1400,924312,1305,2,+582428,+838187395,+270.36,1.06,5,000000,000000,+2,110.48
YYYY-09-DD 14:44:18,1405,1450,1350,+65,+4.85,+1405,+1400,924313,1305,2,+582429,+838188800,+270.36,1.06,5,000000,000000,+1,110.48
YYYY-09-DD 14:44:48,1405,1450,1350,+65,+4.85,+1405,+1400,924315,1305,2,+582431,+838191610,+270.36,1.06,5,000000,000000,+2,110.48
YYYY-09-DD 14:44:50,1405,1450,1350,+65,+4.85,+1405,+1400,924317,1305,2,+582433,+838194420,+270.36,1.06,5,000000,000000,+2,110.48
YYYY-09-DD 14:44:57,1405,1450,1350,+65,+4.85,+1405,+1400,924319,1305,2,+582435,+838197230,+270.36,1.06,5,000000,000000,+2,110.48
YYYY-09-DD 14:44:59,1405,1450,1350,+65,+4.85,+1405,+1400,924321,1305,2,+582437,+838200040,+270.36,1.06,5,000000,000000,+2,110.49
YYYY-09-DD 14:45:02,1405,1450,1350,+65,+4.85,+1405,+1400,924323,1305,2,+582439,+838202850,+270.36,1.06,5,000000,000000,+2,110.49
YYYY-09-DD 14:45:04,1405,1450,1350,+65,+4.85,+1405,+1400,924325,1305,2,+582441,+838205660,+270.36,1.06,5,000000,000000,+2,110.49
YYYY-09-DD 14:45:07,1405,1450,1350,+65,+4.85,+1405,+1400,924327,1305,2,+582443,+838208470,+270.36,1.06,5,000000,000000,+2,110.49
YYYY-09-DD 14:45:09,1405,1450,1350,+65,+4.85,+1405,+1400,924329,1305,2,+582445,+838211280,+270.36,1.06,5,000000,000000,+2,110.49
YYYY-09-DD 14:45:11,1405,1450,1350,+65,+4.85,+1405,+1400,924331,1305,2,+582447,+838214090,+270.36,1.06,5,000000,000000,+2,110.49
YYYY-09-DD 14:45:16,1405,1450,1350,+65,+4.85,+1405,+1400,924333,1305,2,+582449,+838216900,+270.36,1.06,5,000000,000000,+2,110.49
YYYY-09-DD 14:45:18,1405,1450,1350,+65,+4.85,+1405,+1400,924335,1305,2,+582451,+838219710,+270.37,1.06,5,000000,000000,+2,110.49
YYYY-09-DD 14:45:19,1405,1450,1350,+65,+4.85,+1405,+1400,924337,1305,2,+582453,+838222520,+270.37,1.06,5,000000,000000,+2,110.49
YYYY-09-DD 14:45:21,1405,1450,1350,+65,+4.85,+1405,+1400,924339,1305,2,+582455,+838225330,+270.37,1.06,5,000000,000000,+2,110.49
YYYY-09-DD 14:45:22,1405,1450,1350,+65,+4.85,+1405,+1400,924341,1305,2,+582457,+838228140,+270.37,1.06,5,000000,000000,+2,110.49
YYYY-09-DD 14:45:24,1405,1450,1350,+65,+4.85,+1405,+1400,924343,1305,2,+582459,+838230950,+270.37,1.06,5,000000,000000,+2,110.49
YYYY-09-DD 14:45:35,1405,1450,1350,+65,+4.85,+1405,+1400,924345,1305,2,+582461,+838233760,+270.37,1.06,5,000000,000000,+2,110.49
YYYY-09-DD 14:45:37,1405,1450,1350,+65,+4.85,+1405,+1400,924347,1305,2,+582463,+838236570,+270.37,1.06,5,000000,000000,+2,110.49
YYYY-09-DD 14:45:38,1405,1450,1350,+65,+4.85,+1405,+1400,924349,1305,2,+582465,+838239380,+270.37,1.06,5,000000,000000,+2,110.49
YYYY-09-DD 14:45:40,1405,1450,1350,+65,+4.85,+1405,+1400,924351,1305,2,+582467,+838242190,+270.37,1.06,5,000000,000000,+2,110.49
YYYY-09-DD 14:45:41,1405,1450,1350,+65,+4.85,+1405,+1400,924353,1305,2,+582469,+838245000,+270.37,1.06,5,000000,000000,+2,110.49
YYYY-09-DD 14:45:54,1405,1450,1350,+65,+4.85,+1405,+1400,924354,1305,2,+582470,+838246405,+270.37,1.06,5,000000,000000,+1,110.49
YYYY-09-DD 14:45:56,1405,1450,1350,+65,+4.85,+1405,+1400,924355,1305,2,+582471,+838247810,+270.37,1.06,5,000000,000000,+1,110.49
YYYY-09-DD 14:46:02,1405,1450,1350,+65,+4.85,+1405,+1400,924357,1305,2,+582473,+838250620,+270.37,1.06,5,000000,000000,+2,110.49
YYYY-09-DD 14:46:05,1405,1450,1350,+65,+4.85,+1405,+1400,924358,1305,2,+582474,+838252025,+270.37,1.06,5,000000,000000,+1,110.49
YYYY-09-DD 14:46:08,1405,1450,1350,+65,+4.85,+1405,+1400,924360,1305,2,+582476,+838254835,+270.37,1.06,5,000000,000000,+2,110.49
YYYY-09-DD 14:46:14,1405,1450,1350,+65,+4.85,+1405,+1400,924361,1305,2,+582477,+838256240,+270.37,1.06,5,000000,000000,+1,110.49
YYYY-09-DD 14:46:16,1405,1450,1350,+65,+4.85,+1405,+1400,924363,1305,2,+582479,+838259050,+270.37,1.06,5,000000,000000,+2,110.49
YYYY-09-DD 14:46:18,1405,1450,1350,+65,+4.85,+1405,+1400,924364,1305,2,+582480,+838260455,+270.37,1.06,5,000000,000000,+1,110.49
YYYY-09-DD 14:46:21,1405,1450,1350,+65,+4.85,+1405,+1400,924366,1305,2,+582482,+838263265,+270.37,1.06,5,000000,000000,+2,110.50
YYYY-09-DD 14:46:24,1405,1450,1350,+65,+4.85,+1405,+1400,924367,1305,2,+582483,+838264670,+270.37,1.06,5,000000,000000,+1,110.50
YYYY-09-DD 14:46:27,1405,1450,1350,+65,+4.85,+1405,+1400,924369,1305,2,+582485,+838267480,+270.38,1.06,5,000000,000000,+2,110.50
YYYY-09-DD 14:46:29,1405,1450,1350,+65,+4.85,+1405,+1400,924371,1305,2,+582487,+838270290,+270.38,1.06,5,000000,000000,+2,110.50
YYYY-09-DD 14:46:53,1405,1450,1350,+65,+4.85,+1405,+1400,924373,1305,2,+582489,+838273100,+270.38,1.06,5,000000,000000,+2,110.50
YYYY-09-DD 14:46:55,1405,1450,1350,+65,+4.85,+1405,+1400,924375,1305,2,+582491,+838275910,+270.38,1.06,5,000000,000000,+2,110.50
YYYY-09-DD 14:46:59,1405,1450,1350,+65,+4.85,+1405,+1400,924377,1305,2,+582493,+838278720,+270.38,1.06,5,000000,000000,+2,110.50
YYYY-09-DD 14:47:03,1405,1450,1350,+65,+4.85,+1405,+1400,924379,1305,2,+582495,+838281530,+270.38,1.06,5,000000,000000,+2,110.50
YYYY-09-DD 14:47:05,1405,1450,1350,+65,+4.85,+1405,+1400,924381,1305,2,+582497,+838284340,+270.38,1.06,5,000000,000000,+2,110.50
YYYY-09-DD 14:47:06,1400,1450,1350,+60,+4.48,+1405,+1400,925995,1307,2,+584111,+840543940,+270.85,1.07,5,000000,000000,-1614,110.09
YYYY-09-DD 14:47:06,1395,1450,1350,+55,+4.10,+1405,+1400,927989,1310,2,+586105,+843325570,+271.43,1.07,5,000000,000000,-1994,109.60
YYYY-09-DD 14:47:06,1390,1450,1350,+50,+3.73,+1405,+1390,929381,1312,2,+587497,+845260450,+271.84,1.07,5,000000,000000,-1392,109.25
YYYY-09-DD 14:47:08,1405,1450,1350,+65,+4.85,+1405,+1390,929383,1312,2,+587499,+845263260,+271.84,1.07,5,000000,000000,+2,109.25
YYYY-09-DD 14:47:14,1405,1450,1350,+65,+4.85,+1405,+1395,929384,1312,2,+587500,+845264665,+271.84,1.07,5,000000,000000,+1,109.26
YYYY-09-DD 14:48:23,1395,1450,1350,+55,+4.10,+1405,+1395,929490,1312,2,+587606,+845412535,+271.87,1.07,5,000000,000000,-106,109.23
YYYY-09-DD 14:48:38,1405,1450,1350,+65,+4.85,+1405,+1395,929534,1312,2,+587650,+845474355,+271.89,1.07,5,000000,000000,+44,109.24
YYYY-09-DD 14:49:10,1405,1450,1350,+65,+4.85,+1405,+1395,929535,1312,2,+587651,+845475760,+271.89,1.07,5,000000,000000,+1,109.24
YYYY-09-DD 14:49:33,1405,1450,1350,+65,+4.85,+1405,+1400,930040,1313,2,+588156,+846185285,+272.03,1.07,5,000000,000000,+505,109.35
YYYY-09-DD 14:49:56,1400,1450,1350,+60,+4.48,+1405,+1400,930540,1314,2,+588656,+846885285,+272.18,1.07,5,000000,000000,-500,109.23
YYYY-09-DD 14:50:35,1405,1450,1350,+65,+4.85,+1405,+1400,930541,1314,2,+588657,+846886690,+272.18,1.07,5,000000,000000,+1,109.23
YYYY-09-DD 14:51:00,1400,1450,1350,+60,+4.48,+1405,+1400,931542,1315,2,+589658,+848288090,+272.47,1.07,5,000000,000000,-1001,108.98
YYYY-09-DD 14:51:44,1400,1450,1350,+60,+4.48,+1400,+1395,931736,1315,2,+589852,+848559690,+272.53,1.07,5,000000,000000,-194,108.94
YYYY-09-DD 14:51:58,1400,1450,1350,+60,+4.48,+1405,+1395,932242,1316,2,+590358,+849268090,+272.68,1.07,5,000000,000000,+506,109.05
YYYY-09-DD 14:52:51,1400,1450,1350,+60,+4.48,+1400,+1395,932443,1316,2,+590559,+849549490,+272.74,1.07,5,000000,000000,+201,109.10
YYYY-09-DD 14:52:51,1400,1450,1350,+60,+4.48,+1405,+1395,933251,1318,2,+591367,+850680690,+272.97,1.07,5,000000,000000,+808,109.28
YYYY-09-DD 14:53:12,1405,1450,1350,+65,+4.85,+1405,+1395,933252,1318,2,+591368,+850682095,+272.97,1.07,5,000000,000000,+1,109.28
YYYY-09-DD 14:53:29,1405,1450,1350,+65,+4.85,+1405,+1395,933352,1318,2,+591468,+850822595,+273.00,1.07,5,000000,000000,+100,109.30
YYYY-09-DD 14:55:07,1395,1450,1350,+55,+4.10,+1405,+1390,937080,1323,2,+595196,+856023155,+274.09,1.08,5,000000,000000,-3728,108.39
YYYY-09-DD 14:56:19,1400,1450,1350,+60,+4.48,+1405,+1400,937085,1323,2,+595201,+856030155,+274.09,1.08,5,000000,000000,+5,108.39
YYYY-09-DD 14:56:19,1400,1450,1350,+60,+4.48,+1405,+1390,937086,1323,2,+595202,+856031555,+274.09,1.08,5,000000,000000,-1,108.39
YYYY-09-DD 14:56:47,1400,1450,1350,+60,+4.48,+1400,+1395,937096,1323,2,+595212,+856045555,+274.10,1.08,5,000000,000000,-10,108.39
YYYY-09-DD 14:57:38,1400,1450,1350,+60,+4.48,+1400,+1395,937097,1323,2,+595213,+856046955,+274.10,1.08,5,000000,000000,+1,108.39
YYYY-09-DD 14:57:53,1400,1450,1350,+60,+4.48,+1400,+1395,937197,1323,2,+595313,+856186955,+274.13,1.08,5,000000,000000,+100,108.41
YYYY-09-DD 14:58:00,1400,1450,1350,+60,+4.48,+1405,+1395,938600,1325,2,+596716,+858151155,+274.54,1.08,5,000000,000000,+1403,108.73
YYYY-09-DD 14:58:16,1405,1450,1350,+65,+4.85,+1405,+1400,938601,1325,2,+596717,+858152560,+274.54,1.08,5,000000,000000,+1,108.73
YYYY-09-DD 14:58:17,1405,1450,1350,+65,+4.85,+1405,+1400,938602,1325,2,+596718,+858153965,+274.54,1.08,5,000000,000000,+1,108.73
YYYY-09-DD 14:58:19,1400,1450,1350,+60,+4.48,+1405,+1395,938612,1325,2,+596728,+858167965,+274.54,1.08,5,000000,000000,-10,108.72
YYYY-09-DD 14:58:29,1405,1450,1350,+65,+4.85,+1405,+1400,938613,1325,2,+596729,+858169370,+274.54,1.08,5,000000,000000,+1,108.72
YYYY-09-DD 14:58:30,1405,1450,1350,+65,+4.85,+1405,+1400,938614,1325,2,+596730,+858170775,+274.54,1.08,5,000000,000000,+1,108.72
YYYY-09-DD 14:58:34,1405,1450,1350,+65,+4.85,+1405,+1400,938615,1325,2,+596731,+858172180,+274.54,1.08,5,000000,000000,+1,108.73
YYYY-09-DD 14:59:04,1400,1450,1350,+60,+4.48,+1405,+1395,938626,1325,2,+596742,+858187580,+274.55,1.08,5,000000,000000,-11,108.72
YYYY-09-DD 14:59:22,1395,1450,1350,+55,+4.10,+1400,+1395,940022,1327,2,+598138,+860135000,+274.95,1.08,5,000000,000000,-1396,108.39
YYYY-09-DD 14:59:29,1400,1450,1350,+60,+4.48,+1405,+1400,940272,1327,2,+598388,+860485000,+275.03,1.08,5,000000,000000,+250,108.44
YYYY-09-DD 14:59:40,1400,1450,1350,+60,+4.48,+1405,+1400,940273,1327,2,+598389,+860486400,+275.03,1.08,5,000000,000000,-1,108.44
YYYY-09-DD 14:59:46,1400,1450,1350,+60,+4.48,+1405,+1400,940283,1327,2,+598399,+860500400,+275.03,1.08,5,000000,000000,-10,108.44
YYYY-09-DD 15:00:28,1405,1450,1350,+65,+4.85,+1405,+1400,940284,1327,2,+598400,+860501805,+275.03,1.08,5,000000,000000,+1,108.44
YYYY-09-DD 15:00:43,1400,1450,1350,+60,+4.48,+1400,+1395,940520,1328,2,+598636,+860832205,+275.10,1.08,5,000000,000000,-236,108.38
YYYY-09-DD 15:01:47,1400,1450,1350,+60,+4.48,+1405,+1400,942293,1330,2,+600409,+863314405,+275.62,1.08,5,000000,000000,+1773,108.78
YYYY-09-DD 15:01:51,1400,1450,1350,+60,+4.48,+1405,+1400,942296,1330,2,+600412,+863318605,+275.62,1.08,5,000000,000000,-3,108.77
YYYY-09-DD 15:01:54,1400,1450,1350,+60,+4.48,+1405,+1400,942299,1330,2,+600415,+863322805,+275.62,1.08,5,000000,000000,-3,108.77
YYYY-09-DD 15:01:54,1400,1450,1350,+60,+4.48,+1405,+1400,942302,1330,2,+600418,+863327005,+275.62,1.08,5,000000,000000,-3,108.77
YYYY-09-DD 15:02:09,1405,1450,1350,+65,+4.85,+1405,+1400,942304,1330,2,+600420,+863329815,+275.62,1.08,5,000000,000000,+2,108.77
YYYY-09-DD 15:02:57,1400,1450,1350,+60,+4.48,+1405,+1395,943304,1332,2,+601420,+864729815,+275.91,1.09,5,000000,000000,+1000,109.00
YYYY-09-DD 15:03:51,1400,1450,1350,+60,+4.48,+1400,+1395,943354,1332,2,+601470,+864799815,+275.93,1.09,5,000000,000000,-50,108.98
YYYY-09-DD 15:03:59,1400,1450,1350,+60,+4.48,+1405,+1400,943454,1332,2,+601570,+864939815,+275.96,1.09,5,000000,000000,+100,109.01
YYYY-09-DD 15:04:09,1400,1450,1350,+60,+4.48,+1400,+1395,943554,1332,2,+601670,+865079815,+275.99,1.09,5,000000,000000,-100,108.98
YYYY-09-DD 15:04:20,1400,1450,1350,+60,+4.48,+1400,+1395,943703,1332,2,+601819,+865288415,+276.03,1.09,5,000000,000000,+149,109.01
YYYY-09-DD 15:04:49,1400,1450,1350,+60,+4.48,+1405,+1395,945080,1334,2,+603196,+867216215,+276.43,1.09,5,000000,000000,+1377,109.32
YYYY-09-DD 15:05:30,1405,1450,1350,+65,+4.85,+1405,+1400,945081,1334,2,+603197,+867217620,+276.43,1.09,5,000000,000000,+1,109.32
YYYY-09-DD 15:05:44,1400,1450,1350,+60,+4.48,+1405,+1400,945082,1334,2,+603198,+867219020,+276.43,1.09,5,000000,000000,-1,109.32
YYYY-09-DD 15:05:44,1395,1450,1350,+55,+4.10,+1405,+1395,945083,1334,2,+603199,+867220415,+276.43,1.09,5,000000,000000,-1,109.32
YYYY-09-DD 15:06:11,1405,1450,1350,+65,+4.85,+1405,+1395,945084,1334,2,+603200,+867221820,+276.43,1.09,5,000000,000000,+1,109.32
YYYY-09-DD 15:06:21,1400,1450,1350,+60,+4.48,+1400,+1395,945085,1334,2,+603201,+867223220,+276.43,1.09,5,000000,000000,-1,109.32
YYYY-09-DD 15:06:36,1400,1450,1350,+60,+4.48,+1400,+1395,945185,1334,2,+603301,+867363220,+276.46,1.09,5,000000,000000,+100,109.34
YYYY-09-DD 15:07:40,1395,1450,1350,+55,+4.10,+1400,+1395,945484,1335,2,+603600,+867780325,+276.55,1.09,5,000000,000000,-299,109.27
YYYY-09-DD 15:07:40,1395,1450,1350,+55,+4.10,+1400,+1395,945488,1335,2,+603604,+867785905,+276.55,1.09,5,000000,000000,-4,109.27
YYYY-09-DD 15:08:04,1400,1450,1350,+60,+4.48,+1400,+1395,945489,1335,2,+603605,+867787305,+276.55,1.09,5,000000,000000,+1,109.27
YYYY-09-DD 15:08:31,1400,1450,1350,+60,+4.48,+1400,+1395,945492,1335,2,+603608,+867791505,+276.55,1.09,5,000000,000000,+3,109.27
YYYY-09-DD 15:10:03,1400,1450,1350,+60,+4.48,+1405,+1400,947930,1338,2,+606046,+871204705,+277.27,1.09,5,000000,000000,+2438,109.81
YYYY-09-DD 15:10:15,1405,1450,1350,+65,+4.85,+1405,+1400,956930,1351,2,+615046,+883849705,+279.90,1.10,5,000000,000000,+9000,111.80
YYYY-09-DD 15:10:15,1405,1450,1350,+65,+4.85,+1405,+1400,957544,1352,2,+615660,+884712375,+280.08,1.10,5,000000,000000,+614,111.94
YYYY-09-DD 15:10:32,1405,1450,1350,+65,+4.85,+1405,+1400,957545,1352,2,+615661,+884713780,+280.08,1.10,5,000000,000000,+1,111.94
YYYY-09-DD 15:10:32,1405,1450,1350,+65,+4.85,+1405,+1400,957744,1352,2,+615860,+884993375,+280.14,1.10,5,000000,000000,+199,111.98
YYYY-09-DD 15:10:32,1410,1450,1350,+70,+5.22,+1410,+1400,957745,1352,2,+615861,+884994785,+280.14,1.10,5,000000,000000,+1,111.98
YYYY-09-DD 15:10:44,1410,1450,1350,+70,+5.22,+1415,+1410,966342,1364,2,+624458,+897116555,+282.65,1.11,5,000000,000000,+8597,113.88
YYYY-09-DD 15:10:50,1415,1450,1350,+75,+5.60,+1415,+1410,966343,1364,2,+624459,+897117970,+282.65,1.11,5,000000,000000,+1,113.88
YYYY-09-DD 15:10:53,1410,1450,1350,+70,+5.22,+1410,+1405,991715,1400,2,+649831,+932892490,+290.07,1.14,5,000000,000000,-25372,107.83
YYYY-09-DD 15:10:53,1410,1450,1350,+70,+5.22,+1410,+1405,991716,1400,2,+649832,+932893900,+290.07,1.14,5,000000,000000,+1,107.83
YYYY-09-DD 15:10:53,1410,1450,1350,+70,+5.22,+1410,+1405,991717,1400,2,+649833,+932895310,+290.07,1.14,5,000000,000000,+1,107.83
YYYY-09-DD 15:10:55,1410,1450,1350,+70,+5.22,+1410,+1405,991718,1400,2,+649834,+932896720,+290.07,1.14,5,000000,000000,+1,107.83
YYYY-09-DD 15:10:55,1410,1450,1350,+70,+5.22,+1410,+1405,991719,1400,2,+649835,+932898130,+290.07,1.14,5,000000,000000,+1,107.83
YYYY-09-DD 15:10:55,1410,1450,1350,+70,+5.22,+1410,+1405,991720,1400,2,+649836,+932899540,+290.07,1.14,5,000000,000000,+1,107.83
YYYY-09-DD 15:10:58,1410,1450,1350,+70,+5.22,+1410,+1405,991721,1400,2,+649837,+932900950,+290.08,1.14,5,000000,000000,+1,107.83
YYYY-09-DD 15:11:28,1410,1450,1350,+70,+5.22,+1410,+1405,991723,1400,2,+649839,+932903770,+290.08,1.14,5,000000,000000,+2,107.83
YYYY-09-DD 15:12:10,1410,1450,1350,+70,+5.22,+1410,+1405,992423,1401,2,+650539,+933890770,+290.28,1.14,5,000000,000000,+700,107.98
YYYY-09-DD 15:12:14,1410,1450,1350,+70,+5.22,+1410,+1405,992424,1401,2,+650540,+933892180,+290.28,1.14,5,000000,000000,+1,107.98
YYYY-09-DD 15:12:20,1405,1450,1350,+65,+4.85,+1410,+1405,992425,1401,2,+650541,+933893585,+290.28,1.14,5,000000,000000,-1,107.98
YYYY-09-DD 15:12:51,1405,1450,1350,+65,+4.85,+1405,+1400,992525,1401,2,+650641,+934034085,+290.31,1.14,5,000000,000000,-100,107.95
YYYY-09-DD 15:13:08,1405,1450,1350,+65,+4.85,+1405,+1400,993525,1402,2,+651641,+935439085,+290.60,1.14,5,000000,000000,+1000,108.16
YYYY-09-DD 15:13:30,1405,1450,1350,+65,+4.85,+1405,+1400,993534,1402,2,+651650,+935451730,+290.61,1.14,5,000000,000000,+9,108.17
YYYY-09-DD 15:13:30,1410,1450,1350,+70,+5.22,+1410,+1400,993535,1402,2,+651651,+935453140,+290.61,1.14,5,000000,000000,+1,108.17
YYYY-09-DD 15:13:43,1405,1450,1350,+65,+4.85,+1405,+1400,993635,1402,2,+651751,+935593640,+290.64,1.14,5,000000,000000,-100,108.14
YYYY-09-DD 15:14:28,1400,1450,1350,+60,+4.48,+1405,+1400,994135,1403,2,+652251,+936293640,+290.78,1.14,5,000000,000000,-500,108.03
YYYY-09-DD 15:15:19,1405,1450,1350,+65,+4.85,+1405,+1400,994137,1403,2,+652253,+936296450,+290.78,1.14,5,000000,000000,+2,108.03
YYYY-09-DD 15:15:38,1405,1450,1350,+65,+4.85,+1405,+1400,994138,1403,2,+652254,+936297855,+290.78,1.14,5,000000,000000,+1,108.03
YYYY-09-DD 15:15:44,1405,1450,1350,+65,+4.85,+1405,+1400,994139,1403,2,+652255,+936299260,+290.78,1.14,5,000000,000000,+1,108.03
YYYY-09-DD 15:15:48,1405,1450,1350,+65,+4.85,+1405,+1400,994142,1403,2,+652258,+936303475,+290.78,1.14,5,000000,000000,+3,108.03
YYYY-09-DD 15:15:53,1405,1450,1350,+65,+4.85,+1405,+1400,994143,1403,2,+652259,+936304880,+290.78,1.14,5,000000,000000,+1,108.03
YYYY-09-DD 15:15:57,1405,1450,1350,+65,+4.85,+1405,+1400,994147,1403,2,+652263,+936310500,+290.78,1.14,5,000000,000000,+4,108.03
YYYY-09-DD 15:15:57,1405,1450,1350,+65,+4.85,+1405,+1400,994157,1403,2,+652273,+936324550,+290.79,1.14,5,000000,000000,+10,108.03
YYYY-09-DD 15:16:02,1405,1450,1350,+65,+4.85,+1405,+1400,994167,1403,2,+652283,+936338600,+290.79,1.14,5,000000,000000,+10,108.04
YYYY-09-DD 15:16:05,1405,1450,1350,+65,+4.85,+1405,+1400,994177,1403,2,+652293,+936352650,+290.79,1.14,5,000000,000000,+10,108.04
YYYY-09-DD 15:16:09,1405,1450,1350,+65,+4.85,+1405,+1400,994187,1403,2,+652303,+936366700,+290.80,1.14,5,000000,000000,+10,108.04
YYYY-09-DD 15:16:13,1405,1450,1350,+65,+4.85,+1405,+1400,994197,1403,2,+652313,+936380750,+290.80,1.14,5,000000,000000,+10,108.04
YYYY-09-DD 15:16:16,1405,1450,1350,+65,+4.85,+1405,+1400,994207,1403,2,+652323,+936394800,+290.80,1.14,5,000000,000000,+10,108.04
YYYY-09-DD 15:16:18,1405,1450,1350,+65,+4.85,+1405,+1400,994217,1403,2,+652333,+936408850,+290.81,1.14,5,000000,000000,+10,108.05
YYYY-09-DD 15:16:20,1405,1450,1350,+65,+4.85,+1405,+1400,994219,1403,2,+652335,+936411660,+290.81,1.14,5,000000,000000,+2,108.05
YYYY-09-DD 15:16:23,1405,1450,1350,+65,+4.85,+1405,+1400,994229,1403,2,+652345,+936425710,+290.81,1.14,5,000000,000000,+10,108.05
YYYY-09-DD 15:16:28,1405,1450,1350,+65,+4.85,+1405,+1400,994239,1403,2,+652355,+936439760,+290.81,1.14,5,000000,000000,+10,108.05
YYYY-09-DD 15:16:32,1400,1450,1350,+60,+4.48,+1405,+1400,994249,1403,2,+652365,+936453760,+290.81,1.14,5,000000,000000,-10,108.05
YYYY-09-DD 15:16:32,1405,1450,1350,+65,+4.85,+1405,+1400,994259,1403,2,+652375,+936467810,+290.82,1.14,5,000000,000000,+10,108.05
YYYY-09-DD 15:16:33,1400,1450,1350,+60,+4.48,+1405,+1400,994260,1403,2,+652376,+936469210,+290.82,1.14,5,000000,000000,-1,108.05
YYYY-09-DD 15:16:52,1400,1450,1350,+60,+4.48,+1400,+1395,995101,1404,2,+653217,+937646610,+291.06,1.14,5,000000,000000,-841,107.86
YYYY-09-DD 15:16:56,1400,1450,1350,+60,+4.48,+1405,+1395,995269,1405,2,+653385,+937881810,+291.11,1.15,5,000000,000000,+168,107.90
YYYY-09-DD 15:17:48,1405,1450,1350,+65,+4.85,+1405,+1395,995270,1405,2,+653386,+937883215,+291.11,1.15,5,000000,000000,+1,107.90
YYYY-09-DD 15:17:55,1405,1450,1350,+65,+4.85,+1405,+1395,995271,1405,2,+653387,+937884620,+291.11,1.15,5,000000,000000,+1,107.90
YYYY-09-DD 15:18:51,1405,1450,1350,+65,+4.85,+1410,+1405,996178,1406,2,+654294,+939158955,+291.38,1.15,5,000000,000000,+907,108.09
YYYY-09-DD 15:19:02,1410,1450,1350,+70,+5.22,+1410,+1405,996179,1406,2,+654295,+939160365,+291.38,1.15,5,000000,000000,+1,108.09
YYYY-09-DD 15:19:36,1410,1450,1350,+70,+5.22,+1410,+1405,996185,1406,2,+654301,+939168825,+291.38,1.15,5,000000,000000,+6,108.09
YYYY-09-DD 15:19:38,1410,1450,1350,+70,+5.22,+1410,+1405,1000404,1412,2,+658520,+945117615,+292.62,1.15,5,000000,000000,+4219,108.97
YYYY-09-DD 15:19:38,1415,1450,1350,+75,+5.60,+1415,+1405,1000440,1412,2,+658556,+945168555,+292.63,1.15,5,000000,000000,+36,108.98
YYYY-09-DD 15:19:43,1415,1450,1350,+75,+5.60,+1415,+1405,1002592,1415,2,+660708,+948213635,+293.26,1.15,5,000000,000000,+2152,109.43
YYYY-09-DD 15:19:44,1405,1450,1350,+65,+4.85,+1415,+1405,1002892,1415,2,+661008,+948635135,+293.34,1.15,5,000000,000000,-300,109.36
YYYY-09-DD 15:19:52,1415,1450,1350,+75,+5.60,+1415,+1405,1002893,1415,2,+661009,+948636550,+293.34,1.15,5,000000,000000,+1,109.36
YYYY-09-DD 15:19:55,1405,0,0,+65,+4.85,,,1,,2,,,,,,,,-1,
YYYY-09-DD 15:19:56,1405,0,0,+65,+4.85,,,1,,2,,,,,,,,0,
YYYY-09-DD 15:20:02,1405,0,0,+65,+4.85,,,1,,2,,,,,,,,0,
YYYY-09-DD 15:20:03,1405,0,0,+65,+4.85,,,1,,2,,,,,,,,0,
YYYY-09-DD 15:20:04,1405,0,0,+65,+4.85,,,1,,2,,,,,,,,0,
YYYY-09-DD 15:20:05,1405,0,0,+65,+4.85,,,1,,2,,,,,,,,0,
YYYY-09-DD 15:20:06,1405,0,0,+65,+4.85,,,1,,2,,,,,,,,0,
YYYY-09-DD 15:20:06,1390,0,0,+50,+3.73,,,2830,,2,,,,,,,,-2829,
YYYY-09-DD 15:20:07,1390,0,0,+50,+3.73,,,2830,,2,,,,,,,,0,
YYYY-09-DD 15:20:08,1390,0,0,+50,+3.73,,,2830,,2,,,,,,,,0,
YYYY-09-DD 15:20:09,1390,0,0,+50,+3.73,,,2830,,2,,,,,,,,0,
YYYY-09-DD 15:20:10,1390,0,0,+50,+3.73,,,2830,,2,,,,,,,,0,
YYYY-09-DD 15:20:12,1395,0,0,+55,+4.10,,,2830,,2,,,,,,,,+0,
YYYY-09-DD 15:20:12,1395,0,0,+55,+4.10,,,2830,,2,,,,,,,,0,
YYYY-09-DD 15:20:15,1395,0,0,+55,+4.10,,,2830,,2,,,,,,,,0,
YYYY-09-DD 15:20:21,1395,0,0,+55,+4.10,,,2830,,2,,,,,,,,0,
YYYY-09-DD 15:20:26,1395,0,0,+55,+4.10,,,2830,,2,,,,,,,,0,
YYYY-09-DD 15:20:28,1395,0,0,+55,+4.10,,,2830,,2,,,,,,,,0,
YYYY-09-DD 15:20:29,1395,0,0,+55,+4.10,,,2830,,2,,,,,,,,0,
YYYY-09-DD 15:20:31,1395,0,0,+55,+4.10,,,2830,,2,,,,,,,,0,
YYYY-09-DD 15:20:32,1405,0,0,+65,+4.85,,,2830,,2,,,,,,,,+0,
YYYY-09-DD 15:20:35,1405,0,0,+65,+4.85,,,2830,,2,,,,,,,,0,
YYYY-09-DD 15:20:37,1405,0,0,+65,+4.85,,,2830,,2,,,,,,,,0,
YYYY-09-DD 15:20:39,1405,0,0,+65,+4.85,,,2830,,2,,,,,,,,0,
YYYY-09-DD 15:20:45,1390,0,0,+50,+3.73,,,4717,,2,,,,,,,,-1887,
YYYY-09-DD 15:20:53,1390,0,0,+50,+3.73,,,4717,,2,,,,,,,,0,
YYYY-09-DD 15:20:55,1390,0,0,+50,+3.73,,,6431,,2,,,,,,,,-1714,
YYYY-09-DD 15:20:58,1390,0,0,+50,+3.73,,,6431,,2,,,,,,,,0,
YYYY-09-DD 15:21:03,1395,0,0,+55,+4.10,,,6431,,2,,,,,,,,+0,
YYYY-09-DD 15:21:13,1395,0,0,+55,+4.10,,,6431,,2,,,,,,,,0,
YYYY-09-DD 15:21:15,1390,0,0,+50,+3.73,,,7431,,2,,,,,,,,-1000,
YYYY-09-DD 15:21:17,1390,0,0,+50,+3.73,,,7431,,2,,,,,,,,0,
YYYY-09-DD 15:21:21,1390,0,0,+50,+3.73,,,7433,,2,,,,,,,,-2,
YYYY-09-DD 15:21:22,1390,0,0,+50,+3.73,,,7433,,2,,,,,,,,0,
YYYY-09-DD 15:21:28,1390,0,0,+50,+3.73,,,8233,,2,,,,,,,,-800,
YYYY-09-DD 15:21:33,1385,0,0,+45,+3.36,,,19073,,2,,,,,,,,-10840,
YYYY-09-DD 15:21:33,1385,0,0,+45,+3.36,,,19073,,2,,,,,,,,0,
YYYY-09-DD 15:21:34,1390,0,0,+50,+3.73,,,20943,,2,,,,,,,,+1870,
YYYY-09-DD 15:21:35,1390,0,0,+50,+3.73,,,20960,,2,,,,,,,,+17,
YYYY-09-DD 15:21:49,1390,0,0,+50,+3.73,,,20960,,2,,,,,,,,0,
YYYY-09-DD 15:21:52,1390,0,0,+50,+3.73,,,21203,,2,,,,,,,,-243,
YYYY-09-DD 15:22:02,1390,0,0,+50,+3.73,,,21203,,2,,,,,,,,0,
YYYY-09-DD 15:22:03,1390,0,0,+50,+3.73,,,21203,,2,,,,,,,,0,
YYYY-09-DD 15:22:18,1390,0,0,+50,+3.73,,,21503,,2,,,,,,,,-300,
YYYY-09-DD 15:22:19,1390,0,0,+50,+3.73,,,21503,,2,,,,,,,,0,
YYYY-09-DD 15:22:24,1390,0,0,+50,+3.73,,,21808,,2,,,,,,,,+305,
YYYY-09-DD 15:22:34,1390,0,0,+50,+3.73,,,21203,,2,,,,,,,,--605,
YYYY-09-DD 15:22:35,1390,0,0,+50,+3.73,,,21203,,2,,,,,,,,0,
YYYY-09-DD 15:22:47,1390,0,0,+50,+3.73,,,21203,,2,,,,,,,,0,
YYYY-09-DD 15:22:48,1390,0,0,+50,+3.73,,,21208,,2,,,,,,,,-5,
YYYY-09-DD 15:22:50,1390,0,0,+50,+3.73,,,21208,,2,,,,,,,,0,
YYYY-09-DD 15:22:51,1390,0,0,+50,+3.73,,,21208,,2,,,,,,,,0,
YYYY-09-DD 15:22:58,1390,0,0,+50,+3.73,,,21208,,2,,,,,,,,0,
YYYY-09-DD 15:23:01,1390,0,0,+50,+3.73,,,21208,,2,,,,,,,,0,
YYYY-09-DD 15:23:02,1390,0,0,+50,+3.73,,,21208,,2,,,,,,,,0,
YYYY-09-DD 15:23:04,1390,0,0,+50,+3.73,,,21208,,2,,,,,,,,0,
YYYY-09-DD 15:23:05,1390,0,0,+50,+3.73,,,21813,,2,,,,,,,,-605,
YYYY-09-DD 15:23:18,1390,0,0,+50,+3.73,,,21813,,2,,,,,,,,0,
YYYY-09-DD 15:23:27,1390,0,0,+50,+3.73,,,21813,,2,,,,,,,,0,
YYYY-09-DD 15:23:47,1390,0,0,+50,+3.73,,,21813,,2,,,,,,,,0,
YYYY-09-DD 15:23:48,1390,0,0,+50,+3.73,,,21848,,2,,,,,,,,-35,
YYYY-09-DD 15:23:50,1390,0,0,+50,+3.73,,,22023,,2,,,,,,,,-175,
YYYY-09-DD 15:24:03,1390,0,0,+50,+3.73,,,20136,,2,,,,,,,,--1887,
YYYY-09-DD 15:24:13,1390,0,0,+50,+3.73,,,20136,,2,,,,,,,,0,
YYYY-09-DD 15:25:15,1390,0,0,+50,+3.73,,,20136,,2,,,,,,,,0,
YYYY-09-DD 15:25:19,1390,0,0,+50,+3.73,,,20136,,2,,,,,,,,0,
YYYY-09-DD 15:25:26,1390,0,0,+50,+3.73,,,20136,,2,,,,,,,,0,
YYYY-09-DD 15:25:27,1405,0,0,+65,+4.85,,,20136,,2,,,,,,,,+0,
YYYY-09-DD 15:25:34,1405,0,0,+65,+4.85,,,20136,,2,,,,,,,,0,
YYYY-09-DD 15:25:36,1405,0,0,+65,+4.85,,,20136,,2,,,,,,,,0,
YYYY-09-DD 15:25:37,1390,0,0,+50,+3.73,,,20136,,2,,,,,,,,-0,
YYYY-09-DD 15:25:49,1390,0,0,+50,+3.73,,,20136,,2,,,,,,,,0,
YYYY-09-DD 15:25:52,1390,0,0,+50,+3.73,,,20136,,2,,,,,,,,0,
YYYY-09-DD 15:26:03,1395,0,0,+55,+4.10,,,20136,,2,,,,,,,,+0,
YYYY-09-DD 15:26:04,1395,0,0,+55,+4.10,,,20136,,2,,,,,,,,0,
YYYY-09-DD 15:26:15,1395,0,0,+55,+4.10,,,20136,,2,,,,,,,,0,
YYYY-09-DD 15:26:15,1395,0,0,+55,+4.10,,,20136,,2,,,,,,,,0,
YYYY-09-DD 15:26:35,1395,0,0,+55,+4.10,,,20136,,2,,,,,,,,0,
YYYY-09-DD 15:26:44,1395,0,0,+55,+4.10,,,20136,,2,,,,,,,,0,
YYYY-09-DD 15:26:57,1395,0,0,+55,+4.10,,,20136,,2,,,,,,,,0,
YYYY-09-DD 15:26:58,1395,0,0,+55,+4.10,,,20136,,2,,,,,,,,0,
YYYY-09-DD 15:26:58,1395,0,0,+55,+4.10,,,20136,,2,,,,,,,,0,
YYYY-09-DD 15:26:59,1395,0,0,+55,+4.10,,,20136,,2,,,,,,,,0,
YYYY-09-DD 15:27:00,1395,0,0,+55,+4.10,,,20136,,2,,,,,,,,0,
YYYY-09-DD 15:27:01,1395,0,0,+55,+4.10,,,20136,,2,,,,,,,,0,
YYYY-09-DD 15:27:02,1395,0,0,+55,+4.10,,,20136,,2,,,,,,,,0,
YYYY-09-DD 15:27:03,1395,0,0,+55,+4.10,,,20136,,2,,,,,,,,0,
YYYY-09-DD 15:27:04,1395,0,0,+55,+4.10,,,20136,,2,,,,,,,,0,
YYYY-09-DD 15:27:09,1395,0,0,+55,+4.10,,,20136,,2,,,,,,,,0,
YYYY-09-DD 15:27:10,1395,0,0,+55,+4.10,,,20136,,2,,,,,,,,0,
YYYY-09-DD 15:27:16,1395,0,0,+55,+4.10,,,20136,,2,,,,,,,,0,
YYYY-09-DD 15:27:21,1395,0,0,+55,+4.10,,,20136,,2,,,,,,,,0,
YYYY-09-DD 15:27:26,1395,0,0,+55,+4.10,,,20136,,2,,,,,,,,0,
YYYY-09-DD 15:28:13,1415,0,0,+75,+5.60,,,20996,,2,,,,,,,,+860,
YYYY-09-DD 15:28:17,1415,0,0,+75,+5.60,,,21096,,2,,,,,,,,+100,
YYYY-09-DD 15:28:28,1405,0,0,+65,+4.85,,,22477,,2,,,,,,,,-1381,
YYYY-09-DD 15:28:29,1405,0,0,+65,+4.85,,,22477,,2,,,,,,,,0,
YYYY-09-DD 15:28:30,1400,0,0,+60,+4.48,,,23236,,2,,,,,,,,-759,
YYYY-09-DD 15:28:30,1395,0,0,+55,+4.10,,,24009,,2,,,,,,,,-773,
YYYY-09-DD 15:28:40,1395,0,0,+55,+4.10,,,24009,,2,,,,,,,,0,
YYYY-09-DD 15:28:44,1400,0,0,+60,+4.48,,,24009,,2,,,,,,,,+0,
YYYY-09-DD 15:29:12,1400,0,0,+60,+4.48,,,24009,,2,,,,,,,,0,
YYYY-09-DD 15:29:13,1400,0,0,+60,+4.48,,,24009,,2,,,,,,,,0,
YYYY-09-DD 15:29:16,1400,0,0,+60,+4.48,,,24009,,2,,,,,,,,0,
YYYY-09-DD 15:29:28,1400,0,0,+60,+4.48,,,24009,,2,,,,,,,,0,
YYYY-09-DD 15:29:32,1400,0,0,+60,+4.48,,,24009,,2,,,,,,,,0,
YYYY-09-DD 15:29:33,1400,0,0,+60,+4.48,,,24009,,2,,,,,,,,0,
YYYY-09-DD 15:29:44,1415,0,0,+75,+5.60,,,28584,,2,,,,,,,,+4575,
YYYY-09-DD 15:29:52,1415,0,0,+75,+5.60,,,28584,,2,,,,,,,,0,
YYYY-09-DD 15:30:14,1415,0,0,+75,+5.60,,,28584,,2,,,,,,,,0,
YYYY-09-DD 15:30:16,1415,0,0,+75,+5.60,,,29076,,2,,,,,,,,+492,
YYYY-09-DD 15:30:25,1415,1450,1350,+75,+5.60,+1420,+1415,1031969,1457,2,+690085,+989779090,+301.85,1.19,5,000000,000000,29076,109.36
