시간,현재가,고가,저가,전일대비,등락률,매도호가,매수호가,누적거래량,누적거래대금,전일대비기호,전일거래량대비_계약,거래대금증감,전일거래량대비_비율,거래회전율,거래비용,상한가발생시간,하한가발생시간,체결량,체결강도,
2018-10-17 15:19:27,10250,10750,9930,+450,+4.59,+10300,+10250,4308816,44364,2,+2164724,+23209432740,+200.96,5.23,34,000000,000000,-1000,102.46
2018-10-17 15:19:28,10300,10750,9930,+500,+5.10,+10300,+10250,4308817,44364,2,+2164725,+23209443040,+200.96,5.23,35,000000,000000,+1,102.46
2018-10-17 15:19:29,10250,10750,9930,+450,+4.59,+10250,+10200,4310804,44385,2,+2166712,+23229809790,+201.06,5.24,34,000000,000000,-1987,102.37
2018-10-17 15:19:29,10250,10750,9930,+450,+4.59,+10250,+10200,4312204,44399,2,+2168112,+23244159790,+201.12,5.24,34,000000,000000,+1400,102.43
2018-10-17 15:19:30,10250,10750,9930,+450,+4.59,+10300,+10250,4312817,44405,2,+2168725,+23250443040,+201.15,5.24,34,000000,000000,+613,102.46
2018-10-17 15:19:32,10250,10750,9930,+450,+4.59,+10300,+10250,4313117,44408,2,+2169025,+23253518040,+201.16,5.24,34,000000,000000,-300,102.45
2018-10-17 15:19:35,10250,10750,9930,+450,+4.59,+10250,+10200,4313607,44413,2,+2169515,+23258540540,+201.19,5.24,34,000000,000000,-490,102.42
2018-10-17 15:19:36,10250,10750,9930,+450,+4.59,+10250,+10200,4313997,44417,2,+2169905,+23262538040,+201.20,5.24,34,000000,000000,+390,102.44
2018-10-17 15:19:36,10250,10750,9930,+450,+4.59,+10250,+10200,4314095,44418,2,+2170003,+23263542540,+201.21,5.24,34,000000,000000,+98,102.45
2018-10-17 15:19:38,10250,10750,9930,+450,+4.59,+10250,+10200,4314105,44418,2,+2170013,+23263645040,+201.21,5.24,34,000000,000000,+10,102.45
2018-10-17 15:19:40,10250,10750,9930,+450,+4.59,+10250,+10200,4314605,44424,2,+2170513,+23268770040,+201.23,5.24,34,000000,000000,+500,102.47
2018-10-17 15:19:40,10200,10750,9930,+400,+4.08,+10250,+10200,4314668,44424,2,+2170576,+23269412640,+201.24,5.24,34,000000,000000,-63,102.47
2018-10-17 15:19:41,10250,10750,9930,+450,+4.59,+10250,+10200,4314833,44426,2,+2170741,+23271103890,+201.24,5.24,34,000000,000000,+165,102.48
2018-10-17 15:19:42,10250,10750,9930,+450,+4.59,+10250,+10200,4314834,44426,2,+2170742,+23271114140,+201.24,5.24,34,000000,000000,+1,102.48
2018-10-17 15:19:42,10250,10750,9930,+450,+4.59,+10250,+10200,4315334,44431,2,+2171242,+23276239140,+201.27,5.24,34,000000,000000,+500,102.50
2018-10-17 15:19:43,10250,10750,9930,+450,+4.59,+10250,+10200,4316734,44445,2,+2172642,+23290589140,+201.33,5.24,34,000000,000000,+1400,102.57
2018-10-17 15:19:44,10250,10750,9930,+450,+4.59,+10250,+10200,4316834,44446,2,+2172742,+23291614140,+201.34,5.24,34,000000,000000,+100,102.57
2018-10-17 15:19:44,10200,10750,9930,+400,+4.08,+10250,+10200,4316844,44447,2,+2172752,+23291716140,+201.34,5.24,34,000000,000000,-10,102.57
2018-10-17 15:19:45,10200,10750,9930,+400,+4.08,+10250,+10200,4317044,44449,2,+2172952,+23293756140,+201.35,5.24,34,000000,000000,-200,102.56
2018-10-17 15:19:46,10250,10750,9930,+450,+4.59,+10250,+10200,4317317,44451,2,+2173225,+23296554390,+201.36,5.24,34,000000,000000,+273,102.57
2018-10-17 15:19:46,10200,10750,9930,+400,+4.08,+10250,+10200,4317318,44451,2,+2173226,+23296564590,+201.36,5.24,34,000000,000000,-1,102.57
2018-10-17 15:19:49,10250,10750,9930,+450,+4.59,+10250,+10200,4317319,44451,2,+2173227,+23296574840,+201.36,5.24,34,000000,000000,+1,102.57
2018-10-17 15:19:52,10250,10750,9930,+450,+4.59,+10250,+10200,4317320,44451,2,+2173228,+23296585090,+201.36,5.24,34,000000,000000,+1,102.57
2018-10-17 15:19:53,10250,10750,9930,+450,+4.59,+10250,+10200,4320569,44485,2,+2176477,+23329887340,+201.51,5.25,34,000000,000000,+3249,102.73
2018-10-17 15:19:53,10250,10750,9930,+450,+4.59,+10250,+10200,4320570,44485,2,+2176478,+23329897590,+201.51,5.25,34,000000,000000,+1,102.73
2018-10-17 15:19:53,10250,10750,9930,+450,+4.59,+10250,+10200,4320571,44485,2,+2176479,+23329907840,+201.51,5.25,34,000000,000000,+1,102.73
2018-10-17 15:19:54,10250,10750,9930,+450,+4.59,+10250,+10200,4320572,44485,2,+2176480,+23329918090,+201.51,5.25,34,000000,000000,+1,102.73
2018-10-17 15:19:54,10250,10750,9930,+450,+4.59,+10250,+10200,4321072,44490,2,+2176980,+23335043090,+201.53,5.25,34,000000,000000,+500,102.75
2018-10-17 15:19:54,10250,10750,9930,+450,+4.59,+10250,+10200,4321073,44490,2,+2176981,+23335053340,+201.53,5.25,34,000000,000000,+1,102.75
2018-10-17 15:19:54,10200,0,0,+400,+4.08,,,5314,,2,,,,,,,,-5314,
2018-10-17 15:19:57,10200,0,0,+400,+4.08,,,5411,,2,,,,,,,,-97,
2018-10-17 15:19:58,10200,0,0,+400,+4.08,,,5411,,2,,,,,,,,0,
2018-10-17 15:19:58,10200,0,0,+400,+4.08,,,5411,,2,,,,,,,,0,
2018-10-17 15:19:59,10200,0,0,+400,+4.08,,,5411,,2,,,,,,,,0,
2018-10-17 15:19:59,10200,0,0,+400,+4.08,,,5411,,2,,,,,,,,0,
2018-10-17 15:20:00,10200,0,0,+400,+4.08,,,5411,,2,,,,,,,,0,
2018-10-17 15:20:00,10200,0,0,+400,+4.08,,,5821,,2,,,,,,,,-410,
2018-10-17 15:20:00,10200,0,0,+400,+4.08,,,5821,,2,,,,,,,,0,
2018-10-17 15:20:01,10200,0,0,+400,+4.08,,,5821,,2,,,,,,,,0,
2018-10-17 15:20:02,10200,0,0,+400,+4.08,,,5821,,2,,,,,,,,0,
2018-10-17 15:20:02,10200,0,0,+400,+4.08,,,5821,,2,,,,,,,,0,
2018-10-17 15:20:03,10200,0,0,+400,+4.08,,,5821,,2,,,,,,,,0,
2018-10-17 15:20:03,10200,0,0,+400,+4.08,,,5821,,2,,,,,,,,0,
2018-10-17 15:20:03,10200,0,0,+400,+4.08,,,5821,,2,,,,,,,,0,
2018-10-17 15:20:03,10200,0,0,+400,+4.08,,,5821,,2,,,,,,,,0,
2018-10-17 15:20:04,10200,0,0,+400,+4.08,,,5821,,2,,,,,,,,0,
2018-10-17 15:20:04,10200,0,0,+400,+4.08,,,5821,,2,,,,,,,,0,
2018-10-17 15:20:05,10200,0,0,+400,+4.08,,,5821,,2,,,,,,,,0,
2018-10-17 15:20:05,10200,0,0,+400,+4.08,,,5823,,2,,,,,,,,-2,
2018-10-17 15:20:05,10200,0,0,+400,+4.08,,,5823,,2,,,,,,,,0,
2018-10-17 15:20:06,10200,0,0,+400,+4.08,,,5823,,2,,,,,,,,0,
2018-10-17 15:20:06,10200,0,0,+400,+4.08,,,5823,,2,,,,,,,,0,
2018-10-17 15:20:06,10200,0,0,+400,+4.08,,,8376,,2,,,,,,,,-2553,
2018-10-17 15:20:06,10200,0,0,+400,+4.08,,,8923,,2,,,,,,,,-547,
2018-10-17 15:20:07,10200,0,0,+400,+4.08,,,8923,,2,,,,,,,,0,
2018-10-17 15:20:07,10200,0,0,+400,+4.08,,,11923,,2,,,,,,,,-3000,
2018-10-17 15:20:07,10200,0,0,+400,+4.08,,,11923,,2,,,,,,,,0,
2018-10-17 15:20:07,10200,0,0,+400,+4.08,,,11923,,2,,,,,,,,0,
2018-10-17 15:20:08,10200,0,0,+400,+4.08,,,11923,,2,,,,,,,,0,
2018-10-17 15:20:08,10200,0,0,+400,+4.08,,,11923,,2,,,,,,,,0,
2018-10-17 15:20:08,10200,0,0,+400,+4.08,,,11923,,2,,,,,,,,0,
2018-10-17 15:20:09,10200,0,0,+400,+4.08,,,11923,,2,,,,,,,,0,
2018-10-17 15:20:09,10200,0,0,+400,+4.08,,,12557,,2,,,,,,,,-634,
2018-10-17 15:20:09,10200,0,0,+400,+4.08,,,12557,,2,,,,,,,,0,
2018-10-17 15:20:10,10200,0,0,+400,+4.08,,,12557,,2,,,,,,,,0,
2018-10-17 15:20:10,10200,0,0,+400,+4.08,,,12557,,2,,,,,,,,0,
2018-10-17 15:20:11,10200,0,0,+400,+4.08,,,12557,,2,,,,,,,,0,
2018-10-17 15:20:12,10200,0,0,+400,+4.08,,,12557,,2,,,,,,,,0,
2018-10-17 15:20:12,10200,0,0,+400,+4.08,,,12557,,2,,,,,,,,0,
2018-10-17 15:20:13,10200,0,0,+400,+4.08,,,12557,,2,,,,,,,,0,
2018-10-17 15:20:13,10200,0,0,+400,+4.08,,,12557,,2,,,,,,,,0,
2018-10-17 15:20:14,10200,0,0,+400,+4.08,,,12557,,2,,,,,,,,0,
2018-10-17 15:20:14,10200,0,0,+400,+4.08,,,12557,,2,,,,,,,,0,
2018-10-17 15:20:14,10200,0,0,+400,+4.08,,,12557,,2,,,,,,,,0,
2018-10-17 15:20:15,10200,0,0,+400,+4.08,,,12557,,2,,,,,,,,0,
2018-10-17 15:20:15,10200,0,0,+400,+4.08,,,12557,,2,,,,,,,,0,
2018-10-17 15:20:15,10200,0,0,+400,+4.08,,,12557,,2,,,,,,,,0,
2018-10-17 15:20:15,10200,0,0,+400,+4.08,,,12557,,2,,,,,,,,0,
2018-10-17 15:20:16,10200,0,0,+400,+4.08,,,12557,,2,,,,,,,,0,
2018-10-17 15:20:18,10200,0,0,+400,+4.08,,,12597,,2,,,,,,,,-40,
2018-10-17 15:20:18,10200,0,0,+400,+4.08,,,12597,,2,,,,,,,,0,
2018-10-17 15:20:19,10200,0,0,+400,+4.08,,,12797,,2,,,,,,,,-200,
2018-10-17 15:20:20,10200,0,0,+400,+4.08,,,12797,,2,,,,,,,,0,
2018-10-17 15:20:22,10200,0,0,+400,+4.08,,,12797,,2,,,,,,,,0,
2018-10-17 15:20:22,10200,0,0,+400,+4.08,,,12797,,2,,,,,,,,0,
2018-10-17 15:20:22,10200,0,0,+400,+4.08,,,15798,,2,,,,,,,,-3001,
2018-10-17 15:20:23,10200,0,0,+400,+4.08,,,16081,,2,,,,,,,,-283,
2018-10-17 15:20:23,10200,0,0,+400,+4.08,,,16081,,2,,,,,,,,0,
2018-10-17 15:20:23,10200,0,0,+400,+4.08,,,16081,,2,,,,,,,,0,
2018-10-17 15:20:24,10200,0,0,+400,+4.08,,,16081,,2,,,,,,,,0,
2018-10-17 15:20:25,10200,0,0,+400,+4.08,,,16081,,2,,,,,,,,0,
2018-10-17 15:20:25,10200,0,0,+400,+4.08,,,16122,,2,,,,,,,,-41,
2018-10-17 15:20:26,10200,0,0,+400,+4.08,,,16122,,2,,,,,,,,0,
2018-10-17 15:20:26,10200,0,0,+400,+4.08,,,16491,,2,,,,,,,,-369,
2018-10-17 15:20:26,10200,0,0,+400,+4.08,,,16491,,2,,,,,,,,0,
2018-10-17 15:20:27,10200,0,0,+400,+4.08,,,16491,,2,,,,,,,,0,
2018-10-17 15:20:27,10200,0,0,+400,+4.08,,,16491,,2,,,,,,,,0,
2018-10-17 15:20:27,10200,0,0,+400,+4.08,,,16501,,2,,,,,,,,-10,
2018-10-17 15:20:27,10200,0,0,+400,+4.08,,,16501,,2,,,,,,,,0,
2018-10-17 15:20:28,10200,0,0,+400,+4.08,,,16501,,2,,,,,,,,0,
2018-10-17 15:20:28,10200,0,0,+400,+4.08,,,16501,,2,,,,,,,,0,
2018-10-17 15:20:28,10200,0,0,+400,+4.08,,,16501,,2,,,,,,,,0,
2018-10-17 15:20:29,10200,0,0,+400,+4.08,,,16501,,2,,,,,,,,0,
2018-10-17 15:20:29,10200,0,0,+400,+4.08,,,16501,,2,,,,,,,,0,
2018-10-17 15:20:29,10200,0,0,+400,+4.08,,,17001,,2,,,,,,,,-500,
2018-10-17 15:20:29,10200,0,0,+400,+4.08,,,17001,,2,,,,,,,,0,
2018-10-17 15:20:29,10200,0,0,+400,+4.08,,,17001,,2,,,,,,,,0,
2018-10-17 15:20:30,10200,0,0,+400,+4.08,,,17001,,2,,,,,,,,0,
2018-10-17 15:20:30,10200,0,0,+400,+4.08,,,17001,,2,,,,,,,,0,
2018-10-17 15:20:31,10200,0,0,+400,+4.08,,,17001,,2,,,,,,,,0,
2018-10-17 15:20:31,10200,0,0,+400,+4.08,,,17001,,2,,,,,,,,0,
2018-10-17 15:20:31,10200,0,0,+400,+4.08,,,17001,,2,,,,,,,,0,
2018-10-17 15:20:32,10200,0,0,+400,+4.08,,,17101,,2,,,,,,,,-100,
2018-10-17 15:20:33,10200,0,0,+400,+4.08,,,17101,,2,,,,,,,,0,
2018-10-17 15:20:33,10200,0,0,+400,+4.08,,,17101,,2,,,,,,,,0,
2018-10-17 15:20:34,10200,0,0,+400,+4.08,,,17101,,2,,,,,,,,0,
2018-10-17 15:20:34,10200,0,0,+400,+4.08,,,17601,,2,,,,,,,,-500,
2018-10-17 15:20:34,10200,0,0,+400,+4.08,,,17601,,2,,,,,,,,0,
2018-10-17 15:20:34,10200,0,0,+400,+4.08,,,17601,,2,,,,,,,,0,
2018-10-17 15:20:35,10200,0,0,+400,+4.08,,,17601,,2,,,,,,,,0,
2018-10-17 15:20:35,10200,0,0,+400,+4.08,,,17601,,2,,,,,,,,0,
2018-10-17 15:20:35,10200,0,0,+400,+4.08,,,17601,,2,,,,,,,,0,
2018-10-17 15:20:35,10200,0,0,+400,+4.08,,,17601,,2,,,,,,,,0,
2018-10-17 15:20:36,10200,0,0,+400,+4.08,,,17601,,2,,,,,,,,0,
2018-10-17 15:20:36,10200,0,0,+400,+4.08,,,17601,,2,,,,,,,,0,
2018-10-17 15:20:37,10200,0,0,+400,+4.08,,,17991,,2,,,,,,,,-390,
2018-10-17 15:20:38,10200,0,0,+400,+4.08,,,17991,,2,,,,,,,,0,
2018-10-17 15:20:38,10200,0,0,+400,+4.08,,,18041,,2,,,,,,,,-50,
2018-10-17 15:20:38,10200,0,0,+400,+4.08,,,18041,,2,,,,,,,,0,
2018-10-17 15:20:38,10200,0,0,+400,+4.08,,,18041,,2,,,,,,,,0,
2018-10-17 15:20:39,10200,0,0,+400,+4.08,,,18041,,2,,,,,,,,0,
2018-10-17 15:20:39,10200,0,0,+400,+4.08,,,18041,,2,,,,,,,,0,
2018-10-17 15:20:39,10200,0,0,+400,+4.08,,,18041,,2,,,,,,,,0,
2018-10-17 15:20:41,10200,0,0,+400,+4.08,,,18185,,2,,,,,,,,-144,
2018-10-17 15:20:41,10200,0,0,+400,+4.08,,,18185,,2,,,,,,,,0,
2018-10-17 15:20:42,10200,0,0,+400,+4.08,,,18185,,2,,,,,,,,0,
2018-10-17 15:20:42,10200,0,0,+400,+4.08,,,18185,,2,,,,,,,,0,
2018-10-17 15:20:43,10200,0,0,+400,+4.08,,,18535,,2,,,,,,,,-350,
2018-10-17 15:20:43,10200,0,0,+400,+4.08,,,18535,,2,,,,,,,,0,
2018-10-17 15:20:44,10200,0,0,+400,+4.08,,,18535,,2,,,,,,,,0,
2018-10-17 15:20:44,10200,0,0,+400,+4.08,,,18535,,2,,,,,,,,0,
2018-10-17 15:20:45,10200,0,0,+400,+4.08,,,18545,,2,,,,,,,,-10,
2018-10-17 15:20:45,10200,0,0,+400,+4.08,,,18545,,2,,,,,,,,0,
2018-10-17 15:20:46,10200,0,0,+400,+4.08,,,18545,,2,,,,,,,,0,
2018-10-17 15:20:46,10200,0,0,+400,+4.08,,,18579,,2,,,,,,,,-34,
2018-10-17 15:20:46,10200,0,0,+400,+4.08,,,18579,,2,,,,,,,,0,
2018-10-17 15:20:47,10200,0,0,+400,+4.08,,,18579,,2,,,,,,,,0,
2018-10-17 15:20:48,10200,0,0,+400,+4.08,,,18579,,2,,,,,,,,0,
2018-10-17 15:20:49,10200,0,0,+400,+4.08,,,18579,,2,,,,,,,,0,
2018-10-17 15:20:49,10200,0,0,+400,+4.08,,,18579,,2,,,,,,,,0,
2018-10-17 15:20:50,10200,0,0,+400,+4.08,,,18579,,2,,,,,,,,0,
2018-10-17 15:20:53,10200,0,0,+400,+4.08,,,18579,,2,,,,,,,,0,
2018-10-17 15:20:54,10200,0,0,+400,+4.08,,,18579,,2,,,,,,,,0,
2018-10-17 15:20:56,10200,0,0,+400,+4.08,,,18579,,2,,,,,,,,0,
2018-10-17 15:20:57,10200,0,0,+400,+4.08,,,18579,,2,,,,,,,,0,
2018-10-17 15:20:58,10200,0,0,+400,+4.08,,,18579,,2,,,,,,,,0,
2018-10-17 15:20:58,10200,0,0,+400,+4.08,,,18579,,2,,,,,,,,0,
2018-10-17 15:20:59,10200,0,0,+400,+4.08,,,18579,,2,,,,,,,,0,
2018-10-17 15:21:00,10200,0,0,+400,+4.08,,,18579,,2,,,,,,,,0,
2018-10-17 15:21:00,10200,0,0,+400,+4.08,,,18579,,2,,,,,,,,0,
2018-10-17 15:21:01,10200,0,0,+400,+4.08,,,18579,,2,,,,,,,,0,
2018-10-17 15:21:01,10200,0,0,+400,+4.08,,,18984,,2,,,,,,,,-405,
2018-10-17 15:21:02,10200,0,0,+400,+4.08,,,18984,,2,,,,,,,,0,
2018-10-17 15:21:02,10200,0,0,+400,+4.08,,,19484,,2,,,,,,,,-500,
2018-10-17 15:21:02,10200,0,0,+400,+4.08,,,19484,,2,,,,,,,,0,
2018-10-17 15:21:03,10200,0,0,+400,+4.08,,,19484,,2,,,,,,,,0,
2018-10-17 15:21:03,10200,0,0,+400,+4.08,,,19484,,2,,,,,,,,0,
2018-10-17 15:21:04,10200,0,0,+400,+4.08,,,19484,,2,,,,,,,,0,
2018-10-17 15:21:05,10200,0,0,+400,+4.08,,,19704,,2,,,,,,,,-220,
2018-10-17 15:21:05,10200,0,0,+400,+4.08,,,19704,,2,,,,,,,,0,
2018-10-17 15:21:06,10200,0,0,+400,+4.08,,,19704,,2,,,,,,,,0,
2018-10-17 15:21:06,10200,0,0,+400,+4.08,,,20204,,2,,,,,,,,-500,
2018-10-17 15:21:06,10200,0,0,+400,+4.08,,,20204,,2,,,,,,,,0,
2018-10-17 15:21:06,10200,0,0,+400,+4.08,,,20204,,2,,,,,,,,0,
2018-10-17 15:21:06,10200,0,0,+400,+4.08,,,20204,,2,,,,,,,,0,
2018-10-17 15:21:06,10200,0,0,+400,+4.08,,,20204,,2,,,,,,,,0,
2018-10-17 15:21:07,10200,0,0,+400,+4.08,,,20204,,2,,,,,,,,0,
2018-10-17 15:21:08,10200,0,0,+400,+4.08,,,20204,,2,,,,,,,,0,
2018-10-17 15:21:08,10200,0,0,+400,+4.08,,,20204,,2,,,,,,,,0,
2018-10-17 15:21:10,10200,0,0,+400,+4.08,,,20204,,2,,,,,,,,0,
2018-10-17 15:21:11,10200,0,0,+400,+4.08,,,20204,,2,,,,,,,,0,
2018-10-17 15:21:11,10200,0,0,+400,+4.08,,,20204,,2,,,,,,,,0,
2018-10-17 15:21:13,10200,0,0,+400,+4.08,,,20204,,2,,,,,,,,0,
2018-10-17 15:21:13,10200,0,0,+400,+4.08,,,20204,,2,,,,,,,,0,
2018-10-17 15:21:14,10200,0,0,+400,+4.08,,,20204,,2,,,,,,,,0,
2018-10-17 15:21:15,10200,0,0,+400,+4.08,,,20206,,2,,,,,,,,-2,
2018-10-17 15:21:15,10200,0,0,+400,+4.08,,,20206,,2,,,,,,,,0,
2018-10-17 15:21:15,10200,0,0,+400,+4.08,,,20206,,2,,,,,,,,0,
2018-10-17 15:21:15,10200,0,0,+400,+4.08,,,20206,,2,,,,,,,,0,
2018-10-17 15:21:17,10200,0,0,+400,+4.08,,,20206,,2,,,,,,,,0,
2018-10-17 15:21:17,10200,0,0,+400,+4.08,,,20216,,2,,,,,,,,-10,
2018-10-17 15:21:19,10200,0,0,+400,+4.08,,,20263,,2,,,,,,,,-47,
2018-10-17 15:21:19,10200,0,0,+400,+4.08,,,20263,,2,,,,,,,,0,
2018-10-17 15:21:19,10200,0,0,+400,+4.08,,,21563,,2,,,,,,,,-1300,
2018-10-17 15:21:19,10200,0,0,+400,+4.08,,,21563,,2,,,,,,,,0,
2018-10-17 15:21:20,10200,0,0,+400,+4.08,,,21563,,2,,,,,,,,0,
2018-10-17 15:21:20,10200,0,0,+400,+4.08,,,21563,,2,,,,,,,,0,
2018-10-17 15:21:20,10200,0,0,+400,+4.08,,,21563,,2,,,,,,,,0,
2018-10-17 15:21:20,10200,0,0,+400,+4.08,,,21563,,2,,,,,,,,0,
2018-10-17 15:21:21,10200,0,0,+400,+4.08,,,21733,,2,,,,,,,,-170,
2018-10-17 15:21:21,10200,0,0,+400,+4.08,,,21733,,2,,,,,,,,0,
2018-10-17 15:21:21,10200,0,0,+400,+4.08,,,21733,,2,,,,,,,,0,
2018-10-17 15:21:21,10200,0,0,+400,+4.08,,,21733,,2,,,,,,,,0,
2018-10-17 15:21:23,10200,0,0,+400,+4.08,,,21733,,2,,,,,,,,0,
2018-10-17 15:21:23,10200,0,0,+400,+4.08,,,21733,,2,,,,,,,,0,
2018-10-17 15:21:23,10200,0,0,+400,+4.08,,,21733,,2,,,,,,,,0,
2018-10-17 15:21:24,10200,0,0,+400,+4.08,,,22042,,2,,,,,,,,-309,
2018-10-17 15:21:24,10200,0,0,+400,+4.08,,,22042,,2,,,,,,,,0,
2018-10-17 15:21:25,10200,0,0,+400,+4.08,,,22102,,2,,,,,,,,-60,
2018-10-17 15:21:25,10200,0,0,+400,+4.08,,,22102,,2,,,,,,,,0,
2018-10-17 15:21:26,10200,0,0,+400,+4.08,,,22102,,2,,,,,,,,0,
2018-10-17 15:21:27,10200,0,0,+400,+4.08,,,22102,,2,,,,,,,,0,
2018-10-17 15:21:27,10200,0,0,+400,+4.08,,,24102,,2,,,,,,,,-2000,
2018-10-17 15:21:28,10200,0,0,+400,+4.08,,,24102,,2,,,,,,,,0,
2018-10-17 15:21:28,10200,0,0,+400,+4.08,,,24102,,2,,,,,,,,0,
2018-10-17 15:21:29,10200,0,0,+400,+4.08,,,24104,,2,,,,,,,,-2,
2018-10-17 15:21:29,10200,0,0,+400,+4.08,,,24104,,2,,,,,,,,0,
2018-10-17 15:21:30,10200,0,0,+400,+4.08,,,24104,,2,,,,,,,,0,
2018-10-17 15:21:31,10200,0,0,+400,+4.08,,,24104,,2,,,,,,,,0,
2018-10-17 15:21:32,10200,0,0,+400,+4.08,,,24104,,2,,,,,,,,0,
2018-10-17 15:21:32,10200,0,0,+400,+4.08,,,24104,,2,,,,,,,,0,
2018-10-17 15:21:32,10200,0,0,+400,+4.08,,,24104,,2,,,,,,,,0,
2018-10-17 15:21:34,10200,0,0,+400,+4.08,,,24104,,2,,,,,,,,0,
2018-10-17 15:21:35,10200,0,0,+400,+4.08,,,24104,,2,,,,,,,,0,
2018-10-17 15:21:35,10200,0,0,+400,+4.08,,,24206,,2,,,,,,,,-102,
2018-10-17 15:21:36,10200,0,0,+400,+4.08,,,24206,,2,,,,,,,,0,
2018-10-17 15:21:36,10200,0,0,+400,+4.08,,,24206,,2,,,,,,,,0,
2018-10-17 15:21:37,10200,0,0,+400,+4.08,,,24206,,2,,,,,,,,0,
2018-10-17 15:21:37,10200,0,0,+400,+4.08,,,24206,,2,,,,,,,,0,
2018-10-17 15:21:38,10200,0,0,+400,+4.08,,,24206,,2,,,,,,,,0,
2018-10-17 15:21:40,10200,0,0,+400,+4.08,,,24206,,2,,,,,,,,0,
2018-10-17 15:21:40,10200,0,0,+400,+4.08,,,24206,,2,,,,,,,,0,
2018-10-17 15:21:43,10200,0,0,+400,+4.08,,,24209,,2,,,,,,,,-3,
2018-10-17 15:21:43,10200,0,0,+400,+4.08,,,24880,,2,,,,,,,,-671,
2018-10-17 15:21:44,10200,0,0,+400,+4.08,,,24880,,2,,,,,,,,0,
2018-10-17 15:21:44,10200,0,0,+400,+4.08,,,25019,,2,,,,,,,,-139,
2018-10-17 15:21:44,10200,0,0,+400,+4.08,,,25019,,2,,,,,,,,0,
2018-10-17 15:21:46,10200,0,0,+400,+4.08,,,25019,,2,,,,,,,,0,
2018-10-17 15:21:46,10200,0,0,+400,+4.08,,,25044,,2,,,,,,,,-25,
2018-10-17 15:21:47,10200,0,0,+400,+4.08,,,25044,,2,,,,,,,,0,
2018-10-17 15:21:47,10200,0,0,+400,+4.08,,,25044,,2,,,,,,,,0,
2018-10-17 15:21:48,10200,0,0,+400,+4.08,,,25044,,2,,,,,,,,0,
2018-10-17 15:21:48,10200,0,0,+400,+4.08,,,25044,,2,,,,,,,,0,
2018-10-17 15:21:48,10200,0,0,+400,+4.08,,,25044,,2,,,,,,,,0,
2018-10-17 15:21:48,10200,0,0,+400,+4.08,,,25044,,2,,,,,,,,0,
2018-10-17 15:21:49,10200,0,0,+400,+4.08,,,25044,,2,,,,,,,,0,
2018-10-17 15:21:51,10200,0,0,+400,+4.08,,,30873,,2,,,,,,,,-5829,
2018-10-17 15:21:52,10200,0,0,+400,+4.08,,,30873,,2,,,,,,,,0,
2018-10-17 15:21:52,10200,0,0,+400,+4.08,,,30873,,2,,,,,,,,0,
2018-10-17 15:21:52,10200,0,0,+400,+4.08,,,30873,,2,,,,,,,,0,
2018-10-17 15:21:52,10200,0,0,+400,+4.08,,,30873,,2,,,,,,,,0,
2018-10-17 15:21:53,10200,0,0,+400,+4.08,,,30873,,2,,,,,,,,0,
2018-10-17 15:21:53,10200,0,0,+400,+4.08,,,30873,,2,,,,,,,,0,
2018-10-17 15:21:54,10200,0,0,+400,+4.08,,,30873,,2,,,,,,,,0,
2018-10-17 15:21:54,10200,0,0,+400,+4.08,,,30873,,2,,,,,,,,0,
2018-10-17 15:21:56,10200,0,0,+400,+4.08,,,30873,,2,,,,,,,,0,
2018-10-17 15:21:56,10200,0,0,+400,+4.08,,,30873,,2,,,,,,,,0,
2018-10-17 15:21:57,10200,0,0,+400,+4.08,,,30873,,2,,,,,,,,0,
2018-10-17 15:21:57,10200,0,0,+400,+4.08,,,30873,,2,,,,,,,,0,
2018-10-17 15:21:58,10200,0,0,+400,+4.08,,,30873,,2,,,,,,,,0,
2018-10-17 15:21:59,10200,0,0,+400,+4.08,,,30873,,2,,,,,,,,0,
2018-10-17 15:22:00,10200,0,0,+400,+4.08,,,30873,,2,,,,,,,,0,
2018-10-17 15:22:00,10200,0,0,+400,+4.08,,,30873,,2,,,,,,,,0,
2018-10-17 15:22:00,10200,0,0,+400,+4.08,,,30873,,2,,,,,,,,0,
2018-10-17 15:22:01,10200,0,0,+400,+4.08,,,30996,,2,,,,,,,,-123,
2018-10-17 15:22:02,10200,0,0,+400,+4.08,,,30996,,2,,,,,,,,0,
2018-10-17 15:22:04,10200,0,0,+400,+4.08,,,30996,,2,,,,,,,,0,
2018-10-17 15:22:04,10200,0,0,+400,+4.08,,,31001,,2,,,,,,,,-5,
2018-10-17 15:22:05,10200,0,0,+400,+4.08,,,31001,,2,,,,,,,,0,
2018-10-17 15:22:05,10200,0,0,+400,+4.08,,,31001,,2,,,,,,,,0,
2018-10-17 15:22:05,10200,0,0,+400,+4.08,,,31003,,2,,,,,,,,-2,
2018-10-17 15:22:05,10200,0,0,+400,+4.08,,,31005,,2,,,,,,,,-2,
2018-10-17 15:22:06,10200,0,0,+400,+4.08,,,31005,,2,,,,,,,,0,
2018-10-17 15:22:09,10200,0,0,+400,+4.08,,,31005,,2,,,,,,,,0,
2018-10-17 15:22:09,10200,0,0,+400,+4.08,,,32005,,2,,,,,,,,-1000,
2018-10-17 15:22:11,10200,0,0,+400,+4.08,,,32005,,2,,,,,,,,0,
2018-10-17 15:22:11,10200,0,0,+400,+4.08,,,32005,,2,,,,,,,,0,
2018-10-17 15:22:11,10200,0,0,+400,+4.08,,,32005,,2,,,,,,,,0,
2018-10-17 15:22:12,10200,0,0,+400,+4.08,,,32005,,2,,,,,,,,0,
2018-10-17 15:22:13,10200,0,0,+400,+4.08,,,32005,,2,,,,,,,,0,
2018-10-17 15:22:13,10200,0,0,+400,+4.08,,,32205,,2,,,,,,,,-200,
2018-10-17 15:22:14,10200,0,0,+400,+4.08,,,32255,,2,,,,,,,,-50,
2018-10-17 15:22:14,10200,0,0,+400,+4.08,,,32255,,2,,,,,,,,0,
2018-10-17 15:22:14,10200,0,0,+400,+4.08,,,32255,,2,,,,,,,,0,
2018-10-17 15:22:14,10200,0,0,+400,+4.08,,,32255,,2,,,,,,,,0,
2018-10-17 15:22:14,10200,0,0,+400,+4.08,,,32255,,2,,,,,,,,0,
2018-10-17 15:22:15,10200,0,0,+400,+4.08,,,32255,,2,,,,,,,,0,
2018-10-17 15:22:16,10200,0,0,+400,+4.08,,,32255,,2,,,,,,,,0,
2018-10-17 15:22:18,10200,0,0,+400,+4.08,,,32280,,2,,,,,,,,-25,
2018-10-17 15:22:19,10200,0,0,+400,+4.08,,,32280,,2,,,,,,,,0,
2018-10-17 15:22:21,10200,0,0,+400,+4.08,,,32280,,2,,,,,,,,0,
2018-10-17 15:22:21,10200,0,0,+400,+4.08,,,32280,,2,,,,,,,,0,
2018-10-17 15:22:21,10200,0,0,+400,+4.08,,,32280,,2,,,,,,,,0,
2018-10-17 15:22:22,10200,0,0,+400,+4.08,,,32280,,2,,,,,,,,0,
2018-10-17 15:22:23,10200,0,0,+400,+4.08,,,32280,,2,,,,,,,,0,
2018-10-17 15:22:24,10200,0,0,+400,+4.08,,,32280,,2,,,,,,,,0,
2018-10-17 15:22:25,10200,0,0,+400,+4.08,,,32280,,2,,,,,,,,0,
2018-10-17 15:22:26,10200,0,0,+400,+4.08,,,32280,,2,,,,,,,,0,
2018-10-17 15:22:26,10200,0,0,+400,+4.08,,,32280,,2,,,,,,,,0,
2018-10-17 15:22:28,10200,0,0,+400,+4.08,,,32280,,2,,,,,,,,0,
2018-10-17 15:22:29,10200,0,0,+400,+4.08,,,32280,,2,,,,,,,,0,
2018-10-17 15:22:29,10200,0,0,+400,+4.08,,,32280,,2,,,,,,,,0,
2018-10-17 15:22:31,10200,0,0,+400,+4.08,,,32280,,2,,,,,,,,0,
2018-10-17 15:22:31,10200,0,0,+400,+4.08,,,32280,,2,,,,,,,,0,
2018-10-17 15:22:33,10200,0,0,+400,+4.08,,,32280,,2,,,,,,,,0,
2018-10-17 15:22:33,10200,0,0,+400,+4.08,,,32307,,2,,,,,,,,-27,
2018-10-17 15:22:33,10200,0,0,+400,+4.08,,,32307,,2,,,,,,,,0,
2018-10-17 15:22:34,10200,0,0,+400,+4.08,,,32408,,2,,,,,,,,-101,
2018-10-17 15:22:35,10200,0,0,+400,+4.08,,,32408,,2,,,,,,,,0,
2018-10-17 15:22:35,10200,0,0,+400,+4.08,,,32408,,2,,,,,,,,0,
2018-10-17 15:22:36,10200,0,0,+400,+4.08,,,32408,,2,,,,,,,,0,
2018-10-17 15:22:37,10200,0,0,+400,+4.08,,,32408,,2,,,,,,,,0,
2018-10-17 15:22:39,10200,0,0,+400,+4.08,,,32408,,2,,,,,,,,0,
2018-10-17 15:22:39,10200,0,0,+400,+4.08,,,32408,,2,,,,,,,,0,
2018-10-17 15:22:39,10200,0,0,+400,+4.08,,,32408,,2,,,,,,,,0,
2018-10-17 15:22:41,10200,0,0,+400,+4.08,,,32408,,2,,,,,,,,0,
2018-10-17 15:22:41,10200,0,0,+400,+4.08,,,32408,,2,,,,,,,,0,
2018-10-17 15:22:41,10200,0,0,+400,+4.08,,,32908,,2,,,,,,,,-500,
2018-10-17 15:22:42,10200,0,0,+400,+4.08,,,32908,,2,,,,,,,,0,
2018-10-17 15:22:42,10200,0,0,+400,+4.08,,,35308,,2,,,,,,,,-2400,
2018-10-17 15:22:46,10200,0,0,+400,+4.08,,,35308,,2,,,,,,,,0,
2018-10-17 15:22:47,10200,0,0,+400,+4.08,,,35308,,2,,,,,,,,0,
2018-10-17 15:22:47,10200,0,0,+400,+4.08,,,35308,,2,,,,,,,,0,
2018-10-17 15:22:50,10200,0,0,+400,+4.08,,,35308,,2,,,,,,,,0,
2018-10-17 15:22:51,10200,0,0,+400,+4.08,,,35308,,2,,,,,,,,0,
2018-10-17 15:22:51,10200,0,0,+400,+4.08,,,35508,,2,,,,,,,,-200,
2018-10-17 15:22:51,10200,0,0,+400,+4.08,,,35508,,2,,,,,,,,0,
2018-10-17 15:22:56,10200,0,0,+400,+4.08,,,35508,,2,,,,,,,,0,
2018-10-17 15:22:57,10200,0,0,+400,+4.08,,,35508,,2,,,,,,,,0,
2018-10-17 15:22:57,10200,0,0,+400,+4.08,,,35508,,2,,,,,,,,0,
2018-10-17 15:22:57,10200,0,0,+400,+4.08,,,35508,,2,,,,,,,,0,
2018-10-17 15:22:59,10200,0,0,+400,+4.08,,,35508,,2,,,,,,,,0,
2018-10-17 15:23:01,10200,0,0,+400,+4.08,,,35508,,2,,,,,,,,0,
2018-10-17 15:23:09,10200,0,0,+400,+4.08,,,35008,,2,,,,,,,,--500,
2018-10-17 15:23:09,10200,0,0,+400,+4.08,,,35008,,2,,,,,,,,0,
2018-10-17 15:23:10,10200,0,0,+400,+4.08,,,35008,,2,,,,,,,,0,
2018-10-17 15:23:10,10200,0,0,+400,+4.08,,,35008,,2,,,,,,,,0,
2018-10-17 15:23:11,10200,0,0,+400,+4.08,,,35008,,2,,,,,,,,0,
2018-10-17 15:23:12,10200,0,0,+400,+4.08,,,35008,,2,,,,,,,,0,
2018-10-17 15:23:13,10200,0,0,+400,+4.08,,,35008,,2,,,,,,,,0,
2018-10-17 15:23:13,10200,0,0,+400,+4.08,,,35008,,2,,,,,,,,0,
2018-10-17 15:23:14,10200,0,0,+400,+4.08,,,35008,,2,,,,,,,,0,
2018-10-17 15:23:15,10200,0,0,+400,+4.08,,,35008,,2,,,,,,,,0,
2018-10-17 15:23:16,10200,0,0,+400,+4.08,,,35008,,2,,,,,,,,0,
2018-10-17 15:23:17,10200,0,0,+400,+4.08,,,35008,,2,,,,,,,,0,
2018-10-17 15:23:20,10200,0,0,+400,+4.08,,,35008,,2,,,,,,,,0,
2018-10-17 15:23:21,10200,0,0,+400,+4.08,,,35008,,2,,,,,,,,0,
2018-10-17 15:23:21,10200,0,0,+400,+4.08,,,35008,,2,,,,,,,,0,
2018-10-17 15:23:23,10200,0,0,+400,+4.08,,,35210,,2,,,,,,,,-202,
2018-10-17 15:23:23,10200,0,0,+400,+4.08,,,35210,,2,,,,,,,,0,
2018-10-17 15:23:24,10200,0,0,+400,+4.08,,,35210,,2,,,,,,,,0,
2018-10-17 15:23:25,10200,0,0,+400,+4.08,,,35230,,2,,,,,,,,-20,
2018-10-17 15:23:25,10200,0,0,+400,+4.08,,,35232,,2,,,,,,,,-2,
2018-10-17 15:23:25,10200,0,0,+400,+4.08,,,35232,,2,,,,,,,,0,
2018-10-17 15:23:25,10200,0,0,+400,+4.08,,,35232,,2,,,,,,,,0,
2018-10-17 15:23:26,10200,0,0,+400,+4.08,,,35632,,2,,,,,,,,-400,
2018-10-17 15:23:28,10200,0,0,+400,+4.08,,,35632,,2,,,,,,,,0,
2018-10-17 15:23:28,10200,0,0,+400,+4.08,,,35632,,2,,,,,,,,0,
2018-10-17 15:23:30,10200,0,0,+400,+4.08,,,35632,,2,,,,,,,,0,
2018-10-17 15:23:32,10200,0,0,+400,+4.08,,,35632,,2,,,,,,,,0,
2018-10-17 15:23:32,10200,0,0,+400,+4.08,,,35632,,2,,,,,,,,0,
2018-10-17 15:23:34,10200,0,0,+400,+4.08,,,35632,,2,,,,,,,,0,
2018-10-17 15:23:35,10200,0,0,+400,+4.08,,,35632,,2,,,,,,,,0,
2018-10-17 15:23:35,10200,0,0,+400,+4.08,,,35632,,2,,,,,,,,0,
2018-10-17 15:23:35,10200,0,0,+400,+4.08,,,35632,,2,,,,,,,,0,
2018-10-17 15:23:36,10200,0,0,+400,+4.08,,,35632,,2,,,,,,,,0,
2018-10-17 15:23:37,10200,0,0,+400,+4.08,,,35632,,2,,,,,,,,0,
2018-10-17 15:23:37,10200,0,0,+400,+4.08,,,35632,,2,,,,,,,,0,
2018-10-17 15:23:37,10200,0,0,+400,+4.08,,,35632,,2,,,,,,,,0,
2018-10-17 15:23:38,10200,0,0,+400,+4.08,,,35632,,2,,,,,,,,0,
2018-10-17 15:23:38,10200,0,0,+400,+4.08,,,35632,,2,,,,,,,,0,
2018-10-17 15:23:40,10200,0,0,+400,+4.08,,,35632,,2,,,,,,,,0,
2018-10-17 15:23:41,10200,0,0,+400,+4.08,,,35632,,2,,,,,,,,0,
2018-10-17 15:23:41,10200,0,0,+400,+4.08,,,35632,,2,,,,,,,,0,
2018-10-17 15:23:42,10200,0,0,+400,+4.08,,,35632,,2,,,,,,,,0,
2018-10-17 15:23:43,10200,0,0,+400,+4.08,,,35632,,2,,,,,,,,0,
2018-10-17 15:23:43,10200,0,0,+400,+4.08,,,35632,,2,,,,,,,,0,
2018-10-17 15:23:43,10200,0,0,+400,+4.08,,,35632,,2,,,,,,,,0,
2018-10-17 15:23:43,10200,0,0,+400,+4.08,,,35632,,2,,,,,,,,0,
2018-10-17 15:23:44,10200,0,0,+400,+4.08,,,35632,,2,,,,,,,,0,
2018-10-17 15:23:44,10200,0,0,+400,+4.08,,,35633,,2,,,,,,,,-1,
2018-10-17 15:23:44,10200,0,0,+400,+4.08,,,35633,,2,,,,,,,,0,
2018-10-17 15:23:44,10200,0,0,+400,+4.08,,,35633,,2,,,,,,,,0,
2018-10-17 15:23:44,10200,0,0,+400,+4.08,,,35633,,2,,,,,,,,0,
2018-10-17 15:23:46,10200,0,0,+400,+4.08,,,35633,,2,,,,,,,,0,
2018-10-17 15:23:49,10200,0,0,+400,+4.08,,,35633,,2,,,,,,,,0,
2018-10-17 15:23:49,10200,0,0,+400,+4.08,,,35633,,2,,,,,,,,0,
2018-10-17 15:23:50,10200,0,0,+400,+4.08,,,35633,,2,,,,,,,,0,
2018-10-17 15:23:51,10200,0,0,+400,+4.08,,,35633,,2,,,,,,,,0,
2018-10-17 15:23:51,10200,0,0,+400,+4.08,,,35633,,2,,,,,,,,0,
2018-10-17 15:23:52,10200,0,0,+400,+4.08,,,35633,,2,,,,,,,,0,
2018-10-17 15:23:54,10200,0,0,+400,+4.08,,,35633,,2,,,,,,,,0,
2018-10-17 15:23:56,10200,0,0,+400,+4.08,,,35634,,2,,,,,,,,-1,
2018-10-17 15:23:57,10200,0,0,+400,+4.08,,,35634,,2,,,,,,,,0,
2018-10-17 15:23:57,10250,0,0,+450,+4.59,,,38097,,2,,,,,,,,+2463,
2018-10-17 15:23:59,10250,0,0,+450,+4.59,,,38097,,2,,,,,,,,0,
2018-10-17 15:23:59,10250,0,0,+450,+4.59,,,40097,,2,,,,,,,,+2000,
2018-10-17 15:24:00,10250,0,0,+450,+4.59,,,40279,,2,,,,,,,,+182,
2018-10-17 15:24:01,10250,0,0,+450,+4.59,,,40279,,2,,,,,,,,0,
2018-10-17 15:24:01,10250,0,0,+450,+4.59,,,40279,,2,,,,,,,,0,
2018-10-17 15:24:01,10250,0,0,+450,+4.59,,,40279,,2,,,,,,,,0,
2018-10-17 15:24:02,10250,0,0,+450,+4.59,,,40449,,2,,,,,,,,+170,
2018-10-17 15:24:03,10250,0,0,+450,+4.59,,,40449,,2,,,,,,,,0,
2018-10-17 15:24:03,10250,0,0,+450,+4.59,,,40449,,2,,,,,,,,0,
2018-10-17 15:24:03,10250,0,0,+450,+4.59,,,40450,,2,,,,,,,,+1,
2018-10-17 15:24:05,10250,0,0,+450,+4.59,,,40628,,2,,,,,,,,+178,
2018-10-17 15:24:05,10250,0,0,+450,+4.59,,,41128,,2,,,,,,,,+500,
2018-10-17 15:24:08,10250,0,0,+450,+4.59,,,41128,,2,,,,,,,,0,
2018-10-17 15:24:08,10250,0,0,+450,+4.59,,,41128,,2,,,,,,,,0,
2018-10-17 15:24:09,10250,0,0,+450,+4.59,,,41129,,2,,,,,,,,+1,
2018-10-17 15:24:09,10250,0,0,+450,+4.59,,,41129,,2,,,,,,,,0,
2018-10-17 15:24:10,10250,0,0,+450,+4.59,,,41129,,2,,,,,,,,0,
2018-10-17 15:24:13,10250,0,0,+450,+4.59,,,41129,,2,,,,,,,,0,
2018-10-17 15:24:13,10250,0,0,+450,+4.59,,,41129,,2,,,,,,,,0,
2018-10-17 15:24:13,10250,0,0,+450,+4.59,,,41129,,2,,,,,,,,0,
2018-10-17 15:24:14,10250,0,0,+450,+4.59,,,41130,,2,,,,,,,,+1,
2018-10-17 15:24:14,10250,0,0,+450,+4.59,,,41330,,2,,,,,,,,+200,
2018-10-17 15:24:15,10250,0,0,+450,+4.59,,,41530,,2,,,,,,,,+200,
2018-10-17 15:24:15,10250,0,0,+450,+4.59,,,47748,,2,,,,,,,,+6218,
2018-10-17 15:24:17,10250,0,0,+450,+4.59,,,47748,,2,,,,,,,,0,
2018-10-17 15:24:17,10250,0,0,+450,+4.59,,,47248,,2,,,,,,,,+-500,
2018-10-17 15:24:17,10250,0,0,+450,+4.59,,,47253,,2,,,,,,,,+5,
2018-10-17 15:24:18,10250,0,0,+450,+4.59,,,47253,,2,,,,,,,,0,
2018-10-17 15:24:18,10250,0,0,+450,+4.59,,,47253,,2,,,,,,,,0,
2018-10-17 15:24:20,10250,0,0,+450,+4.59,,,47453,,2,,,,,,,,+200,
2018-10-17 15:24:21,10250,0,0,+450,+4.59,,,47453,,2,,,,,,,,0,
2018-10-17 15:24:22,10250,0,0,+450,+4.59,,,47597,,2,,,,,,,,+144,
2018-10-17 15:24:22,10250,0,0,+450,+4.59,,,47597,,2,,,,,,,,0,
2018-10-17 15:24:23,10250,0,0,+450,+4.59,,,47597,,2,,,,,,,,0,
2018-10-17 15:24:23,10250,0,0,+450,+4.59,,,47719,,2,,,,,,,,+122,
2018-10-17 15:24:24,10250,0,0,+450,+4.59,,,47807,,2,,,,,,,,+88,
2018-10-17 15:24:25,10250,0,0,+450,+4.59,,,47807,,2,,,,,,,,0,
2018-10-17 15:24:26,10250,0,0,+450,+4.59,,,48528,,2,,,,,,,,+721,
2018-10-17 15:24:28,10250,0,0,+450,+4.59,,,48528,,2,,,,,,,,0,
2018-10-17 15:24:29,10250,0,0,+450,+4.59,,,48528,,2,,,,,,,,0,
2018-10-17 15:24:30,10250,0,0,+450,+4.59,,,48528,,2,,,,,,,,0,
2018-10-17 15:24:31,10250,0,0,+450,+4.59,,,48528,,2,,,,,,,,0,
2018-10-17 15:24:32,10250,0,0,+450,+4.59,,,48528,,2,,,,,,,,0,
2018-10-17 15:24:32,10250,0,0,+450,+4.59,,,49328,,2,,,,,,,,+800,
2018-10-17 15:24:33,10250,0,0,+450,+4.59,,,49328,,2,,,,,,,,0,
2018-10-17 15:24:34,10250,0,0,+450,+4.59,,,49328,,2,,,,,,,,0,
2018-10-17 15:24:35,10250,0,0,+450,+4.59,,,49328,,2,,,,,,,,0,
2018-10-17 15:24:36,10250,0,0,+450,+4.59,,,49328,,2,,,,,,,,0,
2018-10-17 15:24:37,10250,0,0,+450,+4.59,,,49328,,2,,,,,,,,0,
2018-10-17 15:24:40,10250,0,0,+450,+4.59,,,49328,,2,,,,,,,,0,
2018-10-17 15:24:40,10250,0,0,+450,+4.59,,,49428,,2,,,,,,,,+100,
2018-10-17 15:24:41,10250,0,0,+450,+4.59,,,49606,,2,,,,,,,,+178,
2018-10-17 15:24:42,10250,0,0,+450,+4.59,,,49606,,2,,,,,,,,0,
2018-10-17 15:24:42,10250,0,0,+450,+4.59,,,49606,,2,,,,,,,,0,
2018-10-17 15:24:43,10250,0,0,+450,+4.59,,,49606,,2,,,,,,,,0,
2018-10-17 15:24:43,10250,0,0,+450,+4.59,,,49606,,2,,,,,,,,0,
2018-10-17 15:24:44,10250,0,0,+450,+4.59,,,49606,,2,,,,,,,,0,
2018-10-17 15:24:45,10250,0,0,+450,+4.59,,,49606,,2,,,,,,,,0,
2018-10-17 15:24:46,10250,0,0,+450,+4.59,,,52148,,2,,,,,,,,+2542,
2018-10-17 15:24:47,10250,0,0,+450,+4.59,,,55001,,2,,,,,,,,+2853,
2018-10-17 15:24:48,10250,0,0,+450,+4.59,,,55301,,2,,,,,,,,-300,
2018-10-17 15:24:50,10250,0,0,+450,+4.59,,,55301,,2,,,,,,,,0,
2018-10-17 15:24:51,10250,0,0,+450,+4.59,,,55301,,2,,,,,,,,0,
2018-10-17 15:24:51,10250,0,0,+450,+4.59,,,55301,,2,,,,,,,,0,
2018-10-17 15:24:52,10250,0,0,+450,+4.59,,,55301,,2,,,,,,,,0,
2018-10-17 15:24:54,10250,0,0,+450,+4.59,,,55301,,2,,,,,,,,0,
2018-10-17 15:24:56,10250,0,0,+450,+4.59,,,55301,,2,,,,,,,,0,
2018-10-17 15:24:57,10250,0,0,+450,+4.59,,,55301,,2,,,,,,,,0,
2018-10-17 15:24:58,10250,0,0,+450,+4.59,,,55301,,2,,,,,,,,0,
2018-10-17 15:25:00,10250,0,0,+450,+4.59,,,55301,,2,,,,,,,,0,
2018-10-17 15:25:00,10250,0,0,+450,+4.59,,,55301,,2,,,,,,,,0,
2018-10-17 15:25:00,10250,0,0,+450,+4.59,,,55001,,2,,,,,,,,--300,
2018-10-17 15:25:01,10250,0,0,+450,+4.59,,,55501,,2,,,,,,,,-500,
2018-10-17 15:25:03,10250,0,0,+450,+4.59,,,55501,,2,,,,,,,,0,
2018-10-17 15:25:03,10250,0,0,+450,+4.59,,,55501,,2,,,,,,,,0,
2018-10-17 15:25:04,10250,0,0,+450,+4.59,,,55497,,2,,,,,,,,--4,
2018-10-17 15:25:04,10250,0,0,+450,+4.59,,,55497,,2,,,,,,,,0,
2018-10-17 15:25:05,10250,0,0,+450,+4.59,,,55497,,2,,,,,,,,0,
2018-10-17 15:25:05,10250,0,0,+450,+4.59,,,55497,,2,,,,,,,,0,
2018-10-17 15:25:05,10250,0,0,+450,+4.59,,,55497,,2,,,,,,,,0,
2018-10-17 15:25:06,10250,0,0,+450,+4.59,,,55497,,2,,,,,,,,0,
2018-10-17 15:25:06,10250,0,0,+450,+4.59,,,55497,,2,,,,,,,,0,
2018-10-17 15:25:06,10250,0,0,+450,+4.59,,,55497,,2,,,,,,,,0,
2018-10-17 15:25:08,10250,0,0,+450,+4.59,,,55497,,2,,,,,,,,0,
2018-10-17 15:25:08,10250,0,0,+450,+4.59,,,55902,,2,,,,,,,,-405,
2018-10-17 15:25:09,10250,0,0,+450,+4.59,,,55902,,2,,,,,,,,0,
2018-10-17 15:25:10,10250,0,0,+450,+4.59,,,55902,,2,,,,,,,,0,
2018-10-17 15:25:10,10250,0,0,+450,+4.59,,,55902,,2,,,,,,,,0,
2018-10-17 15:25:10,10250,0,0,+450,+4.59,,,55902,,2,,,,,,,,0,
2018-10-17 15:25:10,10250,0,0,+450,+4.59,,,55902,,2,,,,,,,,0,
2018-10-17 15:25:11,10250,0,0,+450,+4.59,,,55902,,2,,,,,,,,0,
2018-10-17 15:25:12,10250,0,0,+450,+4.59,,,55902,,2,,,,,,,,0,
2018-10-17 15:25:12,10250,0,0,+450,+4.59,,,55902,,2,,,,,,,,0,
2018-10-17 15:25:13,10250,0,0,+450,+4.59,,,55902,,2,,,,,,,,0,
2018-10-17 15:25:13,10250,0,0,+450,+4.59,,,55902,,2,,,,,,,,0,
2018-10-17 15:25:14,10250,0,0,+450,+4.59,,,56052,,2,,,,,,,,-150,
2018-10-17 15:25:15,10250,0,0,+450,+4.59,,,56052,,2,,,,,,,,0,
2018-10-17 15:25:15,10250,0,0,+450,+4.59,,,56052,,2,,,,,,,,0,
2018-10-17 15:25:15,10250,0,0,+450,+4.59,,,56052,,2,,,,,,,,0,
2018-10-17 15:25:17,10250,0,0,+450,+4.59,,,56052,,2,,,,,,,,0,
2018-10-17 15:25:18,10250,0,0,+450,+4.59,,,56052,,2,,,,,,,,0,
2018-10-17 15:25:19,10250,0,0,+450,+4.59,,,56038,,2,,,,,,,,--14,
2018-10-17 15:25:20,10250,0,0,+450,+4.59,,,56038,,2,,,,,,,,0,
2018-10-17 15:25:20,10250,0,0,+450,+4.59,,,56038,,2,,,,,,,,0,
2018-10-17 15:25:21,10250,0,0,+450,+4.59,,,56038,,2,,,,,,,,0,
2018-10-17 15:25:22,10250,0,0,+450,+4.59,,,56038,,2,,,,,,,,0,
2018-10-17 15:25:23,10250,0,0,+450,+4.59,,,56038,,2,,,,,,,,0,
2018-10-17 15:25:23,10250,0,0,+450,+4.59,,,56038,,2,,,,,,,,0,
2018-10-17 15:25:24,10250,0,0,+450,+4.59,,,56038,,2,,,,,,,,0,
2018-10-17 15:25:24,10250,0,0,+450,+4.59,,,57038,,2,,,,,,,,-1000,
2018-10-17 15:25:25,10250,0,0,+450,+4.59,,,57038,,2,,,,,,,,0,
2018-10-17 15:25:25,10250,0,0,+450,+4.59,,,57038,,2,,,,,,,,0,
2018-10-17 15:25:26,10250,0,0,+450,+4.59,,,57038,,2,,,,,,,,0,
2018-10-17 15:25:26,10250,0,0,+450,+4.59,,,57038,,2,,,,,,,,0,
2018-10-17 15:25:29,10250,0,0,+450,+4.59,,,57038,,2,,,,,,,,0,
2018-10-17 15:25:30,10250,0,0,+450,+4.59,,,57038,,2,,,,,,,,0,
2018-10-17 15:25:30,10250,0,0,+450,+4.59,,,57038,,2,,,,,,,,0,
2018-10-17 15:25:30,10250,0,0,+450,+4.59,,,57038,,2,,,,,,,,0,
2018-10-17 15:25:31,10250,0,0,+450,+4.59,,,57038,,2,,,,,,,,0,
2018-10-17 15:25:31,10250,0,0,+450,+4.59,,,57038,,2,,,,,,,,0,
2018-10-17 15:25:31,10250,0,0,+450,+4.59,,,57038,,2,,,,,,,,0,
2018-10-17 15:25:31,10250,0,0,+450,+4.59,,,57038,,2,,,,,,,,0,
2018-10-17 15:25:32,10250,0,0,+450,+4.59,,,57039,,2,,,,,,,,-1,
2018-10-17 15:25:33,10250,0,0,+450,+4.59,,,57039,,2,,,,,,,,0,
2018-10-17 15:25:34,10250,0,0,+450,+4.59,,,57039,,2,,,,,,,,0,
2018-10-17 15:25:34,10250,0,0,+450,+4.59,,,57039,,2,,,,,,,,0,
2018-10-17 15:25:34,10250,0,0,+450,+4.59,,,57567,,2,,,,,,,,-528,
2018-10-17 15:25:34,10250,0,0,+450,+4.59,,,57567,,2,,,,,,,,0,
2018-10-17 15:25:35,10250,0,0,+450,+4.59,,,57567,,2,,,,,,,,0,
2018-10-17 15:25:36,10250,0,0,+450,+4.59,,,57567,,2,,,,,,,,0,
2018-10-17 15:25:36,10250,0,0,+450,+4.59,,,57567,,2,,,,,,,,0,
2018-10-17 15:25:36,10250,0,0,+450,+4.59,,,57567,,2,,,,,,,,0,
2018-10-17 15:25:38,10250,0,0,+450,+4.59,,,57567,,2,,,,,,,,0,
2018-10-17 15:25:41,10250,0,0,+450,+4.59,,,57567,,2,,,,,,,,0,
2018-10-17 15:25:41,10250,0,0,+450,+4.59,,,57567,,2,,,,,,,,0,
2018-10-17 15:25:41,10250,0,0,+450,+4.59,,,57537,,2,,,,,,,,--30,
2018-10-17 15:25:42,10250,0,0,+450,+4.59,,,57837,,2,,,,,,,,-300,
2018-10-17 15:25:44,10250,0,0,+450,+4.59,,,57837,,2,,,,,,,,0,
2018-10-17 15:25:44,10250,0,0,+450,+4.59,,,57837,,2,,,,,,,,0,
2018-10-17 15:25:46,10250,0,0,+450,+4.59,,,57837,,2,,,,,,,,0,
2018-10-17 15:25:46,10250,0,0,+450,+4.59,,,57837,,2,,,,,,,,0,
2018-10-17 15:25:48,10250,0,0,+450,+4.59,,,57837,,2,,,,,,,,0,
2018-10-17 15:25:51,10250,0,0,+450,+4.59,,,57837,,2,,,,,,,,0,
2018-10-17 15:25:51,10250,0,0,+450,+4.59,,,57837,,2,,,,,,,,0,
2018-10-17 15:25:52,10250,0,0,+450,+4.59,,,57877,,2,,,,,,,,-40,
2018-10-17 15:25:52,10250,0,0,+450,+4.59,,,57877,,2,,,,,,,,0,
2018-10-17 15:25:52,10250,0,0,+450,+4.59,,,57877,,2,,,,,,,,0,
2018-10-17 15:25:52,10250,0,0,+450,+4.59,,,57877,,2,,,,,,,,0,
2018-10-17 15:25:53,10250,0,0,+450,+4.59,,,57917,,2,,,,,,,,-40,
2018-10-17 15:25:53,10250,0,0,+450,+4.59,,,57917,,2,,,,,,,,0,
2018-10-17 15:25:55,10250,0,0,+450,+4.59,,,57917,,2,,,,,,,,0,
2018-10-17 15:25:58,10250,0,0,+450,+4.59,,,57917,,2,,,,,,,,0,
2018-10-17 15:25:58,10250,0,0,+450,+4.59,,,58117,,2,,,,,,,,-200,
2018-10-17 15:25:59,10250,0,0,+450,+4.59,,,58117,,2,,,,,,,,0,
2018-10-17 15:25:59,10250,0,0,+450,+4.59,,,58117,,2,,,,,,,,0,
2018-10-17 15:25:59,10250,0,0,+450,+4.59,,,58117,,2,,,,,,,,0,
2018-10-17 15:26:00,10250,0,0,+450,+4.59,,,58117,,2,,,,,,,,0,
2018-10-17 15:26:00,10250,0,0,+450,+4.59,,,58117,,2,,,,,,,,0,
2018-10-17 15:26:02,10250,0,0,+450,+4.59,,,58117,,2,,,,,,,,0,
2018-10-17 15:26:02,10250,0,0,+450,+4.59,,,58117,,2,,,,,,,,0,
2018-10-17 15:26:04,10250,0,0,+450,+4.59,,,58117,,2,,,,,,,,0,
2018-10-17 15:26:04,10250,0,0,+450,+4.59,,,58117,,2,,,,,,,,0,
2018-10-17 15:26:04,10250,0,0,+450,+4.59,,,58907,,2,,,,,,,,-790,
2018-10-17 15:26:05,10250,0,0,+450,+4.59,,,58908,,2,,,,,,,,-1,
2018-10-17 15:26:06,10250,0,0,+450,+4.59,,,58910,,2,,,,,,,,-2,
2018-10-17 15:26:06,10250,0,0,+450,+4.59,,,59010,,2,,,,,,,,-100,
2018-10-17 15:26:07,10250,0,0,+450,+4.59,,,59010,,2,,,,,,,,0,
2018-10-17 15:26:09,10250,0,0,+450,+4.59,,,59010,,2,,,,,,,,0,
2018-10-17 15:26:11,10250,0,0,+450,+4.59,,,59010,,2,,,,,,,,0,
2018-10-17 15:26:13,10250,0,0,+450,+4.59,,,59010,,2,,,,,,,,0,
2018-10-17 15:26:16,10250,0,0,+450,+4.59,,,59015,,2,,,,,,,,-5,
2018-10-17 15:26:16,10250,0,0,+450,+4.59,,,59015,,2,,,,,,,,0,
2018-10-17 15:26:17,10250,0,0,+450,+4.59,,,59015,,2,,,,,,,,0,
2018-10-17 15:26:17,10250,0,0,+450,+4.59,,,59015,,2,,,,,,,,0,
2018-10-17 15:26:19,10250,0,0,+450,+4.59,,,59015,,2,,,,,,,,0,
2018-10-17 15:26:20,10250,0,0,+450,+4.59,,,59015,,2,,,,,,,,0,
2018-10-17 15:26:22,10250,0,0,+450,+4.59,,,59015,,2,,,,,,,,0,
2018-10-17 15:26:22,10250,0,0,+450,+4.59,,,59015,,2,,,,,,,,0,
2018-10-17 15:26:24,10250,0,0,+450,+4.59,,,59515,,2,,,,,,,,-500,
2018-10-17 15:26:25,10250,0,0,+450,+4.59,,,59515,,2,,,,,,,,0,
2018-10-17 15:26:25,10250,0,0,+450,+4.59,,,59515,,2,,,,,,,,0,
2018-10-17 15:26:26,10250,0,0,+450,+4.59,,,59515,,2,,,,,,,,0,
2018-10-17 15:26:27,10250,0,0,+450,+4.59,,,59515,,2,,,,,,,,0,
2018-10-17 15:26:27,10250,0,0,+450,+4.59,,,59515,,2,,,,,,,,0,
2018-10-17 15:26:28,10250,0,0,+450,+4.59,,,59515,,2,,,,,,,,0,
2018-10-17 15:26:28,10250,0,0,+450,+4.59,,,59515,,2,,,,,,,,0,
2018-10-17 15:26:29,10250,0,0,+450,+4.59,,,59615,,2,,,,,,,,-100,
2018-10-17 15:26:29,10250,0,0,+450,+4.59,,,59615,,2,,,,,,,,0,
2018-10-17 15:26:30,10250,0,0,+450,+4.59,,,59620,,2,,,,,,,,-5,
2018-10-17 15:26:33,10250,0,0,+450,+4.59,,,59620,,2,,,,,,,,0,
2018-10-17 15:26:34,10250,0,0,+450,+4.59,,,59620,,2,,,,,,,,0,
2018-10-17 15:26:34,10250,0,0,+450,+4.59,,,59620,,2,,,,,,,,0,
2018-10-17 15:26:35,10250,0,0,+450,+4.59,,,59585,,2,,,,,,,,--35,
2018-10-17 15:26:38,10250,0,0,+450,+4.59,,,59585,,2,,,,,,,,0,
2018-10-17 15:26:39,10250,0,0,+450,+4.59,,,59585,,2,,,,,,,,0,
2018-10-17 15:26:39,10250,0,0,+450,+4.59,,,59585,,2,,,,,,,,0,
2018-10-17 15:26:40,10250,0,0,+450,+4.59,,,59585,,2,,,,,,,,0,
2018-10-17 15:26:40,10250,0,0,+450,+4.59,,,59585,,2,,,,,,,,0,
2018-10-17 15:26:40,10250,0,0,+450,+4.59,,,59585,,2,,,,,,,,0,
2018-10-17 15:26:41,10250,0,0,+450,+4.59,,,59585,,2,,,,,,,,0,
2018-10-17 15:26:41,10250,0,0,+450,+4.59,,,59585,,2,,,,,,,,0,
2018-10-17 15:26:41,10250,0,0,+450,+4.59,,,59585,,2,,,,,,,,0,
2018-10-17 15:26:42,10250,0,0,+450,+4.59,,,59585,,2,,,,,,,,0,
2018-10-17 15:26:43,10250,0,0,+450,+4.59,,,59585,,2,,,,,,,,0,
2018-10-17 15:26:45,10250,0,0,+450,+4.59,,,59185,,2,,,,,,,,--400,
2018-10-17 15:26:45,10250,0,0,+450,+4.59,,,59637,,2,,,,,,,,-452,
2018-10-17 15:26:46,10250,0,0,+450,+4.59,,,59637,,2,,,,,,,,0,
2018-10-17 15:26:46,10250,0,0,+450,+4.59,,,60137,,2,,,,,,,,-500,
2018-10-17 15:26:47,10250,0,0,+450,+4.59,,,60137,,2,,,,,,,,0,
2018-10-17 15:26:53,10250,0,0,+450,+4.59,,,60137,,2,,,,,,,,0,
2018-10-17 15:26:55,10250,0,0,+450,+4.59,,,60137,,2,,,,,,,,0,
2018-10-17 15:26:56,10250,0,0,+450,+4.59,,,60437,,2,,,,,,,,-300,
2018-10-17 15:26:57,10250,0,0,+450,+4.59,,,60542,,2,,,,,,,,-105,
2018-10-17 15:27:00,10250,0,0,+450,+4.59,,,60572,,2,,,,,,,,-30,
2018-10-17 15:27:04,10250,0,0,+450,+4.59,,,60572,,2,,,,,,,,0,
2018-10-17 15:27:05,10250,0,0,+450,+4.59,,,60622,,2,,,,,,,,-50,
2018-10-17 15:27:06,10250,0,0,+450,+4.59,,,60622,,2,,,,,,,,0,
2018-10-17 15:27:06,10250,0,0,+450,+4.59,,,60622,,2,,,,,,,,0,
2018-10-17 15:27:07,10250,0,0,+450,+4.59,,,60622,,2,,,,,,,,0,
2018-10-17 15:27:08,10250,0,0,+450,+4.59,,,60622,,2,,,,,,,,0,
2018-10-17 15:27:09,10250,0,0,+450,+4.59,,,60622,,2,,,,,,,,0,
2018-10-17 15:27:09,10250,0,0,+450,+4.59,,,60622,,2,,,,,,,,0,
2018-10-17 15:27:09,10250,0,0,+450,+4.59,,,60622,,2,,,,,,,,0,
2018-10-17 15:27:10,10250,0,0,+450,+4.59,,,60622,,2,,,,,,,,0,
2018-10-17 15:27:11,10250,0,0,+450,+4.59,,,60622,,2,,,,,,,,0,
2018-10-17 15:27:12,10250,0,0,+450,+4.59,,,60622,,2,,,,,,,,0,
2018-10-17 15:27:14,10250,0,0,+450,+4.59,,,60622,,2,,,,,,,,0,
2018-10-17 15:27:15,10300,0,0,+500,+5.10,,,61850,,2,,,,,,,,+1228,
2018-10-17 15:27:16,10300,0,0,+500,+5.10,,,61850,,2,,,,,,,,0,
2018-10-17 15:27:16,10300,0,0,+500,+5.10,,,61910,,2,,,,,,,,+60,
2018-10-17 15:27:16,10300,0,0,+500,+5.10,,,61910,,2,,,,,,,,0,
2018-10-17 15:27:18,10300,0,0,+500,+5.10,,,62030,,2,,,,,,,,+120,
2018-10-17 15:27:19,10300,0,0,+500,+5.10,,,62030,,2,,,,,,,,0,
2018-10-17 15:27:19,10300,0,0,+500,+5.10,,,63548,,2,,,,,,,,+1518,
2018-10-17 15:27:22,10300,0,0,+500,+5.10,,,63548,,2,,,,,,,,0,
2018-10-17 15:27:23,10300,0,0,+500,+5.10,,,64548,,2,,,,,,,,+1000,
2018-10-17 15:27:24,10300,0,0,+500,+5.10,,,64648,,2,,,,,,,,+100,
2018-10-17 15:27:25,10300,0,0,+500,+5.10,,,65648,,2,,,,,,,,+1000,
2018-10-17 15:27:26,10300,0,0,+500,+5.10,,,65648,,2,,,,,,,,0,
2018-10-17 15:27:29,10300,0,0,+500,+5.10,,,66148,,2,,,,,,,,+500,
2018-10-17 15:27:30,10300,0,0,+500,+5.10,,,66148,,2,,,,,,,,0,
2018-10-17 15:27:31,10300,0,0,+500,+5.10,,,66845,,2,,,,,,,,+697,
2018-10-17 15:27:31,10300,0,0,+500,+5.10,,,67045,,2,,,,,,,,+200,
2018-10-17 15:27:32,10300,0,0,+500,+5.10,,,69175,,2,,,,,,,,+2130,
2018-10-17 15:27:32,10300,0,0,+500,+5.10,,,69175,,2,,,,,,,,0,
2018-10-17 15:27:32,10300,0,0,+500,+5.10,,,69175,,2,,,,,,,,0,
2018-10-17 15:27:33,10300,0,0,+500,+5.10,,,69175,,2,,,,,,,,0,
2018-10-17 15:27:33,10300,0,0,+500,+5.10,,,69175,,2,,,,,,,,0,
2018-10-17 15:27:33,10300,0,0,+500,+5.10,,,69319,,2,,,,,,,,+144,
2018-10-17 15:27:33,10300,0,0,+500,+5.10,,,79319,,2,,,,,,,,+10000,
2018-10-17 15:27:36,10300,0,0,+500,+5.10,,,79406,,2,,,,,,,,+87,
2018-10-17 15:27:36,10300,0,0,+500,+5.10,,,79407,,2,,,,,,,,+1,
2018-10-17 15:27:36,10300,0,0,+500,+5.10,,,79529,,2,,,,,,,,+122,
2018-10-17 15:27:36,10300,0,0,+500,+5.10,,,79529,,2,,,,,,,,0,
2018-10-17 15:27:37,10300,0,0,+500,+5.10,,,79579,,2,,,,,,,,+50,
2018-10-17 15:27:39,10300,0,0,+500,+5.10,,,79667,,2,,,,,,,,+88,
2018-10-17 15:27:39,10300,0,0,+500,+5.10,,,79667,,2,,,,,,,,0,
2018-10-17 15:27:39,10300,0,0,+500,+5.10,,,79672,,2,,,,,,,,+5,
2018-10-17 15:27:40,10300,0,0,+500,+5.10,,,80393,,2,,,,,,,,+721,
2018-10-17 15:27:40,10300,0,0,+500,+5.10,,,80393,,2,,,,,,,,0,
2018-10-17 15:27:41,10300,0,0,+500,+5.10,,,80393,,2,,,,,,,,0,
2018-10-17 15:27:42,10300,0,0,+500,+5.10,,,80393,,2,,,,,,,,0,
2018-10-17 15:27:42,10300,0,0,+500,+5.10,,,80393,,2,,,,,,,,0,
2018-10-17 15:27:43,10300,0,0,+500,+5.10,,,83393,,2,,,,,,,,+3000,
2018-10-17 15:27:44,10300,0,0,+500,+5.10,,,83841,,2,,,,,,,,+448,
2018-10-17 15:27:47,10300,0,0,+500,+5.10,,,84586,,2,,,,,,,,+745,
2018-10-17 15:27:48,10300,0,0,+500,+5.10,,,85331,,2,,,,,,,,+745,
2018-10-17 15:27:49,10300,0,0,+500,+5.10,,,85331,,2,,,,,,,,0,
2018-10-17 15:27:49,10300,0,0,+500,+5.10,,,85631,,2,,,,,,,,+300,
2018-10-17 15:27:50,10300,0,0,+500,+5.10,,,85631,,2,,,,,,,,0,
2018-10-17 15:27:50,10300,0,0,+500,+5.10,,,85631,,2,,,,,,,,0,
2018-10-17 15:27:50,10300,0,0,+500,+5.10,,,85631,,2,,,,,,,,0,
2018-10-17 15:27:51,10300,0,0,+500,+5.10,,,85631,,2,,,,,,,,0,
2018-10-17 15:27:51,10300,0,0,+500,+5.10,,,85631,,2,,,,,,,,0,
2018-10-17 15:27:52,10300,0,0,+500,+5.10,,,85811,,2,,,,,,,,+180,
2018-10-17 15:27:52,10300,0,0,+500,+5.10,,,85811,,2,,,,,,,,0,
2018-10-17 15:27:52,10300,0,0,+500,+5.10,,,85811,,2,,,,,,,,0,
2018-10-17 15:27:52,10300,0,0,+500,+5.10,,,85911,,2,,,,,,,,+100,
2018-10-17 15:27:53,10300,0,0,+500,+5.10,,,86811,,2,,,,,,,,+900,
2018-10-17 15:27:54,10300,0,0,+500,+5.10,,,86811,,2,,,,,,,,0,
2018-10-17 15:27:54,10300,0,0,+500,+5.10,,,84269,,2,,,,,,,,+-2542,
2018-10-17 15:27:55,10300,0,0,+500,+5.10,,,84569,,2,,,,,,,,+300,
2018-10-17 15:27:56,10300,0,0,+500,+5.10,,,84579,,2,,,,,,,,+10,
2018-10-17 15:27:56,10300,0,0,+500,+5.10,,,84579,,2,,,,,,,,0,
2018-10-17 15:27:57,10300,0,0,+500,+5.10,,,78361,,2,,,,,,,,+-6218,
2018-10-17 15:27:58,10300,0,0,+500,+5.10,,,78366,,2,,,,,,,,+5,
2018-10-17 15:27:58,10300,0,0,+500,+5.10,,,78376,,2,,,,,,,,+10,
2018-10-17 15:27:58,10300,0,0,+500,+5.10,,,78381,,2,,,,,,,,+5,
2018-10-17 15:27:59,10300,0,0,+500,+5.10,,,78381,,2,,,,,,,,0,
2018-10-17 15:28:00,10300,0,0,+500,+5.10,,,78481,,2,,,,,,,,+100,
2018-10-17 15:28:00,10300,0,0,+500,+5.10,,,80261,,2,,,,,,,,+1780,
2018-10-17 15:28:00,10300,0,0,+500,+5.10,,,80261,,2,,,,,,,,0,
2018-10-17 15:28:01,10300,0,0,+500,+5.10,,,80261,,2,,,,,,,,0,
2018-10-17 15:28:01,10300,0,0,+500,+5.10,,,80458,,2,,,,,,,,+197,
2018-10-17 15:28:01,10300,0,0,+500,+5.10,,,80336,,2,,,,,,,,+-122,
2018-10-17 15:28:02,10300,0,0,+500,+5.10,,,80436,,2,,,,,,,,+100,
2018-10-17 15:28:03,10300,0,0,+500,+5.10,,,80486,,2,,,,,,,,+50,
2018-10-17 15:28:03,10300,0,0,+500,+5.10,,,80486,,2,,,,,,,,0,
2018-10-17 15:28:04,10300,0,0,+500,+5.10,,,80486,,2,,,,,,,,0,
2018-10-17 15:28:04,10300,0,0,+500,+5.10,,,80486,,2,,,,,,,,0,
2018-10-17 15:28:04,10300,0,0,+500,+5.10,,,80486,,2,,,,,,,,0,
2018-10-17 15:28:05,10300,0,0,+500,+5.10,,,80686,,2,,,,,,,,+200,
2018-10-17 15:28:06,10300,0,0,+500,+5.10,,,80686,,2,,,,,,,,0,
2018-10-17 15:28:06,10300,0,0,+500,+5.10,,,80686,,2,,,,,,,,0,
2018-10-17 15:28:06,10300,0,0,+500,+5.10,,,80686,,2,,,,,,,,0,
2018-10-17 15:28:07,10300,0,0,+500,+5.10,,,80686,,2,,,,,,,,0,
2018-10-17 15:28:07,10300,0,0,+500,+5.10,,,80686,,2,,,,,,,,0,
2018-10-17 15:28:07,10300,0,0,+500,+5.10,,,80686,,2,,,,,,,,0,
2018-10-17 15:28:08,10300,0,0,+500,+5.10,,,80686,,2,,,,,,,,0,
2018-10-17 15:28:10,10300,0,0,+500,+5.10,,,80686,,2,,,,,,,,0,
2018-10-17 15:28:11,10300,0,0,+500,+5.10,,,80686,,2,,,,,,,,0,
2018-10-17 15:28:11,10300,0,0,+500,+5.10,,,80686,,2,,,,,,,,0,
2018-10-17 15:28:14,10300,0,0,+500,+5.10,,,80686,,2,,,,,,,,0,
2018-10-17 15:28:14,10300,0,0,+500,+5.10,,,80688,,2,,,,,,,,+2,
2018-10-17 15:28:15,10300,0,0,+500,+5.10,,,80688,,2,,,,,,,,0,
2018-10-17 15:28:16,10300,0,0,+500,+5.10,,,80748,,2,,,,,,,,+60,
2018-10-17 15:28:16,10300,0,0,+500,+5.10,,,80748,,2,,,,,,,,0,
2018-10-17 15:28:17,10300,0,0,+500,+5.10,,,80748,,2,,,,,,,,0,
2018-10-17 15:28:17,10300,0,0,+500,+5.10,,,80748,,2,,,,,,,,0,
2018-10-17 15:28:17,10300,0,0,+500,+5.10,,,80748,,2,,,,,,,,0,
2018-10-17 15:28:18,10300,0,0,+500,+5.10,,,80753,,2,,,,,,,,+5,
2018-10-17 15:28:18,10300,0,0,+500,+5.10,,,80753,,2,,,,,,,,0,
2018-10-17 15:28:19,10300,0,0,+500,+5.10,,,80753,,2,,,,,,,,0,
2018-10-17 15:28:20,10300,0,0,+500,+5.10,,,80853,,2,,,,,,,,+100,
2018-10-17 15:28:20,10300,0,0,+500,+5.10,,,80853,,2,,,,,,,,0,
2018-10-17 15:28:21,10300,0,0,+500,+5.10,,,80853,,2,,,,,,,,0,
2018-10-17 15:28:23,10300,0,0,+500,+5.10,,,80853,,2,,,,,,,,0,
2018-10-17 15:28:24,10300,0,0,+500,+5.10,,,80853,,2,,,,,,,,0,
2018-10-17 15:28:24,10300,0,0,+500,+5.10,,,80853,,2,,,,,,,,0,
2018-10-17 15:28:25,10300,0,0,+500,+5.10,,,80853,,2,,,,,,,,0,
2018-10-17 15:28:27,10300,0,0,+500,+5.10,,,90176,,2,,,,,,,,+9323,
2018-10-17 15:28:28,10300,0,0,+500,+5.10,,,90176,,2,,,,,,,,0,
2018-10-17 15:28:28,10300,0,0,+500,+5.10,,,90176,,2,,,,,,,,0,
2018-10-17 15:28:29,10300,0,0,+500,+5.10,,,90176,,2,,,,,,,,0,
2018-10-17 15:28:29,10300,0,0,+500,+5.10,,,90226,,2,,,,,,,,-50,
2018-10-17 15:28:30,10300,0,0,+500,+5.10,,,90226,,2,,,,,,,,0,
2018-10-17 15:28:30,10300,0,0,+500,+5.10,,,90228,,2,,,,,,,,-2,
2018-10-17 15:28:31,10300,0,0,+500,+5.10,,,90248,,2,,,,,,,,-20,
2018-10-17 15:28:34,10300,0,0,+500,+5.10,,,90248,,2,,,,,,,,0,
2018-10-17 15:28:35,10300,0,0,+500,+5.10,,,90248,,2,,,,,,,,0,
2018-10-17 15:28:35,10300,0,0,+500,+5.10,,,90318,,2,,,,,,,,-70,
2018-10-17 15:28:36,10300,0,0,+500,+5.10,,,90318,,2,,,,,,,,0,
2018-10-17 15:28:37,10300,0,0,+500,+5.10,,,90173,,2,,,,,,,,--145,
2018-10-17 15:28:37,10300,0,0,+500,+5.10,,,90173,,2,,,,,,,,0,
2018-10-17 15:28:39,10300,0,0,+500,+5.10,,,91073,,2,,,,,,,,-900,
2018-10-17 15:28:39,10300,0,0,+500,+5.10,,,91373,,2,,,,,,,,-300,
2018-10-17 15:28:39,10300,0,0,+500,+5.10,,,91168,,2,,,,,,,,--205,
2018-10-17 15:28:40,10300,0,0,+500,+5.10,,,91148,,2,,,,,,,,--20,
2018-10-17 15:28:40,10300,0,0,+500,+5.10,,,92176,,2,,,,,,,,-1028,
2018-10-17 15:28:42,10300,0,0,+500,+5.10,,,92176,,2,,,,,,,,0,
2018-10-17 15:28:43,10300,0,0,+500,+5.10,,,91956,,2,,,,,,,,--220,
2018-10-17 15:28:43,10300,0,0,+500,+5.10,,,91957,,2,,,,,,,,-1,
2018-10-17 15:28:44,10300,0,0,+500,+5.10,,,91857,,2,,,,,,,,--100,
2018-10-17 15:28:45,10300,0,0,+500,+5.10,,,91857,,2,,,,,,,,0,
2018-10-17 15:28:45,10300,0,0,+500,+5.10,,,91857,,2,,,,,,,,0,
2018-10-17 15:28:45,10300,0,0,+500,+5.10,,,91857,,2,,,,,,,,0,
2018-10-17 15:28:45,10300,0,0,+500,+5.10,,,92157,,2,,,,,,,,-300,
2018-10-17 15:28:46,10300,0,0,+500,+5.10,,,92157,,2,,,,,,,,0,
2018-10-17 15:28:47,10300,0,0,+500,+5.10,,,92157,,2,,,,,,,,0,
2018-10-17 15:28:47,10300,0,0,+500,+5.10,,,92157,,2,,,,,,,,0,
2018-10-17 15:28:47,10300,0,0,+500,+5.10,,,92557,,2,,,,,,,,-400,
2018-10-17 15:28:48,10300,0,0,+500,+5.10,,,92557,,2,,,,,,,,0,
2018-10-17 15:28:49,10300,0,0,+500,+5.10,,,92557,,2,,,,,,,,0,
2018-10-17 15:28:49,10300,0,0,+500,+5.10,,,92557,,2,,,,,,,,0,
2018-10-17 15:28:50,10300,0,0,+500,+5.10,,,92557,,2,,,,,,,,0,
2018-10-17 15:28:50,10300,0,0,+500,+5.10,,,92557,,2,,,,,,,,0,
2018-10-17 15:28:50,10300,0,0,+500,+5.10,,,92557,,2,,,,,,,,0,
2018-10-17 15:28:50,10300,0,0,+500,+5.10,,,92657,,2,,,,,,,,-100,
2018-10-17 15:28:51,10300,0,0,+500,+5.10,,,92673,,2,,,,,,,,-16,
2018-10-17 15:28:51,10300,0,0,+500,+5.10,,,92673,,2,,,,,,,,0,
2018-10-17 15:28:52,10300,0,0,+500,+5.10,,,92673,,2,,,,,,,,0,
2018-10-17 15:28:53,10300,0,0,+500,+5.10,,,92473,,2,,,,,,,,--200,
2018-10-17 15:28:54,10300,0,0,+500,+5.10,,,92473,,2,,,,,,,,0,
2018-10-17 15:28:54,10300,0,0,+500,+5.10,,,92473,,2,,,,,,,,0,
2018-10-17 15:28:56,10300,0,0,+500,+5.10,,,92473,,2,,,,,,,,0,
2018-10-17 15:28:56,10300,0,0,+500,+5.10,,,92473,,2,,,,,,,,0,
2018-10-17 15:28:57,10300,0,0,+500,+5.10,,,92741,,2,,,,,,,,-268,
2018-10-17 15:28:59,10300,0,0,+500,+5.10,,,92780,,2,,,,,,,,-39,
2018-10-17 15:28:59,10300,0,0,+500,+5.10,,,92785,,2,,,,,,,,-5,
2018-10-17 15:29:00,10300,0,0,+500,+5.10,,,92832,,2,,,,,,,,-47,
2018-10-17 15:29:00,10300,0,0,+500,+5.10,,,92832,,2,,,,,,,,0,
2018-10-17 15:29:01,10300,0,0,+500,+5.10,,,92932,,2,,,,,,,,-100,
2018-10-17 15:29:01,10300,0,0,+500,+5.10,,,92932,,2,,,,,,,,0,
2018-10-17 15:29:02,10300,0,0,+500,+5.10,,,92932,,2,,,,,,,,0,
2018-10-17 15:29:02,10300,0,0,+500,+5.10,,,92790,,2,,,,,,,,--142,
2018-10-17 15:29:02,10300,0,0,+500,+5.10,,,92790,,2,,,,,,,,0,
2018-10-17 15:29:02,10300,0,0,+500,+5.10,,,92790,,2,,,,,,,,0,
2018-10-17 15:29:03,10300,0,0,+500,+5.10,,,92840,,2,,,,,,,,-50,
2018-10-17 15:29:04,10300,0,0,+500,+5.10,,,92840,,2,,,,,,,,0,
2018-10-17 15:29:04,10300,0,0,+500,+5.10,,,92840,,2,,,,,,,,0,
2018-10-17 15:29:05,10300,0,0,+500,+5.10,,,92840,,2,,,,,,,,0,
2018-10-17 15:29:05,10300,0,0,+500,+5.10,,,92364,,2,,,,,,,,--476,
2018-10-17 15:29:06,10300,0,0,+500,+5.10,,,92313,,2,,,,,,,,--51,
2018-10-17 15:29:07,10300,0,0,+500,+5.10,,,92313,,2,,,,,,,,0,
2018-10-17 15:29:07,10300,0,0,+500,+5.10,,,94313,,2,,,,,,,,-2000,
2018-10-17 15:29:07,10300,0,0,+500,+5.10,,,94313,,2,,,,,,,,0,
2018-10-17 15:29:07,10300,0,0,+500,+5.10,,,94313,,2,,,,,,,,0,
2018-10-17 15:29:08,10300,0,0,+500,+5.10,,,94313,,2,,,,,,,,0,
2018-10-17 15:29:10,10300,0,0,+500,+5.10,,,94413,,2,,,,,,,,-100,
2018-10-17 15:29:10,10300,0,0,+500,+5.10,,,94413,,2,,,,,,,,0,
2018-10-17 15:29:10,10300,0,0,+500,+5.10,,,94413,,2,,,,,,,,0,
2018-10-17 15:29:11,10300,0,0,+500,+5.10,,,94412,,2,,,,,,,,--1,
2018-10-17 15:29:11,10300,0,0,+500,+5.10,,,94412,,2,,,,,,,,0,
2018-10-17 15:29:11,10300,0,0,+500,+5.10,,,94412,,2,,,,,,,,0,
2018-10-17 15:29:12,10300,0,0,+500,+5.10,,,94572,,2,,,,,,,,-160,
2018-10-17 15:29:12,10300,0,0,+500,+5.10,,,94547,,2,,,,,,,,--25,
2018-10-17 15:29:13,10300,0,0,+500,+5.10,,,94547,,2,,,,,,,,0,
2018-10-17 15:29:17,10300,0,0,+500,+5.10,,,94547,,2,,,,,,,,0,
2018-10-17 15:29:18,10300,0,0,+500,+5.10,,,94547,,2,,,,,,,,0,
2018-10-17 15:29:18,10300,0,0,+500,+5.10,,,94547,,2,,,,,,,,0,
2018-10-17 15:29:18,10300,0,0,+500,+5.10,,,94547,,2,,,,,,,,0,
2018-10-17 15:29:19,10300,0,0,+500,+5.10,,,94547,,2,,,,,,,,0,
2018-10-17 15:29:19,10300,0,0,+500,+5.10,,,94547,,2,,,,,,,,0,
2018-10-17 15:29:19,10300,0,0,+500,+5.10,,,94665,,2,,,,,,,,-118,
2018-10-17 15:29:20,10300,0,0,+500,+5.10,,,94665,,2,,,,,,,,0,
2018-10-17 15:29:20,10300,0,0,+500,+5.10,,,94665,,2,,,,,,,,0,
2018-10-17 15:29:20,10300,0,0,+500,+5.10,,,94665,,2,,,,,,,,0,
2018-10-17 15:29:20,10300,0,0,+500,+5.10,,,94665,,2,,,,,,,,0,
2018-10-17 15:29:21,10300,0,0,+500,+5.10,,,94665,,2,,,,,,,,0,
2018-10-17 15:29:21,10300,0,0,+500,+5.10,,,94665,,2,,,,,,,,0,
2018-10-17 15:29:22,10300,0,0,+500,+5.10,,,94665,,2,,,,,,,,0,
2018-10-17 15:29:22,10300,0,0,+500,+5.10,,,95165,,2,,,,,,,,-500,
2018-10-17 15:29:22,10300,0,0,+500,+5.10,,,95033,,2,,,,,,,,--132,
2018-10-17 15:29:22,10300,0,0,+500,+5.10,,,95033,,2,,,,,,,,0,
2018-10-17 15:29:23,10300,0,0,+500,+5.10,,,95033,,2,,,,,,,,0,
2018-10-17 15:29:24,10300,0,0,+500,+5.10,,,95033,,2,,,,,,,,0,
2018-10-17 15:29:24,10300,0,0,+500,+5.10,,,94833,,2,,,,,,,,--200,
2018-10-17 15:29:26,10300,0,0,+500,+5.10,,,94833,,2,,,,,,,,0,
2018-10-17 15:29:26,10300,0,0,+500,+5.10,,,94833,,2,,,,,,,,0,
2018-10-17 15:29:27,10300,0,0,+500,+5.10,,,94833,,2,,,,,,,,0,
2018-10-17 15:29:27,10300,0,0,+500,+5.10,,,94833,,2,,,,,,,,0,
2018-10-17 15:29:27,10300,0,0,+500,+5.10,,,94833,,2,,,,,,,,0,
2018-10-17 15:29:27,10300,0,0,+500,+5.10,,,94833,,2,,,,,,,,0,
2018-10-17 15:29:28,10300,0,0,+500,+5.10,,,94833,,2,,,,,,,,0,
2018-10-17 15:29:29,10300,0,0,+500,+5.10,,,94833,,2,,,,,,,,0,
2018-10-17 15:29:29,10300,0,0,+500,+5.10,,,94933,,2,,,,,,,,-100,
2018-10-17 15:29:29,10300,0,0,+500,+5.10,,,94933,,2,,,,,,,,0,
2018-10-17 15:29:29,10300,0,0,+500,+5.10,,,94933,,2,,,,,,,,0,
2018-10-17 15:29:30,10300,0,0,+500,+5.10,,,95933,,2,,,,,,,,-1000,
2018-10-17 15:29:31,10300,0,0,+500,+5.10,,,95933,,2,,,,,,,,0,
2018-10-17 15:29:31,10300,0,0,+500,+5.10,,,95933,,2,,,,,,,,0,
2018-10-17 15:29:31,10300,0,0,+500,+5.10,,,95933,,2,,,,,,,,0,
2018-10-17 15:29:31,10300,0,0,+500,+5.10,,,95933,,2,,,,,,,,0,
2018-10-17 15:29:31,10300,0,0,+500,+5.10,,,95933,,2,,,,,,,,0,
2018-10-17 15:29:31,10300,0,0,+500,+5.10,,,94905,,2,,,,,,,,--1028,
2018-10-17 15:29:32,10300,0,0,+500,+5.10,,,94905,,2,,,,,,,,0,
2018-10-17 15:29:32,10350,0,0,+550,+5.61,,,105905,,2,,,,,,,,+11000,
2018-10-17 15:29:32,10350,0,0,+550,+5.61,,,105905,,2,,,,,,,,0,
2018-10-17 15:29:32,10350,0,0,+550,+5.61,,,105905,,2,,,,,,,,0,
2018-10-17 15:29:32,10350,0,0,+550,+5.61,,,105915,,2,,,,,,,,+10,
2018-10-17 15:29:33,10350,0,0,+550,+5.61,,,105970,,2,,,,,,,,+55,
2018-10-17 15:29:33,10350,0,0,+550,+5.61,,,105970,,2,,,,,,,,0,
2018-10-17 15:29:33,10350,0,0,+550,+5.61,,,105970,,2,,,,,,,,0,
2018-10-17 15:29:34,10350,0,0,+550,+5.61,,,105970,,2,,,,,,,,0,
2018-10-17 15:29:34,10350,0,0,+550,+5.61,,,106167,,2,,,,,,,,+197,
2018-10-17 15:29:34,10350,0,0,+550,+5.61,,,106167,,2,,,,,,,,0,
2018-10-17 15:29:34,10350,0,0,+550,+5.61,,,106167,,2,,,,,,,,0,
2018-10-17 15:29:35,10350,0,0,+550,+5.61,,,106167,,2,,,,,,,,0,
2018-10-17 15:29:35,10350,0,0,+550,+5.61,,,107667,,2,,,,,,,,+1500,
2018-10-17 15:29:36,10350,0,0,+550,+5.61,,,107667,,2,,,,,,,,0,
2018-10-17 15:29:37,10350,0,0,+550,+5.61,,,107667,,2,,,,,,,,0,
2018-10-17 15:29:37,10350,0,0,+550,+5.61,,,107881,,2,,,,,,,,+214,
2018-10-17 15:29:38,10350,0,0,+550,+5.61,,,108860,,2,,,,,,,,+979,
2018-10-17 15:29:38,10350,0,0,+550,+5.61,,,108860,,2,,,,,,,,0,
2018-10-17 15:29:39,10350,0,0,+550,+5.61,,,108860,,2,,,,,,,,0,
2018-10-17 15:29:39,10350,0,0,+550,+5.61,,,108860,,2,,,,,,,,0,
2018-10-17 15:29:40,10350,0,0,+550,+5.61,,,117860,,2,,,,,,,,+9000,
2018-10-17 15:29:40,10350,0,0,+550,+5.61,,,117868,,2,,,,,,,,+8,
2018-10-17 15:29:40,10350,0,0,+550,+5.61,,,117868,,2,,,,,,,,0,
2018-10-17 15:29:41,10350,0,0,+550,+5.61,,,118162,,2,,,,,,,,+294,
2018-10-17 15:29:41,10350,0,0,+550,+5.61,,,118162,,2,,,,,,,,0,
2018-10-17 15:29:42,10350,0,0,+550,+5.61,,,118172,,2,,,,,,,,+10,
2018-10-17 15:29:43,10350,0,0,+550,+5.61,,,118222,,2,,,,,,,,+50,
2018-10-17 15:29:43,10350,0,0,+550,+5.61,,,117735,,2,,,,,,,,+-487,
2018-10-17 15:29:43,10350,0,0,+550,+5.61,,,117248,,2,,,,,,,,+-487,
2018-10-17 15:29:43,10350,0,0,+550,+5.61,,,117248,,2,,,,,,,,0,
2018-10-17 15:29:44,10350,0,0,+550,+5.61,,,117248,,2,,,,,,,,0,
2018-10-17 15:29:44,10350,0,0,+550,+5.61,,,117248,,2,,,,,,,,0,
2018-10-17 15:29:44,10350,0,0,+550,+5.61,,,117348,,2,,,,,,,,+100,
2018-10-17 15:29:44,10350,0,0,+550,+5.61,,,117448,,2,,,,,,,,+100,
2018-10-17 15:29:45,10350,0,0,+550,+5.61,,,117448,,2,,,,,,,,0,
2018-10-17 15:29:45,10350,0,0,+550,+5.61,,,117548,,2,,,,,,,,+100,
2018-10-17 15:29:46,10350,0,0,+550,+5.61,,,117188,,2,,,,,,,,+-360,
2018-10-17 15:29:46,10350,0,0,+550,+5.61,,,117466,,2,,,,,,,,+278,
2018-10-17 15:29:47,10350,0,0,+550,+5.61,,,117466,,2,,,,,,,,0,
2018-10-17 15:29:47,10350,0,0,+550,+5.61,,,117766,,2,,,,,,,,+300,
2018-10-17 15:29:47,10350,0,0,+550,+5.61,,,117766,,2,,,,,,,,0,
2018-10-17 15:29:47,10350,0,0,+550,+5.61,,,117766,,2,,,,,,,,0,
2018-10-17 15:29:48,10350,0,0,+550,+5.61,,,117766,,2,,,,,,,,0,
2018-10-17 15:29:48,10350,0,0,+550,+5.61,,,117766,,2,,,,,,,,0,
2018-10-17 15:29:48,10350,0,0,+550,+5.61,,,117766,,2,,,,,,,,0,
2018-10-17 15:29:48,10350,0,0,+550,+5.61,,,117766,,2,,,,,,,,0,
2018-10-17 15:29:48,10350,0,0,+550,+5.61,,,117766,,2,,,,,,,,0,
2018-10-17 15:29:49,10350,0,0,+550,+5.61,,,117766,,2,,,,,,,,0,
2018-10-17 15:29:49,10350,0,0,+550,+5.61,,,117766,,2,,,,,,,,0,
2018-10-17 15:29:49,10350,0,0,+550,+5.61,,,118766,,2,,,,,,,,+1000,
2018-10-17 15:29:49,10350,0,0,+550,+5.61,,,118776,,2,,,,,,,,+10,
2018-10-17 15:29:49,10350,0,0,+550,+5.61,,,118596,,2,,,,,,,,+-180,
2018-10-17 15:29:50,10350,0,0,+550,+5.61,,,118746,,2,,,,,,,,+150,
2018-10-17 15:29:50,10350,0,0,+550,+5.61,,,105959,,2,,,,,,,,+-12787,
2018-10-17 15:29:50,10350,0,0,+550,+5.61,,,104959,,2,,,,,,,,+-1000,
2018-10-17 15:29:50,10350,0,0,+550,+5.61,,,104959,,2,,,,,,,,0,
2018-10-17 15:29:51,10350,0,0,+550,+5.61,,,104959,,2,,,,,,,,0,
2018-10-17 15:29:52,10350,0,0,+550,+5.61,,,104960,,2,,,,,,,,+1,
2018-10-17 15:29:52,10350,0,0,+550,+5.61,,,104960,,2,,,,,,,,0,
2018-10-17 15:29:53,10350,0,0,+550,+5.61,,,105460,,2,,,,,,,,+500,
2018-10-17 15:29:53,10350,0,0,+550,+5.61,,,105460,,2,,,,,,,,0,
2018-10-17 15:29:53,10350,0,0,+550,+5.61,,,105460,,2,,,,,,,,0,
2018-10-17 15:29:53,10350,0,0,+550,+5.61,,,105012,,2,,,,,,,,+-448,
2018-10-17 15:29:54,10350,0,0,+550,+5.61,,,105012,,2,,,,,,,,0,
2018-10-17 15:29:55,10350,0,0,+550,+5.61,,,105012,,2,,,,,,,,0,
2018-10-17 15:29:55,10350,10750,9930,+550,+5.61,+10350,+10300,4426085,45577,2,+2281993,+24421927540,+206.43,5.38,35,000000,000000,105012,102.75
