2018-09-13 오후 1:43:54,한진중공업홀딩스,3640,4095,3260
2018-09-13 오후 1:43:54,한진중공업홀딩스,3640,4095,3260
2018-09-13 오후 1:43:54,한진중공업홀딩스,3640,4095,3260
2018-09-13 오후 1:43:54,한진중공업홀딩스,3655,4095,3260
2018-09-13 오후 1:43:54,한진중공업홀딩스,3660,4095,3260
2018-09-13 오후 1:44:01,한진중공업홀딩스,3660,4095,3260
2018-09-13 오후 1:44:02,한진중공업홀딩스,3650,4095,3260
2018-09-13 오후 1:44:07,한진중공업홀딩스,3655,4095,3260
2018-09-13 오후 1:44:09,한진중공업홀딩스,3655,4095,3260
2018-09-13 오후 1:44:10,한진중공업홀딩스,3650,4095,3260
2018-09-13 오후 1:44:14,한진중공업홀딩스,3650,4095,3260
2018-09-13 오후 1:44:15,한진중공업홀딩스,3650,4095,3260
2018-09-13 오후 1:44:16,한진중공업홀딩스,3650,4095,3260
2018-09-13 오후 1:44:17,한진중공업홀딩스,3650,4095,3260
2018-09-13 오후 1:44:19,한진중공업홀딩스,3650,4095,3260
2018-09-13 오후 1:44:24,한진중공업홀딩스,3650,4095,3260
2018-09-13 오후 1:44:25,한진중공업홀딩스,3650,4095,3260
2018-09-13 오후 1:44:27,한진중공업홀딩스,3650,4095,3260
2018-09-13 오후 1:44:29,한진중공업홀딩스,3650,4095,3260
2018-09-13 오후 1:44:29,한진중공업홀딩스,3650,4095,3260
2018-09-13 오후 1:44:33,한진중공업홀딩스,3650,4095,3260
2018-09-13 오후 1:44:34,한진중공업홀딩스,3655,4095,3260
2018-09-13 오후 1:44:40,한진중공업홀딩스,3655,4095,3260
2018-09-13 오후 1:44:47,한진중공업홀딩스,3655,4095,3260
2018-09-13 오후 1:44:47,한진중공업홀딩스,3665,4095,3260
2018-09-13 오후 1:44:47,한진중공업홀딩스,3690,4095,3260
2018-09-13 오후 1:44:50,한진중공업홀딩스,3690,4095,3260
2018-09-13 오후 1:44:51,한진중공업홀딩스,3690,4095,3260
2018-09-13 오후 1:44:53,한진중공업홀딩스,3655,4095,3260
2018-09-13 오후 1:44:58,한진중공업홀딩스,3650,4095,3260
2018-09-13 오후 1:45:09,한진중공업홀딩스,3650,4095,3260
2018-09-13 오후 1:45:12,한진중공업홀딩스,3650,4095,3260
2018-09-13 오후 1:45:12,한진중공업홀딩스,3645,4095,3260
2018-09-13 오후 1:45:17,한진중공업홀딩스,3645,4095,3260
2018-09-13 오후 1:45:22,한진중공업홀딩스,3645,4095,3260
2018-09-13 오후 1:45:23,한진중공업홀딩스,3645,4095,3260
2018-09-13 오후 1:45:27,한진중공업홀딩스,3645,4095,3260
2018-09-13 오후 1:45:31,한진중공업홀딩스,3645,4095,3260
2018-09-13 오후 1:45:35,한진중공업홀딩스,3645,4095,3260
2018-09-13 오후 1:45:39,한진중공업홀딩스,3645,4095,3260
2018-09-13 오후 1:45:41,한진중공업홀딩스,3645,4095,3260
2018-09-13 오후 1:45:45,한진중공업홀딩스,3645,4095,3260
2018-09-13 오후 1:45:49,한진중공업홀딩스,3645,4095,3260
2018-09-13 오후 1:45:53,한진중공업홀딩스,3645,4095,3260
2018-09-13 오후 1:45:53,한진중공업홀딩스,3645,4095,3260
2018-09-13 오후 1:45:55,한진중공업홀딩스,3645,4095,3260
2018-09-13 오후 1:45:57,한진중공업홀딩스,3645,4095,3260
2018-09-13 오후 1:45:59,한진중공업홀딩스,3650,4095,3260
2018-09-13 오후 1:45:59,한진중공업홀딩스,3645,4095,3260
2018-09-13 오후 1:46:06,한진중공업홀딩스,3650,4095,3260
2018-09-13 오후 1:46:12,한진중공업홀딩스,3650,4095,3260
2018-09-13 오후 1:46:21,한진중공업홀딩스,3650,4095,3260
2018-09-13 오후 1:46:25,한진중공업홀딩스,3645,4095,3260
2018-09-13 오후 1:46:26,한진중공업홀딩스,3645,4095,3260
2018-09-13 오후 1:46:27,한진중공업홀딩스,3645,4095,3260
2018-09-13 오후 1:46:31,한진중공업홀딩스,3645,4095,3260
2018-09-13 오후 1:46:35,한진중공업홀딩스,3645,4095,3260
2018-09-13 오후 1:46:39,한진중공업홀딩스,3645,4095,3260
2018-09-13 오후 1:46:39,한진중공업홀딩스,3645,4095,3260
2018-09-13 오후 1:46:41,한진중공업홀딩스,3645,4095,3260
2018-09-13 오후 1:46:43,한진중공업홀딩스,3645,4095,3260
2018-09-13 오후 1:46:43,한진중공업홀딩스,3645,4095,3260
2018-09-13 오후 1:46:45,한진중공업홀딩스,3650,4095,3260
2018-09-13 오후 1:46:48,한진중공업홀딩스,3650,4095,3260
2018-09-13 오후 1:47:10,한진중공업홀딩스,3645,4095,3260
2018-09-13 오후 1:47:11,한진중공업홀딩스,3645,4095,3260
2018-09-13 오후 1:47:13,한진중공업홀딩스,3645,4095,3260
2018-09-13 오후 1:47:16,한진중공업홀딩스,3645,4095,3260
2018-09-13 오후 1:47:19,한진중공업홀딩스,3640,4095,3260
2018-09-13 오후 1:47:19,한진중공업홀딩스,3635,4095,3260
2018-09-13 오후 1:47:19,한진중공업홀딩스,3630,4095,3260
2018-09-13 오후 1:47:19,한진중공업홀딩스,3625,4095,3260
2018-09-13 오후 1:47:19,한진중공업홀딩스,3620,4095,3260
2018-09-13 오후 1:47:19,한진중공업홀딩스,3610,4095,3260
2018-09-13 오후 1:47:19,한진중공업홀딩스,3605,4095,3260
2018-09-13 오후 1:47:22,한진중공업홀딩스,3645,4095,3260
2018-09-13 오후 1:47:25,한진중공업홀딩스,3645,4095,3260
2018-09-13 오후 1:47:25,한진중공업홀딩스,3645,4095,3260
2018-09-13 오후 1:47:27,한진중공업홀딩스,3645,4095,3260
2018-09-13 오후 1:47:28,한진중공업홀딩스,3645,4095,3260
2018-09-13 오후 1:47:31,한진중공업홀딩스,3645,4095,3260
2018-09-13 오후 1:47:34,한진중공업홀딩스,3645,4095,3260
2018-09-13 오후 1:47:37,한진중공업홀딩스,3645,4095,3260
2018-09-13 오후 1:47:40,한진중공업홀딩스,3645,4095,3260
2018-09-13 오후 1:47:41,한진중공업홀딩스,3640,4095,3260
2018-09-13 오후 1:47:44,한진중공업홀딩스,3645,4095,3260
2018-09-13 오후 1:47:49,한진중공업홀딩스,3645,4095,3260
2018-09-13 오후 1:47:57,한진중공업홀딩스,3640,4095,3260
2018-09-13 오후 1:48:18,한진중공업홀딩스,3640,4095,3260
2018-09-13 오후 1:48:21,한진중공업홀딩스,3640,4095,3260
2018-09-13 오후 1:48:23,한진중공업홀딩스,3640,4095,3260
2018-09-13 오후 1:48:26,한진중공업홀딩스,3635,4095,3260
2018-09-13 오후 1:48:26,한진중공업홀딩스,3630,4095,3260
2018-09-13 오후 1:48:26,한진중공업홀딩스,3620,4095,3260
2018-09-13 오후 1:48:26,한진중공업홀딩스,3610,4095,3260
2018-09-13 오후 1:48:37,한진중공업홀딩스,3610,4095,3260
2018-09-13 오후 1:48:38,한진중공업홀딩스,3605,4095,3260
2018-09-13 오후 1:48:38,한진중공업홀딩스,3600,4095,3260
2018-09-13 오후 1:48:40,한진중공업홀딩스,3590,4095,3260
2018-09-13 오후 1:48:40,한진중공업홀딩스,3585,4095,3260
2018-09-13 오후 1:48:40,한진중공업홀딩스,3580,4095,3260
2018-09-13 오후 1:48:40,한진중공업홀딩스,3610,4095,3260
2018-09-13 오후 1:48:58,한진중공업홀딩스,3600,4095,3260
2018-09-13 오후 1:49:02,한진중공업홀딩스,3600,4095,3260
2018-09-13 오후 1:49:04,한진중공업홀딩스,3600,4095,3260
2018-09-13 오후 1:49:06,한진중공업홀딩스,3600,4095,3260
2018-09-13 오후 1:49:09,한진중공업홀딩스,3600,4095,3260
2018-09-13 오후 1:49:11,한진중공업홀딩스,3600,4095,3260
2018-09-13 오후 1:49:25,한진중공업홀딩스,3590,4095,3260
2018-09-13 오후 1:49:25,한진중공업홀딩스,3580,4095,3260
2018-09-13 오후 1:49:25,한진중공업홀딩스,3575,4095,3260
2018-09-13 오후 1:49:25,한진중공업홀딩스,3570,4095,3260
2018-09-13 오후 1:49:25,한진중공업홀딩스,3565,4095,3260
2018-09-13 오후 1:49:25,한진중공업홀딩스,3560,4095,3260
2018-09-13 오후 2:44:48,한진중공업홀딩스,3730,4095,3260
2018-09-13 오후 2:44:52,한진중공업홀딩스,3625,4095,3260
2018-09-13 오후 2:44:53,한진중공업홀딩스,3620,4095,3260
2018-09-13 오후 2:44:53,한진중공업홀딩스,3620,4095,3260
2018-09-13 오후 2:44:55,한진중공업홀딩스,3725,4095,3260
2018-09-13 오후 2:44:56,한진중공업홀딩스,3720,4095,3260
2018-09-13 오후 2:44:58,한진중공업홀딩스,3715,4095,3260
2018-09-13 오후 2:45:05,한진중공업홀딩스,3710,4095,3260
2018-09-13 오후 2:45:10,한진중공업홀딩스,3675,4095,3260
2018-09-13 오후 2:45:13,한진중공업홀딩스,3710,4095,3260
2018-09-13 오후 2:45:13,한진중공업홀딩스,3715,4095,3260
2018-09-13 오후 2:45:15,한진중공업홀딩스,3675,4095,3260
2018-09-13 오후 2:45:16,한진중공업홀딩스,3715,4095,3260
2018-09-13 오후 2:45:17,한진중공업홀딩스,3675,4095,3260
2018-09-13 오후 2:45:19,한진중공업홀딩스,3675,4095,3260
2018-09-13 오후 2:45:21,한진중공업홀딩스,3675,4095,3260
2018-09-13 오후 2:45:22,한진중공업홀딩스,3675,4095,3260
2018-09-13 오후 2:45:24,한진중공업홀딩스,3675,4095,3260
2018-09-13 오후 2:46:40,한진중공업홀딩스,3695,4095,3260
2018-09-13 오후 2:46:41,한진중공업홀딩스,3695,4095,3260
2018-09-13 오후 2:46:42,한진중공업홀딩스,3615,4095,3260
2018-09-13 오후 2:47:26,한진중공업홀딩스,3700,4095,3260
2018-09-13 오후 2:47:55,한진중공업홀딩스,3700,4095,3260
2018-09-13 오후 2:48:28,한진중공업홀딩스,3630,4095,3260
2018-09-13 오후 2:48:28,한진중공업홀딩스,3625,4095,3260
2018-09-13 오후 2:48:28,한진중공업홀딩스,3610,4095,3260
2018-09-13 오후 2:48:28,한진중공업홀딩스,3605,4095,3260
2018-09-13 오후 2:48:28,한진중공업홀딩스,3600,4095,3260
2018-09-13 오후 2:48:28,한진중공업홀딩스,3590,4095,3260
2018-09-13 오후 2:48:28,한진중공업홀딩스,3585,4095,3260
2018-09-13 오후 2:48:28,한진중공업홀딩스,3580,4095,3260
2018-09-13 오후 2:48:39,한진중공업홀딩스,3680,4095,3260
2018-09-13 오후 2:48:41,한진중공업홀딩스,3680,4095,3260
2018-09-13 오후 2:48:44,한진중공업홀딩스,3680,4095,3260
2018-09-13 오후 2:49:35,한진중공업홀딩스,3670,4095,3260
2018-09-13 오후 2:50:40,한진중공업홀딩스,3600,4095,3260
2018-09-13 오후 2:50:44,한진중공업홀딩스,3600,4095,3260
2018-09-13 오후 2:51:06,한진중공업홀딩스,3665,4095,3260
2018-09-13 오후 2:51:09,한진중공업홀딩스,3590,4095,3260
2018-09-13 오후 2:51:38,한진중공업홀딩스,3640,4095,3260
2018-09-13 오후 2:52:20,한진중공업홀딩스,3590,4095,3260
2018-09-13 오후 2:52:20,한진중공업홀딩스,3585,4095,3260
2018-09-13 오후 2:52:20,한진중공업홀딩스,3580,4095,3260
2018-09-13 오후 2:52:20,한진중공업홀딩스,3575,4095,3260
2018-09-13 오후 2:52:20,한진중공업홀딩스,3570,4095,3260
2018-09-13 오후 2:52:20,한진중공업홀딩스,3565,4095,3260
