2018-09-13 오후 3:18:59,국영지앤엠,1770,1775,1680
2018-09-13 오후 3:19:00,국영지앤엠,1770,1775,1680
2018-09-13 오후 3:19:00,국영지앤엠,1770,1775,1680
2018-09-13 오후 3:19:00,국영지앤엠,1775,1775,1680
2018-09-13 오후 3:19:04,국영지앤엠,1775,1775,1680
2018-09-13 오후 3:19:06,국영지앤엠,1775,1775,1680
2018-09-13 오후 3:19:08,국영지앤엠,1775,1775,1680
2018-09-13 오후 3:19:08,국영지앤엠,1770,1775,1680
2018-09-13 오후 3:19:13,국영지앤엠,1775,1775,1680
2018-09-13 오후 3:19:13,국영지앤엠,1770,1775,1680
2018-09-13 오후 3:19:14,국영지앤엠,1770,1775,1680
2018-09-13 오후 3:19:15,국영지앤엠,1770,1775,1680
2018-09-13 오후 3:19:18,국영지앤엠,1770,1775,1680
2018-09-13 오후 3:19:19,국영지앤엠,1770,1775,1680
2018-09-13 오후 3:19:20,국영지앤엠,1770,1775,1680
2018-09-13 오후 3:19:22,국영지앤엠,1775,1775,1680
2018-09-13 오후 3:19:22,국영지앤엠,1775,1775,1680
2018-09-13 오후 3:19:23,국영지앤엠,1770,1775,1680
2018-09-13 오후 3:19:26,국영지앤엠,1770,1775,1680
2018-09-13 오후 3:19:29,국영지앤엠,1770,1775,1680
2018-09-13 오후 3:19:33,국영지앤엠,1775,1775,1680
2018-09-13 오후 3:19:33,국영지앤엠,1780,1780,1680
2018-09-13 오후 3:19:33,국영지앤엠,1780,1780,1680
2018-09-13 오후 3:19:35,국영지앤엠,1775,1780,1680
2018-09-13 오후 3:19:36,국영지앤엠,1770,1780,1680
2018-09-13 오후 3:19:36,국영지앤엠,1775,1780,1680
2018-09-13 오후 3:19:37,국영지앤엠,1780,1780,1680
2018-09-13 오후 3:19:39,국영지앤엠,1780,1780,1680
2018-09-13 오후 3:19:40,국영지앤엠,1775,1780,1680
2018-09-13 오후 3:19:41,국영지앤엠,1775,1780,1680
2018-09-13 오후 3:19:41,국영지앤엠,1775,1780,1680
2018-09-13 오후 3:19:45,국영지앤엠,1780,1780,1680
2018-09-13 오후 3:19:45,국영지앤엠,1780,1780,1680
2018-09-13 오후 3:19:45,국영지앤엠,1785,1785,1680
2018-09-13 오후 3:19:45,국영지앤엠,1790,1790,1680
2018-09-13 오후 3:19:46,국영지앤엠,1775,1790,1680
2018-09-13 오후 3:19:46,국영지앤엠,1770,1790,1680
2018-09-13 오후 3:19:46,국영지앤엠,1770,1790,1680
2018-09-13 오후 3:19:46,국영지앤엠,1790,1790,1680
2018-09-13 오후 3:19:46,국영지앤엠,1770,1790,1680
2018-09-13 오후 3:19:46,국영지앤엠,1790,1790,1680
2018-09-13 오후 3:19:46,국영지앤엠,1775,1790,1680
2018-09-13 오후 3:19:51,국영지앤엠,1790,0,0
2018-09-13 오후 3:19:51,국영지앤엠,1790,0,0
2018-09-13 오후 3:19:52,국영지앤엠,1790,0,0
2018-09-13 오후 3:19:52,국영지앤엠,1790,0,0
2018-09-13 오후 3:19:53,국영지앤엠,1790,0,0
2018-09-13 오후 3:19:53,국영지앤엠,1790,0,0
2018-09-13 오후 3:19:53,국영지앤엠,1790,0,0
2018-09-13 오후 3:19:53,국영지앤엠,1790,0,0
2018-09-13 오후 3:19:53,국영지앤엠,1790,0,0
2018-09-13 오후 3:19:54,국영지앤엠,1790,0,0
2018-09-13 오후 3:19:54,국영지앤엠,1790,0,0
2018-09-13 오후 3:19:55,국영지앤엠,1790,0,0
2018-09-13 오후 3:19:55,국영지앤엠,1780,0,0
2018-09-13 오후 3:19:55,국영지앤엠,1780,0,0
2018-09-13 오후 3:19:55,국영지앤엠,1780,0,0
2018-09-13 오후 3:19:56,국영지앤엠,1780,0,0
2018-09-13 오후 3:19:56,국영지앤엠,1780,0,0
2018-09-13 오후 3:19:56,국영지앤엠,1780,0,0
2018-09-13 오후 3:19:57,국영지앤엠,1780,0,0
2018-09-13 오후 3:19:57,국영지앤엠,1780,0,0
2018-09-13 오후 3:19:57,국영지앤엠,1780,0,0
2018-09-13 오후 3:19:57,국영지앤엠,1780,0,0
2018-09-13 오후 3:19:57,국영지앤엠,1780,0,0
2018-09-13 오후 3:19:58,국영지앤엠,1780,0,0
2018-09-13 오후 3:19:58,국영지앤엠,1780,0,0
2018-09-13 오후 3:19:58,국영지앤엠,1780,0,0
2018-09-13 오후 3:20:00,국영지앤엠,1780,0,0
2018-09-13 오후 3:20:00,국영지앤엠,1780,0,0
2018-09-13 오후 3:20:01,국영지앤엠,1780,0,0
2018-09-13 오후 3:20:01,국영지앤엠,1780,0,0
2018-09-13 오후 3:20:05,국영지앤엠,1780,0,0
2018-09-13 오후 3:20:06,국영지앤엠,1780,0,0
2018-09-13 오후 3:20:07,국영지앤엠,1780,0,0
2018-09-13 오후 3:20:10,국영지앤엠,1780,0,0
2018-09-13 오후 3:20:10,국영지앤엠,1780,0,0
2018-09-13 오후 3:20:11,국영지앤엠,1780,0,0
2018-09-13 오후 3:20:12,국영지앤엠,1780,0,0
2018-09-13 오후 3:20:12,국영지앤엠,1780,0,0
2018-09-13 오후 3:20:12,국영지앤엠,1780,0,0
2018-09-13 오후 3:20:13,국영지앤엠,1780,0,0
2018-09-13 오후 3:20:14,국영지앤엠,1790,0,0
2018-09-13 오후 3:20:14,국영지앤엠,1790,0,0
2018-09-13 오후 3:20:15,국영지앤엠,1790,0,0
2018-09-13 오후 3:20:16,국영지앤엠,1790,0,0
2018-09-13 오후 3:20:16,국영지앤엠,1790,0,0
2018-09-13 오후 3:20:17,국영지앤엠,1790,0,0
2018-09-13 오후 3:20:18,국영지앤엠,1790,0,0
2018-09-13 오후 3:20:18,국영지앤엠,1790,0,0
2018-09-13 오후 3:20:19,국영지앤엠,1785,0,0
2018-09-13 오후 3:20:20,국영지앤엠,1785,0,0
2018-09-13 오후 3:20:21,국영지앤엠,1775,0,0
2018-09-13 오후 3:20:21,국영지앤엠,1775,0,0
2018-09-13 오후 3:20:22,국영지앤엠,1775,0,0
2018-09-13 오후 3:20:24,국영지앤엠,1780,0,0
2018-09-13 오후 3:20:24,국영지앤엠,1780,0,0
2018-09-13 오후 3:20:25,국영지앤엠,1775,0,0
2018-09-13 오후 3:20:25,국영지앤엠,1775,0,0
2018-09-13 오후 3:20:25,국영지앤엠,1775,0,0
2018-09-13 오후 3:20:26,국영지앤엠,1775,0,0
2018-09-13 오후 3:20:28,국영지앤엠,1775,0,0
2018-09-13 오후 3:20:29,국영지앤엠,1775,0,0
2018-09-13 오후 3:20:29,국영지앤엠,1775,0,0
2018-09-13 오후 3:20:30,국영지앤엠,1775,0,0
2018-09-13 오후 3:20:31,국영지앤엠,1770,0,0
2018-09-13 오후 3:20:31,국영지앤엠,1770,0,0
2018-09-13 오후 3:20:32,국영지앤엠,1770,0,0
2018-09-13 오후 3:20:34,국영지앤엠,1770,0,0
2018-09-13 오후 3:20:34,국영지앤엠,1770,0,0
2018-09-13 오후 3:20:35,국영지앤엠,1770,0,0
2018-09-13 오후 3:20:35,국영지앤엠,1770,0,0
2018-09-13 오후 3:20:37,국영지앤엠,1770,0,0
2018-09-13 오후 3:20:37,국영지앤엠,1770,0,0
2018-09-13 오후 3:20:38,국영지앤엠,1770,0,0
2018-09-13 오후 3:20:39,국영지앤엠,1770,0,0
2018-09-13 오후 3:20:40,국영지앤엠,1790,0,0
2018-09-13 오후 3:20:41,국영지앤엠,1790,0,0
2018-09-13 오후 3:20:41,국영지앤엠,1790,0,0
2018-09-13 오후 3:20:41,국영지앤엠,1790,0,0
2018-09-13 오후 3:20:46,국영지앤엠,1790,0,0
2018-09-13 오후 3:20:47,국영지앤엠,1790,0,0
2018-09-13 오후 3:20:48,국영지앤엠,1790,0,0
2018-09-13 오후 3:20:48,국영지앤엠,1790,0,0
2018-09-13 오후 3:20:49,국영지앤엠,1790,0,0
2018-09-13 오후 3:20:50,국영지앤엠,1790,0,0
2018-09-13 오후 3:20:50,국영지앤엠,1790,0,0
2018-09-13 오후 3:20:51,국영지앤엠,1790,0,0
2018-09-13 오후 3:20:51,국영지앤엠,1790,0,0
2018-09-13 오후 3:20:51,국영지앤엠,1790,0,0
2018-09-13 오후 3:20:52,국영지앤엠,1790,0,0
2018-09-13 오후 3:20:52,국영지앤엠,1790,0,0
2018-09-13 오후 3:20:53,국영지앤엠,1790,0,0
2018-09-13 오후 3:20:54,국영지앤엠,1790,0,0
2018-09-13 오후 3:20:57,국영지앤엠,1790,0,0
2018-09-13 오후 3:20:58,국영지앤엠,1790,0,0
2018-09-13 오후 3:20:58,국영지앤엠,1790,0,0
2018-09-13 오후 3:20:58,국영지앤엠,1790,0,0
2018-09-13 오후 3:21:00,국영지앤엠,1790,0,0
2018-09-13 오후 3:21:01,국영지앤엠,1790,0,0
2018-09-13 오후 3:21:01,국영지앤엠,1790,0,0
2018-09-13 오후 3:21:02,국영지앤엠,1790,0,0
2018-09-13 오후 3:21:04,국영지앤엠,1790,0,0
2018-09-13 오후 3:21:07,국영지앤엠,1790,0,0
2018-09-13 오후 3:21:08,국영지앤엠,1790,0,0
2018-09-13 오후 3:21:08,국영지앤엠,1790,0,0
2018-09-13 오후 3:21:09,국영지앤엠,1790,0,0
2018-09-13 오후 3:21:14,국영지앤엠,1790,0,0
2018-09-13 오후 3:21:14,국영지앤엠,1790,0,0
2018-09-13 오후 3:21:15,국영지앤엠,1790,0,0
2018-09-13 오후 3:21:15,국영지앤엠,1790,0,0
2018-09-13 오후 3:21:17,국영지앤엠,1790,0,0
2018-09-13 오후 3:21:20,국영지앤엠,1790,0,0
2018-09-13 오후 3:21:21,국영지앤엠,1790,0,0
2018-09-13 오후 3:21:21,국영지앤엠,1790,0,0
2018-09-13 오후 3:21:22,국영지앤엠,1790,0,0
2018-09-13 오후 3:21:22,국영지앤엠,1790,0,0
2018-09-13 오후 3:21:22,국영지앤엠,1790,0,0
2018-09-13 오후 3:21:24,국영지앤엠,1790,0,0
2018-09-13 오후 3:21:24,국영지앤엠,1790,0,0
2018-09-13 오후 3:21:25,국영지앤엠,1790,0,0
2018-09-13 오후 3:21:25,국영지앤엠,1790,0,0
2018-09-13 오후 3:21:27,국영지앤엠,1790,0,0
2018-09-13 오후 3:21:27,국영지앤엠,1790,0,0
2018-09-13 오후 3:21:28,국영지앤엠,1790,0,0
2018-09-13 오후 3:21:28,국영지앤엠,1790,0,0
2018-09-13 오후 3:21:28,국영지앤엠,1790,0,0
2018-09-13 오후 3:21:29,국영지앤엠,1790,0,0
2018-09-13 오후 3:21:30,국영지앤엠,1790,0,0
2018-09-13 오후 3:21:30,국영지앤엠,1790,0,0
2018-09-13 오후 3:21:30,국영지앤엠,1790,0,0
2018-09-13 오후 3:21:31,국영지앤엠,1790,0,0
2018-09-13 오후 3:21:32,국영지앤엠,1790,0,0
2018-09-13 오후 3:21:33,국영지앤엠,1790,0,0
2018-09-13 오후 3:21:33,국영지앤엠,1790,0,0
2018-09-13 오후 3:21:35,국영지앤엠,1790,0,0
2018-09-13 오후 3:21:35,국영지앤엠,1790,0,0
2018-09-13 오후 3:21:35,국영지앤엠,1790,0,0
2018-09-13 오후 3:21:36,국영지앤엠,1790,0,0
2018-09-13 오후 3:21:36,국영지앤엠,1790,0,0
2018-09-13 오후 3:21:36,국영지앤엠,1790,0,0
2018-09-13 오후 3:21:37,국영지앤엠,1790,0,0
2018-09-13 오후 3:21:38,국영지앤엠,1790,0,0
2018-09-13 오후 3:21:38,국영지앤엠,1790,0,0
2018-09-13 오후 3:21:39,국영지앤엠,1790,0,0
2018-09-13 오후 3:21:39,국영지앤엠,1790,0,0
2018-09-13 오후 3:21:40,국영지앤엠,1790,0,0
2018-09-13 오후 3:21:41,국영지앤엠,1790,0,0
2018-09-13 오후 3:21:41,국영지앤엠,1790,0,0
2018-09-13 오후 3:21:42,국영지앤엠,1790,0,0
2018-09-13 오후 3:21:43,국영지앤엠,1790,0,0
2018-09-13 오후 3:21:44,국영지앤엠,1790,0,0
2018-09-13 오후 3:21:44,국영지앤엠,1790,0,0
2018-09-13 오후 3:21:45,국영지앤엠,1790,0,0
2018-09-13 오후 3:21:45,국영지앤엠,1790,0,0
2018-09-13 오후 3:21:47,국영지앤엠,1790,0,0
2018-09-13 오후 3:21:48,국영지앤엠,1790,0,0
2018-09-13 오후 3:21:48,국영지앤엠,1790,0,0
2018-09-13 오후 3:21:50,국영지앤엠,1790,0,0
2018-09-13 오후 3:21:52,국영지앤엠,1790,0,0
2018-09-13 오후 3:21:52,국영지앤엠,1790,0,0
2018-09-13 오후 3:21:53,국영지앤엠,1790,0,0
2018-09-13 오후 3:21:53,국영지앤엠,1790,0,0
2018-09-13 오후 3:21:54,국영지앤엠,1790,0,0
2018-09-13 오후 3:21:54,국영지앤엠,1790,0,0
2018-09-13 오후 3:21:56,국영지앤엠,1790,0,0
2018-09-13 오후 3:21:59,국영지앤엠,1790,0,0
2018-09-13 오후 3:22:01,국영지앤엠,1790,0,0
2018-09-13 오후 3:22:02,국영지앤엠,1790,0,0
2018-09-13 오후 3:22:02,국영지앤엠,1790,0,0
2018-09-13 오후 3:22:03,국영지앤엠,1790,0,0
2018-09-13 오후 3:22:03,국영지앤엠,1790,0,0
2018-09-13 오후 3:22:06,국영지앤엠,1790,0,0
2018-09-13 오후 3:22:07,국영지앤엠,1790,0,0
2018-09-13 오후 3:22:07,국영지앤엠,1790,0,0
2018-09-13 오후 3:22:08,국영지앤엠,1790,0,0
2018-09-13 오후 3:22:09,국영지앤엠,1790,0,0
2018-09-13 오후 3:22:10,국영지앤엠,1790,0,0
2018-09-13 오후 3:22:10,국영지앤엠,1790,0,0
2018-09-13 오후 3:22:11,국영지앤엠,1790,0,0
2018-09-13 오후 3:22:12,국영지앤엠,1790,0,0
2018-09-13 오후 3:22:13,국영지앤엠,1790,0,0
2018-09-13 오후 3:22:13,국영지앤엠,1790,0,0
2018-09-13 오후 3:22:14,국영지앤엠,1790,0,0
2018-09-13 오후 3:22:17,국영지앤엠,1790,0,0
2018-09-13 오후 3:22:19,국영지앤엠,1790,0,0
2018-09-13 오후 3:22:21,국영지앤엠,1790,0,0
2018-09-13 오후 3:22:23,국영지앤엠,1790,0,0
2018-09-13 오후 3:22:23,국영지앤엠,1790,0,0
2018-09-13 오후 3:22:23,국영지앤엠,1790,0,0
2018-09-13 오후 3:22:24,국영지앤엠,1790,0,0
2018-09-13 오후 3:22:25,국영지앤엠,1790,0,0
2018-09-13 오후 3:22:26,국영지앤엠,1790,0,0
2018-09-13 오후 3:22:27,국영지앤엠,1790,0,0
2018-09-13 오후 3:22:28,국영지앤엠,1790,0,0
2018-09-13 오후 3:22:29,국영지앤엠,1790,0,0
2018-09-13 오후 3:22:29,국영지앤엠,1790,0,0
2018-09-13 오후 3:22:30,국영지앤엠,1790,0,0
2018-09-13 오후 3:22:31,국영지앤엠,1790,0,0
2018-09-13 오후 3:22:32,국영지앤엠,1790,0,0
2018-09-13 오후 3:22:32,국영지앤엠,1790,0,0
2018-09-13 오후 3:22:35,국영지앤엠,1790,0,0
2018-09-13 오후 3:22:37,국영지앤엠,1790,0,0
2018-09-13 오후 3:22:38,국영지앤엠,1790,0,0
2018-09-13 오후 3:22:40,국영지앤엠,1790,0,0
2018-09-13 오후 3:22:43,국영지앤엠,1790,0,0
2018-09-13 오후 3:22:48,국영지앤엠,1790,0,0
2018-09-13 오후 3:22:53,국영지앤엠,1790,0,0
2018-09-13 오후 3:22:54,국영지앤엠,1790,0,0
2018-09-13 오후 3:23:00,국영지앤엠,1790,0,0
2018-09-13 오후 3:23:00,국영지앤엠,1790,0,0
2018-09-13 오후 3:23:01,국영지앤엠,1790,0,0
2018-09-13 오후 3:23:02,국영지앤엠,1790,0,0
2018-09-13 오후 3:23:03,국영지앤엠,1790,0,0
2018-09-13 오후 3:23:06,국영지앤엠,1790,0,0
2018-09-13 오후 3:23:06,국영지앤엠,1790,0,0
2018-09-13 오후 3:23:06,국영지앤엠,1790,0,0
2018-09-13 오후 3:23:07,국영지앤엠,1790,0,0
2018-09-13 오후 3:23:08,국영지앤엠,1790,0,0
2018-09-13 오후 3:23:08,국영지앤엠,1790,0,0
2018-09-13 오후 3:23:09,국영지앤엠,1790,0,0
2018-09-13 오후 3:23:10,국영지앤엠,1790,0,0
2018-09-13 오후 3:23:10,국영지앤엠,1790,0,0
2018-09-13 오후 3:23:12,국영지앤엠,1790,0,0
2018-09-13 오후 3:23:12,국영지앤엠,1790,0,0
2018-09-13 오후 3:23:12,국영지앤엠,1790,0,0
2018-09-13 오후 3:23:17,국영지앤엠,1790,0,0
2018-09-13 오후 3:23:18,국영지앤엠,1790,0,0
2018-09-13 오후 3:23:18,국영지앤엠,1790,0,0
2018-09-13 오후 3:23:19,국영지앤엠,1790,0,0
2018-09-13 오후 3:23:20,국영지앤엠,1790,0,0
2018-09-13 오후 3:23:21,국영지앤엠,1790,0,0
2018-09-13 오후 3:23:25,국영지앤엠,1790,0,0
2018-09-13 오후 3:23:27,국영지앤엠,1785,0,0
2018-09-13 오후 3:23:28,국영지앤엠,1785,0,0
2018-09-13 오후 3:23:31,국영지앤엠,1785,0,0
2018-09-13 오후 3:23:31,국영지앤엠,1785,0,0
2018-09-13 오후 3:23:32,국영지앤엠,1785,0,0
2018-09-13 오후 3:23:33,국영지앤엠,1785,0,0
2018-09-13 오후 3:23:34,국영지앤엠,1785,0,0
2018-09-13 오후 3:23:36,국영지앤엠,1785,0,0
2018-09-13 오후 3:23:37,국영지앤엠,1785,0,0
2018-09-13 오후 3:23:38,국영지앤엠,1780,0,0
2018-09-13 오후 3:23:39,국영지앤엠,1780,0,0
2018-09-13 오후 3:23:40,국영지앤엠,1780,0,0
2018-09-13 오후 3:23:40,국영지앤엠,1780,0,0
2018-09-13 오후 3:23:43,국영지앤엠,1780,0,0
2018-09-13 오후 3:23:47,국영지앤엠,1780,0,0
2018-09-13 오후 3:23:47,국영지앤엠,1780,0,0
2018-09-13 오후 3:23:48,국영지앤엠,1780,0,0
2018-09-13 오후 3:23:48,국영지앤엠,1780,0,0
2018-09-13 오후 3:23:49,국영지앤엠,1780,0,0
2018-09-13 오후 3:23:51,국영지앤엠,1780,0,0
2018-09-13 오후 3:23:54,국영지앤엠,1780,0,0
2018-09-13 오후 3:23:55,국영지앤엠,1780,0,0
2018-09-13 오후 3:23:56,국영지앤엠,1780,0,0
2018-09-13 오후 3:23:57,국영지앤엠,1780,0,0
2018-09-13 오후 3:24:01,국영지앤엠,1780,0,0
2018-09-13 오후 3:24:05,국영지앤엠,1780,0,0
2018-09-13 오후 3:24:11,국영지앤엠,1780,0,0
2018-09-13 오후 3:24:11,국영지앤엠,1780,0,0
2018-09-13 오후 3:24:12,국영지앤엠,1780,0,0
2018-09-13 오후 3:24:12,국영지앤엠,1780,0,0
2018-09-13 오후 3:24:13,국영지앤엠,1780,0,0
2018-09-13 오후 3:24:13,국영지앤엠,1780,0,0
2018-09-13 오후 3:24:13,국영지앤엠,1780,0,0
2018-09-13 오후 3:24:14,국영지앤엠,1780,0,0
2018-09-13 오후 3:24:17,국영지앤엠,1780,0,0
2018-09-13 오후 3:24:21,국영지앤엠,1780,0,0
2018-09-13 오후 3:24:21,국영지앤엠,1780,0,0
2018-09-13 오후 3:24:24,국영지앤엠,1780,0,0
2018-09-13 오후 3:24:24,국영지앤엠,1780,0,0
2018-09-13 오후 3:24:24,국영지앤엠,1780,0,0
2018-09-13 오후 3:24:25,국영지앤엠,1780,0,0
2018-09-13 오후 3:24:26,국영지앤엠,1780,0,0
2018-09-13 오후 3:24:26,국영지앤엠,1780,0,0
2018-09-13 오후 3:24:32,국영지앤엠,1780,0,0
2018-09-13 오후 3:24:32,국영지앤엠,1780,0,0
2018-09-13 오후 3:24:38,국영지앤엠,1780,0,0
2018-09-13 오후 3:24:43,국영지앤엠,1780,0,0
2018-09-13 오후 3:24:44,국영지앤엠,1780,0,0
2018-09-13 오후 3:24:47,국영지앤엠,1780,0,0
2018-09-13 오후 3:24:51,국영지앤엠,1780,0,0
2018-09-13 오후 3:24:53,국영지앤엠,1780,0,0
2018-09-13 오후 3:24:54,국영지앤엠,1780,0,0
2018-09-13 오후 3:24:54,국영지앤엠,1780,0,0
2018-09-13 오후 3:24:55,국영지앤엠,1780,0,0
2018-09-13 오후 3:25:03,국영지앤엠,1780,0,0
2018-09-13 오후 3:25:03,국영지앤엠,1780,0,0
2018-09-13 오후 3:25:06,국영지앤엠,1785,0,0
2018-09-13 오후 3:25:07,국영지앤엠,1785,0,0
2018-09-13 오후 3:25:14,국영지앤엠,1785,0,0
2018-09-13 오후 3:25:15,국영지앤엠,1785,0,0
2018-09-13 오후 3:25:17,국영지앤엠,1785,0,0
2018-09-13 오후 3:25:17,국영지앤엠,1785,0,0
2018-09-13 오후 3:25:19,국영지앤엠,1785,0,0
2018-09-13 오후 3:25:19,국영지앤엠,1785,0,0
2018-09-13 오후 3:25:21,국영지앤엠,1785,0,0
2018-09-13 오후 3:25:25,국영지앤엠,1785,0,0
2018-09-13 오후 3:25:29,국영지앤엠,1785,0,0
2018-09-13 오후 3:25:30,국영지앤엠,1785,0,0
2018-09-13 오후 3:25:31,국영지앤엠,1785,0,0
2018-09-13 오후 3:25:33,국영지앤엠,1785,0,0
2018-09-13 오후 3:25:34,국영지앤엠,1785,0,0
2018-09-13 오후 3:25:37,국영지앤엠,1785,0,0
2018-09-13 오후 3:25:42,국영지앤엠,1785,0,0
2018-09-13 오후 3:25:43,국영지앤엠,1790,0,0
2018-09-13 오후 3:25:44,국영지앤엠,1790,0,0
2018-09-13 오후 3:25:46,국영지앤엠,1790,0,0
2018-09-13 오후 3:25:52,국영지앤엠,1790,0,0
2018-09-13 오후 3:25:55,국영지앤엠,1790,0,0
2018-09-13 오후 3:25:55,국영지앤엠,1790,0,0
2018-09-13 오후 3:25:56,국영지앤엠,1790,0,0
2018-09-13 오후 3:25:57,국영지앤엠,1785,0,0
2018-09-13 오후 3:25:58,국영지앤엠,1785,0,0
2018-09-13 오후 3:25:58,국영지앤엠,1785,0,0
2018-09-13 오후 3:26:01,국영지앤엠,1785,0,0
2018-09-13 오후 3:26:04,국영지앤엠,1785,0,0
2018-09-13 오후 3:26:05,국영지앤엠,1790,0,0
2018-09-13 오후 3:26:08,국영지앤엠,1790,0,0
2018-09-13 오후 3:26:08,국영지앤엠,1790,0,0
2018-09-13 오후 3:26:09,국영지앤엠,1790,0,0
2018-09-13 오후 3:26:12,국영지앤엠,1790,0,0
2018-09-13 오후 3:26:12,국영지앤엠,1790,0,0
2018-09-13 오후 3:26:18,국영지앤엠,1790,0,0
2018-09-13 오후 3:26:21,국영지앤엠,1790,0,0
2018-09-13 오후 3:26:21,국영지앤엠,1790,0,0
2018-09-13 오후 3:26:23,국영지앤엠,1790,0,0
2018-09-13 오후 3:26:24,국영지앤엠,1785,0,0
2018-09-13 오후 3:26:24,국영지앤엠,1785,0,0
2018-09-13 오후 3:26:25,국영지앤엠,1785,0,0
2018-09-13 오후 3:26:26,국영지앤엠,1785,0,0
2018-09-13 오후 3:26:28,국영지앤엠,1785,0,0
2018-09-13 오후 3:26:28,국영지앤엠,1780,0,0
2018-09-13 오후 3:26:35,국영지앤엠,1780,0,0
2018-09-13 오후 3:26:38,국영지앤엠,1780,0,0
2018-09-13 오후 3:26:40,국영지앤엠,1780,0,0
2018-09-13 오후 3:26:42,국영지앤엠,1780,0,0
2018-09-13 오후 3:26:43,국영지앤엠,1780,0,0
2018-09-13 오후 3:26:45,국영지앤엠,1780,0,0
2018-09-13 오후 3:26:46,국영지앤엠,1780,0,0
2018-09-13 오후 3:26:49,국영지앤엠,1780,0,0
2018-09-13 오후 3:26:49,국영지앤엠,1780,0,0
2018-09-13 오후 3:26:56,국영지앤엠,1780,0,0
2018-09-13 오후 3:26:56,국영지앤엠,1780,0,0
2018-09-13 오후 3:27:01,국영지앤엠,1780,0,0
2018-09-13 오후 3:27:12,국영지앤엠,1780,0,0
2018-09-13 오후 3:27:15,국영지앤엠,1780,0,0
2018-09-13 오후 3:27:17,국영지앤엠,1780,0,0
2018-09-13 오후 3:27:18,국영지앤엠,1785,0,0
2018-09-13 오후 3:27:19,국영지앤엠,1785,0,0
2018-09-13 오후 3:27:25,국영지앤엠,1780,0,0
2018-09-13 오후 3:27:26,국영지앤엠,1780,0,0
2018-09-13 오후 3:27:26,국영지앤엠,1780,0,0
2018-09-13 오후 3:27:26,국영지앤엠,1780,0,0
2018-09-13 오후 3:27:32,국영지앤엠,1780,0,0
2018-09-13 오후 3:27:32,국영지앤엠,1780,0,0
2018-09-13 오후 3:27:34,국영지앤엠,1780,0,0
2018-09-13 오후 3:27:34,국영지앤엠,1780,0,0
2018-09-13 오후 3:27:36,국영지앤엠,1780,0,0
2018-09-13 오후 3:27:36,국영지앤엠,1780,0,0
2018-09-13 오후 3:27:41,국영지앤엠,1780,0,0
2018-09-13 오후 3:27:42,국영지앤엠,1780,0,0
2018-09-13 오후 3:27:44,국영지앤엠,1780,0,0
2018-09-13 오후 3:27:47,국영지앤엠,1780,0,0
2018-09-13 오후 3:27:50,국영지앤엠,1780,0,0
2018-09-13 오후 3:27:54,국영지앤엠,1780,0,0
2018-09-13 오후 3:27:54,국영지앤엠,1780,0,0
2018-09-13 오후 3:27:54,국영지앤엠,1780,0,0
2018-09-13 오후 3:27:55,국영지앤엠,1780,0,0
2018-09-13 오후 3:27:55,국영지앤엠,1780,0,0
2018-09-13 오후 3:27:56,국영지앤엠,1780,0,0
2018-09-13 오후 3:27:58,국영지앤엠,1780,0,0
2018-09-13 오후 3:27:59,국영지앤엠,1785,0,0
2018-09-13 오후 3:27:59,국영지앤엠,1785,0,0
2018-09-13 오후 3:28:04,국영지앤엠,1785,0,0
2018-09-13 오후 3:28:05,국영지앤엠,1785,0,0
2018-09-13 오후 3:28:05,국영지앤엠,1785,0,0
2018-09-13 오후 3:28:12,국영지앤엠,1785,0,0
2018-09-13 오후 3:28:14,국영지앤엠,1785,0,0
2018-09-13 오후 3:28:15,국영지앤엠,1785,0,0
2018-09-13 오후 3:28:15,국영지앤엠,1785,0,0
2018-09-13 오후 3:28:18,국영지앤엠,1785,0,0
2018-09-13 오후 3:28:19,국영지앤엠,1790,0,0
2018-09-13 오후 3:28:20,국영지앤엠,1790,0,0
2018-09-13 오후 3:28:20,국영지앤엠,1790,0,0
2018-09-13 오후 3:28:21,국영지앤엠,1790,0,0
2018-09-13 오후 3:28:21,국영지앤엠,1790,0,0
2018-09-13 오후 3:28:22,국영지앤엠,1790,0,0
2018-09-13 오후 3:28:23,국영지앤엠,1790,0,0
2018-09-13 오후 3:28:24,국영지앤엠,1790,0,0
2018-09-13 오후 3:28:25,국영지앤엠,1790,0,0
2018-09-13 오후 3:28:28,국영지앤엠,1785,0,0
2018-09-13 오후 3:28:31,국영지앤엠,1785,0,0
2018-09-13 오후 3:28:34,국영지앤엠,1785,0,0
2018-09-13 오후 3:28:35,국영지앤엠,1785,0,0
2018-09-13 오후 3:28:35,국영지앤엠,1785,0,0
2018-09-13 오후 3:28:37,국영지앤엠,1785,0,0
2018-09-13 오후 3:28:38,국영지앤엠,1785,0,0
2018-09-13 오후 3:28:40,국영지앤엠,1785,0,0
2018-09-13 오후 3:28:40,국영지앤엠,1785,0,0
2018-09-13 오후 3:28:40,국영지앤엠,1785,0,0
2018-09-13 오후 3:28:43,국영지앤엠,1785,0,0
2018-09-13 오후 3:28:44,국영지앤엠,1785,0,0
2018-09-13 오후 3:28:45,국영지앤엠,1785,0,0
2018-09-13 오후 3:28:45,국영지앤엠,1785,0,0
2018-09-13 오후 3:28:47,국영지앤엠,1780,0,0
2018-09-13 오후 3:28:50,국영지앤엠,1780,0,0
2018-09-13 오후 3:28:52,국영지앤엠,1780,0,0
2018-09-13 오후 3:28:54,국영지앤엠,1780,0,0
2018-09-13 오후 3:28:54,국영지앤엠,1780,0,0
2018-09-13 오후 3:28:56,국영지앤엠,1780,0,0
2018-09-13 오후 3:28:58,국영지앤엠,1780,0,0
2018-09-13 오후 3:28:59,국영지앤엠,1780,0,0
2018-09-13 오후 3:29:01,국영지앤엠,1780,0,0
2018-09-13 오후 3:29:03,국영지앤엠,1785,0,0
2018-09-13 오후 3:29:04,국영지앤엠,1790,0,0
2018-09-13 오후 3:29:08,국영지앤엠,1790,0,0
2018-09-13 오후 3:29:09,국영지앤엠,1790,0,0
2018-09-13 오후 3:29:09,국영지앤엠,1790,0,0
2018-09-13 오후 3:29:10,국영지앤엠,1790,0,0
2018-09-13 오후 3:29:12,국영지앤엠,1790,0,0
2018-09-13 오후 3:29:12,국영지앤엠,1790,0,0
2018-09-13 오후 3:29:13,국영지앤엠,1790,0,0
2018-09-13 오후 3:29:14,국영지앤엠,1790,0,0
2018-09-13 오후 3:29:15,국영지앤엠,1790,0,0
2018-09-13 오후 3:29:16,국영지앤엠,1790,0,0
2018-09-13 오후 3:29:18,국영지앤엠,1790,0,0
2018-09-13 오후 3:29:18,국영지앤엠,1790,0,0
2018-09-13 오후 3:29:19,국영지앤엠,1790,0,0
2018-09-13 오후 3:29:19,국영지앤엠,1790,0,0
2018-09-13 오후 3:29:20,국영지앤엠,1790,0,0
2018-09-13 오후 3:29:20,국영지앤엠,1790,0,0
2018-09-13 오후 3:29:20,국영지앤엠,1790,0,0
2018-09-13 오후 3:29:22,국영지앤엠,1790,0,0
2018-09-13 오후 3:29:24,국영지앤엠,1790,0,0
2018-09-13 오후 3:29:24,국영지앤엠,1790,0,0
2018-09-13 오후 3:29:25,국영지앤엠,1790,0,0
2018-09-13 오후 3:29:28,국영지앤엠,1790,0,0
2018-09-13 오후 3:29:30,국영지앤엠,1790,0,0
2018-09-13 오후 3:29:30,국영지앤엠,1790,0,0
2018-09-13 오후 3:29:31,국영지앤엠,1790,0,0
2018-09-13 오후 3:29:31,국영지앤엠,1790,0,0
2018-09-13 오후 3:29:33,국영지앤엠,1790,0,0
2018-09-13 오후 3:29:34,국영지앤엠,1790,0,0
2018-09-13 오후 3:29:35,국영지앤엠,1790,0,0
2018-09-13 오후 3:29:38,국영지앤엠,1790,0,0
2018-09-13 오후 3:29:38,국영지앤엠,1790,0,0
2018-09-13 오후 3:29:39,국영지앤엠,1790,0,0
2018-09-13 오후 3:29:40,국영지앤엠,1790,0,0
2018-09-13 오후 3:29:40,국영지앤엠,1790,0,0
2018-09-13 오후 3:29:42,국영지앤엠,1790,0,0
2018-09-13 오후 3:29:43,국영지앤엠,1790,0,0
2018-09-13 오후 3:29:44,국영지앤엠,1790,0,0
2018-09-13 오후 3:29:44,국영지앤엠,1790,0,0
2018-09-13 오후 3:29:45,국영지앤엠,1790,0,0
2018-09-13 오후 3:29:46,국영지앤엠,1785,0,0
2018-09-13 오후 3:29:46,국영지앤엠,1790,0,0
2018-09-13 오후 3:29:46,국영지앤엠,1790,0,0
2018-09-13 오후 3:29:47,국영지앤엠,1790,0,0
2018-09-13 오후 3:29:47,국영지앤엠,1790,0,0
2018-09-13 오후 3:29:48,국영지앤엠,1790,0,0
2018-09-13 오후 3:29:48,국영지앤엠,1790,0,0
2018-09-13 오후 3:29:49,국영지앤엠,1790,0,0
2018-09-13 오후 3:29:49,국영지앤엠,1790,0,0
2018-09-13 오후 3:29:50,국영지앤엠,1790,0,0
2018-09-13 오후 3:29:50,국영지앤엠,1790,0,0
2018-09-13 오후 3:29:53,국영지앤엠,1790,0,0
2018-09-13 오후 3:29:53,국영지앤엠,1790,0,0
2018-09-13 오후 3:29:54,국영지앤엠,1790,0,0
2018-09-13 오후 3:29:54,국영지앤엠,1790,0,0
2018-09-13 오후 3:29:55,국영지앤엠,1790,0,0
2018-09-13 오후 3:29:57,국영지앤엠,1790,0,0
2018-09-13 오후 3:29:57,국영지앤엠,1790,0,0
2018-09-13 오후 3:29:58,국영지앤엠,1790,0,0
2018-09-13 오후 3:30:00,국영지앤엠,1790,0,0
2018-09-13 오후 3:30:01,국영지앤엠,1790,0,0
2018-09-13 오후 3:30:03,국영지앤엠,1790,0,0
2018-09-13 오후 3:30:06,국영지앤엠,1790,0,0
2018-09-13 오후 3:30:07,국영지앤엠,1790,0,0
2018-09-13 오후 3:30:07,국영지앤엠,1790,0,0
2018-09-13 오후 3:30:08,국영지앤엠,1790,0,0
2018-09-13 오후 3:30:09,국영지앤엠,1790,0,0
2018-09-13 오후 3:30:10,국영지앤엠,1790,1790,1680
