2018-09-13 오전 9:59:32,오리콤,5960,5980,5500
2018-09-13 오전 9:59:32,오리콤,5920,5980,5500
2018-09-13 오전 9:59:32,오리콤,5910,5980,5500
2018-09-13 오전 9:59:32,오리콤,5900,5980,5500
2018-09-13 오전 9:59:33,오리콤,5900,5980,5500
2018-09-13 오전 9:59:33,오리콤,5900,5980,5500
2018-09-13 오전 9:59:33,오리콤,5900,5980,5500
2018-09-13 오전 9:59:35,오리콤,5930,5980,5500
2018-09-13 오전 9:59:36,오리콤,5900,5980,5500
2018-09-13 오전 9:59:37,오리콤,5890,5980,5500
2018-09-13 오전 9:59:37,오리콤,5900,5980,5500
2018-09-13 오전 9:59:37,오리콤,5930,5980,5500
2018-09-13 오전 9:59:37,오리콤,5940,5980,5500
2018-09-13 오전 9:59:41,오리콤,5920,5980,5500
2018-09-13 오전 9:59:41,오리콤,5920,5980,5500
2018-09-13 오전 9:59:41,오리콤,5920,5980,5500
2018-09-13 오전 9:59:42,오리콤,5900,5980,5500
2018-09-13 오전 9:59:42,오리콤,5920,5980,5500
2018-09-13 오전 9:59:43,오리콤,5900,5980,5500
2018-09-13 오전 9:59:44,오리콤,5890,5980,5500
2018-09-13 오전 9:59:44,오리콤,5880,5980,5500
2018-09-13 오전 9:59:45,오리콤,5880,5980,5500
2018-09-13 오전 9:59:45,오리콤,5870,5980,5500
2018-09-13 오전 9:59:45,오리콤,5860,5980,5500
2018-09-13 오전 9:59:45,오리콤,5850,5980,5500
2018-09-13 오전 9:59:45,오리콤,5840,5980,5500
2018-09-13 오전 9:59:45,오리콤,5840,5980,5500
2018-09-13 오전 9:59:45,오리콤,5840,5980,5500
2018-09-13 오전 9:59:46,오리콤,5840,5980,5500
2018-09-13 오전 9:59:46,오리콤,5890,5980,5500
2018-09-13 오전 9:59:46,오리콤,5840,5980,5500
2018-09-13 오전 9:59:46,오리콤,5840,5980,5500
2018-09-13 오전 9:59:47,오리콤,5840,5980,5500
2018-09-13 오전 9:59:47,오리콤,5840,5980,5500
2018-09-13 오전 9:59:47,오리콤,5840,5980,5500
2018-09-13 오전 9:59:47,오리콤,5840,5980,5500
2018-09-13 오전 9:59:48,오리콤,5890,5980,5500
2018-09-13 오전 9:59:49,오리콤,5890,5980,5500
2018-09-13 오전 9:59:50,오리콤,5890,5980,5500
2018-09-13 오전 9:59:50,오리콤,5880,5980,5500
2018-09-13 오전 9:59:50,오리콤,5880,5980,5500
2018-09-13 오전 9:59:51,오리콤,5880,5980,5500
2018-09-13 오전 9:59:51,오리콤,5880,5980,5500
2018-09-13 오전 9:59:51,오리콤,5840,5980,5500
2018-09-13 오전 9:59:52,오리콤,5870,5980,5500
2018-09-13 오전 9:59:52,오리콤,5870,5980,5500
2018-09-13 오전 9:59:52,오리콤,5870,5980,5500
2018-09-13 오전 9:59:52,오리콤,5870,5980,5500
2018-09-13 오전 9:59:52,오리콤,5870,5980,5500
2018-09-13 오전 9:59:53,오리콤,5870,5980,5500
2018-09-13 오전 9:59:53,오리콤,5870,5980,5500
2018-09-13 오전 9:59:54,오리콤,5870,5980,5500
2018-09-13 오전 9:59:54,오리콤,5840,5980,5500
2018-09-13 오전 9:59:54,오리콤,5870,5980,5500
2018-09-13 오전 9:59:55,오리콤,5870,5980,5500
2018-09-13 오전 9:59:55,오리콤,5870,5980,5500
2018-09-13 오전 9:59:55,오리콤,5870,5980,5500
2018-09-13 오전 9:59:55,오리콤,5870,5980,5500
2018-09-13 오전 9:59:55,오리콤,5870,5980,5500
2018-09-13 오전 9:59:55,오리콤,5870,5980,5500
2018-09-13 오전 9:59:56,오리콤,5870,5980,5500
2018-09-13 오전 9:59:56,오리콤,5870,5980,5500
2018-09-13 오전 9:59:56,오리콤,5870,5980,5500
2018-09-13 오전 9:59:56,오리콤,5870,5980,5500
2018-09-13 오전 9:59:56,오리콤,5870,5980,5500
2018-09-13 오전 9:59:57,오리콤,5870,5980,5500
2018-09-13 오전 9:59:57,오리콤,5870,5980,5500
2018-09-13 오전 9:59:57,오리콤,5870,5980,5500
2018-09-13 오전 9:59:57,오리콤,5870,5980,5500
2018-09-13 오전 9:59:57,오리콤,5870,5980,5500
2018-09-13 오전 9:59:57,오리콤,5870,5980,5500
2018-09-13 오전 9:59:58,오리콤,5870,5980,5500
2018-09-13 오전 9:59:58,오리콤,5870,5980,5500
2018-09-13 오전 9:59:58,오리콤,5870,5980,5500
2018-09-13 오전 9:59:58,오리콤,5850,5980,5500
2018-09-13 오전 9:59:58,오리콤,5870,5980,5500
2018-09-13 오전 9:59:59,오리콤,5870,5980,5500
2018-09-13 오전 9:59:59,오리콤,5870,5980,5500
2018-09-13 오전 9:59:59,오리콤,5870,5980,5500
2018-09-13 오전 9:59:59,오리콤,5870,5980,5500
2018-09-13 오전 9:59:59,오리콤,5870,5980,5500
2018-09-13 오전 10:00:00,오리콤,5870,5980,5500
2018-09-13 오전 10:00:00,오리콤,5870,5980,5500
2018-09-13 오전 10:00:00,오리콤,5870,5980,5500
2018-09-13 오전 10:00:00,오리콤,5870,5980,5500
2018-09-13 오전 10:00:00,오리콤,5870,5980,5500
2018-09-13 오전 10:00:00,오리콤,5870,5980,5500
2018-09-13 오전 10:00:01,오리콤,5870,5980,5500
2018-09-13 오전 10:00:01,오리콤,5870,5980,5500
2018-09-13 오전 10:00:01,오리콤,5870,5980,5500
2018-09-13 오전 10:00:01,오리콤,5870,5980,5500
2018-09-13 오전 10:00:01,오리콤,5870,5980,5500
2018-09-13 오전 10:00:01,오리콤,5870,5980,5500
2018-09-13 오전 10:00:01,오리콤,5870,5980,5500
2018-09-13 오전 10:00:02,오리콤,5870,5980,5500
2018-09-13 오전 10:00:02,오리콤,5870,5980,5500
2018-09-13 오전 10:00:02,오리콤,5870,5980,5500
2018-09-13 오전 10:00:03,오리콤,5870,5980,5500
2018-09-13 오전 10:00:03,오리콤,5870,5980,5500
2018-09-13 오전 10:00:03,오리콤,5870,5980,5500
2018-09-13 오전 10:00:03,오리콤,5870,5980,5500
2018-09-13 오전 10:00:03,오리콤,5870,5980,5500
2018-09-13 오전 10:00:03,오리콤,5870,5980,5500
2018-09-13 오전 10:00:04,오리콤,5870,5980,5500
2018-09-13 오전 10:00:04,오리콤,5870,5980,5500
2018-09-13 오전 10:00:04,오리콤,5870,5980,5500
2018-09-13 오전 10:00:04,오리콤,5850,5980,5500
2018-09-13 오전 10:00:04,오리콤,5870,5980,5500
2018-09-13 오전 10:00:04,오리콤,5870,5980,5500
2018-09-13 오전 10:00:04,오리콤,5870,5980,5500
2018-09-13 오전 10:00:04,오리콤,5870,5980,5500
2018-09-13 오전 10:00:04,오리콤,5870,5980,5500
2018-09-13 오전 10:00:05,오리콤,5870,5980,5500
2018-09-13 오전 10:00:05,오리콤,5870,5980,5500
2018-09-13 오전 10:00:05,오리콤,5850,5980,5500
2018-09-13 오전 10:00:05,오리콤,5860,5980,5500
2018-09-13 오전 10:00:05,오리콤,5860,5980,5500
2018-09-13 오전 10:00:05,오리콤,5860,5980,5500
2018-09-13 오전 10:00:05,오리콤,5860,5980,5500
2018-09-13 오전 10:00:06,오리콤,5860,5980,5500
2018-09-13 오전 10:00:06,오리콤,5860,5980,5500
2018-09-13 오전 10:00:06,오리콤,5860,5980,5500
2018-09-13 오전 10:00:06,오리콤,5860,5980,5500
2018-09-13 오전 10:00:06,오리콤,5860,5980,5500
2018-09-13 오전 10:00:06,오리콤,5860,5980,5500
2018-09-13 오전 10:00:06,오리콤,5860,5980,5500
2018-09-13 오전 10:00:07,오리콤,5860,5980,5500
2018-09-13 오전 10:00:07,오리콤,5860,5980,5500
2018-09-13 오전 10:00:07,오리콤,5870,5980,5500
2018-09-13 오전 10:00:07,오리콤,5870,5980,5500
2018-09-13 오전 10:00:07,오리콤,5870,5980,5500
2018-09-13 오전 10:00:07,오리콤,5870,5980,5500
2018-09-13 오전 10:00:07,오리콤,5860,5980,5500
2018-09-13 오전 10:00:07,오리콤,5850,5980,5500
2018-09-13 오전 10:00:07,오리콤,5870,5980,5500
2018-09-13 오전 10:00:07,오리콤,5870,5980,5500
2018-09-13 오전 10:00:07,오리콤,5870,5980,5500
2018-09-13 오전 10:00:08,오리콤,5870,5980,5500
2018-09-13 오전 10:00:08,오리콤,5870,5980,5500
2018-09-13 오전 10:00:08,오리콤,5870,5980,5500
2018-09-13 오전 10:00:08,오리콤,5860,5980,5500
2018-09-13 오전 10:00:08,오리콤,5850,5980,5500
2018-09-13 오전 10:00:09,오리콤,5870,5980,5500
2018-09-13 오전 10:00:09,오리콤,5870,5980,5500
2018-09-13 오전 10:00:09,오리콤,5870,5980,5500
2018-09-13 오전 10:00:09,오리콤,5870,5980,5500
2018-09-13 오전 10:00:09,오리콤,5870,5980,5500
2018-09-13 오전 10:00:09,오리콤,5870,5980,5500
2018-09-13 오전 10:00:09,오리콤,5870,5980,5500
2018-09-13 오전 10:00:10,오리콤,5870,5980,5500
2018-09-13 오전 10:00:10,오리콤,5870,5980,5500
2018-09-13 오전 10:00:11,오리콤,5870,5980,5500
2018-09-13 오전 10:00:11,오리콤,5870,5980,5500
2018-09-13 오전 10:00:11,오리콤,5870,5980,5500
2018-09-13 오전 10:00:12,오리콤,5870,5980,5500
2018-09-13 오전 10:00:14,오리콤,5870,5980,5500
2018-09-13 오전 10:00:15,오리콤,5860,5980,5500
2018-09-13 오전 10:00:16,오리콤,5860,5980,5500
2018-09-13 오전 10:00:16,오리콤,5850,5980,5500
2018-09-13 오전 10:00:16,오리콤,5850,5980,5500
2018-09-13 오전 10:00:17,오리콤,5840,5980,5500
2018-09-13 오전 10:00:17,오리콤,5840,5980,5500
2018-09-13 오전 10:00:17,오리콤,5840,5980,5500
2018-09-13 오전 10:00:17,오리콤,5830,5980,5500
2018-09-13 오전 10:00:17,오리콤,5820,5980,5500
2018-09-13 오전 10:00:18,오리콤,5820,5980,5500
2018-09-13 오전 10:00:18,오리콤,5820,5980,5500
2018-09-13 오전 10:00:18,오리콤,5830,5980,5500
2018-09-13 오전 10:00:19,오리콤,5820,5980,5500
2018-09-13 오전 10:00:20,오리콤,5820,5980,5500
2018-09-13 오전 10:00:22,오리콤,5820,5980,5500
2018-09-13 오전 10:00:22,오리콤,5820,5980,5500
2018-09-13 오전 10:00:22,오리콤,5810,5980,5500
2018-09-13 오전 10:00:22,오리콤,5800,5980,5500
2018-09-13 오전 10:00:22,오리콤,5790,5980,5500
2018-09-13 오전 10:00:22,오리콤,5800,5980,5500
2018-09-13 오전 10:02:24,오리콤,5770,5980,5500
2018-09-13 오전 10:02:26,오리콤,5770,5980,5500
2018-09-13 오전 10:02:27,오리콤,5770,5980,5500
2018-09-13 오전 10:02:27,오리콤,5770,5980,5500
2018-09-13 오전 10:02:27,오리콤,5770,5980,5500
2018-09-13 오전 10:02:28,오리콤,5800,5980,5500
2018-09-13 오전 10:02:28,오리콤,5810,5980,5500
2018-09-13 오전 10:02:28,오리콤,5820,5980,5500
2018-09-13 오전 10:02:41,오리콤,5800,5980,5500
2018-09-13 오전 10:02:46,오리콤,5800,5980,5500
2018-09-13 오전 10:02:49,오리콤,5800,5980,5500
2018-09-13 오전 10:02:49,오리콤,5800,5980,5500
2018-09-13 오전 10:02:50,오리콤,5780,5980,5500
2018-09-13 오전 10:02:53,오리콤,5780,5980,5500
2018-09-13 오전 10:02:53,오리콤,5780,5980,5500
2018-09-13 오전 10:02:54,오리콤,5780,5980,5500
2018-09-13 오전 10:02:54,오리콤,5780,5980,5500
2018-09-13 오전 10:02:56,오리콤,5800,5980,5500
2018-09-13 오전 10:02:57,오리콤,5800,5980,5500
2018-09-13 오전 10:03:00,오리콤,5800,5980,5500
2018-09-13 오전 10:03:04,오리콤,5800,5980,5500
2018-09-13 오전 10:03:16,오리콤,5800,5980,5500
2018-09-13 오전 10:03:17,오리콤,5800,5980,5500
2018-09-13 오전 10:03:18,오리콤,5780,5980,5500
2018-09-13 오전 10:03:25,오리콤,5780,5980,5500
2018-09-13 오전 10:03:30,오리콤,5790,5980,5500
2018-09-13 오전 10:03:30,오리콤,5790,5980,5500
2018-09-13 오전 10:03:31,오리콤,5790,5980,5500
2018-09-13 오전 10:03:31,오리콤,5790,5980,5500
2018-09-13 오전 10:03:32,오리콤,5790,5980,5500
2018-09-13 오전 10:03:32,오리콤,5790,5980,5500
2018-09-13 오전 10:03:32,오리콤,5790,5980,5500
2018-09-13 오전 10:03:33,오리콤,5790,5980,5500
2018-09-13 오전 10:03:33,오리콤,5790,5980,5500
2018-09-13 오전 10:03:33,오리콤,5790,5980,5500
2018-09-13 오전 10:03:33,오리콤,5800,5980,5500
2018-09-13 오전 10:03:33,오리콤,5810,5980,5500
2018-09-13 오전 10:03:33,오리콤,5820,5980,5500
2018-09-13 오전 10:03:33,오리콤,5820,5980,5500
2018-09-13 오전 10:03:34,오리콤,5820,5980,5500
2018-09-13 오전 10:03:35,오리콤,5820,5980,5500
2018-09-13 오전 10:03:35,오리콤,5820,5980,5500
2018-09-13 오전 10:03:35,오리콤,5820,5980,5500
2018-09-13 오전 10:03:36,오리콤,5820,5980,5500
2018-09-13 오전 10:03:36,오리콤,5820,5980,5500
2018-09-13 오전 10:03:36,오리콤,5820,5980,5500
2018-09-13 오전 10:03:37,오리콤,5820,5980,5500
2018-09-13 오전 10:03:37,오리콤,5820,5980,5500
2018-09-13 오전 10:03:37,오리콤,5820,5980,5500
2018-09-13 오전 10:03:38,오리콤,5820,5980,5500
2018-09-13 오전 10:03:38,오리콤,5820,5980,5500
2018-09-13 오전 10:03:38,오리콤,5820,5980,5500
2018-09-13 오전 10:03:39,오리콤,5820,5980,5500
2018-09-13 오전 10:03:40,오리콤,5820,5980,5500
2018-09-13 오전 10:03:41,오리콤,5830,5980,5500
2018-09-13 오전 10:03:41,오리콤,5830,5980,5500
2018-09-13 오전 10:03:42,오리콤,5830,5980,5500
2018-09-13 오전 10:03:42,오리콤,5830,5980,5500
2018-09-13 오전 10:03:42,오리콤,5830,5980,5500
2018-09-13 오전 10:03:43,오리콤,5830,5980,5500
2018-09-13 오전 10:03:43,오리콤,5830,5980,5500
2018-09-13 오전 10:03:43,오리콤,5830,5980,5500
2018-09-13 오전 10:03:44,오리콤,5830,5980,5500
2018-09-13 오전 10:03:44,오리콤,5830,5980,5500
2018-09-13 오전 10:03:44,오리콤,5830,5980,5500
2018-09-13 오전 10:03:44,오리콤,5840,5980,5500
2018-09-13 오전 10:03:44,오리콤,5850,5980,5500
2018-09-13 오전 10:03:44,오리콤,5860,5980,5500
2018-09-13 오전 10:03:44,오리콤,5870,5980,5500
2018-09-13 오전 10:03:44,오리콤,5880,5980,5500
2018-09-13 오전 10:03:45,오리콤,5880,5980,5500
2018-09-13 오전 10:03:45,오리콤,5880,5980,5500
2018-09-13 오전 10:03:45,오리콤,5880,5980,5500
2018-09-13 오전 10:03:50,오리콤,5830,5980,5500
2018-09-13 오전 10:03:55,오리콤,5860,5980,5500
2018-09-13 오전 10:03:56,오리콤,5830,5980,5500
2018-09-13 오전 10:03:57,오리콤,5830,5980,5500
2018-09-13 오전 10:03:58,오리콤,5830,5980,5500
2018-09-13 오전 10:04:02,오리콤,5840,5980,5500
2018-09-13 오전 10:04:02,오리콤,5860,5980,5500
2018-09-13 오전 10:04:06,오리콤,5860,5980,5500
2018-09-13 오전 10:04:08,오리콤,5860,5980,5500
2018-09-13 오전 10:04:10,오리콤,5840,5980,5500
2018-09-13 오전 10:04:10,오리콤,5830,5980,5500
2018-09-13 오전 10:04:21,오리콤,5840,5980,5500
2018-09-13 오전 10:04:24,오리콤,5840,5980,5500
2018-09-13 오전 10:04:30,오리콤,5840,5980,5500
2018-09-13 오전 10:04:32,오리콤,5840,5980,5500
2018-09-13 오전 10:04:34,오리콤,5840,5980,5500
2018-09-13 오전 10:04:34,오리콤,5840,5980,5500
2018-09-13 오전 10:04:35,오리콤,5840,5980,5500
2018-09-13 오전 10:04:36,오리콤,5840,5980,5500
2018-09-13 오전 10:04:38,오리콤,5840,5980,5500
2018-09-13 오전 10:04:47,오리콤,5850,5980,5500
2018-09-13 오전 10:04:47,오리콤,5840,5980,5500
2018-09-13 오전 10:04:47,오리콤,5830,5980,5500
2018-09-13 오전 10:04:53,오리콤,5830,5980,5500
2018-09-13 오전 10:05:00,오리콤,5830,5980,5500
2018-09-13 오전 10:05:02,오리콤,5830,5980,5500
2018-09-13 오전 10:05:03,오리콤,5830,5980,5500
2018-09-13 오전 10:05:03,오리콤,5830,5980,5500
2018-09-13 오전 10:05:04,오리콤,5840,5980,5500
2018-09-13 오전 10:05:07,오리콤,5840,5980,5500
2018-09-13 오전 10:05:07,오리콤,5830,5980,5500
2018-09-13 오전 10:05:07,오리콤,5820,5980,5500
2018-09-13 오전 10:05:17,오리콤,5830,5980,5500
2018-09-13 오전 10:05:20,오리콤,5830,5980,5500
2018-09-13 오전 10:05:20,오리콤,5820,5980,5500
2018-09-13 오전 10:05:21,오리콤,5820,5980,5500
2018-09-13 오전 10:05:21,오리콤,5820,5980,5500
2018-09-13 오전 10:05:24,오리콤,5830,5980,5500
2018-09-13 오전 10:05:25,오리콤,5830,5980,5500
2018-09-13 오전 10:05:26,오리콤,5830,5980,5500
2018-09-13 오전 10:05:49,오리콤,5820,5980,5500
2018-09-13 오전 10:05:49,오리콤,5810,5980,5500
2018-09-13 오전 10:06:03,오리콤,5830,5980,5500
2018-09-13 오전 10:06:05,오리콤,5820,5980,5500
2018-09-13 오전 10:06:08,오리콤,5830,5980,5500
2018-09-13 오전 10:06:08,오리콤,5820,5980,5500
2018-09-13 오전 10:06:10,오리콤,5830,5980,5500
2018-09-13 오전 10:06:21,오리콤,5830,5980,5500
2018-09-13 오전 10:06:21,오리콤,5840,5980,5500
2018-09-13 오전 10:06:27,오리콤,5840,5980,5500
2018-09-13 오전 10:06:29,오리콤,5850,5980,5500
2018-09-13 오전 10:06:34,오리콤,5850,5980,5500
2018-09-13 오전 10:06:34,오리콤,5850,5980,5500
2018-09-13 오전 10:06:40,오리콤,5850,5980,5500
2018-09-13 오전 10:06:40,오리콤,5850,5980,5500
2018-09-13 오전 10:06:40,오리콤,5850,5980,5500
2018-09-13 오전 10:06:43,오리콤,5850,5980,5500
2018-09-13 오전 10:06:51,오리콤,5840,5980,5500
2018-09-13 오전 10:06:51,오리콤,5850,5980,5500
2018-09-13 오전 10:06:54,오리콤,5850,5980,5500
2018-09-13 오전 10:06:55,오리콤,5860,5980,5500
2018-09-13 오전 10:06:57,오리콤,5860,5980,5500
2018-09-13 오전 10:07:02,오리콤,5850,5980,5500
2018-09-13 오전 10:07:03,오리콤,5850,5980,5500
2018-09-13 오전 10:07:04,오리콤,5840,5980,5500
2018-09-13 오전 10:07:05,오리콤,5850,5980,5500
2018-09-13 오전 10:07:05,오리콤,5840,5980,5500
2018-09-13 오전 10:07:07,오리콤,5840,5980,5500
2018-09-13 오전 10:07:11,오리콤,5830,5980,5500
2018-09-13 오전 10:07:14,오리콤,5830,5980,5500
2018-09-13 오전 10:07:15,오리콤,5830,5980,5500
2018-09-13 오전 10:07:16,오리콤,5840,5980,5500
2018-09-13 오전 10:07:27,오리콤,5850,5980,5500
2018-09-13 오전 10:07:29,오리콤,5850,5980,5500
2018-09-13 오전 10:07:31,오리콤,5850,5980,5500
2018-09-13 오전 10:07:33,오리콤,5850,5980,5500
2018-09-13 오전 10:07:34,오리콤,5850,5980,5500
2018-09-13 오전 10:07:37,오리콤,5850,5980,5500
2018-09-13 오전 10:07:39,오리콤,5850,5980,5500
2018-09-13 오전 10:07:41,오리콤,5850,5980,5500
2018-09-13 오전 10:07:43,오리콤,5840,5980,5500
2018-09-13 오전 10:07:44,오리콤,5850,5980,5500
2018-09-13 오전 10:07:45,오리콤,5840,5980,5500
2018-09-13 오전 10:07:45,오리콤,5830,5980,5500
2018-09-13 오전 10:08:09,오리콤,5830,5980,5500
2018-09-13 오전 10:08:09,오리콤,5820,5980,5500
2018-09-13 오전 10:08:29,오리콤,5840,5980,5500
2018-09-13 오전 10:08:37,오리콤,5820,5980,5500
2018-09-13 오전 10:08:37,오리콤,5810,5980,5500
2018-09-13 오전 10:08:42,오리콤,5800,5980,5500
2018-09-13 오전 10:08:43,오리콤,5810,5980,5500
2018-09-13 오전 10:08:52,오리콤,5800,5980,5500
2018-09-13 오전 10:09:03,오리콤,5810,5980,5500
2018-09-13 오전 10:09:07,오리콤,5810,5980,5500
2018-09-13 오전 10:09:07,오리콤,5810,5980,5500
2018-09-13 오전 10:09:07,오리콤,5810,5980,5500
2018-09-13 오전 10:09:10,오리콤,5810,5980,5500
2018-09-13 오전 10:09:14,오리콤,5820,5980,5500
2018-09-13 오전 10:09:17,오리콤,5820,5980,5500
2018-09-13 오전 10:09:18,오리콤,5820,5980,5500
2018-09-13 오전 10:09:18,오리콤,5830,5980,5500
2018-09-13 오전 10:09:20,오리콤,5830,5980,5500
2018-09-13 오전 10:09:21,오리콤,5830,5980,5500
2018-09-13 오전 10:09:28,오리콤,5800,5980,5500
2018-09-13 오전 10:09:45,오리콤,5810,5980,5500
2018-09-13 오전 10:09:45,오리콤,5800,5980,5500
2018-09-13 오전 10:10:11,오리콤,5800,5980,5500
2018-09-13 오전 10:10:13,오리콤,5800,5980,5500
2018-09-13 오전 10:10:13,오리콤,5800,5980,5500
2018-09-13 오전 10:10:14,오리콤,5800,5980,5500
2018-09-13 오전 10:10:17,오리콤,5800,5980,5500
2018-09-13 오전 10:10:17,오리콤,5790,5980,5500
2018-09-13 오전 10:10:20,오리콤,5800,5980,5500
2018-09-13 오전 10:10:20,오리콤,5790,5980,5500
2018-09-13 오전 10:10:29,오리콤,5800,5980,5500
2018-09-13 오전 10:10:29,오리콤,5800,5980,5500
2018-09-13 오전 10:10:36,오리콤,5800,5980,5500
2018-09-13 오전 10:10:36,오리콤,5790,5980,5500
2018-09-13 오전 10:10:37,오리콤,5810,5980,5500
2018-09-13 오전 10:10:50,오리콤,5810,5980,5500
2018-09-13 오전 10:10:51,오리콤,5810,5980,5500
2018-09-13 오전 10:10:51,오리콤,5820,5980,5500
2018-09-13 오전 10:11:57,오리콤,5810,5980,5500
2018-09-13 오전 10:12:00,오리콤,5810,5980,5500
2018-09-13 오전 10:12:08,오리콤,5810,5980,5500
2018-09-13 오전 10:12:10,오리콤,5810,5980,5500
2018-09-13 오전 10:12:12,오리콤,5820,5980,5500
2018-09-13 오전 10:12:12,오리콤,5810,5980,5500
2018-09-13 오전 10:12:15,오리콤,5810,5980,5500
2018-09-13 오전 10:12:28,오리콤,5810,5980,5500
2018-09-13 오전 10:12:31,오리콤,5810,5980,5500
2018-09-13 오전 10:12:34,오리콤,5810,5980,5500
2018-09-13 오전 10:12:39,오리콤,5810,5980,5500
2018-09-13 오전 10:12:39,오리콤,5800,5980,5500
2018-09-13 오전 10:12:42,오리콤,5800,5980,5500
2018-09-13 오전 10:12:44,오리콤,5800,5980,5500
2018-09-13 오전 10:12:45,오리콤,5800,5980,5500
2018-09-13 오전 10:12:57,오리콤,5800,5980,5500
2018-09-13 오전 10:12:57,오리콤,5800,5980,5500
2018-09-13 오전 10:13:00,오리콤,5800,5980,5500
2018-09-13 오전 10:13:12,오리콤,5800,5980,5500
2018-09-13 오전 10:13:17,오리콤,5800,5980,5500
2018-09-13 오전 10:13:17,오리콤,5790,5980,5500
2018-09-13 오전 10:13:27,오리콤,5790,5980,5500
2018-09-13 오전 10:13:28,오리콤,5790,5980,5500
2018-09-13 오전 10:13:30,오리콤,5790,5980,5500
2018-09-13 오전 10:13:31,오리콤,5790,5980,5500
2018-09-13 오전 10:13:31,오리콤,5790,5980,5500
2018-09-13 오전 10:13:48,오리콤,5790,5980,5500
2018-09-13 오전 10:13:52,오리콤,5790,5980,5500
2018-09-13 오전 10:13:54,오리콤,5790,5980,5500
2018-09-13 오전 10:13:57,오리콤,5790,5980,5500
2018-09-13 오전 10:13:57,오리콤,5800,5980,5500
2018-09-13 오전 10:14:08,오리콤,5790,5980,5500
2018-09-13 오전 10:14:13,오리콤,5800,5980,5500
2018-09-13 오전 10:14:14,오리콤,5790,5980,5500
2018-09-13 오전 10:14:19,오리콤,5800,5980,5500
2018-09-13 오전 10:14:21,오리콤,5800,5980,5500
2018-09-13 오전 10:14:25,오리콤,5800,5980,5500
2018-09-13 오전 10:14:27,오리콤,5790,5980,5500
2018-09-13 오전 10:14:32,오리콤,5800,5980,5500
2018-09-13 오전 10:14:33,오리콤,5790,5980,5500
2018-09-13 오전 10:14:36,오리콤,5800,5980,5500
2018-09-13 오전 10:14:38,오리콤,5800,5980,5500
2018-09-13 오전 10:14:39,오리콤,5790,5980,5500
2018-09-13 오전 10:14:44,오리콤,5800,5980,5500
2018-09-13 오전 10:14:58,오리콤,5800,5980,5500
2018-09-13 오전 10:15:04,오리콤,5790,5980,5500
2018-09-13 오전 10:15:08,오리콤,5790,5980,5500
2018-09-13 오전 10:15:25,오리콤,5790,5980,5500
2018-09-13 오전 10:15:26,오리콤,5790,5980,5500
2018-09-13 오전 10:15:27,오리콤,5790,5980,5500
2018-09-13 오전 10:15:28,오리콤,5790,5980,5500
2018-09-13 오전 10:15:38,오리콤,5790,5980,5500
2018-09-13 오전 10:15:43,오리콤,5790,5980,5500
2018-09-13 오전 10:15:46,오리콤,5790,5980,5500
2018-09-13 오전 10:15:47,오리콤,5790,5980,5500
2018-09-13 오전 10:15:53,오리콤,5790,5980,5500
2018-09-13 오전 10:15:55,오리콤,5780,5980,5500
2018-09-13 오전 10:15:58,오리콤,5780,5980,5500
2018-09-13 오전 10:16:01,오리콤,5780,5980,5500
2018-09-13 오전 10:16:01,오리콤,5780,5980,5500
2018-09-13 오전 10:16:02,오리콤,5780,5980,5500
2018-09-13 오전 10:16:06,오리콤,5780,5980,5500
2018-09-13 오전 10:16:06,오리콤,5780,5980,5500
2018-09-13 오전 10:16:16,오리콤,5790,5980,5500
2018-09-13 오전 10:16:31,오리콤,5780,5980,5500
2018-09-13 오전 10:16:31,오리콤,5790,5980,5500
2018-09-13 오전 10:16:34,오리콤,5790,5980,5500
2018-09-13 오전 10:16:45,오리콤,5790,5980,5500
2018-09-13 오전 10:16:47,오리콤,5790,5980,5500
2018-09-13 오전 10:16:53,오리콤,5790,5980,5500
2018-09-13 오전 10:17:03,오리콤,5790,5980,5500
2018-09-13 오전 10:17:09,오리콤,5790,5980,5500
2018-09-13 오전 10:17:11,오리콤,5780,5980,5500
2018-09-13 오전 10:17:17,오리콤,5790,5980,5500
2018-09-13 오전 10:17:19,오리콤,5790,5980,5500
2018-09-13 오전 10:17:20,오리콤,5790,5980,5500
2018-09-13 오전 10:17:21,오리콤,5790,5980,5500
2018-09-13 오전 10:17:27,오리콤,5790,5980,5500
2018-09-13 오전 10:17:51,오리콤,5790,5980,5500
2018-09-13 오전 10:17:54,오리콤,5790,5980,5500
2018-09-13 오전 10:18:00,오리콤,5790,5980,5500
2018-09-13 오전 10:18:00,오리콤,5800,5980,5500
2018-09-13 오전 10:18:17,오리콤,5800,5980,5500
2018-09-13 오전 10:18:19,오리콤,5800,5980,5500
2018-09-13 오전 10:18:46,오리콤,5810,5980,5500
2018-09-13 오전 10:18:56,오리콤,5820,5980,5500
2018-09-13 오전 10:19:14,오리콤,5820,5980,5500
2018-09-13 오전 10:19:36,오리콤,5820,5980,5500
2018-09-13 오전 10:19:39,오리콤,5820,5980,5500
2018-09-13 오전 10:20:00,오리콤,5820,5980,5500
2018-09-13 오전 10:20:23,오리콤,5820,5980,5500
2018-09-13 오전 10:20:39,오리콤,5820,5980,5500
2018-09-13 오전 10:21:02,오리콤,5820,5980,5500
2018-09-13 오전 10:21:22,오리콤,5820,5980,5500
2018-09-13 오전 10:21:23,오리콤,5820,5980,5500
2018-09-13 오전 10:21:27,오리콤,5830,5980,5500
2018-09-13 오전 10:21:43,오리콤,5830,5980,5500
2018-09-13 오전 10:22:25,오리콤,5830,5980,5500
2018-09-13 오전 10:22:27,오리콤,5830,5980,5500
2018-09-13 오전 10:22:28,오리콤,5820,5980,5500
2018-09-13 오전 10:23:14,오리콤,5820,5980,5500
2018-09-13 오전 10:23:17,오리콤,5820,5980,5500
2018-09-13 오전 10:23:18,오리콤,5820,5980,5500
2018-09-13 오전 10:23:18,오리콤,5820,5980,5500
2018-09-13 오전 10:23:26,오리콤,5810,5980,5500
2018-09-13 오전 10:23:27,오리콤,5820,5980,5500
2018-09-13 오전 10:23:33,오리콤,5810,5980,5500
2018-09-13 오전 10:23:39,오리콤,5810,5980,5500
2018-09-13 오전 10:23:50,오리콤,5810,5980,5500
2018-09-13 오전 10:23:50,오리콤,5820,5980,5500
2018-09-13 오전 10:24:27,오리콤,5800,5980,5500
2018-09-13 오전 10:24:33,오리콤,5800,5980,5500
2018-09-13 오전 10:24:36,오리콤,5800,5980,5500
2018-09-13 오전 10:24:38,오리콤,5800,5980,5500
2018-09-13 오전 10:24:41,오리콤,5790,5980,5500
2018-09-13 오전 10:24:50,오리콤,5790,5980,5500
2018-09-13 오전 10:24:54,오리콤,5800,5980,5500
2018-09-13 오전 10:25:14,오리콤,5790,5980,5500
2018-09-13 오전 10:25:14,오리콤,5790,5980,5500
2018-09-13 오전 10:25:18,오리콤,5790,5980,5500
2018-09-13 오전 10:25:32,오리콤,5790,5980,5500
2018-09-13 오전 10:25:43,오리콤,5790,5980,5500
2018-09-13 오전 10:25:45,오리콤,5790,5980,5500
2018-09-13 오전 10:25:46,오리콤,5790,5980,5500
2018-09-13 오전 10:25:52,오리콤,5790,5980,5500
2018-09-13 오전 10:25:52,오리콤,5780,5980,5500
2018-09-13 오전 10:25:53,오리콤,5780,5980,5500
2018-09-13 오전 10:26:08,오리콤,5780,5980,5500
2018-09-13 오전 10:26:10,오리콤,5800,5980,5500
2018-09-13 오전 10:26:14,오리콤,5800,5980,5500
2018-09-13 오전 10:26:58,오리콤,5800,5980,5500
2018-09-13 오전 10:26:58,오리콤,5800,5980,5500
2018-09-13 오전 10:27:15,오리콤,5800,5980,5500
2018-09-13 오전 10:27:28,오리콤,5800,5980,5500
2018-09-13 오전 10:27:36,오리콤,5800,5980,5500
2018-09-13 오전 10:27:54,오리콤,5800,5980,5500
2018-09-13 오전 10:28:15,오리콤,5790,5980,5500
2018-09-13 오전 10:28:19,오리콤,5790,5980,5500
2018-09-13 오전 10:28:33,오리콤,5790,5980,5500
2018-09-13 오전 10:28:33,오리콤,5780,5980,5500
2018-09-13 오전 10:28:43,오리콤,5780,5980,5500
2018-09-13 오전 10:28:46,오리콤,5820,5980,5500
2018-09-13 오전 10:28:53,오리콤,5820,5980,5500
2018-09-13 오전 10:28:54,오리콤,5780,5980,5500
2018-09-13 오전 10:29:00,오리콤,5820,5980,5500
2018-09-13 오전 10:29:28,오리콤,5790,5980,5500
2018-09-13 오전 10:29:32,오리콤,5790,5980,5500
2018-09-13 오전 10:29:35,오리콤,5790,5980,5500
2018-09-13 오전 10:29:46,오리콤,5790,5980,5500
2018-09-13 오전 10:30:06,오리콤,5800,5980,5500
2018-09-13 오전 10:30:11,오리콤,5790,5980,5500
2018-09-13 오전 10:30:21,오리콤,5800,5980,5500
2018-09-13 오전 10:30:26,오리콤,5800,5980,5500
2018-09-13 오전 10:30:51,오리콤,5800,5980,5500
2018-09-13 오전 10:30:51,오리콤,5810,5980,5500
2018-09-13 오전 10:31:03,오리콤,5800,5980,5500
2018-09-13 오전 10:31:13,오리콤,5810,5980,5500
2018-09-13 오전 10:31:25,오리콤,5800,5980,5500
2018-09-13 오전 10:31:27,오리콤,5800,5980,5500
2018-09-13 오전 10:32:33,오리콤,5800,5980,5500
2018-09-13 오전 10:32:44,오리콤,5800,5980,5500
2018-09-13 오전 10:33:10,오리콤,5800,5980,5500
2018-09-13 오전 10:33:15,오리콤,5800,5980,5500
2018-09-13 오전 10:33:17,오리콤,5800,5980,5500
2018-09-13 오전 10:34:39,오리콤,5810,5980,5500
2018-09-13 오전 10:34:39,오리콤,5820,5980,5500
2018-09-13 오전 10:35:23,오리콤,5820,5980,5500
2018-09-13 오전 10:35:24,오리콤,5820,5980,5500
2018-09-13 오전 10:36:00,오리콤,5820,5980,5500
2018-09-13 오전 10:36:04,오리콤,5800,5980,5500
2018-09-13 오전 10:37:04,오리콤,5810,5980,5500
2018-09-13 오전 10:37:12,오리콤,5810,5980,5500
2018-09-13 오전 10:37:17,오리콤,5810,5980,5500
2018-09-13 오전 10:37:21,오리콤,5810,5980,5500
2018-09-13 오전 10:37:27,오리콤,5800,5980,5500
2018-09-13 오전 10:37:30,오리콤,5800,5980,5500
2018-09-13 오전 10:37:46,오리콤,5800,5980,5500
2018-09-13 오전 10:38:09,오리콤,5800,5980,5500
2018-09-13 오전 10:38:19,오리콤,5800,5980,5500
2018-09-13 오전 10:38:54,오리콤,5800,5980,5500
2018-09-13 오전 10:39:02,오리콤,5800,5980,5500
2018-09-13 오전 10:39:07,오리콤,5800,5980,5500
2018-09-13 오전 10:39:14,오리콤,5800,5980,5500
2018-09-13 오전 10:39:35,오리콤,5800,5980,5500
2018-09-13 오전 10:39:57,오리콤,5800,5980,5500
2018-09-13 오전 10:39:58,오리콤,5810,5980,5500
2018-09-13 오전 10:40:18,오리콤,5810,5980,5500
2018-09-13 오전 10:40:28,오리콤,5800,5980,5500
2018-09-13 오전 10:40:31,오리콤,5800,5980,5500
2018-09-13 오전 10:40:34,오리콤,5800,5980,5500
2018-09-13 오전 10:40:41,오리콤,5800,5980,5500
2018-09-13 오전 10:41:13,오리콤,5810,5980,5500
2018-09-13 오전 10:41:15,오리콤,5820,5980,5500
2018-09-13 오전 10:41:22,오리콤,5800,5980,5500
2018-09-13 오전 10:41:34,오리콤,5820,5980,5500
2018-09-13 오전 10:41:46,오리콤,5810,5980,5500
2018-09-13 오전 10:42:02,오리콤,5800,5980,5500
2018-09-13 오전 10:42:07,오리콤,5810,5980,5500
2018-09-13 오전 10:42:18,오리콤,5810,5980,5500
2018-09-13 오전 10:42:32,오리콤,5810,5980,5500
2018-09-13 오전 10:42:45,오리콤,5810,5980,5500
2018-09-13 오전 10:42:56,오리콤,5810,5980,5500
2018-09-13 오전 10:43:05,오리콤,5810,5980,5500
2018-09-13 오전 10:43:38,오리콤,5810,5980,5500
2018-09-13 오전 10:43:47,오리콤,5810,5980,5500
2018-09-13 오전 10:43:55,오리콤,5810,5980,5500
2018-09-13 오전 10:44:08,오리콤,5810,5980,5500
2018-09-13 오전 10:44:16,오리콤,5810,5980,5500
2018-09-13 오전 10:44:16,오리콤,5800,5980,5500
2018-09-13 오전 10:44:39,오리콤,5800,5980,5500
2018-09-13 오전 10:44:39,오리콤,5800,5980,5500
2018-09-13 오전 10:45:00,오리콤,5800,5980,5500
2018-09-13 오전 10:45:08,오리콤,5800,5980,5500
2018-09-13 오전 10:45:12,오리콤,5800,5980,5500
2018-09-13 오전 10:45:12,오리콤,5790,5980,5500
2018-09-13 오전 10:45:15,오리콤,5790,5980,5500
2018-09-13 오전 10:45:51,오리콤,5800,5980,5500
2018-09-13 오전 10:46:26,오리콤,5800,5980,5500
2018-09-13 오전 10:46:33,오리콤,5790,5980,5500
2018-09-13 오전 10:46:52,오리콤,5790,5980,5500
2018-09-13 오전 10:46:54,오리콤,5800,5980,5500
2018-09-13 오전 10:47:00,오리콤,5810,5980,5500
2018-09-13 오전 10:47:02,오리콤,5800,5980,5500
2018-09-13 오전 10:47:18,오리콤,5800,5980,5500
2018-09-13 오전 10:47:19,오리콤,5800,5980,5500
2018-09-13 오전 10:47:22,오리콤,5800,5980,5500
2018-09-13 오전 10:47:45,오리콤,5800,5980,5500
2018-09-13 오전 10:47:45,오리콤,5800,5980,5500
2018-09-13 오전 10:47:48,오리콤,5810,5980,5500
2018-09-13 오전 10:47:51,오리콤,5800,5980,5500
2018-09-13 오전 10:48:24,오리콤,5800,5980,5500
2018-09-13 오전 10:48:52,오리콤,5800,5980,5500
2018-09-13 오전 10:49:10,오리콤,5800,5980,5500
2018-09-13 오전 10:49:33,오리콤,5810,5980,5500
2018-09-13 오전 10:50:19,오리콤,5810,5980,5500
2018-09-13 오전 10:50:26,오리콤,5820,5980,5500
2018-09-13 오전 10:50:53,오리콤,5820,5980,5500
2018-09-13 오전 10:51:14,오리콤,5810,5980,5500
2018-09-13 오전 10:51:25,오리콤,5810,5980,5500
2018-09-13 오전 10:51:58,오리콤,5800,5980,5500
2018-09-13 오전 10:52:03,오리콤,5810,5980,5500
2018-09-13 오전 10:52:04,오리콤,5810,5980,5500
2018-09-13 오전 10:52:37,오리콤,5810,5980,5500
2018-09-13 오전 10:52:59,오리콤,5810,5980,5500
2018-09-13 오전 10:54:00,오리콤,5810,5980,5500
2018-09-13 오전 10:54:17,오리콤,5810,5980,5500
2018-09-13 오전 10:54:18,오리콤,5810,5980,5500
2018-09-13 오전 10:54:30,오리콤,5810,5980,5500
2018-09-13 오전 10:54:49,오리콤,5810,5980,5500
2018-09-13 오전 10:55:41,오리콤,5820,5980,5500
2018-09-13 오전 10:55:54,오리콤,5820,5980,5500
2018-09-13 오전 10:56:08,오리콤,5820,5980,5500
2018-09-13 오전 10:56:08,오리콤,5830,5980,5500
2018-09-13 오전 10:56:13,오리콤,5830,5980,5500
2018-09-13 오전 10:56:13,오리콤,5830,5980,5500
2018-09-13 오전 10:56:17,오리콤,5840,5980,5500
2018-09-13 오전 10:56:17,오리콤,5840,5980,5500
2018-09-13 오전 10:56:24,오리콤,5840,5980,5500
2018-09-13 오전 10:56:24,오리콤,5840,5980,5500
2018-09-13 오전 10:56:41,오리콤,5840,5980,5500
2018-09-13 오전 10:56:41,오리콤,5850,5980,5500
2018-09-13 오전 10:56:45,오리콤,5840,5980,5500
2018-09-13 오전 10:56:53,오리콤,5840,5980,5500
2018-09-13 오전 10:56:54,오리콤,5850,5980,5500
2018-09-13 오전 10:56:56,오리콤,5850,5980,5500
2018-09-13 오전 10:56:56,오리콤,5850,5980,5500
2018-09-13 오전 10:56:56,오리콤,5850,5980,5500
2018-09-13 오전 10:56:57,오리콤,5860,5980,5500
2018-09-13 오전 10:56:57,오리콤,5860,5980,5500
2018-09-13 오전 10:57:02,오리콤,5870,5980,5500
2018-09-13 오전 10:57:05,오리콤,5870,5980,5500
2018-09-13 오전 10:57:06,오리콤,5840,5980,5500
2018-09-13 오전 10:57:08,오리콤,5860,5980,5500
2018-09-13 오전 10:57:08,오리콤,5870,5980,5500
2018-09-13 오전 10:57:11,오리콤,5860,5980,5500
2018-09-13 오전 10:57:12,오리콤,5860,5980,5500
2018-09-13 오전 10:57:45,오리콤,5840,5980,5500
2018-09-13 오전 10:57:46,오리콤,5840,5980,5500
2018-09-13 오전 10:57:46,오리콤,5830,5980,5500
2018-09-13 오전 10:57:46,오리콤,5820,5980,5500
2018-09-13 오전 10:57:46,오리콤,5810,5980,5500
2018-09-13 오전 10:58:15,오리콤,5860,5980,5500
2018-09-13 오전 10:58:38,오리콤,5820,5980,5500
2018-09-13 오전 10:59:08,오리콤,5820,5980,5500
2018-09-13 오전 11:00:03,오리콤,5830,5980,5500
2018-09-13 오전 11:00:03,오리콤,5840,5980,5500
2018-09-13 오전 11:00:10,오리콤,5830,5980,5500
2018-09-13 오전 11:00:12,오리콤,5830,5980,5500
2018-09-13 오전 11:00:15,오리콤,5830,5980,5500
2018-09-13 오전 11:00:17,오리콤,5830,5980,5500
2018-09-13 오전 11:00:37,오리콤,5830,5980,5500
2018-09-13 오전 11:00:44,오리콤,5830,5980,5500
2018-09-13 오전 11:00:49,오리콤,5830,5980,5500
2018-09-13 오전 11:01:11,오리콤,5830,5980,5500
2018-09-13 오전 11:01:18,오리콤,5830,5980,5500
2018-09-13 오전 11:01:20,오리콤,5830,5980,5500
2018-09-13 오전 11:01:26,오리콤,5830,5980,5500
2018-09-13 오전 11:01:31,오리콤,5830,5980,5500
2018-09-13 오전 11:01:38,오리콤,5830,5980,5500
2018-09-13 오전 11:01:39,오리콤,5830,5980,5500
2018-09-13 오전 11:01:40,오리콤,5830,5980,5500
2018-09-13 오전 11:01:44,오리콤,5830,5980,5500
2018-09-13 오전 11:01:49,오리콤,5830,5980,5500
2018-09-13 오전 11:02:32,오리콤,5830,5980,5500
2018-09-13 오전 11:03:58,오리콤,5820,5980,5500
2018-09-13 오전 11:05:05,오리콤,5820,5980,5500
2018-09-13 오전 11:05:06,오리콤,5830,5980,5500
2018-09-13 오전 11:05:06,오리콤,5840,5980,5500
2018-09-13 오전 11:05:37,오리콤,5820,5980,5500
2018-09-13 오전 11:06:42,오리콤,5820,5980,5500
2018-09-13 오전 11:06:44,오리콤,5820,5980,5500
2018-09-13 오전 11:06:45,오리콤,5820,5980,5500
2018-09-13 오전 11:06:51,오리콤,5820,5980,5500
2018-09-13 오전 11:08:23,오리콤,5820,5980,5500
2018-09-13 오전 11:08:24,오리콤,5820,5980,5500
2018-09-13 오전 11:09:24,오리콤,5840,5980,5500
2018-09-13 오전 11:09:28,오리콤,5840,5980,5500
2018-09-13 오전 11:09:28,오리콤,5840,5980,5500
2018-09-13 오전 11:09:31,오리콤,5850,5980,5500
2018-09-13 오전 11:09:34,오리콤,5850,5980,5500
2018-09-13 오전 11:09:59,오리콤,5850,5980,5500
2018-09-13 오전 11:10:03,오리콤,5850,5980,5500
2018-09-13 오전 11:10:03,오리콤,5850,5980,5500
2018-09-13 오전 11:10:06,오리콤,5850,5980,5500
2018-09-13 오전 11:10:07,오리콤,5850,5980,5500
2018-09-13 오전 11:10:09,오리콤,5850,5980,5500
2018-09-13 오전 11:10:09,오리콤,5850,5980,5500
2018-09-13 오전 11:10:10,오리콤,5850,5980,5500
2018-09-13 오전 11:10:10,오리콤,5850,5980,5500
2018-09-13 오전 11:10:11,오리콤,5850,5980,5500
2018-09-13 오전 11:10:11,오리콤,5860,5980,5500
2018-09-13 오전 11:10:14,오리콤,5860,5980,5500
2018-09-13 오전 11:10:21,오리콤,5860,5980,5500
2018-09-13 오전 11:10:22,오리콤,5860,5980,5500
2018-09-13 오전 11:10:22,오리콤,5860,5980,5500
2018-09-13 오전 11:10:24,오리콤,5870,5980,5500
2018-09-13 오전 11:10:28,오리콤,5860,5980,5500
2018-09-13 오전 11:10:29,오리콤,5860,5980,5500
2018-09-13 오전 11:10:32,오리콤,5860,5980,5500
2018-09-13 오전 11:10:35,오리콤,5860,5980,5500
2018-09-13 오전 11:11:01,오리콤,5870,5980,5500
2018-09-13 오전 11:11:36,오리콤,5860,5980,5500
2018-09-13 오전 11:12:15,오리콤,5860,5980,5500
2018-09-13 오전 11:12:20,오리콤,5850,5980,5500
2018-09-13 오전 11:12:33,오리콤,5850,5980,5500
2018-09-13 오전 11:12:35,오리콤,5850,5980,5500
2018-09-13 오전 11:12:35,오리콤,5850,5980,5500
2018-09-13 오전 11:12:50,오리콤,5860,5980,5500
2018-09-13 오전 11:12:54,오리콤,5850,5980,5500
2018-09-13 오전 11:12:56,오리콤,5850,5980,5500
2018-09-13 오전 11:13:02,오리콤,5850,5980,5500
2018-09-13 오전 11:13:07,오리콤,5850,5980,5500
2018-09-13 오전 11:13:24,오리콤,5850,5980,5500
2018-09-13 오전 11:13:25,오리콤,5850,5980,5500
2018-09-13 오전 11:13:26,오리콤,5860,5980,5500
2018-09-13 오전 11:14:00,오리콤,5850,5980,5500
2018-09-13 오전 11:14:13,오리콤,5860,5980,5500
2018-09-13 오전 11:14:29,오리콤,5850,5980,5500
2018-09-13 오전 11:15:09,오리콤,5850,5980,5500
2018-09-13 오전 11:15:17,오리콤,5840,5980,5500
2018-09-13 오전 11:15:24,오리콤,5860,5980,5500
2018-09-13 오전 11:15:37,오리콤,5840,5980,5500
2018-09-13 오전 11:15:49,오리콤,5850,5980,5500
2018-09-13 오전 11:15:55,오리콤,5830,5980,5500
2018-09-13 오전 11:15:58,오리콤,5830,5980,5500
2018-09-13 오전 11:16:00,오리콤,5820,5980,5500
2018-09-13 오전 11:16:43,오리콤,5830,5980,5500
2018-09-13 오전 11:16:48,오리콤,5860,5980,5500
2018-09-13 오전 11:17:18,오리콤,5840,5980,5500
2018-09-13 오전 11:17:18,오리콤,5830,5980,5500
2018-09-13 오전 11:17:32,오리콤,5830,5980,5500
2018-09-13 오전 11:17:42,오리콤,5830,5980,5500
2018-09-13 오전 11:17:43,오리콤,5860,5980,5500
2018-09-13 오전 11:17:44,오리콤,5860,5980,5500
2018-09-13 오전 11:17:47,오리콤,5830,5980,5500
2018-09-13 오전 11:17:54,오리콤,5810,5980,5500
2018-09-13 오전 11:18:42,오리콤,5810,5980,5500
2018-09-13 오전 11:18:45,오리콤,5810,5980,5500
2018-09-13 오전 11:19:55,오리콤,5820,5980,5500
2018-09-13 오전 11:19:59,오리콤,5820,5980,5500
2018-09-13 오전 11:19:59,오리콤,5810,5980,5500
2018-09-13 오전 11:20:13,오리콤,5810,5980,5500
2018-09-13 오전 11:20:34,오리콤,5810,5980,5500
2018-09-13 오전 11:20:54,오리콤,5830,5980,5500
2018-09-13 오전 11:20:54,오리콤,5830,5980,5500
2018-09-13 오전 11:21:24,오리콤,5830,5980,5500
2018-09-13 오전 11:21:49,오리콤,5830,5980,5500
2018-09-13 오전 11:22:03,오리콤,5840,5980,5500
2018-09-13 오전 11:22:05,오리콤,5840,5980,5500
2018-09-13 오전 11:22:05,오리콤,5850,5980,5500
2018-09-13 오전 11:22:05,오리콤,5850,5980,5500
2018-09-13 오전 11:22:10,오리콤,5850,5980,5500
2018-09-13 오전 11:22:42,오리콤,5850,5980,5500
2018-09-13 오전 11:22:46,오리콤,5850,5980,5500
2018-09-13 오전 11:22:46,오리콤,5850,5980,5500
2018-09-13 오전 11:23:44,오리콤,5830,5980,5500
2018-09-13 오전 11:23:55,오리콤,5830,5980,5500
2018-09-13 오전 11:24:04,오리콤,5830,5980,5500
2018-09-13 오전 11:24:06,오리콤,5830,5980,5500
2018-09-13 오전 11:24:27,오리콤,5830,5980,5500
2018-09-13 오전 11:24:44,오리콤,5830,5980,5500
2018-09-13 오전 11:24:54,오리콤,5830,5980,5500
2018-09-13 오전 11:25:01,오리콤,5830,5980,5500
2018-09-13 오전 11:25:04,오리콤,5830,5980,5500
2018-09-13 오전 11:25:26,오리콤,5820,5980,5500
2018-09-13 오전 11:25:55,오리콤,5820,5980,5500
2018-09-13 오전 11:26:01,오리콤,5820,5980,5500
2018-09-13 오전 11:26:02,오리콤,5820,5980,5500
2018-09-13 오전 11:26:02,오리콤,5810,5980,5500
2018-09-13 오전 11:26:22,오리콤,5820,5980,5500
2018-09-13 오전 11:26:43,오리콤,5820,5980,5500
2018-09-13 오전 11:27:22,오리콤,5810,5980,5500
2018-09-13 오전 11:27:27,오리콤,5820,5980,5500
2018-09-13 오전 11:27:27,오리콤,5810,5980,5500
2018-09-13 오전 11:27:27,오리콤,5800,5980,5500
2018-09-13 오전 11:27:31,오리콤,5800,5980,5500
2018-09-13 오전 11:27:47,오리콤,5820,5980,5500
2018-09-13 오전 11:28:00,오리콤,5810,5980,5500
2018-09-13 오전 11:28:03,오리콤,5810,5980,5500
2018-09-13 오전 11:28:25,오리콤,5810,5980,5500
2018-09-13 오전 11:28:26,오리콤,5800,5980,5500
2018-09-13 오전 11:28:36,오리콤,5810,5980,5500
2018-09-13 오전 11:28:36,오리콤,5810,5980,5500
2018-09-13 오전 11:28:45,오리콤,5810,5980,5500
2018-09-13 오전 11:28:51,오리콤,5830,5980,5500
2018-09-13 오전 11:30:11,오리콤,5820,5980,5500
2018-09-13 오전 11:30:29,오리콤,5820,5980,5500
2018-09-13 오전 11:31:12,오리콤,5820,5980,5500
2018-09-13 오전 11:31:12,오리콤,5820,5980,5500
2018-09-13 오전 11:31:12,오리콤,5820,5980,5500
2018-09-13 오전 11:31:42,오리콤,5830,5980,5500
2018-09-13 오전 11:34:18,오리콤,5830,5980,5500
2018-09-13 오전 11:34:18,오리콤,5840,5980,5500
2018-09-13 오전 11:34:31,오리콤,5840,5980,5500
2018-09-13 오전 11:34:44,오리콤,5830,5980,5500
2018-09-13 오전 11:34:57,오리콤,5820,5980,5500
2018-09-13 오전 11:34:59,오리콤,5840,5980,5500
2018-09-13 오전 11:35:52,오리콤,5840,5980,5500
2018-09-13 오전 11:35:52,오리콤,5840,5980,5500
2018-09-13 오전 11:35:59,오리콤,5840,5980,5500
2018-09-13 오전 11:36:00,오리콤,5840,5980,5500
2018-09-13 오전 11:36:01,오리콤,5840,5980,5500
2018-09-13 오전 11:36:01,오리콤,5850,5980,5500
2018-09-13 오전 11:36:04,오리콤,5840,5980,5500
2018-09-13 오전 11:36:06,오리콤,5840,5980,5500
2018-09-13 오전 11:36:06,오리콤,5850,5980,5500
2018-09-13 오전 11:36:25,오리콤,5850,5980,5500
2018-09-13 오전 11:36:53,오리콤,5850,5980,5500
2018-09-13 오전 11:37:54,오리콤,5850,5980,5500
2018-09-13 오전 11:38:23,오리콤,5850,5980,5500
2018-09-13 오전 11:38:26,오리콤,5850,5980,5500
2018-09-13 오전 11:38:38,오리콤,5820,5980,5500
2018-09-13 오전 11:39:00,오리콤,5850,5980,5500
2018-09-13 오전 11:39:17,오리콤,5830,5980,5500
2018-09-13 오전 11:39:28,오리콤,5830,5980,5500
2018-09-13 오전 11:39:33,오리콤,5850,5980,5500
2018-09-13 오전 11:39:47,오리콤,5850,5980,5500
2018-09-13 오전 11:39:54,오리콤,5850,5980,5500
2018-09-13 오전 11:40:02,오리콤,5840,5980,5500
2018-09-13 오전 11:40:03,오리콤,5850,5980,5500
2018-09-13 오전 11:40:03,오리콤,5850,5980,5500
2018-09-13 오전 11:40:06,오리콤,5850,5980,5500
2018-09-13 오전 11:40:21,오리콤,5850,5980,5500
2018-09-13 오전 11:40:28,오리콤,5850,5980,5500
2018-09-13 오전 11:40:53,오리콤,5850,5980,5500
2018-09-13 오전 11:40:53,오리콤,5850,5980,5500
2018-09-13 오전 11:41:10,오리콤,5850,5980,5500
2018-09-13 오전 11:41:19,오리콤,5850,5980,5500
2018-09-13 오전 11:41:25,오리콤,5850,5980,5500
2018-09-13 오전 11:41:25,오리콤,5850,5980,5500
2018-09-13 오전 11:41:32,오리콤,5850,5980,5500
2018-09-13 오전 11:41:32,오리콤,5850,5980,5500
2018-09-13 오전 11:41:34,오리콤,5850,5980,5500
2018-09-13 오전 11:41:36,오리콤,5850,5980,5500
2018-09-13 오전 11:41:45,오리콤,5850,5980,5500
2018-09-13 오전 11:41:54,오리콤,5850,5980,5500
2018-09-13 오전 11:41:57,오리콤,5860,5980,5500
2018-09-13 오전 11:42:11,오리콤,5860,5980,5500
2018-09-13 오전 11:43:10,오리콤,5850,5980,5500
2018-09-13 오전 11:43:57,오리콤,5840,5980,5500
2018-09-13 오전 11:44:19,오리콤,5840,5980,5500
2018-09-13 오전 11:44:31,오리콤,5850,5980,5500
2018-09-13 오전 11:45:10,오리콤,5850,5980,5500
2018-09-13 오전 11:45:10,오리콤,5850,5980,5500
2018-09-13 오전 11:45:16,오리콤,5850,5980,5500
2018-09-13 오전 11:45:16,오리콤,5860,5980,5500
2018-09-13 오전 11:45:44,오리콤,5850,5980,5500
2018-09-13 오전 11:47:30,오리콤,5830,5980,5500
2018-09-13 오전 11:47:37,오리콤,5830,5980,5500
2018-09-13 오전 11:47:45,오리콤,5830,5980,5500
2018-09-13 오전 11:48:33,오리콤,5830,5980,5500
2018-09-13 오전 11:48:33,오리콤,5820,5980,5500
2018-09-13 오전 11:48:47,오리콤,5830,5980,5500
2018-09-13 오전 11:50:00,오리콤,5840,5980,5500
2018-09-13 오전 11:51:25,오리콤,5840,5980,5500
2018-09-13 오전 11:51:28,오리콤,5830,5980,5500
2018-09-13 오전 11:51:30,오리콤,5830,5980,5500
2018-09-13 오전 11:51:36,오리콤,5830,5980,5500
2018-09-13 오전 11:51:36,오리콤,5830,5980,5500
2018-09-13 오전 11:51:43,오리콤,5830,5980,5500
2018-09-13 오전 11:51:43,오리콤,5830,5980,5500
2018-09-13 오전 11:52:56,오리콤,5830,5980,5500
2018-09-13 오전 11:53:48,오리콤,5830,5980,5500
2018-09-13 오전 11:53:48,오리콤,5830,5980,5500
2018-09-13 오전 11:53:48,오리콤,5840,5980,5500
2018-09-13 오전 11:54:07,오리콤,5840,5980,5500
2018-09-13 오전 11:54:19,오리콤,5840,5980,5500
2018-09-13 오전 11:54:19,오리콤,5850,5980,5500
2018-09-13 오전 11:54:19,오리콤,5860,5980,5500
2018-09-13 오전 11:54:28,오리콤,5860,5980,5500
2018-09-13 오전 11:54:29,오리콤,5860,5980,5500
2018-09-13 오전 11:54:35,오리콤,5860,5980,5500
2018-09-13 오전 11:55:03,오리콤,5840,5980,5500
2018-09-13 오전 11:55:23,오리콤,5860,5980,5500
2018-09-13 오전 11:55:51,오리콤,5840,5980,5500
2018-09-13 오전 11:55:51,오리콤,5830,5980,5500
2018-09-13 오전 11:55:56,오리콤,5830,5980,5500
2018-09-13 오전 11:56:11,오리콤,5850,5980,5500
2018-09-13 오전 11:56:11,오리콤,5850,5980,5500
2018-09-13 오전 11:57:45,오리콤,5850,5980,5500
2018-09-13 오전 11:57:45,오리콤,5850,5980,5500
2018-09-13 오전 11:57:55,오리콤,5850,5980,5500
2018-09-13 오전 11:57:55,오리콤,5850,5980,5500
2018-09-13 오전 11:58:49,오리콤,5850,5980,5500
2018-09-13 오전 11:58:49,오리콤,5860,5980,5500
2018-09-13 오전 11:58:49,오리콤,5860,5980,5500
2018-09-13 오전 11:59:16,오리콤,5860,5980,5500
2018-09-13 오전 11:59:16,오리콤,5860,5980,5500
2018-09-13 오전 11:59:26,오리콤,5860,5980,5500
2018-09-13 오전 11:59:37,오리콤,5860,5980,5500
2018-09-13 오전 11:59:37,오리콤,5870,5980,5500
2018-09-13 오전 11:59:39,오리콤,5870,5980,5500
2018-09-13 오전 11:59:39,오리콤,5880,5980,5500
2018-09-13 오전 11:59:39,오리콤,5890,5980,5500
2018-09-13 오전 11:59:40,오리콤,5890,5980,5500
2018-09-13 오전 11:59:41,오리콤,5890,5980,5500
2018-09-13 오전 11:59:41,오리콤,5890,5980,5500
2018-09-13 오전 11:59:42,오리콤,5890,5980,5500
2018-09-13 오전 11:59:44,오리콤,5890,5980,5500
2018-09-13 오전 11:59:44,오리콤,5890,5980,5500
2018-09-13 오전 11:59:45,오리콤,5890,5980,5500
2018-09-13 오전 11:59:48,오리콤,5890,5980,5500
2018-09-13 오전 11:59:49,오리콤,5890,5980,5500
2018-09-13 오전 11:59:49,오리콤,5890,5980,5500
2018-09-13 오전 11:59:50,오리콤,5890,5980,5500
2018-09-13 오전 11:59:51,오리콤,5890,5980,5500
2018-09-13 오전 11:59:51,오리콤,5890,5980,5500
2018-09-13 오전 11:59:53,오리콤,5890,5980,5500
2018-09-13 오전 11:59:55,오리콤,5850,5980,5500
2018-09-13 오전 11:59:55,오리콤,5850,5980,5500
2018-09-13 오전 11:59:55,오리콤,5890,5980,5500
2018-09-13 오전 11:59:56,오리콤,5890,5980,5500
2018-09-13 오후 12:00:00,오리콤,5890,5980,5500
2018-09-13 오후 12:00:00,오리콤,5890,5980,5500
2018-09-13 오후 12:00:01,오리콤,5890,5980,5500
2018-09-13 오후 12:00:02,오리콤,5890,5980,5500
2018-09-13 오후 12:00:02,오리콤,5890,5980,5500
2018-09-13 오후 12:00:04,오리콤,5890,5980,5500
2018-09-13 오후 12:00:05,오리콤,5890,5980,5500
2018-09-13 오후 12:00:05,오리콤,5900,5980,5500
2018-09-13 오후 12:00:10,오리콤,5910,5980,5500
2018-09-13 오후 12:00:11,오리콤,5910,5980,5500
2018-09-13 오후 12:00:11,오리콤,5890,5980,5500
2018-09-13 오후 12:00:11,오리콤,5890,5980,5500
2018-09-13 오후 12:00:15,오리콤,5890,5980,5500
2018-09-13 오후 12:00:17,오리콤,5890,5980,5500
2018-09-13 오후 12:00:19,오리콤,5890,5980,5500
2018-09-13 오후 12:00:19,오리콤,5910,5980,5500
2018-09-13 오후 12:00:19,오리콤,5920,5980,5500
2018-09-13 오후 12:00:19,오리콤,5920,5980,5500
2018-09-13 오후 12:00:21,오리콤,5900,5980,5500
2018-09-13 오후 12:00:21,오리콤,5920,5980,5500
2018-09-13 오후 12:00:24,오리콤,5920,5980,5500
2018-09-13 오후 12:00:25,오리콤,5910,5980,5500
2018-09-13 오후 12:00:27,오리콤,5910,5980,5500
2018-09-13 오후 12:00:27,오리콤,5920,5980,5500
2018-09-13 오후 12:00:32,오리콤,5920,5980,5500
2018-09-13 오후 12:00:41,오리콤,5920,5980,5500
2018-09-13 오후 12:00:58,오리콤,5910,5980,5500
2018-09-13 오후 12:01:01,오리콤,5910,5980,5500
2018-09-13 오후 12:01:02,오리콤,5910,5980,5500
2018-09-13 오후 12:01:02,오리콤,5920,5980,5500
2018-09-13 오후 12:01:04,오리콤,5920,5980,5500
2018-09-13 오후 12:01:05,오리콤,5920,5980,5500
2018-09-13 오후 12:01:07,오리콤,5920,5980,5500
2018-09-13 오후 12:01:07,오리콤,5920,5980,5500
2018-09-13 오후 12:01:07,오리콤,5930,5980,5500
2018-09-13 오후 12:01:07,오리콤,5920,5980,5500
2018-09-13 오후 12:01:08,오리콤,5920,5980,5500
2018-09-13 오후 12:01:09,오리콤,5920,5980,5500
2018-09-13 오후 12:01:10,오리콤,5920,5980,5500
2018-09-13 오후 12:01:11,오리콤,5920,5980,5500
2018-09-13 오후 12:01:12,오리콤,5890,5980,5500
2018-09-13 오후 12:01:12,오리콤,5870,5980,5500
2018-09-13 오후 12:01:13,오리콤,5870,5980,5500
2018-09-13 오후 12:01:15,오리콤,5870,5980,5500
2018-09-13 오후 12:01:15,오리콤,5870,5980,5500
2018-09-13 오후 12:01:17,오리콤,5920,5980,5500
2018-09-13 오후 12:01:19,오리콤,5920,5980,5500
2018-09-13 오후 12:01:19,오리콤,5920,5980,5500
2018-09-13 오후 12:01:21,오리콤,5910,5980,5500
2018-09-13 오후 12:01:27,오리콤,5910,5980,5500
2018-09-13 오후 12:01:28,오리콤,5910,5980,5500
2018-09-13 오후 12:01:29,오리콤,5910,5980,5500
2018-09-13 오후 12:01:32,오리콤,5910,5980,5500
2018-09-13 오후 12:01:32,오리콤,5920,5980,5500
2018-09-13 오후 12:01:33,오리콤,5920,5980,5500
2018-09-13 오후 12:02:01,오리콤,5900,5980,5500
2018-09-13 오후 12:02:02,오리콤,5900,5980,5500
2018-09-13 오후 12:02:05,오리콤,5910,5980,5500
2018-09-13 오후 12:02:05,오리콤,5900,5980,5500
2018-09-13 오후 12:02:07,오리콤,5900,5980,5500
2018-09-13 오후 12:02:07,오리콤,5910,5980,5500
2018-09-13 오후 12:02:11,오리콤,5880,5980,5500
2018-09-13 오후 12:02:11,오리콤,5880,5980,5500
2018-09-13 오후 12:02:14,오리콤,5900,5980,5500
2018-09-13 오후 12:02:14,오리콤,5900,5980,5500
2018-09-13 오후 12:02:15,오리콤,5900,5980,5500
2018-09-13 오후 12:02:17,오리콤,5900,5980,5500
2018-09-13 오후 12:02:23,오리콤,5900,5980,5500
2018-09-13 오후 12:02:42,오리콤,5880,5980,5500
2018-09-13 오후 12:02:42,오리콤,5860,5980,5500
2018-09-13 오후 12:02:43,오리콤,5900,5980,5500
2018-09-13 오후 12:02:51,오리콤,5890,5980,5500
2018-09-13 오후 12:03:44,오리콤,5880,5980,5500
2018-09-13 오후 12:03:46,오리콤,5880,5980,5500
2018-09-13 오후 12:03:53,오리콤,5860,5980,5500
2018-09-13 오후 12:03:55,오리콤,5860,5980,5500
2018-09-13 오후 12:03:55,오리콤,5860,5980,5500
2018-09-13 오후 12:03:56,오리콤,5880,5980,5500
2018-09-13 오후 12:04:09,오리콤,5880,5980,5500
2018-09-13 오후 12:04:14,오리콤,5880,5980,5500
2018-09-13 오후 12:04:18,오리콤,5880,5980,5500
2018-09-13 오후 12:04:18,오리콤,5890,5980,5500
2018-09-13 오후 12:04:20,오리콤,5890,5980,5500
2018-09-13 오후 12:04:24,오리콤,5890,5980,5500
2018-09-13 오후 12:04:29,오리콤,5890,5980,5500
2018-09-13 오후 12:04:36,오리콤,5890,5980,5500
2018-09-13 오후 12:04:42,오리콤,5890,5980,5500
2018-09-13 오후 12:04:45,오리콤,5890,5980,5500
2018-09-13 오후 12:05:07,오리콤,5890,5980,5500
2018-09-13 오후 12:05:11,오리콤,5890,5980,5500
2018-09-13 오후 12:05:14,오리콤,5890,5980,5500
2018-09-13 오후 12:05:18,오리콤,5890,5980,5500
2018-09-13 오후 12:05:18,오리콤,5900,5980,5500
2018-09-13 오후 12:05:21,오리콤,5890,5980,5500
2018-09-13 오후 12:05:21,오리콤,5900,5980,5500
2018-09-13 오후 12:05:53,오리콤,5890,5980,5500
2018-09-13 오후 12:05:59,오리콤,5890,5980,5500
2018-09-13 오후 12:06:00,오리콤,5890,5980,5500
2018-09-13 오후 12:06:03,오리콤,5890,5980,5500
2018-09-13 오후 12:06:04,오리콤,5890,5980,5500
2018-09-13 오후 12:06:04,오리콤,5900,5980,5500
2018-09-13 오후 12:06:08,오리콤,5890,5980,5500
2018-09-13 오후 12:06:16,오리콤,5890,5980,5500
2018-09-13 오후 12:06:19,오리콤,5890,5980,5500
2018-09-13 오후 12:06:24,오리콤,5890,5980,5500
2018-09-13 오후 12:06:31,오리콤,5890,5980,5500
2018-09-13 오후 12:06:39,오리콤,5890,5980,5500
2018-09-13 오후 12:06:39,오리콤,5890,5980,5500
2018-09-13 오후 12:06:41,오리콤,5900,5980,5500
2018-09-13 오후 12:06:43,오리콤,5890,5980,5500
2018-09-13 오후 12:06:51,오리콤,5890,5980,5500
2018-09-13 오후 12:06:52,오리콤,5890,5980,5500
2018-09-13 오후 12:06:53,오리콤,5890,5980,5500
2018-09-13 오후 12:06:54,오리콤,5890,5980,5500
2018-09-13 오후 12:06:54,오리콤,5890,5980,5500
2018-09-13 오후 12:06:56,오리콤,5900,5980,5500
2018-09-13 오후 12:06:58,오리콤,5900,5980,5500
2018-09-13 오후 12:07:18,오리콤,5900,5980,5500
2018-09-13 오후 12:07:21,오리콤,5900,5980,5500
2018-09-13 오후 12:07:25,오리콤,5900,5980,5500
2018-09-13 오후 12:07:29,오리콤,5890,5980,5500
2018-09-13 오후 12:07:31,오리콤,5900,5980,5500
2018-09-13 오후 12:08:02,오리콤,5900,5980,5500
2018-09-13 오후 12:08:07,오리콤,5890,5980,5500
2018-09-13 오후 12:08:33,오리콤,5890,5980,5500
2018-09-13 오후 12:08:42,오리콤,5890,5980,5500
2018-09-13 오후 12:08:53,오리콤,5890,5980,5500
2018-09-13 오후 12:09:06,오리콤,5880,5980,5500
2018-09-13 오후 12:09:06,오리콤,5870,5980,5500
2018-09-13 오후 12:09:06,오리콤,5870,5980,5500
2018-09-13 오후 12:09:08,오리콤,5870,5980,5500
2018-09-13 오후 12:09:14,오리콤,5870,5980,5500
2018-09-13 오후 12:09:15,오리콤,5860,5980,5500
2018-09-13 오후 12:09:51,오리콤,5860,5980,5500
2018-09-13 오후 12:10:07,오리콤,5860,5980,5500
2018-09-13 오후 12:10:13,오리콤,5850,5980,5500
2018-09-13 오후 12:10:16,오리콤,5850,5980,5500
2018-09-13 오후 12:10:16,오리콤,5840,5980,5500
2018-09-13 오후 12:10:18,오리콤,5840,5980,5500
2018-09-13 오후 12:10:18,오리콤,5830,5980,5500
2018-09-13 오후 12:10:22,오리콤,5850,5980,5500
2018-09-13 오후 12:10:24,오리콤,5850,5980,5500
2018-09-13 오후 12:10:24,오리콤,5830,5980,5500
2018-09-13 오후 12:10:29,오리콤,5870,5980,5500
2018-09-13 오후 12:10:30,오리콤,5830,5980,5500
2018-09-13 오후 12:10:30,오리콤,5830,5980,5500
2018-09-13 오후 12:10:30,오리콤,5820,5980,5500
2018-09-13 오후 12:10:30,오리콤,5870,5980,5500
2018-09-13 오후 12:10:33,오리콤,5870,5980,5500
2018-09-13 오후 12:10:34,오리콤,5820,5980,5500
2018-09-13 오후 12:10:38,오리콤,5820,5980,5500
2018-09-13 오후 12:10:59,오리콤,5860,5980,5500
2018-09-13 오후 12:11:11,오리콤,5850,5980,5500
2018-09-13 오후 12:11:26,오리콤,5840,5980,5500
2018-09-13 오후 12:11:26,오리콤,5840,5980,5500
2018-09-13 오후 12:11:35,오리콤,5840,5980,5500
2018-09-13 오후 12:11:38,오리콤,5830,5980,5500
2018-09-13 오후 12:11:41,오리콤,5830,5980,5500
2018-09-13 오후 12:11:46,오리콤,5830,5980,5500
2018-09-13 오후 12:11:47,오리콤,5830,5980,5500
2018-09-13 오후 12:11:49,오리콤,5840,5980,5500
2018-09-13 오후 12:11:50,오리콤,5830,5980,5500
2018-09-13 오후 12:11:51,오리콤,5840,5980,5500
2018-09-13 오후 12:11:56,오리콤,5830,5980,5500
2018-09-13 오후 12:12:16,오리콤,5850,5980,5500
2018-09-13 오후 12:12:18,오리콤,5830,5980,5500
2018-09-13 오후 12:12:18,오리콤,5830,5980,5500
2018-09-13 오후 12:12:22,오리콤,5850,5980,5500
2018-09-13 오후 12:12:34,오리콤,5850,5980,5500
2018-09-13 오후 12:13:23,오리콤,5850,5980,5500
2018-09-13 오후 12:13:54,오리콤,5840,5980,5500
2018-09-13 오후 12:13:57,오리콤,5840,5980,5500
2018-09-13 오후 12:14:00,오리콤,5840,5980,5500
2018-09-13 오후 12:14:05,오리콤,5840,5980,5500
2018-09-13 오후 12:14:10,오리콤,5840,5980,5500
2018-09-13 오후 12:14:12,오리콤,5840,5980,5500
2018-09-13 오후 12:14:16,오리콤,5850,5980,5500
2018-09-13 오후 12:14:20,오리콤,5850,5980,5500
2018-09-13 오후 12:14:20,오리콤,5860,5980,5500
2018-09-13 오후 12:14:39,오리콤,5860,5980,5500
2018-09-13 오후 12:14:50,오리콤,5850,5980,5500
2018-09-13 오후 12:15:01,오리콤,5860,5980,5500
2018-09-13 오후 12:15:19,오리콤,5850,5980,5500
2018-09-13 오후 12:15:23,오리콤,5850,5980,5500
2018-09-13 오후 12:15:28,오리콤,5840,5980,5500
2018-09-13 오후 12:15:34,오리콤,5840,5980,5500
2018-09-13 오후 12:15:37,오리콤,5840,5980,5500
2018-09-13 오후 12:15:52,오리콤,5860,5980,5500
2018-09-13 오후 12:15:52,오리콤,5850,5980,5500
2018-09-13 오후 12:15:56,오리콤,5860,5980,5500
2018-09-13 오후 12:15:57,오리콤,5860,5980,5500
2018-09-13 오후 12:16:09,오리콤,5860,5980,5500
2018-09-13 오후 12:16:12,오리콤,5860,5980,5500
2018-09-13 오후 12:16:20,오리콤,5860,5980,5500
2018-09-13 오후 12:16:22,오리콤,5870,5980,5500
2018-09-13 오후 12:16:22,오리콤,5880,5980,5500
2018-09-13 오후 12:16:28,오리콤,5880,5980,5500
2018-09-13 오후 12:16:28,오리콤,5890,5980,5500
2018-09-13 오후 12:16:29,오리콤,5890,5980,5500
2018-09-13 오후 12:16:33,오리콤,5890,5980,5500
2018-09-13 오후 12:17:01,오리콤,5890,5980,5500
2018-09-13 오후 12:17:28,오리콤,5890,5980,5500
2018-09-13 오후 12:18:20,오리콤,5860,5980,5500
2018-09-13 오후 12:18:26,오리콤,5860,5980,5500
2018-09-13 오후 12:18:38,오리콤,5880,5980,5500
2018-09-13 오후 12:18:38,오리콤,5890,5980,5500
2018-09-13 오후 12:18:38,오리콤,5900,5980,5500
2018-09-13 오후 12:18:49,오리콤,5900,5980,5500
2018-09-13 오후 12:18:50,오리콤,5900,5980,5500
2018-09-13 오후 12:18:50,오리콤,5900,5980,5500
2018-09-13 오후 12:18:51,오리콤,5910,5980,5500
2018-09-13 오후 12:18:52,오리콤,5910,5980,5500
2018-09-13 오후 12:18:52,오리콤,5920,5980,5500
2018-09-13 오후 12:18:55,오리콤,5910,5980,5500
2018-09-13 오후 12:18:57,오리콤,5910,5980,5500
2018-09-13 오후 12:18:57,오리콤,5920,5980,5500
2018-09-13 오후 12:18:58,오리콤,5920,5980,5500
2018-09-13 오후 12:19:03,오리콤,5920,5980,5500
2018-09-13 오후 12:19:07,오리콤,5920,5980,5500
2018-09-13 오후 12:19:09,오리콤,5920,5980,5500
2018-09-13 오후 12:19:09,오리콤,5920,5980,5500
2018-09-13 오후 12:19:11,오리콤,5920,5980,5500
2018-09-13 오후 12:19:12,오리콤,5920,5980,5500
2018-09-13 오후 12:19:13,오리콤,5920,5980,5500
2018-09-13 오후 12:19:15,오리콤,5920,5980,5500
2018-09-13 오후 12:19:25,오리콤,5910,5980,5500
2018-09-13 오후 12:19:28,오리콤,5910,5980,5500
2018-09-13 오후 12:19:29,오리콤,5910,5980,5500
2018-09-13 오후 12:19:33,오리콤,5910,5980,5500
2018-09-13 오후 12:19:37,오리콤,5910,5980,5500
2018-09-13 오후 12:19:39,오리콤,5910,5980,5500
2018-09-13 오후 12:19:41,오리콤,5910,5980,5500
2018-09-13 오후 12:19:41,오리콤,5910,5980,5500
2018-09-13 오후 12:19:42,오리콤,5920,5980,5500
2018-09-13 오후 12:19:45,오리콤,5900,5980,5500
2018-09-13 오후 12:19:53,오리콤,5920,5980,5500
2018-09-13 오후 12:19:57,오리콤,5920,5980,5500
2018-09-13 오후 12:19:58,오리콤,5920,5980,5500
2018-09-13 오후 12:20:01,오리콤,5910,5980,5500
2018-09-13 오후 12:20:01,오리콤,5910,5980,5500
2018-09-13 오후 12:20:14,오리콤,5910,5980,5500
2018-09-13 오후 12:20:15,오리콤,5910,5980,5500
2018-09-13 오후 12:20:15,오리콤,5900,5980,5500
2018-09-13 오후 12:20:17,오리콤,5900,5980,5500
2018-09-13 오후 12:20:20,오리콤,5900,5980,5500
2018-09-13 오후 12:20:30,오리콤,5920,5980,5500
2018-09-13 오후 12:20:42,오리콤,5910,5980,5500
2018-09-13 오후 12:20:56,오리콤,5910,5980,5500
2018-09-13 오후 12:21:24,오리콤,5910,5980,5500
2018-09-13 오후 12:21:27,오리콤,5910,5980,5500
2018-09-13 오후 12:21:40,오리콤,5910,5980,5500
2018-09-13 오후 12:21:40,오리콤,5920,5980,5500
2018-09-13 오후 12:21:43,오리콤,5920,5980,5500
2018-09-13 오후 12:21:48,오리콤,5910,5980,5500
2018-09-13 오후 12:21:48,오리콤,5920,5980,5500
2018-09-13 오후 12:21:49,오리콤,5920,5980,5500
2018-09-13 오후 12:21:49,오리콤,5930,5980,5500
2018-09-13 오후 12:21:49,오리콤,5930,5980,5500
2018-09-13 오후 12:21:50,오리콤,5930,5980,5500
2018-09-13 오후 12:21:51,오리콤,5930,5980,5500
2018-09-13 오후 12:21:53,오리콤,5930,5980,5500
2018-09-13 오후 12:21:53,오리콤,5930,5980,5500
2018-09-13 오후 12:21:53,오리콤,5940,5980,5500
2018-09-13 오후 12:22:00,오리콤,5920,5980,5500
2018-09-13 오후 12:22:00,오리콤,5930,5980,5500
2018-09-13 오후 12:22:05,오리콤,5920,5980,5500
2018-09-13 오후 12:22:06,오리콤,5920,5980,5500
2018-09-13 오후 12:22:11,오리콤,5930,5980,5500
2018-09-13 오후 12:22:21,오리콤,5930,5980,5500
2018-09-13 오후 12:22:24,오리콤,5930,5980,5500
2018-09-13 오후 12:22:25,오리콤,5930,5980,5500
2018-09-13 오후 12:22:29,오리콤,5930,5980,5500
2018-09-13 오후 12:22:29,오리콤,5920,5980,5500
2018-09-13 오후 12:22:29,오리콤,5920,5980,5500
2018-09-13 오후 12:22:33,오리콤,5930,5980,5500
2018-09-13 오후 12:22:34,오리콤,5930,5980,5500
2018-09-13 오후 12:22:52,오리콤,5890,5980,5500
2018-09-13 오후 12:22:57,오리콤,5920,5980,5500
2018-09-13 오후 12:23:24,오리콤,5910,5980,5500
2018-09-13 오후 12:23:37,오리콤,5910,5980,5500
2018-09-13 오후 12:23:45,오리콤,5890,5980,5500
2018-09-13 오후 12:23:55,오리콤,5890,5980,5500
2018-09-13 오후 12:24:03,오리콤,5900,5980,5500
2018-09-13 오후 12:24:07,오리콤,5890,5980,5500
2018-09-13 오후 12:24:07,오리콤,5900,5980,5500
2018-09-13 오후 12:24:12,오리콤,5900,5980,5500
2018-09-13 오후 12:24:12,오리콤,5910,5980,5500
2018-09-13 오후 12:24:12,오리콤,5910,5980,5500
2018-09-13 오후 12:24:12,오리콤,5920,5980,5500
2018-09-13 오후 12:24:13,오리콤,5890,5980,5500
2018-09-13 오후 12:24:13,오리콤,5880,5980,5500
2018-09-13 오후 12:24:21,오리콤,5880,5980,5500
2018-09-13 오후 12:24:23,오리콤,5870,5980,5500
2018-09-13 오후 12:24:23,오리콤,5860,5980,5500
2018-09-13 오후 12:24:23,오리콤,5850,5980,5500
2018-09-13 오후 12:24:30,오리콤,5850,5980,5500
2018-09-13 오후 12:24:30,오리콤,5840,5980,5500
2018-09-13 오후 12:24:43,오리콤,5850,5980,5500
2018-09-13 오후 12:24:43,오리콤,5880,5980,5500
2018-09-13 오후 12:24:43,오리콤,5900,5980,5500
2018-09-13 오후 12:24:45,오리콤,5900,5980,5500
2018-09-13 오후 12:24:46,오리콤,5900,5980,5500
2018-09-13 오후 12:24:48,오리콤,5900,5980,5500
2018-09-13 오후 12:25:09,오리콤,5890,5980,5500
2018-09-13 오후 12:25:12,오리콤,5890,5980,5500
2018-09-13 오후 12:25:34,오리콤,5890,5980,5500
2018-09-13 오후 12:25:41,오리콤,5890,5980,5500
2018-09-13 오후 12:25:44,오리콤,5890,5980,5500
2018-09-13 오후 12:27:38,오리콤,5850,5980,5500
2018-09-13 오후 12:27:38,오리콤,5840,5980,5500
2018-09-13 오후 12:27:51,오리콤,5860,5980,5500
2018-09-13 오후 12:27:51,오리콤,5850,5980,5500
2018-09-13 오후 12:27:51,오리콤,5840,5980,5500
2018-09-13 오후 12:27:51,오리콤,5840,5980,5500
2018-09-13 오후 12:28:06,오리콤,5840,5980,5500
2018-09-13 오후 12:28:31,오리콤,5840,5980,5500
2018-09-13 오후 12:28:33,오리콤,5840,5980,5500
2018-09-13 오후 12:28:33,오리콤,5830,5980,5500
2018-09-13 오후 12:28:43,오리콤,5870,5980,5500
2018-09-13 오후 12:29:14,오리콤,5830,5980,5500
2018-09-13 오후 12:29:14,오리콤,5820,5980,5500
2018-09-13 오후 12:29:22,오리콤,5840,5980,5500
2018-09-13 오후 12:29:34,오리콤,5840,5980,5500
2018-09-13 오후 12:29:35,오리콤,5870,5980,5500
2018-09-13 오후 12:29:37,오리콤,5870,5980,5500
2018-09-13 오후 12:29:40,오리콤,5840,5980,5500
2018-09-13 오후 12:29:41,오리콤,5870,5980,5500
2018-09-13 오후 12:29:55,오리콤,5840,5980,5500
2018-09-13 오후 12:29:59,오리콤,5860,5980,5500
2018-09-13 오후 12:30:06,오리콤,5840,5980,5500
2018-09-13 오후 12:30:08,오리콤,5860,5980,5500
2018-09-13 오후 12:30:22,오리콤,5860,5980,5500
2018-09-13 오후 12:30:32,오리콤,5860,5980,5500
2018-09-13 오후 12:30:48,오리콤,5850,5980,5500
2018-09-13 오후 12:30:50,오리콤,5860,5980,5500
2018-09-13 오후 12:31:40,오리콤,5860,5980,5500
2018-09-13 오후 12:31:40,오리콤,5870,5980,5500
2018-09-13 오후 12:31:48,오리콤,5870,5980,5500
2018-09-13 오후 12:32:20,오리콤,5860,5980,5500
2018-09-13 오후 12:32:21,오리콤,5870,5980,5500
2018-09-13 오후 12:33:10,오리콤,5850,5980,5500
2018-09-13 오후 12:33:10,오리콤,5840,5980,5500
2018-09-13 오후 12:33:10,오리콤,5830,5980,5500
2018-09-13 오후 12:33:10,오리콤,5820,5980,5500
2018-09-13 오후 12:33:10,오리콤,5810,5980,5500
2018-09-13 오후 12:33:10,오리콤,5800,5980,5500
2018-09-13 오후 12:33:10,오리콤,5790,5980,5500
2018-09-13 오후 12:33:10,오리콤,5790,5980,5500
2018-09-13 오후 12:33:23,오리콤,5850,5980,5500
2018-09-13 오후 12:33:23,오리콤,5860,5980,5500
2018-09-13 오후 12:33:23,오리콤,5820,5980,5500
2018-09-13 오후 12:33:23,오리콤,5810,5980,5500
2018-09-13 오후 12:33:36,오리콤,5830,5980,5500
2018-09-13 오후 12:33:36,오리콤,5820,5980,5500
2018-09-13 오후 12:33:36,오리콤,5810,5980,5500
2018-09-13 오후 12:33:37,오리콤,5810,5980,5500
2018-09-13 오후 12:33:39,오리콤,5820,5980,5500
2018-09-13 오후 12:33:39,오리콤,5810,5980,5500
2018-09-13 오후 12:33:40,오리콤,5830,5980,5500
2018-09-13 오후 12:33:42,오리콤,5810,5980,5500
2018-09-13 오후 12:33:42,오리콤,5800,5980,5500
2018-09-13 오후 12:33:45,오리콤,5860,5980,5500
2018-09-13 오후 12:33:45,오리콤,5800,5980,5500
2018-09-13 오후 12:33:48,오리콤,5860,5980,5500
2018-09-13 오후 12:33:55,오리콤,5860,5980,5500
2018-09-13 오후 12:34:12,오리콤,5830,5980,5500
2018-09-13 오후 12:34:12,오리콤,5850,5980,5500
2018-09-13 오후 12:34:15,오리콤,5820,5980,5500
2018-09-13 오후 12:34:19,오리콤,5820,5980,5500
2018-09-13 오후 12:34:26,오리콤,5820,5980,5500
2018-09-13 오후 12:34:30,오리콤,5830,5980,5500
2018-09-13 오후 12:34:36,오리콤,5860,5980,5500
2018-09-13 오후 12:34:42,오리콤,5850,5980,5500
2018-09-13 오후 12:35:08,오리콤,5850,5980,5500
2018-09-13 오후 12:35:32,오리콤,5850,5980,5500
2018-09-13 오후 12:35:37,오리콤,5850,5980,5500
2018-09-13 오후 12:36:17,오리콤,5840,5980,5500
2018-09-13 오후 12:36:39,오리콤,5830,5980,5500
2018-09-13 오후 12:36:42,오리콤,5830,5980,5500
2018-09-13 오후 12:36:46,오리콤,5820,5980,5500
2018-09-13 오후 12:36:49,오리콤,5830,5980,5500
2018-09-13 오후 12:36:49,오리콤,5820,5980,5500
2018-09-13 오후 12:36:49,오리콤,5810,5980,5500
2018-09-13 오후 12:36:50,오리콤,5830,5980,5500
2018-09-13 오후 12:36:50,오리콤,5830,5980,5500
2018-09-13 오후 12:36:51,오리콤,5840,5980,5500
2018-09-13 오후 12:37:35,오리콤,5840,5980,5500
2018-09-13 오후 12:37:47,오리콤,5850,5980,5500
2018-09-13 오후 12:37:52,오리콤,5850,5980,5500
2018-09-13 오후 12:37:55,오리콤,5850,5980,5500
2018-09-13 오후 12:37:55,오리콤,5850,5980,5500
2018-09-13 오후 12:37:58,오리콤,5860,5980,5500
2018-09-13 오후 12:38:01,오리콤,5850,5980,5500
2018-09-13 오후 12:38:08,오리콤,5850,5980,5500
2018-09-13 오후 12:38:12,오리콤,5850,5980,5500
2018-09-13 오후 12:38:12,오리콤,5860,5980,5500
2018-09-13 오후 12:38:13,오리콤,5860,5980,5500
2018-09-13 오후 12:38:39,오리콤,5860,5980,5500
2018-09-13 오후 12:38:55,오리콤,5840,5980,5500
2018-09-13 오후 12:38:55,오리콤,5830,5980,5500
2018-09-13 오후 12:39:07,오리콤,5830,5980,5500
2018-09-13 오후 12:39:31,오리콤,5850,5980,5500
2018-09-13 오후 12:40:17,오리콤,5850,5980,5500
2018-09-13 오후 12:41:19,오리콤,5850,5980,5500
2018-09-13 오후 12:41:46,오리콤,5830,5980,5500
2018-09-13 오후 12:41:46,오리콤,5820,5980,5500
2018-09-13 오후 12:41:46,오리콤,5810,5980,5500
2018-09-13 오후 12:41:58,오리콤,5850,5980,5500
2018-09-13 오후 12:42:20,오리콤,5840,5980,5500
2018-09-13 오후 12:42:41,오리콤,5840,5980,5500
2018-09-13 오후 12:43:05,오리콤,5820,5980,5500
2018-09-13 오후 12:43:11,오리콤,5820,5980,5500
2018-09-13 오후 12:43:11,오리콤,5830,5980,5500
2018-09-13 오후 12:43:21,오리콤,5830,5980,5500
2018-09-13 오후 12:43:22,오리콤,5830,5980,5500
2018-09-13 오후 12:43:26,오리콤,5840,5980,5500
2018-09-13 오후 12:43:26,오리콤,5850,5980,5500
2018-09-13 오후 12:43:26,오리콤,5850,5980,5500
2018-09-13 오후 12:43:26,오리콤,5850,5980,5500
2018-09-13 오후 12:43:27,오리콤,5830,5980,5500
2018-09-13 오후 12:43:28,오리콤,5850,5980,5500
2018-09-13 오후 12:43:37,오리콤,5850,5980,5500
2018-09-13 오후 12:43:38,오리콤,5850,5980,5500
2018-09-13 오후 12:43:46,오리콤,5830,5980,5500
2018-09-13 오후 12:43:56,오리콤,5840,5980,5500
2018-09-13 오후 12:44:00,오리콤,5830,5980,5500
2018-09-13 오후 12:44:03,오리콤,5810,5980,5500
2018-09-13 오후 12:44:19,오리콤,5810,5980,5500
2018-09-13 오후 12:44:30,오리콤,5810,5980,5500
2018-09-13 오후 12:44:30,오리콤,5800,5980,5500
2018-09-13 오후 12:44:35,오리콤,5800,5980,5500
2018-09-13 오후 12:44:36,오리콤,5800,5980,5500
2018-09-13 오후 12:44:37,오리콤,5820,5980,5500
2018-09-13 오후 12:44:38,오리콤,5800,5980,5500
2018-09-13 오후 12:44:38,오리콤,5790,5980,5500
2018-09-13 오후 12:44:48,오리콤,5800,5980,5500
2018-09-13 오후 12:44:57,오리콤,5800,5980,5500
2018-09-13 오후 12:44:57,오리콤,5820,5980,5500
2018-09-13 오후 12:44:57,오리콤,5820,5980,5500
2018-09-13 오후 12:45:27,오리콤,5820,5980,5500
2018-09-13 오후 12:45:47,오리콤,5810,5980,5500
2018-09-13 오후 12:45:52,오리콤,5810,5980,5500
2018-09-13 오후 12:45:52,오리콤,5810,5980,5500
2018-09-13 오후 12:45:53,오리콤,5820,5980,5500
2018-09-13 오후 12:45:55,오리콤,5820,5980,5500
2018-09-13 오후 12:45:55,오리콤,5830,5980,5500
2018-09-13 오후 12:46:22,오리콤,5820,5980,5500
2018-09-13 오후 12:46:24,오리콤,5820,5980,5500
2018-09-13 오후 12:46:26,오리콤,5820,5980,5500
2018-09-13 오후 12:46:40,오리콤,5820,5980,5500
2018-09-13 오후 12:46:40,오리콤,5830,5980,5500
2018-09-13 오후 12:46:50,오리콤,5830,5980,5500
2018-09-13 오후 12:47:03,오리콤,5830,5980,5500
2018-09-13 오후 12:47:19,오리콤,5830,5980,5500
2018-09-13 오후 12:47:19,오리콤,5830,5980,5500
2018-09-13 오후 12:47:22,오리콤,5830,5980,5500
2018-09-13 오후 12:47:28,오리콤,5830,5980,5500
2018-09-13 오후 12:47:36,오리콤,5830,5980,5500
2018-09-13 오후 12:47:42,오리콤,5830,5980,5500
2018-09-13 오후 12:47:42,오리콤,5840,5980,5500
2018-09-13 오후 12:47:43,오리콤,5850,5980,5500
2018-09-13 오후 12:47:46,오리콤,5850,5980,5500
2018-09-13 오후 12:47:46,오리콤,5850,5980,5500
2018-09-13 오후 12:47:56,오리콤,5860,5980,5500
2018-09-13 오후 12:48:23,오리콤,5860,5980,5500
2018-09-13 오후 12:48:42,오리콤,5860,5980,5500
2018-09-13 오후 12:48:47,오리콤,5860,5980,5500
2018-09-13 오후 12:48:50,오리콤,5860,5980,5500
2018-09-13 오후 12:49:39,오리콤,5860,5980,5500
2018-09-13 오후 12:49:39,오리콤,5860,5980,5500
2018-09-13 오후 12:49:48,오리콤,5870,5980,5500
2018-09-13 오후 12:50:01,오리콤,5870,5980,5500
2018-09-13 오후 12:50:07,오리콤,5870,5980,5500
2018-09-13 오후 12:50:39,오리콤,5860,5980,5500
2018-09-13 오후 12:50:46,오리콤,5870,5980,5500
2018-09-13 오후 12:50:53,오리콤,5870,5980,5500
2018-09-13 오후 12:50:53,오리콤,5870,5980,5500
2018-09-13 오후 12:51:13,오리콤,5870,5980,5500
2018-09-13 오후 12:51:21,오리콤,5850,5980,5500
2018-09-13 오후 12:51:37,오리콤,5870,5980,5500
2018-09-13 오후 12:52:04,오리콤,5870,5980,5500
2018-09-13 오후 12:53:06,오리콤,5830,5980,5500
2018-09-13 오후 12:53:13,오리콤,5830,5980,5500
2018-09-13 오후 12:53:13,오리콤,5820,5980,5500
2018-09-13 오후 12:53:22,오리콤,5820,5980,5500
2018-09-13 오후 12:53:23,오리콤,5820,5980,5500
2018-09-13 오후 12:53:23,오리콤,5820,5980,5500
2018-09-13 오후 12:53:37,오리콤,5860,5980,5500
2018-09-13 오후 12:53:43,오리콤,5860,5980,5500
2018-09-13 오후 12:53:43,오리콤,5850,5980,5500
2018-09-13 오후 12:54:22,오리콤,5810,5980,5500
2018-09-13 오후 12:55:04,오리콤,5840,5980,5500
2018-09-13 오후 12:56:02,오리콤,5840,5980,5500
2018-09-13 오후 12:56:02,오리콤,5850,5980,5500
2018-09-13 오후 12:56:06,오리콤,5850,5980,5500
2018-09-13 오후 12:56:17,오리콤,5850,5980,5500
2018-09-13 오후 12:56:24,오리콤,5850,5980,5500
2018-09-13 오후 12:56:24,오리콤,5830,5980,5500
2018-09-13 오후 12:56:24,오리콤,5830,5980,5500
2018-09-13 오후 12:56:38,오리콤,5830,5980,5500
2018-09-13 오후 12:56:47,오리콤,5850,5980,5500
2018-09-13 오후 12:56:57,오리콤,5840,5980,5500
2018-09-13 오후 12:57:01,오리콤,5850,5980,5500
2018-09-13 오후 12:57:01,오리콤,5850,5980,5500
2018-09-13 오후 12:57:20,오리콤,5850,5980,5500
2018-09-13 오후 12:58:04,오리콤,5840,5980,5500
2018-09-13 오후 12:58:15,오리콤,5840,5980,5500
2018-09-13 오후 12:58:29,오리콤,5850,5980,5500
2018-09-13 오후 12:58:29,오리콤,5850,5980,5500
2018-09-13 오후 12:58:40,오리콤,5860,5980,5500
2018-09-13 오후 12:58:40,오리콤,5860,5980,5500
2018-09-13 오후 12:58:46,오리콤,5870,5980,5500
2018-09-13 오후 12:58:47,오리콤,5870,5980,5500
2018-09-13 오후 12:59:36,오리콤,5870,5980,5500
2018-09-13 오후 12:59:36,오리콤,5880,5980,5500
2018-09-13 오후 12:59:36,오리콤,5870,5980,5500
2018-09-13 오후 12:59:38,오리콤,5870,5980,5500
2018-09-13 오후 12:59:39,오리콤,5870,5980,5500
2018-09-13 오후 1:00:26,오리콤,5870,5980,5500
2018-09-13 오후 1:00:36,오리콤,5870,5980,5500
2018-09-13 오후 1:00:50,오리콤,5870,5980,5500
2018-09-13 오후 1:00:59,오리콤,5870,5980,5500
2018-09-13 오후 1:01:08,오리콤,5870,5980,5500
2018-09-13 오후 1:01:21,오리콤,5870,5980,5500
2018-09-13 오후 1:01:33,오리콤,5860,5980,5500
2018-09-13 오후 1:01:45,오리콤,5860,5980,5500
2018-09-13 오후 1:01:54,오리콤,5860,5980,5500
2018-09-13 오후 1:02:12,오리콤,5860,5980,5500
2018-09-13 오후 1:02:21,오리콤,5860,5980,5500
2018-09-13 오후 1:02:36,오리콤,5860,5980,5500
2018-09-13 오후 1:02:50,오리콤,5860,5980,5500
2018-09-13 오후 1:02:50,오리콤,5870,5980,5500
2018-09-13 오후 1:02:51,오리콤,5860,5980,5500
2018-09-13 오후 1:02:54,오리콤,5870,5980,5500
2018-09-13 오후 1:02:54,오리콤,5860,5980,5500
2018-09-13 오후 1:03:01,오리콤,5860,5980,5500
2018-09-13 오후 1:03:12,오리콤,5870,5980,5500
2018-09-13 오후 1:04:47,오리콤,5870,5980,5500
2018-09-13 오후 1:04:47,오리콤,5880,5980,5500
2018-09-13 오후 1:04:55,오리콤,5870,5980,5500
2018-09-13 오후 1:05:08,오리콤,5880,5980,5500
2018-09-13 오후 1:05:33,오리콤,5880,5980,5500
2018-09-13 오후 1:05:40,오리콤,5870,5980,5500
2018-09-13 오후 1:05:47,오리콤,5870,5980,5500
2018-09-13 오후 1:05:48,오리콤,5880,5980,5500
2018-09-13 오후 1:06:00,오리콤,5880,5980,5500
2018-09-13 오후 1:06:09,오리콤,5870,5980,5500
2018-09-13 오후 1:06:11,오리콤,5870,5980,5500
2018-09-13 오후 1:06:22,오리콤,5870,5980,5500
2018-09-13 오후 1:06:29,오리콤,5880,5980,5500
2018-09-13 오후 1:06:31,오리콤,5870,5980,5500
2018-09-13 오후 1:06:33,오리콤,5870,5980,5500
2018-09-13 오후 1:06:58,오리콤,5870,5980,5500
2018-09-13 오후 1:06:58,오리콤,5880,5980,5500
2018-09-13 오후 1:06:58,오리콤,5880,5980,5500
2018-09-13 오후 1:07:19,오리콤,5860,5980,5500
2018-09-13 오후 1:07:36,오리콤,5870,5980,5500
2018-09-13 오후 1:07:37,오리콤,5860,5980,5500
2018-09-13 오후 1:07:59,오리콤,5880,5980,5500
2018-09-13 오후 1:08:09,오리콤,5880,5980,5500
2018-09-13 오후 1:08:16,오리콤,5870,5980,5500
2018-09-13 오후 1:08:43,오리콤,5870,5980,5500
2018-09-13 오후 1:08:44,오리콤,5860,5980,5500
2018-09-13 오후 1:08:44,오리콤,5850,5980,5500
2018-09-13 오후 1:08:44,오리콤,5830,5980,5500
2018-09-13 오후 1:08:44,오리콤,5820,5980,5500
2018-09-13 오후 1:08:44,오리콤,5810,5980,5500
2018-09-13 오후 1:08:44,오리콤,5800,5980,5500
2018-09-13 오후 1:09:01,오리콤,5860,5980,5500
2018-09-13 오후 1:09:01,오리콤,5870,5980,5500
2018-09-13 오후 1:09:01,오리콤,5880,5980,5500
2018-09-13 오후 1:11:41,오리콤,5860,5980,5500
2018-09-13 오후 1:11:45,오리콤,5880,5980,5500
2018-09-13 오후 1:12:00,오리콤,5870,5980,5500
2018-09-13 오후 1:12:29,오리콤,5870,5980,5500
2018-09-13 오후 1:12:55,오리콤,5870,5980,5500
2018-09-13 오후 1:12:55,오리콤,5880,5980,5500
2018-09-13 오후 1:13:12,오리콤,5880,5980,5500
2018-09-13 오후 1:13:16,오리콤,5880,5980,5500
2018-09-13 오후 1:14:17,오리콤,5830,5980,5500
2018-09-13 오후 1:14:33,오리콤,5870,5980,5500
2018-09-13 오후 1:15:25,오리콤,5870,5980,5500
2018-09-13 오후 1:15:25,오리콤,5880,5980,5500
2018-09-13 오후 1:16:02,오리콤,5870,5980,5500
2018-09-13 오후 1:16:02,오리콤,5840,5980,5500
2018-09-13 오후 1:16:17,오리콤,5840,5980,5500
2018-09-13 오후 1:17:07,오리콤,5840,5980,5500
2018-09-13 오후 1:18:13,오리콤,5870,5980,5500
2018-09-13 오후 1:18:59,오리콤,5870,5980,5500
2018-09-13 오후 1:18:59,오리콤,5880,5980,5500
2018-09-13 오후 1:19:00,오리콤,5870,5980,5500
2018-09-13 오후 1:19:13,오리콤,5880,5980,5500
2018-09-13 오후 1:19:28,오리콤,5880,5980,5500
2018-09-13 오후 1:19:28,오리콤,5890,5980,5500
2018-09-13 오후 1:19:33,오리콤,5880,5980,5500
2018-09-13 오후 1:19:40,오리콤,5880,5980,5500
2018-09-13 오후 1:19:42,오리콤,5880,5980,5500
2018-09-13 오후 1:19:47,오리콤,5880,5980,5500
2018-09-13 오후 1:19:57,오리콤,5880,5980,5500
2018-09-13 오후 1:20:00,오리콤,5880,5980,5500
2018-09-13 오후 1:20:09,오리콤,5880,5980,5500
2018-09-13 오후 1:20:20,오리콤,5880,5980,5500
2018-09-13 오후 1:20:57,오리콤,5880,5980,5500
2018-09-13 오후 1:21:07,오리콤,5880,5980,5500
2018-09-13 오후 1:21:17,오리콤,5880,5980,5500
2018-09-13 오후 1:21:43,오리콤,5890,5980,5500
2018-09-13 오후 1:22:00,오리콤,5890,5980,5500
2018-09-13 오후 1:22:04,오리콤,5890,5980,5500
2018-09-13 오후 1:22:11,오리콤,5890,5980,5500
2018-09-13 오후 1:22:12,오리콤,5890,5980,5500
2018-09-13 오후 1:22:16,오리콤,5890,5980,5500
2018-09-13 오후 1:22:16,오리콤,5890,5980,5500
2018-09-13 오후 1:22:31,오리콤,5890,5980,5500
2018-09-13 오후 1:22:31,오리콤,5890,5980,5500
2018-09-13 오후 1:22:38,오리콤,5880,5980,5500
2018-09-13 오후 1:22:47,오리콤,5890,5980,5500
2018-09-13 오후 1:22:52,오리콤,5890,5980,5500
2018-09-13 오후 1:22:56,오리콤,5890,5980,5500
2018-09-13 오후 1:23:00,오리콤,5880,5980,5500
2018-09-13 오후 1:23:26,오리콤,5880,5980,5500
2018-09-13 오후 1:23:50,오리콤,5880,5980,5500
2018-09-13 오후 1:23:50,오리콤,5890,5980,5500
2018-09-13 오후 1:24:21,오리콤,5890,5980,5500
2018-09-13 오후 1:24:27,오리콤,5890,5980,5500
2018-09-13 오후 1:24:27,오리콤,5900,5980,5500
2018-09-13 오후 1:24:46,오리콤,5890,5980,5500
2018-09-13 오후 1:24:46,오리콤,5900,5980,5500
2018-09-13 오후 1:25:05,오리콤,5890,5980,5500
2018-09-13 오후 1:25:12,오리콤,5900,5980,5500
2018-09-13 오후 1:25:14,오리콤,5890,5980,5500
2018-09-13 오후 1:25:14,오리콤,5870,5980,5500
2018-09-13 오후 1:25:22,오리콤,5860,5980,5500
2018-09-13 오후 1:25:22,오리콤,5850,5980,5500
2018-09-13 오후 1:25:26,오리콤,5840,5980,5500
2018-09-13 오후 1:25:29,오리콤,5890,5980,5500
2018-09-13 오후 1:25:32,오리콤,5840,5980,5500
2018-09-13 오후 1:25:36,오리콤,5840,5980,5500
2018-09-13 오후 1:25:38,오리콤,5840,5980,5500
2018-09-13 오후 1:25:41,오리콤,5890,5980,5500
2018-09-13 오후 1:25:42,오리콤,5840,5980,5500
2018-09-13 오후 1:25:51,오리콤,5890,5980,5500
2018-09-13 오후 1:25:56,오리콤,5880,5980,5500
2018-09-13 오후 1:25:56,오리콤,5850,5980,5500
2018-09-13 오후 1:26:03,오리콤,5870,5980,5500
2018-09-13 오후 1:26:23,오리콤,5870,5980,5500
2018-09-13 오후 1:26:29,오리콤,5850,5980,5500
2018-09-13 오후 1:26:29,오리콤,5840,5980,5500
2018-09-13 오후 1:26:29,오리콤,5830,5980,5500
2018-09-13 오후 1:26:29,오리콤,5820,5980,5500
2018-09-13 오후 1:26:29,오리콤,5870,5980,5500
2018-09-13 오후 1:26:29,오리콤,5880,5980,5500
2018-09-13 오후 1:26:33,오리콤,5820,5980,5500
2018-09-13 오후 1:27:07,오리콤,5880,5980,5500
2018-09-13 오후 1:27:17,오리콤,5880,5980,5500
2018-09-13 오후 1:27:17,오리콤,5880,5980,5500
2018-09-13 오후 1:27:30,오리콤,5870,5980,5500
2018-09-13 오후 1:27:42,오리콤,5880,5980,5500
2018-09-13 오후 1:27:59,오리콤,5870,5980,5500
2018-09-13 오후 1:28:02,오리콤,5830,5980,5500
2018-09-13 오후 1:28:05,오리콤,5830,5980,5500
2018-09-13 오후 1:28:05,오리콤,5820,5980,5500
2018-09-13 오후 1:28:09,오리콤,5820,5980,5500
2018-09-13 오후 1:28:14,오리콤,5820,5980,5500
2018-09-13 오후 1:28:21,오리콤,5820,5980,5500
2018-09-13 오후 1:28:31,오리콤,5820,5980,5500
2018-09-13 오후 1:28:46,오리콤,5860,5980,5500
2018-09-13 오후 1:28:53,오리콤,5850,5980,5500
2018-09-13 오후 1:28:53,오리콤,5830,5980,5500
2018-09-13 오후 1:28:53,오리콤,5830,5980,5500
2018-09-13 오후 1:29:05,오리콤,5830,5980,5500
2018-09-13 오후 1:29:11,오리콤,5830,5980,5500
2018-09-13 오후 1:29:33,오리콤,5830,5980,5500
2018-09-13 오후 1:29:33,오리콤,5820,5980,5500
2018-09-13 오후 1:29:33,오리콤,5810,5980,5500
2018-09-13 오후 1:29:46,오리콤,5820,5980,5500
2018-09-13 오후 1:30:22,오리콤,5820,5980,5500
2018-09-13 오후 1:30:23,오리콤,5820,5980,5500
2018-09-13 오후 1:30:34,오리콤,5860,5980,5500
2018-09-13 오후 1:30:42,오리콤,5850,5980,5500
2018-09-13 오후 1:30:42,오리콤,5820,5980,5500
2018-09-13 오후 1:30:58,오리콤,5860,5980,5500
2018-09-13 오후 1:33:18,오리콤,5830,5980,5500
2018-09-13 오후 1:33:37,오리콤,5850,5980,5500
2018-09-13 오후 1:34:13,오리콤,5840,5980,5500
2018-09-13 오후 1:34:23,오리콤,5830,5980,5500
2018-09-13 오후 1:34:33,오리콤,5830,5980,5500
2018-09-13 오후 1:34:42,오리콤,5850,5980,5500
2018-09-13 오후 1:34:43,오리콤,5820,5980,5500
2018-09-13 오후 1:34:56,오리콤,5820,5980,5500
2018-09-13 오후 1:34:59,오리콤,5820,5980,5500
2018-09-13 오후 1:35:00,오리콤,5820,5980,5500
2018-09-13 오후 1:35:02,오리콤,5840,5980,5500
2018-09-13 오후 1:35:12,오리콤,5820,5980,5500
2018-09-13 오후 1:35:13,오리콤,5850,5980,5500
2018-09-13 오후 1:35:41,오리콤,5820,5980,5500
2018-09-13 오후 1:35:47,오리콤,5820,5980,5500
2018-09-13 오후 1:36:24,오리콤,5840,5980,5500
2018-09-13 오후 1:37:17,오리콤,5820,5980,5500
2018-09-13 오후 1:37:26,오리콤,5820,5980,5500
2018-09-13 오후 1:38:11,오리콤,5830,5980,5500
2018-09-13 오후 1:38:27,오리콤,5840,5980,5500
2018-09-13 오후 1:38:29,오리콤,5830,5980,5500
2018-09-13 오후 1:39:00,오리콤,5830,5980,5500
2018-09-13 오후 1:39:24,오리콤,5830,5980,5500
2018-09-13 오후 1:40:17,오리콤,5830,5980,5500
2018-09-13 오후 1:40:23,오리콤,5820,5980,5500
2018-09-13 오후 1:40:25,오리콤,5810,5980,5500
2018-09-13 오후 1:40:29,오리콤,5810,5980,5500
2018-09-13 오후 1:40:52,오리콤,5820,5980,5500
2018-09-13 오후 1:40:52,오리콤,5830,5980,5500
2018-09-13 오후 1:42:02,오리콤,5820,5980,5500
2018-09-13 오후 1:42:02,오리콤,5830,5980,5500
2018-09-13 오후 1:42:02,오리콤,5830,5980,5500
2018-09-13 오후 1:42:05,오리콤,5820,5980,5500
2018-09-13 오후 1:42:13,오리콤,5810,5980,5500
2018-09-13 오후 1:42:28,오리콤,5810,5980,5500
2018-09-13 오후 1:42:43,오리콤,5800,5980,5500
2018-09-13 오후 1:42:44,오리콤,5810,5980,5500
2018-09-13 오후 1:42:47,오리콤,5810,5980,5500
2018-09-13 오후 1:42:47,오리콤,5810,5980,5500
2018-09-13 오후 1:42:50,오리콤,5810,5980,5500
2018-09-13 오후 1:42:51,오리콤,5810,5980,5500
2018-09-13 오후 1:42:56,오리콤,5810,5980,5500
2018-09-13 오후 1:42:56,오리콤,5810,5980,5500
2018-09-13 오후 1:42:56,오리콤,5820,5980,5500
2018-09-13 오후 1:43:02,오리콤,5810,5980,5500
2018-09-13 오후 1:43:13,오리콤,5810,5980,5500
2018-09-13 오후 1:43:19,오리콤,5820,5980,5500
2018-09-13 오후 1:43:20,오리콤,5820,5980,5500
2018-09-13 오후 1:43:20,오리콤,5830,5980,5500
2018-09-13 오후 1:43:55,오리콤,5830,5980,5500
2018-09-13 오후 1:44:42,오리콤,5830,5980,5500
2018-09-13 오후 1:44:56,오리콤,5830,5980,5500
2018-09-13 오후 1:44:56,오리콤,5830,5980,5500
2018-09-13 오후 1:45:07,오리콤,5830,5980,5500
2018-09-13 오후 1:45:08,오리콤,5830,5980,5500
2018-09-13 오후 1:45:11,오리콤,5840,5980,5500
2018-09-13 오후 1:45:25,오리콤,5840,5980,5500
2018-09-13 오후 1:45:25,오리콤,5850,5980,5500
2018-09-13 오후 1:46:04,오리콤,5850,5980,5500
2018-09-13 오후 1:46:42,오리콤,5850,5980,5500
2018-09-13 오후 1:46:59,오리콤,5850,5980,5500
2018-09-13 오후 1:47:02,오리콤,5850,5980,5500
2018-09-13 오후 1:47:11,오리콤,5840,5980,5500
2018-09-13 오후 1:47:12,오리콤,5840,5980,5500
2018-09-13 오후 1:47:14,오리콤,5840,5980,5500
2018-09-13 오후 1:47:27,오리콤,5850,5980,5500
2018-09-13 오후 1:48:13,오리콤,5850,5980,5500
2018-09-13 오후 1:48:31,오리콤,5850,5980,5500
2018-09-13 오후 1:48:33,오리콤,5840,5980,5500
2018-09-13 오후 1:48:58,오리콤,5830,5980,5500
2018-09-13 오후 1:48:58,오리콤,5820,5980,5500
2018-09-13 오후 1:49:02,오리콤,5810,5980,5500
2018-09-13 오후 1:49:12,오리콤,5810,5980,5500
2018-09-13 오후 1:49:12,오리콤,5810,5980,5500
2018-09-13 오후 1:49:37,오리콤,5810,5980,5500
2018-09-13 오후 1:49:39,오리콤,5810,5980,5500
2018-09-13 오후 1:49:56,오리콤,5810,5980,5500
2018-09-13 오후 1:50:04,오리콤,5810,5980,5500
2018-09-13 오후 1:50:12,오리콤,5820,5980,5500
2018-09-13 오후 1:50:26,오리콤,5810,5980,5500
2018-09-13 오후 1:50:27,오리콤,5820,5980,5500
2018-09-13 오후 1:50:33,오리콤,5800,5980,5500
2018-09-13 오후 1:50:37,오리콤,5800,5980,5500
2018-09-13 오후 1:50:43,오리콤,5800,5980,5500
2018-09-13 오후 1:50:45,오리콤,5800,5980,5500
2018-09-13 오후 1:50:45,오리콤,5800,5980,5500
2018-09-13 오후 1:50:46,오리콤,5810,5980,5500
2018-09-13 오후 1:50:46,오리콤,5800,5980,5500
2018-09-13 오후 1:51:01,오리콤,5810,5980,5500
2018-09-13 오후 1:51:04,오리콤,5800,5980,5500
2018-09-13 오후 1:51:07,오리콤,5800,5980,5500
2018-09-13 오후 1:51:15,오리콤,5790,5980,5500
2018-09-13 오후 1:51:16,오리콤,5800,5980,5500
2018-09-13 오후 1:51:21,오리콤,5790,5980,5500
2018-09-13 오후 1:51:28,오리콤,5790,5980,5500
2018-09-13 오후 1:51:34,오리콤,5800,5980,5500
2018-09-13 오후 1:51:34,오리콤,5790,5980,5500
2018-09-13 오후 1:51:40,오리콤,5790,5980,5500
2018-09-13 오후 1:51:46,오리콤,5790,5980,5500
2018-09-13 오후 1:51:47,오리콤,5790,5980,5500
2018-09-13 오후 1:51:49,오리콤,5800,5980,5500
2018-09-13 오후 1:51:53,오리콤,5790,5980,5500
2018-09-13 오후 1:51:59,오리콤,5790,5980,5500
2018-09-13 오후 1:52:05,오리콤,5790,5980,5500
2018-09-13 오후 1:52:10,오리콤,5800,5980,5500
2018-09-13 오후 1:52:11,오리콤,5790,5980,5500
2018-09-13 오후 1:52:16,오리콤,5790,5980,5500
2018-09-13 오후 1:52:22,오리콤,5790,5980,5500
2018-09-13 오후 1:52:41,오리콤,5800,5980,5500
2018-09-13 오후 1:52:42,오리콤,5790,5980,5500
2018-09-13 오후 1:52:55,오리콤,5790,5980,5500
2018-09-13 오후 1:52:55,오리콤,5790,5980,5500
2018-09-13 오후 1:52:58,오리콤,5800,5980,5500
2018-09-13 오후 1:52:58,오리콤,5800,5980,5500
2018-09-13 오후 1:53:10,오리콤,5800,5980,5500
2018-09-13 오후 1:53:12,오리콤,5790,5980,5500
2018-09-13 오후 1:53:15,오리콤,5800,5980,5500
2018-09-13 오후 1:53:15,오리콤,5800,5980,5500
2018-09-13 오후 1:53:18,오리콤,5800,5980,5500
2018-09-13 오후 1:53:22,오리콤,5800,5980,5500
2018-09-13 오후 1:53:26,오리콤,5820,5980,5500
2018-09-13 오후 1:53:26,오리콤,5820,5980,5500
2018-09-13 오후 1:53:28,오리콤,5800,5980,5500
2018-09-13 오후 1:53:32,오리콤,5840,5980,5500
2018-09-13 오후 1:53:38,오리콤,5800,5980,5500
2018-09-13 오후 1:53:48,오리콤,5820,5980,5500
2018-09-13 오후 1:53:57,오리콤,5820,5980,5500
2018-09-13 오후 1:53:57,오리콤,5830,5980,5500
2018-09-13 오후 1:53:57,오리콤,5840,5980,5500
2018-09-13 오후 1:54:18,오리콤,5830,5980,5500
2018-09-13 오후 1:54:30,오리콤,5840,5980,5500
2018-09-13 오후 1:55:41,오리콤,5830,5980,5500
2018-09-13 오후 1:56:35,오리콤,5830,5980,5500
2018-09-13 오후 1:57:06,오리콤,5810,5980,5500
2018-09-13 오후 1:58:29,오리콤,5820,5980,5500
2018-09-13 오후 1:58:37,오리콤,5810,5980,5500
2018-09-13 오후 2:00:36,오리콤,5800,5980,5500
2018-09-13 오후 2:00:46,오리콤,5800,5980,5500
2018-09-13 오후 2:00:47,오리콤,5800,5980,5500
2018-09-13 오후 2:00:48,오리콤,5800,5980,5500
2018-09-13 오후 2:00:52,오리콤,5790,5980,5500
2018-09-13 오후 2:01:11,오리콤,5790,5980,5500
2018-09-13 오후 2:01:17,오리콤,5790,5980,5500
2018-09-13 오후 2:01:40,오리콤,5790,5980,5500
2018-09-13 오후 2:01:50,오리콤,5800,5980,5500
2018-09-13 오후 2:01:56,오리콤,5800,5980,5500
2018-09-13 오후 2:01:56,오리콤,5810,5980,5500
2018-09-13 오후 2:02:00,오리콤,5810,5980,5500
2018-09-13 오후 2:03:15,오리콤,5800,5980,5500
2018-09-13 오후 2:03:26,오리콤,5810,5980,5500
2018-09-13 오후 2:03:34,오리콤,5820,5980,5500
2018-09-13 오후 2:03:42,오리콤,5830,5980,5500
2018-09-13 오후 2:05:52,오리콤,5810,5980,5500
2018-09-13 오후 2:05:58,오리콤,5800,5980,5500
2018-09-13 오후 2:05:58,오리콤,5790,5980,5500
2018-09-13 오후 2:06:02,오리콤,5790,5980,5500
2018-09-13 오후 2:06:03,오리콤,5790,5980,5500
2018-09-13 오후 2:06:13,오리콤,5780,5980,5500
2018-09-13 오후 2:06:13,오리콤,5790,5980,5500
2018-09-13 오후 2:06:14,오리콤,5780,5980,5500
2018-09-13 오후 2:06:21,오리콤,5780,5980,5500
2018-09-13 오후 2:06:26,오리콤,5780,5980,5500
2018-09-13 오후 2:06:44,오리콤,5790,5980,5500
2018-09-13 오후 2:06:47,오리콤,5790,5980,5500
2018-09-13 오후 2:06:58,오리콤,5780,5980,5500
2018-09-13 오후 2:07:00,오리콤,5780,5980,5500
2018-09-13 오후 2:07:14,오리콤,5780,5980,5500
2018-09-13 오후 2:07:22,오리콤,5790,5980,5500
2018-09-13 오후 2:07:24,오리콤,5790,5980,5500
2018-09-13 오후 2:07:31,오리콤,5800,5980,5500
2018-09-13 오후 2:07:57,오리콤,5820,5980,5500
2018-09-13 오후 2:08:19,오리콤,5800,5980,5500
2018-09-13 오후 2:08:27,오리콤,5800,5980,5500
2018-09-13 오후 2:08:30,오리콤,5800,5980,5500
2018-09-13 오후 2:08:53,오리콤,5790,5980,5500
2018-09-13 오후 2:09:07,오리콤,5790,5980,5500
2018-09-13 오후 2:09:11,오리콤,5790,5980,5500
2018-09-13 오후 2:09:16,오리콤,5800,5980,5500
2018-09-13 오후 2:09:29,오리콤,5800,5980,5500
2018-09-13 오후 2:09:34,오리콤,5790,5980,5500
2018-09-13 오후 2:09:34,오리콤,5790,5980,5500
2018-09-13 오후 2:09:45,오리콤,5790,5980,5500
2018-09-13 오후 2:10:10,오리콤,5800,5980,5500
2018-09-13 오후 2:10:42,오리콤,5800,5980,5500
2018-09-13 오후 2:10:58,오리콤,5800,5980,5500
2018-09-13 오후 2:11:00,오리콤,5790,5980,5500
2018-09-13 오후 2:11:00,오리콤,5800,5980,5500
2018-09-13 오후 2:11:17,오리콤,5800,5980,5500
2018-09-13 오후 2:11:17,오리콤,5800,5980,5500
2018-09-13 오후 2:11:31,오리콤,5800,5980,5500
2018-09-13 오후 2:11:42,오리콤,5800,5980,5500
2018-09-13 오후 2:11:52,오리콤,5800,5980,5500
2018-09-13 오후 2:11:52,오리콤,5800,5980,5500
2018-09-13 오후 2:12:06,오리콤,5800,5980,5500
2018-09-13 오후 2:12:28,오리콤,5800,5980,5500
2018-09-13 오후 2:12:46,오리콤,5800,5980,5500
2018-09-13 오후 2:12:59,오리콤,5800,5980,5500
2018-09-13 오후 2:13:01,오리콤,5790,5980,5500
2018-09-13 오후 2:13:01,오리콤,5780,5980,5500
2018-09-13 오후 2:13:16,오리콤,5780,5980,5500
2018-09-13 오후 2:13:16,오리콤,5780,5980,5500
2018-09-13 오후 2:13:20,오리콤,5780,5980,5500
2018-09-13 오후 2:13:26,오리콤,5790,5980,5500
2018-09-13 오후 2:13:38,오리콤,5790,5980,5500
2018-09-13 오후 2:13:39,오리콤,5790,5980,5500
2018-09-13 오후 2:13:42,오리콤,5790,5980,5500
2018-09-13 오후 2:13:46,오리콤,5790,5980,5500
2018-09-13 오후 2:13:51,오리콤,5790,5980,5500
2018-09-13 오후 2:13:53,오리콤,5800,5980,5500
2018-09-13 오후 2:14:03,오리콤,5790,5980,5500
2018-09-13 오후 2:14:08,오리콤,5790,5980,5500
2018-09-13 오후 2:14:23,오리콤,5790,5980,5500
2018-09-13 오후 2:14:30,오리콤,5790,5980,5500
2018-09-13 오후 2:14:33,오리콤,5790,5980,5500
2018-09-13 오후 2:14:37,오리콤,5790,5980,5500
2018-09-13 오후 2:14:42,오리콤,5800,5980,5500
2018-09-13 오후 2:15:14,오리콤,5790,5980,5500
2018-09-13 오후 2:15:24,오리콤,5790,5980,5500
2018-09-13 오후 2:15:37,오리콤,5800,5980,5500
2018-09-13 오후 2:15:37,오리콤,5790,5980,5500
2018-09-13 오후 2:15:55,오리콤,5780,5980,5500
2018-09-13 오후 2:15:56,오리콤,5790,5980,5500
2018-09-13 오후 2:15:56,오리콤,5790,5980,5500
2018-09-13 오후 2:16:01,오리콤,5790,5980,5500
2018-09-13 오후 2:16:05,오리콤,5790,5980,5500
2018-09-13 오후 2:16:08,오리콤,5780,5980,5500
2018-09-13 오후 2:16:20,오리콤,5790,5980,5500
2018-09-13 오후 2:16:22,오리콤,5780,5980,5500
2018-09-13 오후 2:16:31,오리콤,5780,5980,5500
2018-09-13 오후 2:16:45,오리콤,5790,5980,5500
2018-09-13 오후 2:17:03,오리콤,5790,5980,5500
2018-09-13 오후 2:17:38,오리콤,5790,5980,5500
2018-09-13 오후 2:17:52,오리콤,5790,5980,5500
2018-09-13 오후 2:17:54,오리콤,5790,5980,5500
2018-09-13 오후 2:18:03,오리콤,5780,5980,5500
2018-09-13 오후 2:18:12,오리콤,5790,5980,5500
2018-09-13 오후 2:18:12,오리콤,5790,5980,5500
2018-09-13 오후 2:18:24,오리콤,5800,5980,5500
2018-09-13 오후 2:18:25,오리콤,5790,5980,5500
2018-09-13 오후 2:18:28,오리콤,5800,5980,5500
2018-09-13 오후 2:18:30,오리콤,5780,5980,5500
2018-09-13 오후 2:18:45,오리콤,5800,5980,5500
2018-09-13 오후 2:19:09,오리콤,5800,5980,5500
2018-09-13 오후 2:19:38,오리콤,5800,5980,5500
2018-09-13 오후 2:20:11,오리콤,5790,5980,5500
2018-09-13 오후 2:20:31,오리콤,5800,5980,5500
2018-09-13 오후 2:20:35,오리콤,5800,5980,5500
2018-09-13 오후 2:20:45,오리콤,5800,5980,5500
2018-09-13 오후 2:21:13,오리콤,5800,5980,5500
2018-09-13 오후 2:21:23,오리콤,5800,5980,5500
2018-09-13 오후 2:21:43,오리콤,5800,5980,5500
2018-09-13 오후 2:22:02,오리콤,5800,5980,5500
2018-09-13 오후 2:22:15,오리콤,5800,5980,5500
2018-09-13 오후 2:22:28,오리콤,5800,5980,5500
2018-09-13 오후 2:22:45,오리콤,5800,5980,5500
2018-09-13 오후 2:23:04,오리콤,5780,5980,5500
2018-09-13 오후 2:23:11,오리콤,5790,5980,5500
2018-09-13 오후 2:23:14,오리콤,5790,5980,5500
2018-09-13 오후 2:23:18,오리콤,5800,5980,5500
2018-09-13 오후 2:23:18,오리콤,5800,5980,5500
2018-09-13 오후 2:23:31,오리콤,5810,5980,5500
2018-09-13 오후 2:23:37,오리콤,5810,5980,5500
2018-09-13 오후 2:23:45,오리콤,5790,5980,5500
2018-09-13 오후 2:23:55,오리콤,5810,5980,5500
2018-09-13 오후 2:24:25,오리콤,5800,5980,5500
2018-09-13 오후 2:24:42,오리콤,5790,5980,5500
2018-09-13 오후 2:24:47,오리콤,5790,5980,5500
2018-09-13 오후 2:24:51,오리콤,5790,5980,5500
2018-09-13 오후 2:25:16,오리콤,5790,5980,5500
2018-09-13 오후 2:25:56,오리콤,5790,5980,5500
2018-09-13 오후 2:26:06,오리콤,5790,5980,5500
2018-09-13 오후 2:26:09,오리콤,5790,5980,5500
2018-09-13 오후 2:26:16,오리콤,5800,5980,5500
2018-09-13 오후 2:26:31,오리콤,5790,5980,5500
2018-09-13 오후 2:26:51,오리콤,5790,5980,5500
2018-09-13 오후 2:27:06,오리콤,5790,5980,5500
2018-09-13 오후 2:27:12,오리콤,5790,5980,5500
2018-09-13 오후 2:27:26,오리콤,5790,5980,5500
2018-09-13 오후 2:27:46,오리콤,5790,5980,5500
2018-09-13 오후 2:27:48,오리콤,5790,5980,5500
2018-09-13 오후 2:28:06,오리콤,5790,5980,5500
2018-09-13 오후 2:29:03,오리콤,5790,5980,5500
2018-09-13 오후 2:29:26,오리콤,5780,5980,5500
2018-09-13 오후 2:29:40,오리콤,5790,5980,5500
2018-09-13 오후 2:29:43,오리콤,5780,5980,5500
2018-09-13 오후 2:30:00,오리콤,5790,5980,5500
2018-09-13 오후 2:30:13,오리콤,5790,5980,5500
2018-09-13 오후 2:30:15,오리콤,5790,5980,5500
2018-09-13 오후 2:30:21,오리콤,5790,5980,5500
2018-09-13 오후 2:31:05,오리콤,5780,5980,5500
2018-09-13 오후 2:31:18,오리콤,5790,5980,5500
2018-09-13 오후 2:31:30,오리콤,5790,5980,5500
2018-09-13 오후 2:31:34,오리콤,5790,5980,5500
2018-09-13 오후 2:31:59,오리콤,5790,5980,5500
2018-09-13 오후 2:32:25,오리콤,5780,5980,5500
2018-09-13 오후 2:32:44,오리콤,5790,5980,5500
2018-09-13 오후 2:33:30,오리콤,5780,5980,5500
2018-09-13 오후 2:33:38,오리콤,5790,5980,5500
2018-09-13 오후 2:34:03,오리콤,5790,5980,5500
2018-09-13 오후 2:34:11,오리콤,5800,5980,5500
2018-09-13 오후 2:34:22,오리콤,5790,5980,5500
2018-09-13 오후 2:34:47,오리콤,5790,5980,5500
2018-09-13 오후 2:34:53,오리콤,5780,5980,5500
2018-09-13 오후 2:35:09,오리콤,5780,5980,5500
2018-09-13 오후 2:35:10,오리콤,5790,5980,5500
2018-09-13 오후 2:35:28,오리콤,5780,5980,5500
2018-09-13 오후 2:35:30,오리콤,5780,5980,5500
2018-09-13 오후 2:35:34,오리콤,5780,5980,5500
2018-09-13 오후 2:35:46,오리콤,5780,5980,5500
2018-09-13 오후 2:36:00,오리콤,5780,5980,5500
2018-09-13 오후 2:36:51,오리콤,5780,5980,5500
2018-09-13 오후 2:37:08,오리콤,5770,5980,5500
2018-09-13 오후 2:37:08,오리콤,5770,5980,5500
2018-09-13 오후 2:37:08,오리콤,5770,5980,5500
2018-09-13 오후 2:37:11,오리콤,5780,5980,5500
2018-09-13 오후 2:37:13,오리콤,5780,5980,5500
2018-09-13 오후 2:37:40,오리콤,5780,5980,5500
2018-09-13 오후 2:37:47,오리콤,5780,5980,5500
2018-09-13 오후 2:37:48,오리콤,5780,5980,5500
2018-09-13 오후 2:37:56,오리콤,5780,5980,5500
2018-09-13 오후 2:37:59,오리콤,5780,5980,5500
2018-09-13 오후 2:38:55,오리콤,5780,5980,5500
2018-09-13 오후 2:39:47,오리콤,5770,5980,5500
2018-09-13 오후 2:39:50,오리콤,5770,5980,5500
2018-09-13 오후 2:40:04,오리콤,5770,5980,5500
2018-09-13 오후 2:40:39,오리콤,5780,5980,5500
2018-09-13 오후 2:40:54,오리콤,5780,5980,5500
2018-09-13 오후 2:41:11,오리콤,5780,5980,5500
2018-09-13 오후 2:41:30,오리콤,5780,5980,5500
2018-09-13 오후 2:41:36,오리콤,5770,5980,5500
2018-09-13 오후 2:41:48,오리콤,5780,5980,5500
2018-09-13 오후 2:41:48,오리콤,5780,5980,5500
2018-09-13 오후 2:42:35,오리콤,5780,5980,5500
2018-09-13 오후 2:42:40,오리콤,5780,5980,5500
2018-09-13 오후 2:42:41,오리콤,5780,5980,5500
2018-09-13 오후 2:42:52,오리콤,5790,5980,5500
2018-09-13 오후 2:43:09,오리콤,5790,5980,5500
2018-09-13 오후 2:43:16,오리콤,5800,5980,5500
2018-09-13 오후 2:43:18,오리콤,5800,5980,5500
2018-09-13 오후 2:43:20,오리콤,5780,5980,5500
2018-09-13 오후 2:43:37,오리콤,5800,5980,5500
2018-09-13 오후 2:44:21,오리콤,5800,5980,5500
2018-09-13 오후 2:46:14,오리콤,5800,5980,5500
2018-09-13 오후 2:46:39,오리콤,5790,5980,5500
2018-09-13 오후 2:46:56,오리콤,5790,5980,5500
2018-09-13 오후 2:47:01,오리콤,5790,5980,5500
2018-09-13 오후 2:47:06,오리콤,5800,5980,5500
2018-09-13 오후 2:48:57,오리콤,5790,5980,5500
2018-09-13 오후 2:49:10,오리콤,5800,5980,5500
2018-09-13 오후 2:50:17,오리콤,5800,5980,5500
2018-09-13 오후 2:50:51,오리콤,5790,5980,5500
2018-09-13 오후 2:51:00,오리콤,5790,5980,5500
2018-09-13 오후 2:51:00,오리콤,5800,5980,5500
2018-09-13 오후 2:52:02,오리콤,5790,5980,5500
2018-09-13 오후 2:52:49,오리콤,5800,5980,5500
2018-09-13 오후 2:53:53,오리콤,5790,5980,5500
2018-09-13 오후 2:54:41,오리콤,5790,5980,5500
2018-09-13 오후 2:54:56,오리콤,5780,5980,5500
2018-09-13 오후 2:54:57,오리콤,5790,5980,5500
2018-09-13 오후 2:55:11,오리콤,5790,5980,5500
2018-09-13 오후 2:55:16,오리콤,5790,5980,5500
2018-09-13 오후 2:55:25,오리콤,5790,5980,5500
2018-09-13 오후 2:55:30,오리콤,5790,5980,5500
2018-09-13 오후 2:55:44,오리콤,5800,5980,5500
2018-09-13 오후 2:56:31,오리콤,5800,5980,5500
2018-09-13 오후 2:56:44,오리콤,5800,5980,5500
2018-09-13 오후 2:56:53,오리콤,5800,5980,5500
2018-09-13 오후 2:57:37,오리콤,5790,5980,5500
2018-09-13 오후 2:57:37,오리콤,5780,5980,5500
2018-09-13 오후 2:57:44,오리콤,5780,5980,5500
2018-09-13 오후 2:57:58,오리콤,5800,5980,5500
2018-09-13 오후 2:58:26,오리콤,5800,5980,5500
2018-09-13 오후 2:58:28,오리콤,5800,5980,5500
2018-09-13 오후 2:58:34,오리콤,5800,5980,5500
2018-09-13 오후 2:59:53,오리콤,5800,5980,5500
2018-09-13 오후 3:00:17,오리콤,5810,5980,5500
2018-09-13 오후 3:01:11,오리콤,5810,5980,5500
2018-09-13 오후 3:01:11,오리콤,5810,5980,5500
2018-09-13 오후 3:01:22,오리콤,5800,5980,5500
2018-09-13 오후 3:01:43,오리콤,5810,5980,5500
2018-09-13 오후 3:02:02,오리콤,5810,5980,5500
2018-09-13 오후 3:02:10,오리콤,5810,5980,5500
2018-09-13 오후 3:04:01,오리콤,5810,5980,5500
2018-09-13 오후 3:04:08,오리콤,5810,5980,5500
2018-09-13 오후 3:04:13,오리콤,5810,5980,5500
2018-09-13 오후 3:04:15,오리콤,5810,5980,5500
2018-09-13 오후 3:04:20,오리콤,5810,5980,5500
2018-09-13 오후 3:04:25,오리콤,5810,5980,5500
2018-09-13 오후 3:04:45,오리콤,5810,5980,5500
2018-09-13 오후 3:04:46,오리콤,5820,5980,5500
2018-09-13 오후 3:04:58,오리콤,5820,5980,5500
2018-09-13 오후 3:05:07,오리콤,5810,5980,5500
2018-09-13 오후 3:05:30,오리콤,5820,5980,5500
2018-09-13 오후 3:05:39,오리콤,5810,5980,5500
2018-09-13 오후 3:06:21,오리콤,5800,5980,5500
2018-09-13 오후 3:06:30,오리콤,5810,5980,5500
2018-09-13 오후 3:06:32,오리콤,5800,5980,5500
2018-09-13 오후 3:06:54,오리콤,5800,5980,5500
2018-09-13 오후 3:06:59,오리콤,5800,5980,5500
2018-09-13 오후 3:07:03,오리콤,5800,5980,5500
2018-09-13 오후 3:07:10,오리콤,5800,5980,5500
2018-09-13 오후 3:07:33,오리콤,5800,5980,5500
2018-09-13 오후 3:07:48,오리콤,5800,5980,5500
2018-09-13 오후 3:08:01,오리콤,5800,5980,5500
2018-09-13 오후 3:09:45,오리콤,5800,5980,5500
2018-09-13 오후 3:09:55,오리콤,5800,5980,5500
2018-09-13 오후 3:10:08,오리콤,5800,5980,5500
2018-09-13 오후 3:10:10,오리콤,5790,5980,5500
2018-09-13 오후 3:10:10,오리콤,5780,5980,5500
2018-09-13 오후 3:10:18,오리콤,5780,5980,5500
2018-09-13 오후 3:10:25,오리콤,5800,5980,5500
2018-09-13 오후 3:10:28,오리콤,5780,5980,5500
2018-09-13 오후 3:10:35,오리콤,5800,5980,5500
2018-09-13 오후 3:10:39,오리콤,5790,5980,5500
2018-09-13 오후 3:11:01,오리콤,5790,5980,5500
2018-09-13 오후 3:11:02,오리콤,5790,5980,5500
2018-09-13 오후 3:11:15,오리콤,5800,5980,5500
2018-09-13 오후 3:11:24,오리콤,5790,5980,5500
2018-09-13 오후 3:11:24,오리콤,5780,5980,5500
2018-09-13 오후 3:11:35,오리콤,5800,5980,5500
2018-09-13 오후 3:11:36,오리콤,5780,5980,5500
2018-09-13 오후 3:11:47,오리콤,5780,5980,5500
2018-09-13 오후 3:11:48,오리콤,5780,5980,5500
2018-09-13 오후 3:12:02,오리콤,5790,5980,5500
2018-09-13 오후 3:12:06,오리콤,5790,5980,5500
2018-09-13 오후 3:12:06,오리콤,5800,5980,5500
2018-09-13 오후 3:12:10,오리콤,5800,5980,5500
2018-09-13 오후 3:12:20,오리콤,5810,5980,5500
2018-09-13 오후 3:12:25,오리콤,5810,5980,5500
2018-09-13 오후 3:12:46,오리콤,5810,5980,5500
2018-09-13 오후 3:12:51,오리콤,5810,5980,5500
2018-09-13 오후 3:12:52,오리콤,5810,5980,5500
2018-09-13 오후 3:14:56,오리콤,5790,5980,5500
2018-09-13 오후 3:15:25,오리콤,5800,5980,5500
2018-09-13 오후 3:15:38,오리콤,5790,5980,5500
2018-09-13 오후 3:15:55,오리콤,5790,5980,5500
2018-09-13 오후 3:16:13,오리콤,5790,5980,5500
2018-09-13 오후 3:16:20,오리콤,5790,5980,5500
2018-09-13 오후 3:16:21,오리콤,5800,5980,5500
2018-09-13 오후 3:16:25,오리콤,5790,5980,5500
2018-09-13 오후 3:16:25,오리콤,5780,5980,5500
2018-09-13 오후 3:16:27,오리콤,5780,5980,5500
2018-09-13 오후 3:16:41,오리콤,5790,5980,5500
2018-09-13 오후 3:16:42,오리콤,5790,5980,5500
2018-09-13 오후 3:16:52,오리콤,5780,5980,5500
2018-09-13 오후 3:16:59,오리콤,5780,5980,5500
2018-09-13 오후 3:17:06,오리콤,5790,5980,5500
2018-09-13 오후 3:17:22,오리콤,5790,5980,5500
2018-09-13 오후 3:17:30,오리콤,5790,5980,5500
2018-09-13 오후 3:17:46,오리콤,5780,5980,5500
2018-09-13 오후 3:17:51,오리콤,5780,5980,5500
2018-09-13 오후 3:18:07,오리콤,5770,5980,5500
2018-09-13 오후 3:18:12,오리콤,5780,5980,5500
2018-09-13 오후 3:18:49,오리콤,5790,5980,5500
2018-09-13 오후 3:18:52,오리콤,5780,5980,5500
2018-09-13 오후 3:19:05,오리콤,5790,5980,5500
2018-09-13 오후 3:19:08,오리콤,5790,5980,5500
2018-09-13 오후 3:19:11,오리콤,5790,5980,5500
2018-09-13 오후 3:19:17,오리콤,5800,5980,5500
2018-09-13 오후 3:19:21,오리콤,5800,5980,5500
2018-09-13 오후 3:19:22,오리콤,5800,5980,5500
2018-09-13 오후 3:19:46,오리콤,5780,5980,5500
2018-09-13 오후 3:19:46,오리콤,5770,5980,5500
2018-09-13 오후 3:19:48,오리콤,5770,0,0
2018-09-13 오후 3:19:56,오리콤,5770,0,0
2018-09-13 오후 3:19:58,오리콤,5770,0,0
2018-09-13 오후 3:20:11,오리콤,5770,0,0
2018-09-13 오후 3:20:13,오리콤,5770,0,0
2018-09-13 오후 3:20:27,오리콤,5770,0,0
2018-09-13 오후 3:20:32,오리콤,5770,0,0
2018-09-13 오후 3:20:41,오리콤,5770,0,0
2018-09-13 오후 3:20:41,오리콤,5770,0,0
2018-09-13 오후 3:20:49,오리콤,5770,0,0
2018-09-13 오후 3:20:49,오리콤,5770,0,0
2018-09-13 오후 3:20:52,오리콤,5770,0,0
2018-09-13 오후 3:20:55,오리콤,5770,0,0
2018-09-13 오후 3:21:02,오리콤,5770,0,0
2018-09-13 오후 3:21:02,오리콤,5770,0,0
2018-09-13 오후 3:21:11,오리콤,5770,0,0
2018-09-13 오후 3:21:12,오리콤,5770,0,0
2018-09-13 오후 3:21:15,오리콤,5770,0,0
2018-09-13 오후 3:21:21,오리콤,5770,0,0
2018-09-13 오후 3:21:22,오리콤,5770,0,0
2018-09-13 오후 3:21:25,오리콤,5770,0,0
2018-09-13 오후 3:21:26,오리콤,5770,0,0
2018-09-13 오후 3:21:26,오리콤,5770,0,0
2018-09-13 오후 3:21:28,오리콤,5770,0,0
2018-09-13 오후 3:21:29,오리콤,5770,0,0
2018-09-13 오후 3:21:33,오리콤,5770,0,0
2018-09-13 오후 3:21:37,오리콤,5770,0,0
2018-09-13 오후 3:21:39,오리콤,5770,0,0
2018-09-13 오후 3:21:43,오리콤,5770,0,0
2018-09-13 오후 3:21:57,오리콤,5770,0,0
2018-09-13 오후 3:21:58,오리콤,5770,0,0
2018-09-13 오후 3:22:05,오리콤,5770,0,0
2018-09-13 오후 3:22:08,오리콤,5770,0,0
2018-09-13 오후 3:22:16,오리콤,5770,0,0
2018-09-13 오후 3:22:19,오리콤,5770,0,0
2018-09-13 오후 3:22:21,오리콤,5760,0,0
2018-09-13 오후 3:22:26,오리콤,5760,0,0
2018-09-13 오후 3:22:27,오리콤,5760,0,0
2018-09-13 오후 3:22:29,오리콤,5760,0,0
2018-09-13 오후 3:22:36,오리콤,5760,0,0
2018-09-13 오후 3:22:43,오리콤,5760,0,0
2018-09-13 오후 3:22:57,오리콤,5760,0,0
2018-09-13 오후 3:22:57,오리콤,5760,0,0
2018-09-13 오후 3:22:58,오리콤,5760,0,0
2018-09-13 오후 3:22:58,오리콤,5760,0,0
2018-09-13 오후 3:22:58,오리콤,5760,0,0
2018-09-13 오후 3:23:01,오리콤,5760,0,0
2018-09-13 오후 3:23:07,오리콤,5770,0,0
2018-09-13 오후 3:23:18,오리콤,5770,0,0
2018-09-13 오후 3:23:21,오리콤,5760,0,0
2018-09-13 오후 3:23:49,오리콤,5760,0,0
2018-09-13 오후 3:23:50,오리콤,5760,0,0
2018-09-13 오후 3:23:52,오리콤,5760,0,0
2018-09-13 오후 3:23:55,오리콤,5760,0,0
2018-09-13 오후 3:24:17,오리콤,5760,0,0
2018-09-13 오후 3:24:23,오리콤,5760,0,0
2018-09-13 오후 3:24:24,오리콤,5760,0,0
2018-09-13 오후 3:24:26,오리콤,5760,0,0
2018-09-13 오후 3:24:26,오리콤,5760,0,0
2018-09-13 오후 3:24:28,오리콤,5760,0,0
2018-09-13 오후 3:24:33,오리콤,5760,0,0
2018-09-13 오후 3:24:34,오리콤,5760,0,0
2018-09-13 오후 3:24:37,오리콤,5760,0,0
2018-09-13 오후 3:24:45,오리콤,5760,0,0
2018-09-13 오후 3:24:45,오리콤,5760,0,0
2018-09-13 오후 3:24:53,오리콤,5760,0,0
2018-09-13 오후 3:24:55,오리콤,5760,0,0
2018-09-13 오후 3:25:03,오리콤,5760,0,0
2018-09-13 오후 3:25:14,오리콤,5760,0,0
2018-09-13 오후 3:25:25,오리콤,5760,0,0
2018-09-13 오후 3:25:30,오리콤,5760,0,0
2018-09-13 오후 3:25:39,오리콤,5760,0,0
2018-09-13 오후 3:25:43,오리콤,5760,0,0
2018-09-13 오후 3:25:43,오리콤,5760,0,0
2018-09-13 오후 3:25:46,오리콤,5770,0,0
2018-09-13 오후 3:25:52,오리콤,5770,0,0
2018-09-13 오후 3:25:55,오리콤,5770,0,0
2018-09-13 오후 3:25:56,오리콤,5770,0,0
2018-09-13 오후 3:26:00,오리콤,5770,0,0
2018-09-13 오후 3:26:15,오리콤,5770,0,0
2018-09-13 오후 3:26:32,오리콤,5770,0,0
2018-09-13 오후 3:26:33,오리콤,5770,0,0
2018-09-13 오후 3:26:37,오리콤,5770,0,0
2018-09-13 오후 3:26:43,오리콤,5770,0,0
2018-09-13 오후 3:26:47,오리콤,5770,0,0
2018-09-13 오후 3:26:55,오리콤,5770,0,0
2018-09-13 오후 3:27:02,오리콤,5770,0,0
2018-09-13 오후 3:27:04,오리콤,5770,0,0
2018-09-13 오후 3:27:05,오리콤,5770,0,0
2018-09-13 오후 3:27:11,오리콤,5770,0,0
2018-09-13 오후 3:27:17,오리콤,5770,0,0
2018-09-13 오후 3:27:21,오리콤,5770,0,0
2018-09-13 오후 3:27:27,오리콤,5770,0,0
2018-09-13 오후 3:27:36,오리콤,5770,0,0
2018-09-13 오후 3:27:37,오리콤,5770,0,0
2018-09-13 오후 3:27:44,오리콤,5770,0,0
2018-09-13 오후 3:27:49,오리콤,5770,0,0
2018-09-13 오후 3:27:51,오리콤,5770,0,0
2018-09-13 오후 3:27:52,오리콤,5770,0,0
2018-09-13 오후 3:28:02,오리콤,5770,0,0
2018-09-13 오후 3:28:06,오리콤,5770,0,0
2018-09-13 오후 3:28:24,오리콤,5770,0,0
2018-09-13 오후 3:28:38,오리콤,5770,0,0
2018-09-13 오후 3:28:40,오리콤,5770,0,0
2018-09-13 오후 3:28:52,오리콤,5770,0,0
2018-09-13 오후 3:29:00,오리콤,5770,0,0
2018-09-13 오후 3:29:06,오리콤,5770,0,0
2018-09-13 오후 3:29:19,오리콤,5770,0,0
2018-09-13 오후 3:29:26,오리콤,5770,0,0
2018-09-13 오후 3:29:39,오리콤,5770,0,0
2018-09-13 오후 3:29:45,오리콤,5770,0,0
2018-09-13 오후 3:29:51,오리콤,5770,5980,5500
