2018-09-13 오전 10:39:46,아진산업,3170,3195,2750
2018-09-13 오전 10:39:46,아진산업,3175,3195,2750
2018-09-13 오전 10:39:46,아진산업,3185,3195,2750
2018-09-13 오전 10:39:46,아진산업,3190,3195,2750
2018-09-13 오전 10:39:46,아진산업,3195,3195,2750
2018-09-13 오전 10:39:46,아진산업,3195,3195,2750
2018-09-13 오전 10:39:46,아진산업,3195,3195,2750
2018-09-13 오전 10:39:46,아진산업,3185,3195,2750
2018-09-13 오전 10:39:46,아진산업,3185,3195,2750
2018-09-13 오전 10:39:46,아진산업,3170,3195,2750
2018-09-13 오전 10:39:46,아진산업,3165,3195,2750
2018-09-13 오전 10:39:46,아진산업,3155,3195,2750
2018-09-13 오전 10:39:46,아진산업,3185,3195,2750
2018-09-13 오전 10:39:46,아진산업,3185,3195,2750
2018-09-13 오전 10:39:46,아진산업,3175,3195,2750
2018-09-13 오전 10:39:46,아진산업,3185,3195,2750
2018-09-13 오전 10:39:46,아진산업,3195,3195,2750
2018-09-13 오전 10:39:46,아진산업,3175,3195,2750
2018-09-13 오전 10:39:46,아진산업,3165,3195,2750
2018-09-13 오전 10:39:46,아진산업,3155,3195,2750
2018-09-13 오전 10:39:46,아진산업,3195,3195,2750
2018-09-13 오전 10:39:46,아진산업,3195,3195,2750
2018-09-13 오전 10:39:46,아진산업,3155,3195,2750
2018-09-13 오전 10:39:46,아진산업,3195,3195,2750
2018-09-13 오전 10:39:46,아진산업,3195,3195,2750
2018-09-13 오전 10:39:46,아진산업,3195,3195,2750
2018-09-13 오전 10:39:46,아진산업,3195,3195,2750
2018-09-13 오전 10:39:46,아진산업,3185,3195,2750
2018-09-13 오전 10:39:46,아진산업,3180,3195,2750
2018-09-13 오전 10:39:46,아진산업,3195,3195,2750
2018-09-13 오전 10:39:46,아진산업,3195,3195,2750
2018-09-13 오전 10:39:46,아진산업,3195,3195,2750
2018-09-13 오전 10:39:46,아진산업,3175,3195,2750
2018-09-13 오전 10:39:46,아진산업,3175,3195,2750
2018-09-13 오전 10:39:47,아진산업,3175,3195,2750
2018-09-13 오전 10:39:47,아진산업,3175,3195,2750
2018-09-13 오전 10:39:47,아진산업,3170,3195,2750
2018-09-13 오전 10:39:47,아진산업,3160,3195,2750
2018-09-13 오전 10:39:47,아진산업,3155,3195,2750
2018-09-13 오전 10:39:47,아진산업,3185,3195,2750
2018-09-13 오전 10:39:47,아진산업,3185,3195,2750
2018-09-13 오전 10:39:47,아진산업,3190,3195,2750
2018-09-13 오전 10:39:47,아진산업,3190,3195,2750
2018-09-13 오전 10:39:47,아진산업,3195,3195,2750
2018-09-13 오전 10:39:47,아진산업,3170,3195,2750
2018-09-13 오전 10:39:47,아진산업,3185,3195,2750
2018-09-13 오전 10:39:47,아진산업,3170,3195,2750
2018-09-13 오전 10:39:47,아진산업,3190,3195,2750
2018-09-13 오전 10:39:47,아진산업,3195,3195,2750
2018-09-13 오전 10:39:47,아진산업,3195,3195,2750
2018-09-13 오전 10:39:47,아진산업,3200,3200,2750
2018-09-13 오전 10:39:47,아진산업,3200,3200,2750
2018-09-13 오전 10:39:47,아진산업,3195,3200,2750
2018-09-13 오전 10:39:47,아진산업,3200,3200,2750
2018-09-13 오전 10:39:47,아진산업,3200,3200,2750
2018-09-13 오전 10:39:47,아진산업,3195,3200,2750
2018-09-13 오전 10:39:47,아진산업,3190,3200,2750
2018-09-13 오전 10:39:47,아진산업,3190,3200,2750
2018-09-13 오전 10:39:47,아진산업,3190,3200,2750
2018-09-13 오전 10:39:47,아진산업,3190,3200,2750
2018-09-13 오전 10:39:47,아진산업,3195,3200,2750
2018-09-13 오전 10:39:47,아진산업,3200,3200,2750
2018-09-13 오전 10:39:47,아진산업,3205,3205,2750
2018-09-13 오전 10:39:47,아진산업,3200,3205,2750
2018-09-13 오전 10:39:47,아진산업,3205,3205,2750
2018-09-13 오전 10:39:47,아진산업,3170,3205,2750
2018-09-13 오전 10:39:47,아진산업,3170,3205,2750
2018-09-13 오전 10:39:47,아진산업,3205,3205,2750
2018-09-13 오전 10:39:47,아진산업,3200,3205,2750
2018-09-13 오전 10:39:47,아진산업,3170,3205,2750
2018-09-13 오전 10:39:47,아진산업,3195,3205,2750
2018-09-13 오전 10:39:47,아진산업,3185,3205,2750
2018-09-13 오전 10:39:47,아진산업,3185,3205,2750
2018-09-13 오전 10:39:48,아진산업,3175,3205,2750
2018-09-13 오전 10:39:48,아진산업,3185,3205,2750
2018-09-13 오전 10:39:48,아진산업,3185,3205,2750
2018-09-13 오전 10:39:48,아진산업,3185,3205,2750
2018-09-13 오전 10:39:48,아진산업,3185,3205,2750
2018-09-13 오전 10:39:48,아진산업,3185,3205,2750
2018-09-13 오전 10:39:48,아진산업,3200,3205,2750
2018-09-13 오전 10:39:48,아진산업,3200,3205,2750
2018-09-13 오전 10:39:48,아진산업,3205,3205,2750
2018-09-13 오전 10:39:48,아진산업,3205,3205,2750
2018-09-13 오전 10:39:48,아진산업,3205,3205,2750
2018-09-13 오전 10:39:48,아진산업,3200,3205,2750
2018-09-13 오전 10:39:48,아진산업,3200,3205,2750
2018-09-13 오전 10:39:48,아진산업,3200,3205,2750
2018-09-13 오전 10:39:48,아진산업,3205,3205,2750
2018-09-13 오전 10:39:48,아진산업,3205,3205,2750
2018-09-13 오전 10:39:48,아진산업,3205,3205,2750
2018-09-13 오전 10:39:48,아진산업,3200,3205,2750
2018-09-13 오전 10:39:48,아진산업,3200,3205,2750
2018-09-13 오전 10:39:48,아진산업,3205,3205,2750
2018-09-13 오전 10:39:48,아진산업,3205,3205,2750
2018-09-13 오전 10:39:48,아진산업,3205,3205,2750
2018-09-13 오전 10:39:49,아진산업,3200,3205,2750
2018-09-13 오전 10:39:49,아진산업,3200,3205,2750
2018-09-13 오전 10:39:49,아진산업,3205,3205,2750
2018-09-13 오전 10:39:49,아진산업,3210,3210,2750
2018-09-13 오전 10:39:49,아진산업,3205,3210,2750
2018-09-13 오전 10:39:49,아진산업,3205,3210,2750
2018-09-13 오전 10:39:49,아진산업,3205,3210,2750
2018-09-13 오전 10:39:49,아진산업,3205,3210,2750
2018-09-13 오전 10:39:49,아진산업,3200,3210,2750
2018-09-13 오전 10:39:49,아진산업,3200,3210,2750
2018-09-13 오전 10:39:49,아진산업,3205,3210,2750
2018-09-13 오전 10:39:49,아진산업,3205,3210,2750
2018-09-13 오전 10:39:49,아진산업,3210,3210,2750
2018-09-13 오전 10:39:49,아진산업,3200,3210,2750
2018-09-13 오전 10:39:49,아진산업,3210,3210,2750
2018-09-13 오전 10:39:49,아진산업,3210,3210,2750
2018-09-13 오전 10:39:49,아진산업,3200,3210,2750
2018-09-13 오전 10:39:49,아진산업,3210,3210,2750
2018-09-13 오전 10:39:49,아진산업,3205,3210,2750
2018-09-13 오전 10:39:49,아진산업,3200,3210,2750
2018-09-13 오전 10:39:49,아진산업,3210,3210,2750
2018-09-13 오전 10:39:49,아진산업,3215,3215,2750
2018-09-13 오전 10:39:49,아진산업,3220,3220,2750
2018-09-13 오전 10:39:49,아진산업,3205,3220,2750
2018-09-13 오전 10:39:49,아진산업,3205,3220,2750
2018-09-13 오전 10:39:49,아진산업,3210,3220,2750
2018-09-13 오전 10:39:49,아진산업,3205,3220,2750
2018-09-13 오전 10:39:49,아진산업,3200,3220,2750
2018-09-13 오전 10:39:49,아진산업,3220,3220,2750
2018-09-13 오전 10:39:49,아진산업,3200,3220,2750
2018-09-13 오전 10:39:49,아진산업,3220,3220,2750
2018-09-13 오전 10:39:49,아진산업,3210,3220,2750
2018-09-13 오전 10:39:49,아진산업,3210,3220,2750
2018-09-13 오전 10:39:49,아진산업,3220,3220,2750
2018-09-13 오전 10:39:49,아진산업,3210,3220,2750
2018-09-13 오전 10:39:49,아진산업,3220,3220,2750
2018-09-13 오전 10:39:49,아진산업,3220,3220,2750
2018-09-13 오전 10:39:50,아진산업,3220,3220,2750
2018-09-13 오전 10:39:50,아진산업,3220,3220,2750
2018-09-13 오전 10:39:50,아진산업,3210,3220,2750
2018-09-13 오전 10:39:50,아진산업,3220,3220,2750
2018-09-13 오전 10:39:50,아진산업,3220,3220,2750
2018-09-13 오전 10:39:50,아진산업,3220,3220,2750
2018-09-13 오전 10:39:50,아진산업,3220,3220,2750
2018-09-13 오전 10:39:50,아진산업,3220,3220,2750
2018-09-13 오전 10:39:50,아진산업,3220,3220,2750
2018-09-13 오전 10:39:50,아진산업,3220,3220,2750
2018-09-13 오전 10:39:50,아진산업,3220,3220,2750
2018-09-13 오전 10:39:50,아진산업,3220,3220,2750
2018-09-13 오전 10:39:50,아진산업,3220,3220,2750
2018-09-13 오전 10:39:50,아진산업,3220,3220,2750
2018-09-13 오전 10:39:50,아진산업,3225,3225,2750
2018-09-13 오전 10:39:50,아진산업,3230,3230,2750
2018-09-13 오전 10:39:50,아진산업,3230,3230,2750
2018-09-13 오전 10:39:50,아진산업,3220,3230,2750
2018-09-13 오전 10:39:50,아진산업,3230,3230,2750
2018-09-13 오전 10:39:50,아진산업,3235,3235,2750
2018-09-13 오전 10:39:50,아진산업,3235,3235,2750
2018-09-13 오전 10:39:50,아진산업,3220,3235,2750
2018-09-13 오전 10:39:51,아진산업,3220,3235,2750
2018-09-13 오전 10:39:51,아진산업,3215,3235,2750
2018-09-13 오전 10:39:51,아진산업,3215,3235,2750
2018-09-13 오전 10:39:51,아진산업,3210,3235,2750
2018-09-13 오전 10:39:51,아진산업,3210,3235,2750
2018-09-13 오전 10:39:51,아진산업,3215,3235,2750
2018-09-13 오전 10:39:51,아진산업,3215,3235,2750
2018-09-13 오전 10:39:51,아진산업,3215,3235,2750
2018-09-13 오전 10:39:51,아진산업,3215,3235,2750
2018-09-13 오전 10:39:51,아진산업,3215,3235,2750
2018-09-13 오전 10:39:51,아진산업,3215,3235,2750
2018-09-13 오전 10:39:51,아진산업,3215,3235,2750
2018-09-13 오전 10:39:51,아진산업,3215,3235,2750
2018-09-13 오전 10:39:51,아진산업,3215,3235,2750
2018-09-13 오전 10:39:51,아진산업,3215,3235,2750
2018-09-13 오전 10:39:51,아진산업,3235,3235,2750
2018-09-13 오전 10:39:51,아진산업,3235,3235,2750
2018-09-13 오전 10:39:51,아진산업,3235,3235,2750
2018-09-13 오전 10:39:51,아진산업,3235,3235,2750
2018-09-13 오전 10:39:51,아진산업,3235,3235,2750
2018-09-13 오전 10:39:51,아진산업,3230,3235,2750
2018-09-13 오전 10:39:51,아진산업,3235,3235,2750
2018-09-13 오전 10:39:51,아진산업,3230,3235,2750
2018-09-13 오전 10:39:51,아진산업,3235,3235,2750
2018-09-13 오전 10:39:51,아진산업,3230,3235,2750
2018-09-13 오전 10:39:51,아진산업,3235,3235,2750
2018-09-13 오전 10:39:51,아진산업,3230,3235,2750
2018-09-13 오전 10:39:51,아진산업,3230,3235,2750
2018-09-13 오전 10:39:51,아진산업,3220,3235,2750
2018-09-13 오전 10:39:51,아진산업,3225,3235,2750
2018-09-13 오전 10:39:51,아진산업,3225,3235,2750
2018-09-13 오전 10:39:51,아진산업,3225,3235,2750
2018-09-13 오전 10:39:51,아진산업,3225,3235,2750
2018-09-13 오전 10:39:52,아진산업,3225,3235,2750
2018-09-13 오전 10:39:52,아진산업,3225,3235,2750
2018-09-13 오전 10:39:52,아진산업,3220,3235,2750
2018-09-13 오전 10:39:52,아진산업,3215,3235,2750
2018-09-13 오전 10:39:52,아진산업,3210,3235,2750
2018-09-13 오전 10:39:52,아진산업,3205,3235,2750
2018-09-13 오전 10:39:52,아진산업,3225,3235,2750
2018-09-13 오전 10:39:52,아진산업,3220,3235,2750
2018-09-13 오전 10:39:52,아진산업,3210,3235,2750
2018-09-13 오전 10:39:52,아진산업,3210,3235,2750
2018-09-13 오전 10:39:52,아진산업,3205,3235,2750
2018-09-13 오전 10:39:52,아진산업,3210,3235,2750
2018-09-13 오전 10:39:52,아진산업,3210,3235,2750
2018-09-13 오전 10:39:52,아진산업,3210,3235,2750
2018-09-13 오전 10:39:52,아진산업,3210,3235,2750
2018-09-13 오전 10:39:52,아진산업,3210,3235,2750
2018-09-13 오전 10:39:52,아진산업,3210,3235,2750
2018-09-13 오전 10:39:52,아진산업,3210,3235,2750
2018-09-13 오전 10:39:52,아진산업,3205,3235,2750
2018-09-13 오전 10:39:52,아진산업,3205,3235,2750
2018-09-13 오전 10:39:52,아진산업,3205,3235,2750
2018-09-13 오전 10:39:53,아진산업,3205,3235,2750
2018-09-13 오전 10:39:53,아진산업,3205,3235,2750
2018-09-13 오전 10:39:53,아진산업,3200,3235,2750
2018-09-13 오전 10:39:53,아진산업,3205,3235,2750
2018-09-13 오전 10:39:53,아진산업,3205,3235,2750
2018-09-13 오전 10:39:53,아진산업,3200,3235,2750
2018-09-13 오전 10:39:53,아진산업,3200,3235,2750
2018-09-13 오전 10:39:53,아진산업,3205,3235,2750
2018-09-13 오전 10:39:53,아진산업,3200,3235,2750
2018-09-13 오전 10:39:53,아진산업,3200,3235,2750
2018-09-13 오전 10:39:53,아진산업,3200,3235,2750
2018-09-13 오전 10:39:53,아진산업,3205,3235,2750
2018-09-13 오전 10:39:53,아진산업,3200,3235,2750
2018-09-13 오전 10:39:53,아진산업,3200,3235,2750
2018-09-13 오전 10:39:53,아진산업,3205,3235,2750
2018-09-13 오전 10:39:53,아진산업,3200,3235,2750
2018-09-13 오전 10:39:53,아진산업,3200,3235,2750
2018-09-13 오전 10:39:53,아진산업,3205,3235,2750
2018-09-13 오전 10:39:53,아진산업,3200,3235,2750
2018-09-13 오전 10:39:53,아진산업,3200,3235,2750
2018-09-13 오전 10:39:53,아진산업,3205,3235,2750
2018-09-13 오전 10:39:53,아진산업,3210,3235,2750
2018-09-13 오전 10:39:53,아진산업,3200,3235,2750
2018-09-13 오전 10:39:53,아진산업,3210,3235,2750
2018-09-13 오전 10:39:53,아진산업,3200,3235,2750
2018-09-13 오전 10:39:53,아진산업,3200,3235,2750
2018-09-13 오전 10:39:53,아진산업,3200,3235,2750
2018-09-13 오전 10:39:53,아진산업,3200,3235,2750
2018-09-13 오전 10:39:53,아진산업,3210,3235,2750
2018-09-13 오전 10:39:53,아진산업,3200,3235,2750
2018-09-13 오전 10:39:53,아진산업,3200,3235,2750
2018-09-13 오전 10:39:53,아진산업,3195,3235,2750
2018-09-13 오전 10:39:53,아진산업,3210,3235,2750
2018-09-13 오전 10:39:53,아진산업,3210,3235,2750
2018-09-13 오전 10:39:53,아진산업,3195,3235,2750
2018-09-13 오전 10:39:53,아진산업,3190,3235,2750
2018-09-13 오전 10:39:53,아진산업,3205,3235,2750
2018-09-13 오전 10:39:54,아진산업,3190,3235,2750
2018-09-13 오전 10:39:54,아진산업,3200,3235,2750
2018-09-13 오전 10:39:54,아진산업,3195,3235,2750
2018-09-13 오전 10:39:54,아진산업,3200,3235,2750
2018-09-13 오전 10:39:54,아진산업,3190,3235,2750
2018-09-13 오전 10:39:54,아진산업,3200,3235,2750
2018-09-13 오전 10:39:54,아진산업,3205,3235,2750
2018-09-13 오전 10:39:54,아진산업,3190,3235,2750
2018-09-13 오전 10:39:54,아진산업,3190,3235,2750
2018-09-13 오전 10:39:54,아진산업,3180,3235,2750
2018-09-13 오전 10:39:54,아진산업,3175,3235,2750
2018-09-13 오전 10:39:54,아진산업,3205,3235,2750
2018-09-13 오전 10:39:54,아진산업,3200,3235,2750
2018-09-13 오전 10:39:54,아진산업,3200,3235,2750
2018-09-13 오전 10:39:54,아진산업,3200,3235,2750
2018-09-13 오전 10:39:54,아진산업,3200,3235,2750
2018-09-13 오전 10:39:54,아진산업,3175,3235,2750
2018-09-13 오전 10:39:54,아진산업,3195,3235,2750
2018-09-13 오전 10:39:54,아진산업,3195,3235,2750
2018-09-13 오전 10:39:54,아진산업,3195,3235,2750
2018-09-13 오전 10:39:54,아진산업,3200,3235,2750
2018-09-13 오전 10:39:54,아진산업,3200,3235,2750
2018-09-13 오전 10:39:54,아진산업,3195,3235,2750
2018-09-13 오전 10:39:54,아진산업,3175,3235,2750
2018-09-13 오전 10:39:54,아진산업,3190,3235,2750
2018-09-13 오전 10:39:54,아진산업,3185,3235,2750
2018-09-13 오전 10:39:54,아진산업,3175,3235,2750
2018-09-13 오전 10:39:55,아진산업,3195,3235,2750
2018-09-13 오전 10:39:55,아진산업,3195,3235,2750
2018-09-13 오전 10:39:55,아진산업,3180,3235,2750
2018-09-13 오전 10:39:55,아진산업,3175,3235,2750
2018-09-13 오전 10:39:55,아진산업,3180,3235,2750
2018-09-13 오전 10:39:55,아진산업,3185,3235,2750
2018-09-13 오전 10:39:55,아진산업,3185,3235,2750
2018-09-13 오전 10:39:55,아진산업,3185,3235,2750
2018-09-13 오전 10:39:55,아진산업,3175,3235,2750
2018-09-13 오전 10:39:55,아진산업,3185,3235,2750
2018-09-13 오전 10:39:55,아진산업,3185,3235,2750
2018-09-13 오전 10:39:55,아진산업,3185,3235,2750
2018-09-13 오전 10:39:55,아진산업,3175,3235,2750
2018-09-13 오전 10:39:55,아진산업,3175,3235,2750
2018-09-13 오전 10:39:55,아진산업,3185,3235,2750
2018-09-13 오전 10:39:55,아진산업,3185,3235,2750
2018-09-13 오전 10:39:56,아진산업,3170,3235,2750
2018-09-13 오전 10:39:56,아진산업,3170,3235,2750
2018-09-13 오전 10:39:56,아진산업,3170,3235,2750
2018-09-13 오전 10:39:56,아진산업,3185,3235,2750
2018-09-13 오전 10:39:56,아진산업,3170,3235,2750
2018-09-13 오전 10:39:56,아진산업,3170,3235,2750
2018-09-13 오전 10:39:56,아진산업,3170,3235,2750
2018-09-13 오전 10:39:56,아진산업,3165,3235,2750
2018-09-13 오전 10:39:56,아진산업,3185,3235,2750
2018-09-13 오전 10:39:56,아진산업,3185,3235,2750
2018-09-13 오전 10:39:56,아진산업,3165,3235,2750
2018-09-13 오전 10:39:56,아진산업,3165,3235,2750
2018-09-13 오전 10:39:56,아진산업,3165,3235,2750
2018-09-13 오전 10:39:56,아진산업,3165,3235,2750
2018-09-13 오전 10:39:56,아진산업,3175,3235,2750
2018-09-13 오전 10:39:56,아진산업,3175,3235,2750
2018-09-13 오전 10:39:56,아진산업,3165,3235,2750
2018-09-13 오전 10:39:56,아진산업,3155,3235,2750
2018-09-13 오전 10:39:57,아진산업,3180,3235,2750
2018-09-13 오전 10:39:57,아진산업,3170,3235,2750
2018-09-13 오전 10:39:57,아진산업,3165,3235,2750
2018-09-13 오전 10:39:57,아진산업,3160,3235,2750
2018-09-13 오전 10:39:57,아진산업,3160,3235,2750
2018-09-13 오전 10:39:57,아진산업,3170,3235,2750
2018-09-13 오전 10:39:57,아진산업,3170,3235,2750
2018-09-13 오전 10:39:57,아진산업,3175,3235,2750
2018-09-13 오전 10:39:57,아진산업,3175,3235,2750
2018-09-13 오전 10:39:57,아진산업,3175,3235,2750
2018-09-13 오전 10:39:57,아진산업,3175,3235,2750
2018-09-13 오전 10:39:57,아진산업,3170,3235,2750
2018-09-13 오전 10:39:57,아진산업,3170,3235,2750
2018-09-13 오전 10:39:57,아진산업,3160,3235,2750
2018-09-13 오전 10:39:58,아진산업,3175,3235,2750
2018-09-13 오전 10:39:58,아진산업,3160,3235,2750
2018-09-13 오전 10:39:58,아진산업,3155,3235,2750
2018-09-13 오전 10:39:58,아진산업,3150,3235,2750
2018-09-13 오전 10:39:58,아진산업,3155,3235,2750
2018-09-13 오전 10:39:58,아진산업,3165,3235,2750
2018-09-13 오전 10:39:58,아진산업,3150,3235,2750
2018-09-13 오전 10:39:58,아진산업,3150,3235,2750
2018-09-13 오전 10:39:58,아진산업,3150,3235,2750
2018-09-13 오전 10:39:58,아진산업,3160,3235,2750
2018-09-13 오전 10:39:58,아진산업,3160,3235,2750
2018-09-13 오전 10:39:58,아진산업,3170,3235,2750
2018-09-13 오전 10:39:58,아진산업,3155,3235,2750
2018-09-13 오전 10:39:58,아진산업,3150,3235,2750
2018-09-13 오전 10:39:58,아진산업,3150,3235,2750
2018-09-13 오전 10:39:58,아진산업,3155,3235,2750
2018-09-13 오전 10:39:58,아진산업,3175,3235,2750
2018-09-13 오전 10:39:58,아진산업,3155,3235,2750
2018-09-13 오전 10:39:59,아진산업,3170,3235,2750
2018-09-13 오전 10:39:59,아진산업,3175,3235,2750
2018-09-13 오전 10:39:59,아진산업,3155,3235,2750
2018-09-13 오전 10:39:59,아진산업,3175,3235,2750
2018-09-13 오전 10:39:59,아진산업,3170,3235,2750
2018-09-13 오전 10:39:59,아진산업,3160,3235,2750
2018-09-13 오전 10:39:59,아진산업,3155,3235,2750
2018-09-13 오전 10:39:59,아진산업,3160,3235,2750
2018-09-13 오전 10:39:59,아진산업,3165,3235,2750
2018-09-13 오전 10:39:59,아진산업,3155,3235,2750
2018-09-13 오전 10:39:59,아진산업,3155,3235,2750
2018-09-13 오전 10:39:59,아진산업,3165,3235,2750
2018-09-13 오전 10:39:59,아진산업,3155,3235,2750
2018-09-13 오전 10:39:59,아진산업,3165,3235,2750
2018-09-13 오전 10:39:59,아진산업,3155,3235,2750
2018-09-13 오전 10:39:59,아진산업,3155,3235,2750
2018-09-13 오전 10:39:59,아진산업,3155,3235,2750
2018-09-13 오전 10:39:59,아진산업,3165,3235,2750
2018-09-13 오전 10:39:59,아진산업,3170,3235,2750
2018-09-13 오전 10:39:59,아진산업,3175,3235,2750
2018-09-13 오전 10:39:59,아진산업,3180,3235,2750
2018-09-13 오전 10:39:59,아진산업,3185,3235,2750
2018-09-13 오전 10:39:59,아진산업,3190,3235,2750
2018-09-13 오전 10:39:59,아진산업,3195,3235,2750
2018-09-13 오전 10:39:59,아진산업,3200,3235,2750
2018-09-13 오전 10:39:59,아진산업,3205,3235,2750
2018-09-13 오전 10:39:59,아진산업,3160,3235,2750
2018-09-13 오전 10:39:59,아진산업,3160,3235,2750
2018-09-13 오전 10:39:59,아진산업,3155,3235,2750
2018-09-13 오전 10:39:59,아진산업,3190,3235,2750
2018-09-13 오전 10:40:00,아진산업,3160,3235,2750
2018-09-13 오전 10:40:00,아진산업,3160,3235,2750
2018-09-13 오전 10:40:00,아진산업,3190,3235,2750
2018-09-13 오전 10:40:00,아진산업,3160,3235,2750
2018-09-13 오전 10:40:00,아진산업,3165,3235,2750
2018-09-13 오전 10:40:00,아진산업,3190,3235,2750
2018-09-13 오전 10:40:00,아진산업,3205,3235,2750
2018-09-13 오전 10:40:00,아진산업,3210,3235,2750
2018-09-13 오전 10:40:00,아진산업,3180,3235,2750
2018-09-13 오전 10:40:00,아진산업,3160,3235,2750
2018-09-13 오전 10:40:00,아진산업,3160,3235,2750
2018-09-13 오전 10:40:00,아진산업,3160,3235,2750
2018-09-13 오전 10:40:00,아진산업,3160,3235,2750
2018-09-13 오전 10:40:00,아진산업,3160,3235,2750
2018-09-13 오전 10:40:00,아진산업,3160,3235,2750
2018-09-13 오전 10:40:00,아진산업,3160,3235,2750
2018-09-13 오전 10:40:00,아진산업,3160,3235,2750
2018-09-13 오전 10:40:00,아진산업,3160,3235,2750
2018-09-13 오전 10:40:00,아진산업,3160,3235,2750
2018-09-13 오전 10:40:00,아진산업,3190,3235,2750
2018-09-13 오전 10:40:00,아진산업,3190,3235,2750
2018-09-13 오전 10:40:00,아진산업,3200,3235,2750
2018-09-13 오전 10:40:00,아진산업,3190,3235,2750
2018-09-13 오전 10:40:00,아진산업,3165,3235,2750
2018-09-13 오전 10:40:01,아진산업,3170,3235,2750
2018-09-13 오전 10:40:01,아진산업,3190,3235,2750
2018-09-13 오전 10:40:01,아진산업,3190,3235,2750
2018-09-13 오전 10:40:01,아진산업,3170,3235,2750
2018-09-13 오전 10:40:01,아진산업,3170,3235,2750
2018-09-13 오전 10:40:01,아진산업,3185,3235,2750
2018-09-13 오전 10:40:01,아진산업,3185,3235,2750
2018-09-13 오전 10:40:01,아진산업,3185,3235,2750
2018-09-13 오전 10:40:01,아진산업,3190,3235,2750
2018-09-13 오전 10:40:01,아진산업,3180,3235,2750
2018-09-13 오전 10:40:01,아진산업,3170,3235,2750
2018-09-13 오전 10:40:01,아진산업,3180,3235,2750
2018-09-13 오전 10:40:01,아진산업,3180,3235,2750
2018-09-13 오전 10:40:01,아진산업,3175,3235,2750
2018-09-13 오전 10:40:02,아진산업,3170,3235,2750
2018-09-13 오전 10:40:02,아진산업,3180,3235,2750
2018-09-13 오전 10:40:02,아진산업,3180,3235,2750
2018-09-13 오전 10:40:02,아진산업,3180,3235,2750
2018-09-13 오전 10:40:02,아진산업,3185,3235,2750
2018-09-13 오전 10:40:02,아진산업,3185,3235,2750
2018-09-13 오전 10:40:02,아진산업,3190,3235,2750
2018-09-13 오전 10:40:02,아진산업,3195,3235,2750
2018-09-13 오전 10:40:02,아진산업,3195,3235,2750
2018-09-13 오전 10:40:02,아진산업,3195,3235,2750
2018-09-13 오전 10:40:02,아진산업,3195,3235,2750
2018-09-13 오전 10:40:02,아진산업,3180,3235,2750
2018-09-13 오전 10:40:02,아진산업,3180,3235,2750
2018-09-13 오전 10:40:02,아진산업,3180,3235,2750
2018-09-13 오전 10:40:02,아진산업,3195,3235,2750
2018-09-13 오전 10:40:02,아진산업,3200,3235,2750
2018-09-13 오전 10:40:03,아진산업,3200,3235,2750
2018-09-13 오전 10:40:03,아진산업,3200,3235,2750
2018-09-13 오전 10:40:03,아진산업,3200,3235,2750
2018-09-13 오전 10:40:03,아진산업,3200,3235,2750
2018-09-13 오전 10:40:03,아진산업,3210,3235,2750
2018-09-13 오전 10:40:03,아진산업,3210,3235,2750
2018-09-13 오전 10:40:03,아진산업,3210,3235,2750
2018-09-13 오전 10:40:03,아진산업,3200,3235,2750
2018-09-13 오전 10:40:03,아진산업,3195,3235,2750
2018-09-13 오전 10:40:03,아진산업,3210,3235,2750
2018-09-13 오전 10:40:03,아진산업,3210,3235,2750
2018-09-13 오전 10:40:03,아진산업,3210,3235,2750
2018-09-13 오전 10:40:03,아진산업,3210,3235,2750
2018-09-13 오전 10:40:03,아진산업,3200,3235,2750
2018-09-13 오전 10:40:03,아진산업,3200,3235,2750
2018-09-13 오전 10:40:03,아진산업,3210,3235,2750
2018-09-13 오전 10:40:03,아진산업,3210,3235,2750
2018-09-13 오전 10:40:03,아진산업,3200,3235,2750
2018-09-13 오전 10:40:03,아진산업,3210,3235,2750
2018-09-13 오전 10:40:04,아진산업,3210,3235,2750
2018-09-13 오전 10:40:04,아진산업,3195,3235,2750
2018-09-13 오전 10:40:04,아진산업,3195,3235,2750
2018-09-13 오전 10:40:04,아진산업,3190,3235,2750
2018-09-13 오전 10:40:04,아진산업,3185,3235,2750
2018-09-13 오전 10:40:04,아진산업,3180,3235,2750
2018-09-13 오전 10:40:04,아진산업,3175,3235,2750
2018-09-13 오전 10:40:04,아진산업,3175,3235,2750
2018-09-13 오전 10:40:04,아진산업,3170,3235,2750
2018-09-13 오전 10:40:04,아진산업,3190,3235,2750
2018-09-13 오전 10:40:04,아진산업,3210,3235,2750
2018-09-13 오전 10:40:04,아진산업,3210,3235,2750
2018-09-13 오전 10:40:04,아진산업,3210,3235,2750
2018-09-13 오전 10:40:04,아진산업,3210,3235,2750
2018-09-13 오전 10:40:04,아진산업,3210,3235,2750
2018-09-13 오전 10:40:04,아진산업,3210,3235,2750
2018-09-13 오전 10:40:04,아진산업,3210,3235,2750
2018-09-13 오전 10:40:04,아진산업,3210,3235,2750
2018-09-13 오전 10:40:04,아진산업,3210,3235,2750
2018-09-13 오전 10:40:04,아진산업,3210,3235,2750
2018-09-13 오전 10:40:04,아진산업,3195,3235,2750
2018-09-13 오전 10:40:04,아진산업,3205,3235,2750
2018-09-13 오전 10:40:04,아진산업,3205,3235,2750
2018-09-13 오전 10:40:04,아진산업,3195,3235,2750
2018-09-13 오전 10:40:05,아진산업,3195,3235,2750
2018-09-13 오전 10:40:05,아진산업,3205,3235,2750
2018-09-13 오전 10:40:05,아진산업,3210,3235,2750
2018-09-13 오전 10:40:05,아진산업,3210,3235,2750
2018-09-13 오전 10:40:05,아진산업,3210,3235,2750
2018-09-13 오전 10:40:05,아진산업,3200,3235,2750
2018-09-13 오전 10:40:05,아진산업,3200,3235,2750
2018-09-13 오전 10:40:05,아진산업,3200,3235,2750
2018-09-13 오전 10:40:05,아진산업,3210,3235,2750
2018-09-13 오전 10:40:05,아진산업,3215,3235,2750
2018-09-13 오전 10:40:05,아진산업,3210,3235,2750
2018-09-13 오전 10:40:05,아진산업,3210,3235,2750
2018-09-13 오전 10:40:05,아진산업,3205,3235,2750
2018-09-13 오전 10:40:05,아진산업,3205,3235,2750
2018-09-13 오전 10:40:05,아진산업,3195,3235,2750
2018-09-13 오전 10:40:05,아진산업,3195,3235,2750
2018-09-13 오전 10:40:05,아진산업,3195,3235,2750
2018-09-13 오전 10:40:05,아진산업,3200,3235,2750
2018-09-13 오전 10:40:05,아진산업,3200,3235,2750
2018-09-13 오전 10:40:05,아진산업,3195,3235,2750
2018-09-13 오전 10:40:05,아진산업,3200,3235,2750
2018-09-13 오전 10:40:06,아진산업,3200,3235,2750
2018-09-13 오전 10:40:06,아진산업,3200,3235,2750
2018-09-13 오전 10:40:06,아진산업,3200,3235,2750
2018-09-13 오전 10:40:06,아진산업,3195,3235,2750
2018-09-13 오전 10:40:06,아진산업,3195,3235,2750
2018-09-13 오전 10:40:06,아진산업,3195,3235,2750
2018-09-13 오전 10:40:06,아진산업,3195,3235,2750
2018-09-13 오전 10:40:06,아진산업,3195,3235,2750
2018-09-13 오전 10:40:06,아진산업,3195,3235,2750
2018-09-13 오전 10:40:06,아진산업,3195,3235,2750
2018-09-13 오전 10:40:06,아진산업,3195,3235,2750
2018-09-13 오전 10:40:06,아진산업,3195,3235,2750
2018-09-13 오전 10:40:06,아진산업,3195,3235,2750
2018-09-13 오전 10:40:06,아진산업,3195,3235,2750
2018-09-13 오전 10:40:06,아진산업,3200,3235,2750
2018-09-13 오전 10:40:06,아진산업,3190,3235,2750
2018-09-13 오전 10:40:06,아진산업,3200,3235,2750
2018-09-13 오전 10:40:06,아진산업,3190,3235,2750
2018-09-13 오전 10:40:06,아진산업,3190,3235,2750
2018-09-13 오전 10:40:07,아진산업,3200,3235,2750
2018-09-13 오전 10:40:07,아진산업,3200,3235,2750
2018-09-13 오전 10:40:07,아진산업,3200,3235,2750
2018-09-13 오전 10:40:07,아진산업,3205,3235,2750
2018-09-13 오전 10:40:07,아진산업,3210,3235,2750
2018-09-13 오전 10:40:07,아진산업,3215,3235,2750
2018-09-13 오전 10:40:07,아진산업,3220,3235,2750
2018-09-13 오전 10:40:07,아진산업,3195,3235,2750
2018-09-13 오전 10:40:07,아진산업,3195,3235,2750
2018-09-13 오전 10:40:08,아진산업,3200,3235,2750
2018-09-13 오전 10:40:08,아진산업,3200,3235,2750
2018-09-13 오전 10:40:08,아진산업,3195,3235,2750
2018-09-13 오전 10:40:08,아진산업,3200,3235,2750
2018-09-13 오전 10:40:08,아진산업,3200,3235,2750
2018-09-13 오전 10:40:08,아진산업,3200,3235,2750
2018-09-13 오전 10:40:08,아진산업,3195,3235,2750
2018-09-13 오전 10:40:08,아진산업,3200,3235,2750
2018-09-13 오전 10:40:08,아진산업,3200,3235,2750
2018-09-13 오전 10:40:09,아진산업,3200,3235,2750
2018-09-13 오전 10:40:09,아진산업,3200,3235,2750
2018-09-13 오전 10:40:09,아진산업,3200,3235,2750
2018-09-13 오전 10:40:09,아진산업,3195,3235,2750
2018-09-13 오전 10:40:09,아진산업,3210,3235,2750
2018-09-13 오전 10:40:09,아진산업,3195,3235,2750
2018-09-13 오전 10:40:09,아진산업,3210,3235,2750
2018-09-13 오전 10:40:09,아진산업,3195,3235,2750
2018-09-13 오전 10:40:09,아진산업,3195,3235,2750
2018-09-13 오전 10:40:09,아진산업,3205,3235,2750
2018-09-13 오전 10:40:10,아진산업,3205,3235,2750
2018-09-13 오전 10:40:10,아진산업,3205,3235,2750
2018-09-13 오전 10:40:10,아진산업,3200,3235,2750
2018-09-13 오전 10:40:10,아진산업,3200,3235,2750
2018-09-13 오전 10:40:11,아진산업,3200,3235,2750
2018-09-13 오전 10:40:11,아진산업,3195,3235,2750
2018-09-13 오전 10:40:11,아진산업,3200,3235,2750
2018-09-13 오전 10:40:11,아진산업,3200,3235,2750
2018-09-13 오전 10:40:11,아진산업,3205,3235,2750
2018-09-13 오전 10:40:11,아진산업,3195,3235,2750
2018-09-13 오전 10:40:11,아진산업,3195,3235,2750
2018-09-13 오전 10:40:11,아진산업,3200,3235,2750
2018-09-13 오전 10:40:11,아진산업,3195,3235,2750
2018-09-13 오전 10:40:11,아진산업,3200,3235,2750
2018-09-13 오전 10:40:11,아진산업,3200,3235,2750
2018-09-13 오전 10:40:11,아진산업,3200,3235,2750
2018-09-13 오전 10:40:11,아진산업,3200,3235,2750
2018-09-13 오전 10:40:11,아진산업,3205,3235,2750
2018-09-13 오전 10:40:11,아진산업,3195,3235,2750
2018-09-13 오전 10:40:11,아진산업,3200,3235,2750
2018-09-13 오전 10:40:12,아진산업,3200,3235,2750
2018-09-13 오전 10:40:12,아진산업,3195,3235,2750
2018-09-13 오전 10:40:12,아진산업,3195,3235,2750
2018-09-13 오전 10:40:12,아진산업,3190,3235,2750
2018-09-13 오전 10:40:12,아진산업,3190,3235,2750
2018-09-13 오전 10:40:12,아진산업,3200,3235,2750
2018-09-13 오전 10:40:12,아진산업,3205,3235,2750
2018-09-13 오전 10:40:12,아진산업,3210,3235,2750
2018-09-13 오전 10:40:12,아진산업,3205,3235,2750
2018-09-13 오전 10:40:12,아진산업,3200,3235,2750
2018-09-13 오전 10:40:13,아진산업,3195,3235,2750
2018-09-13 오전 10:40:13,아진산업,3200,3235,2750
2018-09-13 오전 10:40:13,아진산업,3200,3235,2750
2018-09-13 오전 10:40:13,아진산업,3200,3235,2750
2018-09-13 오전 10:40:13,아진산업,3200,3235,2750
2018-09-13 오전 10:40:13,아진산업,3195,3235,2750
2018-09-13 오전 10:40:13,아진산업,3195,3235,2750
2018-09-13 오전 10:40:13,아진산업,3200,3235,2750
2018-09-13 오전 10:40:13,아진산업,3200,3235,2750
2018-09-13 오전 10:40:13,아진산업,3195,3235,2750
2018-09-13 오전 10:40:13,아진산업,3200,3235,2750
2018-09-13 오전 10:40:13,아진산업,3200,3235,2750
2018-09-13 오전 10:40:13,아진산업,3205,3235,2750
2018-09-13 오전 10:40:13,아진산업,3210,3235,2750
2018-09-13 오전 10:40:13,아진산업,3200,3235,2750
2018-09-13 오전 10:40:13,아진산업,3200,3235,2750
2018-09-13 오전 10:40:14,아진산업,3200,3235,2750
2018-09-13 오전 10:40:14,아진산업,3210,3235,2750
2018-09-13 오전 10:40:14,아진산업,3205,3235,2750
2018-09-13 오전 10:40:14,아진산업,3210,3235,2750
2018-09-13 오전 10:40:14,아진산업,3210,3235,2750
2018-09-13 오전 10:40:14,아진산업,3205,3235,2750
2018-09-13 오전 10:40:14,아진산업,3210,3235,2750
2018-09-13 오전 10:40:14,아진산업,3215,3235,2750
2018-09-13 오전 10:40:14,아진산업,3220,3235,2750
2018-09-13 오전 10:40:14,아진산업,3220,3235,2750
2018-09-13 오전 10:40:14,아진산업,3205,3235,2750
2018-09-13 오전 10:40:14,아진산업,3200,3235,2750
2018-09-13 오전 10:40:14,아진산업,3195,3235,2750
2018-09-13 오전 10:40:14,아진산업,3220,3235,2750
2018-09-13 오전 10:40:14,아진산업,3215,3235,2750
2018-09-13 오전 10:40:14,아진산업,3220,3235,2750
2018-09-13 오전 10:40:15,아진산업,3215,3235,2750
2018-09-13 오전 10:40:15,아진산업,3200,3235,2750
2018-09-13 오전 10:40:15,아진산업,3200,3235,2750
2018-09-13 오전 10:40:15,아진산업,3200,3235,2750
2018-09-13 오전 10:40:15,아진산업,3200,3235,2750
2018-09-13 오전 10:40:15,아진산업,3200,3235,2750
2018-09-13 오전 10:40:15,아진산업,3200,3235,2750
2018-09-13 오전 10:40:15,아진산업,3200,3235,2750
2018-09-13 오전 10:40:15,아진산업,3200,3235,2750
2018-09-13 오전 10:40:15,아진산업,3200,3235,2750
2018-09-13 오전 10:40:15,아진산업,3200,3235,2750
2018-09-13 오전 10:40:15,아진산업,3200,3235,2750
2018-09-13 오전 10:40:15,아진산업,3200,3235,2750
2018-09-13 오전 10:40:15,아진산업,3200,3235,2750
2018-09-13 오전 10:40:15,아진산업,3200,3235,2750
2018-09-13 오전 10:40:15,아진산업,3195,3235,2750
2018-09-13 오전 10:40:15,아진산업,3200,3235,2750
2018-09-13 오전 10:40:16,아진산업,3200,3235,2750
2018-09-13 오전 10:40:16,아진산업,3200,3235,2750
2018-09-13 오전 10:40:16,아진산업,3200,3235,2750
2018-09-13 오전 10:40:16,아진산업,3200,3235,2750
2018-09-13 오전 10:40:16,아진산업,3200,3235,2750
2018-09-13 오전 10:40:16,아진산업,3200,3235,2750
2018-09-13 오전 10:40:16,아진산업,3200,3235,2750
2018-09-13 오전 10:40:16,아진산업,3200,3235,2750
2018-09-13 오전 10:40:16,아진산업,3200,3235,2750
2018-09-13 오전 10:40:16,아진산업,3200,3235,2750
2018-09-13 오전 10:40:16,아진산업,3200,3235,2750
2018-09-13 오전 10:40:16,아진산업,3200,3235,2750
2018-09-13 오전 10:40:16,아진산업,3200,3235,2750
2018-09-13 오전 10:40:16,아진산업,3195,3235,2750
2018-09-13 오전 10:40:16,아진산업,3190,3235,2750
2018-09-13 오전 10:40:16,아진산업,3200,3235,2750
2018-09-13 오전 10:40:16,아진산업,3200,3235,2750
2018-09-13 오전 10:40:16,아진산업,3200,3235,2750
2018-09-13 오전 10:40:16,아진산업,3190,3235,2750
2018-09-13 오전 10:40:16,아진산업,3200,3235,2750
2018-09-13 오전 10:40:16,아진산업,3200,3235,2750
2018-09-13 오전 10:40:16,아진산업,3195,3235,2750
2018-09-13 오전 10:40:16,아진산업,3195,3235,2750
2018-09-13 오전 10:40:16,아진산업,3190,3235,2750
2018-09-13 오전 10:40:16,아진산업,3200,3235,2750
2018-09-13 오전 10:40:16,아진산업,3190,3235,2750
2018-09-13 오전 10:40:16,아진산업,3185,3235,2750
2018-09-13 오전 10:40:16,아진산업,3180,3235,2750
2018-09-13 오전 10:40:16,아진산업,3180,3235,2750
2018-09-13 오전 10:40:17,아진산업,3180,3235,2750
2018-09-13 오전 10:40:17,아진산업,3180,3235,2750
2018-09-13 오전 10:40:17,아진산업,3180,3235,2750
2018-09-13 오전 10:40:17,아진산업,3175,3235,2750
2018-09-13 오전 10:40:17,아진산업,3180,3235,2750
2018-09-13 오전 10:40:17,아진산업,3175,3235,2750
2018-09-13 오전 10:40:17,아진산업,3180,3235,2750
2018-09-13 오전 10:40:17,아진산업,3180,3235,2750
2018-09-13 오전 10:40:17,아진산업,3180,3235,2750
2018-09-13 오전 10:40:17,아진산업,3180,3235,2750
2018-09-13 오전 10:40:17,아진산업,3175,3235,2750
2018-09-13 오전 10:40:17,아진산업,3170,3235,2750
2018-09-13 오전 10:40:17,아진산업,3175,3235,2750
2018-09-13 오전 10:40:17,아진산업,3180,3235,2750
2018-09-13 오전 10:40:17,아진산업,3180,3235,2750
2018-09-13 오전 10:40:17,아진산업,3170,3235,2750
2018-09-13 오전 10:40:17,아진산업,3180,3235,2750
2018-09-13 오전 10:40:17,아진산업,3170,3235,2750
2018-09-13 오전 10:40:17,아진산업,3170,3235,2750
2018-09-13 오전 10:40:17,아진산업,3180,3235,2750
2018-09-13 오전 10:40:18,아진산업,3180,3235,2750
2018-09-13 오전 10:40:18,아진산업,3180,3235,2750
2018-09-13 오전 10:40:18,아진산업,3180,3235,2750
2018-09-13 오전 10:40:18,아진산업,3180,3235,2750
2018-09-13 오전 10:40:18,아진산업,3180,3235,2750
2018-09-13 오전 10:40:18,아진산업,3180,3235,2750
2018-09-13 오전 10:40:18,아진산업,3165,3235,2750
2018-09-13 오전 10:40:18,아진산업,3180,3235,2750
2018-09-13 오전 10:40:18,아진산업,3180,3235,2750
2018-09-13 오전 10:40:18,아진산업,3180,3235,2750
2018-09-13 오전 10:40:18,아진산업,3180,3235,2750
2018-09-13 오전 10:40:18,아진산업,3180,3235,2750
2018-09-13 오전 10:40:18,아진산업,3180,3235,2750
2018-09-13 오전 10:40:18,아진산업,3180,3235,2750
2018-09-13 오전 10:40:18,아진산업,3180,3235,2750
2018-09-13 오전 10:40:18,아진산업,3170,3235,2750
2018-09-13 오전 10:40:18,아진산업,3170,3235,2750
2018-09-13 오전 10:40:19,아진산업,3170,3235,2750
2018-09-13 오전 10:40:19,아진산업,3170,3235,2750
2018-09-13 오전 10:40:19,아진산업,3170,3235,2750
2018-09-13 오전 10:40:19,아진산업,3170,3235,2750
2018-09-13 오전 10:40:19,아진산업,3170,3235,2750
2018-09-13 오전 10:40:19,아진산업,3170,3235,2750
2018-09-13 오전 10:40:19,아진산업,3165,3235,2750
2018-09-13 오전 10:40:19,아진산업,3170,3235,2750
2018-09-13 오전 10:40:19,아진산업,3165,3235,2750
2018-09-13 오전 10:40:19,아진산업,3165,3235,2750
2018-09-13 오전 10:40:19,아진산업,3170,3235,2750
2018-09-13 오전 10:40:19,아진산업,3170,3235,2750
2018-09-13 오전 10:40:19,아진산업,3180,3235,2750
2018-09-13 오전 10:40:19,아진산업,3180,3235,2750
2018-09-13 오전 10:40:19,아진산업,3180,3235,2750
2018-09-13 오전 10:40:19,아진산업,3180,3235,2750
2018-09-13 오전 10:40:19,아진산업,3180,3235,2750
2018-09-13 오전 10:40:19,아진산업,3180,3235,2750
2018-09-13 오전 10:40:19,아진산업,3180,3235,2750
2018-09-13 오전 10:40:19,아진산업,3165,3235,2750
2018-09-13 오전 10:40:19,아진산업,3180,3235,2750
2018-09-13 오전 10:40:19,아진산업,3180,3235,2750
2018-09-13 오전 10:40:19,아진산업,3180,3235,2750
2018-09-13 오전 10:40:19,아진산업,3180,3235,2750
2018-09-13 오전 10:40:20,아진산업,3180,3235,2750
2018-09-13 오전 10:40:20,아진산업,3180,3235,2750
2018-09-13 오전 10:40:20,아진산업,3180,3235,2750
2018-09-13 오전 10:40:20,아진산업,3180,3235,2750
2018-09-13 오전 10:40:20,아진산업,3180,3235,2750
2018-09-13 오전 10:40:20,아진산업,3180,3235,2750
2018-09-13 오전 10:40:20,아진산업,3180,3235,2750
2018-09-13 오전 10:40:20,아진산업,3180,3235,2750
2018-09-13 오전 10:40:20,아진산업,3180,3235,2750
2018-09-13 오전 10:40:20,아진산업,3180,3235,2750
2018-09-13 오전 10:40:20,아진산업,3180,3235,2750
2018-09-13 오전 10:40:20,아진산업,3175,3235,2750
2018-09-13 오전 10:40:20,아진산업,3175,3235,2750
2018-09-13 오전 10:40:20,아진산업,3175,3235,2750
2018-09-13 오전 10:40:21,아진산업,3175,3235,2750
2018-09-13 오전 10:40:21,아진산업,3170,3235,2750
2018-09-13 오전 10:40:21,아진산업,3160,3235,2750
2018-09-13 오전 10:40:21,아진산업,3175,3235,2750
2018-09-13 오전 10:40:21,아진산업,3175,3235,2750
2018-09-13 오전 10:40:21,아진산업,3175,3235,2750
2018-09-13 오전 10:40:21,아진산업,3170,3235,2750
2018-09-13 오전 10:40:21,아진산업,3175,3235,2750
2018-09-13 오전 10:40:21,아진산업,3170,3235,2750
2018-09-13 오전 10:40:21,아진산업,3170,3235,2750
2018-09-13 오전 10:40:21,아진산업,3170,3235,2750
2018-09-13 오전 10:40:21,아진산업,3175,3235,2750
2018-09-13 오전 10:40:21,아진산업,3170,3235,2750
2018-09-13 오전 10:40:21,아진산업,3170,3235,2750
2018-09-13 오전 10:40:21,아진산업,3165,3235,2750
2018-09-13 오전 10:40:21,아진산업,3160,3235,2750
2018-09-13 오전 10:40:21,아진산업,3155,3235,2750
2018-09-13 오전 10:40:21,아진산업,3165,3235,2750
2018-09-13 오전 10:40:21,아진산업,3170,3235,2750
2018-09-13 오전 10:40:21,아진산업,3170,3235,2750
2018-09-13 오전 10:40:21,아진산업,3160,3235,2750
2018-09-13 오전 10:40:21,아진산업,3170,3235,2750
2018-09-13 오전 10:40:22,아진산업,3170,3235,2750
2018-09-13 오전 10:40:22,아진산업,3165,3235,2750
2018-09-13 오전 10:40:22,아진산업,3165,3235,2750
2018-09-13 오전 10:40:22,아진산업,3170,3235,2750
2018-09-13 오전 10:40:22,아진산업,3170,3235,2750
2018-09-13 오전 10:40:22,아진산업,3170,3235,2750
2018-09-13 오전 10:40:22,아진산업,3170,3235,2750
2018-09-13 오전 10:40:22,아진산업,3165,3235,2750
2018-09-13 오전 10:40:22,아진산업,3165,3235,2750
2018-09-13 오전 10:40:22,아진산업,3165,3235,2750
2018-09-13 오전 10:40:22,아진산업,3165,3235,2750
2018-09-13 오전 10:40:22,아진산업,3165,3235,2750
2018-09-13 오전 10:40:22,아진산업,3165,3235,2750
2018-09-13 오전 10:40:22,아진산업,3165,3235,2750
2018-09-13 오전 10:40:23,아진산업,3165,3235,2750
2018-09-13 오전 10:40:23,아진산업,3160,3235,2750
2018-09-13 오전 10:40:23,아진산업,3160,3235,2750
2018-09-13 오전 10:40:23,아진산업,3165,3235,2750
2018-09-13 오전 10:40:23,아진산업,3165,3235,2750
2018-09-13 오전 10:40:23,아진산업,3155,3235,2750
2018-09-13 오전 10:40:23,아진산업,3160,3235,2750
2018-09-13 오전 10:40:23,아진산업,3155,3235,2750
2018-09-13 오전 10:40:23,아진산업,3160,3235,2750
2018-09-13 오전 10:40:23,아진산업,3165,3235,2750
2018-09-13 오전 10:40:23,아진산업,3170,3235,2750
2018-09-13 오전 10:40:23,아진산업,3175,3235,2750
2018-09-13 오전 10:40:23,아진산업,3175,3235,2750
2018-09-13 오전 10:40:23,아진산업,3175,3235,2750
2018-09-13 오전 10:40:23,아진산업,3155,3235,2750
2018-09-13 오전 10:40:23,아진산업,3150,3235,2750
2018-09-13 오전 10:40:23,아진산업,3175,3235,2750
2018-09-13 오전 10:40:23,아진산업,3160,3235,2750
2018-09-13 오전 10:40:23,아진산업,3155,3235,2750
2018-09-13 오전 10:40:23,아진산업,3175,3235,2750
2018-09-13 오전 10:40:23,아진산업,3175,3235,2750
2018-09-13 오전 10:40:23,아진산업,3175,3235,2750
2018-09-13 오전 10:40:23,아진산업,3150,3235,2750
2018-09-13 오전 10:40:23,아진산업,3150,3235,2750
2018-09-13 오전 10:40:24,아진산업,3150,3235,2750
2018-09-13 오전 10:40:24,아진산업,3145,3235,2750
2018-09-13 오전 10:40:24,아진산업,3150,3235,2750
2018-09-13 오전 10:40:24,아진산업,3150,3235,2750
2018-09-13 오전 10:40:24,아진산업,3145,3235,2750
2018-09-13 오전 10:40:24,아진산업,3140,3235,2750
2018-09-13 오전 10:40:24,아진산업,3150,3235,2750
2018-09-13 오전 10:40:24,아진산업,3145,3235,2750
2018-09-13 오전 10:40:24,아진산업,3145,3235,2750
2018-09-13 오전 10:40:24,아진산업,3150,3235,2750
2018-09-13 오전 10:40:24,아진산업,3150,3235,2750
2018-09-13 오전 10:40:24,아진산업,3170,3235,2750
2018-09-13 오전 10:40:24,아진산업,3155,3235,2750
2018-09-13 오전 10:40:24,아진산업,3170,3235,2750
2018-09-13 오전 10:40:24,아진산업,3155,3235,2750
2018-09-13 오전 10:40:24,아진산업,3165,3235,2750
2018-09-13 오전 10:40:24,아진산업,3155,3235,2750
2018-09-13 오전 10:40:24,아진산업,3145,3235,2750
2018-09-13 오전 10:40:24,아진산업,3165,3235,2750
2018-09-13 오전 10:40:24,아진산업,3170,3235,2750
2018-09-13 오전 10:40:24,아진산업,3170,3235,2750
2018-09-13 오전 10:40:25,아진산업,3170,3235,2750
2018-09-13 오전 10:40:25,아진산업,3165,3235,2750
2018-09-13 오전 10:40:25,아진산업,3145,3235,2750
2018-09-13 오전 10:40:25,아진산업,3165,3235,2750
2018-09-13 오전 10:40:25,아진산업,3165,3235,2750
2018-09-13 오전 10:40:25,아진산업,3165,3235,2750
2018-09-13 오전 10:40:25,아진산업,3165,3235,2750
2018-09-13 오전 10:40:25,아진산업,3160,3235,2750
2018-09-13 오전 10:40:25,아진산업,3165,3235,2750
2018-09-13 오전 10:40:25,아진산업,3165,3235,2750
2018-09-13 오전 10:40:25,아진산업,3165,3235,2750
2018-09-13 오전 10:40:25,아진산업,3160,3235,2750
2018-09-13 오전 10:40:25,아진산업,3160,3235,2750
2018-09-13 오전 10:40:26,아진산업,3150,3235,2750
2018-09-13 오전 10:40:26,아진산업,3150,3235,2750
2018-09-13 오전 10:40:26,아진산업,3150,3235,2750
2018-09-13 오전 10:40:26,아진산업,3150,3235,2750
2018-09-13 오전 10:40:26,아진산업,3150,3235,2750
2018-09-13 오전 10:40:26,아진산업,3150,3235,2750
2018-09-13 오전 10:40:26,아진산업,3150,3235,2750
2018-09-13 오전 10:40:26,아진산업,3150,3235,2750
2018-09-13 오전 10:40:26,아진산업,3145,3235,2750
2018-09-13 오전 10:40:26,아진산업,3140,3235,2750
2018-09-13 오전 10:40:27,아진산업,3150,3235,2750
2018-09-13 오전 10:40:27,아진산업,3150,3235,2750
2018-09-13 오전 10:40:27,아진산업,3160,3235,2750
2018-09-13 오전 10:40:27,아진산업,3160,3235,2750
2018-09-13 오전 10:40:27,아진산업,3160,3235,2750
2018-09-13 오전 10:40:27,아진산업,3160,3235,2750
2018-09-13 오전 10:40:27,아진산업,3155,3235,2750
2018-09-13 오전 10:40:27,아진산업,3145,3235,2750
2018-09-13 오전 10:40:27,아진산업,3145,3235,2750
2018-09-13 오전 10:40:27,아진산업,3145,3235,2750
2018-09-13 오전 10:40:27,아진산업,3145,3235,2750
2018-09-13 오전 10:40:27,아진산업,3140,3235,2750
2018-09-13 오전 10:40:28,아진산업,3145,3235,2750
2018-09-13 오전 10:40:28,아진산업,3145,3235,2750
2018-09-13 오전 10:40:28,아진산업,3145,3235,2750
2018-09-13 오전 10:40:28,아진산업,3145,3235,2750
2018-09-13 오전 10:40:28,아진산업,3145,3235,2750
2018-09-13 오전 10:40:28,아진산업,3140,3235,2750
2018-09-13 오전 10:40:28,아진산업,3135,3235,2750
2018-09-13 오전 10:40:28,아진산업,3145,3235,2750
2018-09-13 오전 10:40:28,아진산업,3135,3235,2750
2018-09-13 오전 10:40:28,아진산업,3145,3235,2750
2018-09-13 오전 10:40:28,아진산업,3135,3235,2750
2018-09-13 오전 10:40:28,아진산업,3145,3235,2750
2018-09-13 오전 10:40:28,아진산업,3145,3235,2750
2018-09-13 오전 10:40:28,아진산업,3145,3235,2750
2018-09-13 오전 10:40:28,아진산업,3145,3235,2750
2018-09-13 오전 10:40:28,아진산업,3145,3235,2750
2018-09-13 오전 10:40:28,아진산업,3140,3235,2750
2018-09-13 오전 10:40:28,아진산업,3135,3235,2750
2018-09-13 오전 10:40:28,아진산업,3145,3235,2750
2018-09-13 오전 10:40:29,아진산업,3145,3235,2750
2018-09-13 오전 10:40:29,아진산업,3145,3235,2750
2018-09-13 오전 10:40:29,아진산업,3145,3235,2750
2018-09-13 오전 10:40:29,아진산업,3145,3235,2750
2018-09-13 오전 10:40:29,아진산업,3145,3235,2750
2018-09-13 오전 10:40:29,아진산업,3140,3235,2750
2018-09-13 오전 10:40:29,아진산업,3135,3235,2750
2018-09-13 오전 10:41:11,아진산업,3115,3235,2750
2018-09-13 오전 10:41:11,아진산업,3115,3235,2750
2018-09-13 오전 10:41:11,아진산업,3110,3235,2750
2018-09-13 오전 10:41:11,아진산업,3105,3235,2750
2018-09-13 오전 10:41:12,아진산업,3105,3235,2750
2018-09-13 오전 10:41:12,아진산업,3115,3235,2750
2018-09-13 오전 10:41:12,아진산업,3115,3235,2750
2018-09-13 오전 10:41:12,아진산업,3115,3235,2750
2018-09-13 오전 10:41:12,아진산업,3120,3235,2750
2018-09-13 오전 10:41:13,아진산업,3120,3235,2750
2018-09-13 오전 10:41:13,아진산업,3120,3235,2750
2018-09-13 오전 10:41:13,아진산업,3105,3235,2750
2018-09-13 오전 10:41:13,아진산업,3105,3235,2750
2018-09-13 오전 10:41:13,아진산업,3105,3235,2750
2018-09-13 오전 10:41:13,아진산업,3115,3235,2750
2018-09-13 오전 10:41:14,아진산업,3115,3235,2750
2018-09-13 오전 10:41:14,아진산업,3115,3235,2750
2018-09-13 오전 10:41:14,아진산업,3115,3235,2750
2018-09-13 오전 10:41:14,아진산업,3105,3235,2750
2018-09-13 오전 10:41:14,아진산업,3115,3235,2750
2018-09-13 오전 10:41:14,아진산업,3105,3235,2750
2018-09-13 오전 10:41:14,아진산업,3100,3235,2750
2018-09-13 오전 10:41:14,아진산업,3095,3235,2750
2018-09-13 오전 10:41:14,아진산업,3100,3235,2750
2018-09-13 오전 10:41:15,아진산업,3095,3235,2750
2018-09-13 오전 10:41:15,아진산업,3100,3235,2750
2018-09-13 오전 10:41:15,아진산업,3095,3235,2750
2018-09-13 오전 10:41:15,아진산업,3100,3235,2750
2018-09-13 오전 10:41:16,아진산업,3100,3235,2750
2018-09-13 오전 10:41:16,아진산업,3095,3235,2750
2018-09-13 오전 10:41:16,아진산업,3100,3235,2750
2018-09-13 오전 10:41:16,아진산업,3100,3235,2750
2018-09-13 오전 10:41:16,아진산업,3100,3235,2750
2018-09-13 오전 10:41:16,아진산업,3100,3235,2750
2018-09-13 오전 10:41:16,아진산업,3095,3235,2750
2018-09-13 오전 10:41:16,아진산업,3100,3235,2750
2018-09-13 오전 10:41:16,아진산업,3105,3235,2750
2018-09-13 오전 10:41:16,아진산업,3115,3235,2750
2018-09-13 오전 10:41:16,아진산업,3115,3235,2750
2018-09-13 오전 10:41:17,아진산업,3115,3235,2750
2018-09-13 오전 10:41:17,아진산업,3115,3235,2750
2018-09-13 오전 10:41:17,아진산업,3115,3235,2750
2018-09-13 오전 10:41:17,아진산업,3115,3235,2750
2018-09-13 오전 10:41:17,아진산업,3115,3235,2750
2018-09-13 오전 10:41:18,아진산업,3115,3235,2750
2018-09-13 오전 10:41:18,아진산업,3115,3235,2750
2018-09-13 오전 10:41:18,아진산업,3115,3235,2750
2018-09-13 오전 10:41:19,아진산업,3115,3235,2750
2018-09-13 오전 10:41:19,아진산업,3115,3235,2750
2018-09-13 오전 10:41:19,아진산업,3115,3235,2750
2018-09-13 오전 10:41:19,아진산업,3105,3235,2750
2018-09-13 오전 10:41:19,아진산업,3115,3235,2750
2018-09-13 오전 10:41:19,아진산업,3105,3235,2750
2018-09-13 오전 10:41:19,아진산업,3105,3235,2750
2018-09-13 오전 10:41:19,아진산업,3115,3235,2750
2018-09-13 오전 10:41:19,아진산업,3115,3235,2750
2018-09-13 오전 10:41:19,아진산업,3115,3235,2750
2018-09-13 오전 10:41:19,아진산업,3115,3235,2750
2018-09-13 오전 10:41:19,아진산업,3115,3235,2750
2018-09-13 오전 10:41:20,아진산업,3115,3235,2750
2018-09-13 오전 10:41:20,아진산업,3105,3235,2750
2018-09-13 오전 10:41:20,아진산업,3115,3235,2750
2018-09-13 오전 10:41:20,아진산업,3115,3235,2750
2018-09-13 오전 10:41:21,아진산업,3115,3235,2750
2018-09-13 오전 10:41:21,아진산업,3115,3235,2750
2018-09-13 오전 10:41:21,아진산업,3110,3235,2750
2018-09-13 오전 10:41:21,아진산업,3115,3235,2750
2018-09-13 오전 10:41:21,아진산업,3115,3235,2750
2018-09-13 오전 10:41:21,아진산업,3115,3235,2750
2018-09-13 오전 10:41:21,아진산업,3120,3235,2750
2018-09-13 오전 10:41:21,아진산업,3115,3235,2750
2018-09-13 오전 10:41:21,아진산업,3110,3235,2750
2018-09-13 오전 10:41:22,아진산업,3120,3235,2750
2018-09-13 오전 10:41:22,아진산업,3115,3235,2750
2018-09-13 오전 10:41:22,아진산업,3120,3235,2750
2018-09-13 오전 10:41:23,아진산업,3115,3235,2750
2018-09-13 오전 10:41:23,아진산업,3115,3235,2750
2018-09-13 오전 10:41:24,아진산업,3120,3235,2750
2018-09-13 오전 10:41:24,아진산업,3115,3235,2750
2018-09-13 오전 10:41:24,아진산업,3110,3235,2750
2018-09-13 오전 10:41:24,아진산업,3115,3235,2750
2018-09-13 오전 10:41:24,아진산업,3115,3235,2750
2018-09-13 오전 10:41:24,아진산업,3115,3235,2750
2018-09-13 오전 10:41:24,아진산업,3115,3235,2750
2018-09-13 오전 10:41:25,아진산업,3115,3235,2750
2018-09-13 오전 10:41:25,아진산업,3115,3235,2750
2018-09-13 오전 10:41:25,아진산업,3115,3235,2750
2018-09-13 오전 10:41:25,아진산업,3115,3235,2750
2018-09-13 오전 10:41:25,아진산업,3110,3235,2750
2018-09-13 오전 10:41:25,아진산업,3110,3235,2750
2018-09-13 오전 10:41:26,아진산업,3115,3235,2750
2018-09-13 오전 10:41:26,아진산업,3115,3235,2750
2018-09-13 오전 10:41:26,아진산업,3115,3235,2750
2018-09-13 오전 10:41:26,아진산업,3110,3235,2750
2018-09-13 오전 10:41:26,아진산업,3110,3235,2750
2018-09-13 오전 10:41:26,아진산업,3105,3235,2750
2018-09-13 오전 10:41:26,아진산업,3105,3235,2750
2018-09-13 오전 10:41:26,아진산업,3100,3235,2750
2018-09-13 오전 10:41:26,아진산업,3100,3235,2750
2018-09-13 오전 10:41:26,아진산업,3115,3235,2750
2018-09-13 오전 10:41:26,아진산업,3100,3235,2750
2018-09-13 오전 10:41:26,아진산업,3100,3235,2750
2018-09-13 오전 10:41:26,아진산업,3095,3235,2750
2018-09-13 오전 10:41:26,아진산업,3095,3235,2750
2018-09-13 오전 10:41:26,아진산업,3095,3235,2750
2018-09-13 오전 10:41:26,아진산업,3095,3235,2750
2018-09-13 오전 10:41:26,아진산업,3090,3235,2750
2018-09-13 오전 10:41:26,아진산업,3095,3235,2750
2018-09-13 오전 10:41:26,아진산업,3095,3235,2750
2018-09-13 오전 10:41:26,아진산업,3090,3235,2750
2018-09-13 오전 10:41:26,아진산업,3085,3235,2750
2018-09-13 오전 10:41:26,아진산업,3090,3235,2750
2018-09-13 오전 10:41:26,아진산업,3090,3235,2750
2018-09-13 오전 10:41:27,아진산업,3085,3235,2750
2018-09-13 오전 10:41:27,아진산업,3090,3235,2750
2018-09-13 오전 10:41:27,아진산업,3090,3235,2750
2018-09-13 오전 10:41:27,아진산업,3090,3235,2750
2018-09-13 오전 10:41:27,아진산업,3090,3235,2750
2018-09-13 오전 10:41:27,아진산업,3085,3235,2750
2018-09-13 오전 10:41:27,아진산업,3085,3235,2750
2018-09-13 오전 10:41:27,아진산업,3085,3235,2750
2018-09-13 오전 10:41:27,아진산업,3085,3235,2750
2018-09-13 오전 10:41:27,아진산업,3085,3235,2750
2018-09-13 오전 10:41:27,아진산업,3080,3235,2750
2018-09-13 오전 10:41:27,아진산업,3085,3235,2750
2018-09-13 오전 10:41:27,아진산업,3080,3235,2750
2018-09-13 오전 10:41:27,아진산업,3080,3235,2750
2018-09-13 오전 10:41:27,아진산업,3085,3235,2750
2018-09-13 오전 10:41:27,아진산업,3080,3235,2750
2018-09-13 오전 10:41:27,아진산업,3075,3235,2750
2018-09-13 오전 10:41:27,아진산업,3075,3235,2750
2018-09-13 오전 10:41:27,아진산업,3080,3235,2750
2018-09-13 오전 10:41:27,아진산업,3075,3235,2750
2018-09-13 오전 10:41:27,아진산업,3075,3235,2750
2018-09-13 오전 10:41:27,아진산업,3075,3235,2750
2018-09-13 오전 10:41:27,아진산업,3075,3235,2750
2018-09-13 오전 10:41:27,아진산업,3080,3235,2750
2018-09-13 오전 10:41:27,아진산업,3080,3235,2750
2018-09-13 오전 10:41:27,아진산업,3075,3235,2750
2018-09-13 오전 10:41:27,아진산업,3070,3235,2750
2018-09-13 오전 10:41:27,아진산업,3070,3235,2750
2018-09-13 오전 10:41:27,아진산업,3070,3235,2750
2018-09-13 오전 10:41:27,아진산업,3065,3235,2750
2018-09-13 오전 10:41:28,아진산업,3065,3235,2750
2018-09-13 오전 10:41:28,아진산업,3060,3235,2750
2018-09-13 오전 10:41:28,아진산업,3065,3235,2750
2018-09-13 오전 10:41:28,아진산업,3065,3235,2750
2018-09-13 오전 10:41:28,아진산업,3060,3235,2750
2018-09-13 오전 10:41:28,아진산업,3065,3235,2750
2018-09-13 오전 10:41:28,아진산업,3065,3235,2750
2018-09-13 오전 10:41:28,아진산업,3065,3235,2750
2018-09-13 오전 10:41:28,아진산업,3065,3235,2750
2018-09-13 오전 10:41:28,아진산업,3060,3235,2750
2018-09-13 오전 10:41:28,아진산업,3060,3235,2750
2018-09-13 오전 10:41:28,아진산업,3065,3235,2750
2018-09-13 오전 10:41:28,아진산업,3060,3235,2750
2018-09-13 오전 10:41:28,아진산업,3060,3235,2750
2018-09-13 오전 10:41:28,아진산업,3065,3235,2750
2018-09-13 오전 10:41:29,아진산업,3060,3235,2750
2018-09-13 오전 10:41:29,아진산업,3060,3235,2750
2018-09-13 오전 10:41:29,아진산업,3060,3235,2750
2018-09-13 오전 10:41:29,아진산업,3060,3235,2750
2018-09-13 오전 10:41:29,아진산업,3055,3235,2750
2018-09-13 오전 10:41:29,아진산업,3055,3235,2750
2018-09-13 오전 10:41:29,아진산업,3050,3235,2750
2018-09-13 오전 10:41:29,아진산업,3050,3235,2750
2018-09-13 오전 10:41:29,아진산업,3055,3235,2750
2018-09-13 오전 10:41:29,아진산업,3055,3235,2750
2018-09-13 오전 10:41:29,아진산업,3055,3235,2750
2018-09-13 오전 10:41:29,아진산업,3050,3235,2750
2018-09-13 오전 10:41:29,아진산업,3050,3235,2750
2018-09-13 오전 10:41:29,아진산업,3050,3235,2750
2018-09-13 오전 10:41:30,아진산업,3050,3235,2750
2018-09-13 오전 10:41:30,아진산업,3055,3235,2750
2018-09-13 오전 10:41:30,아진산업,3050,3235,2750
2018-09-13 오전 10:41:30,아진산업,3050,3235,2750
2018-09-13 오전 10:41:30,아진산업,3050,3235,2750
2018-09-13 오전 10:41:30,아진산업,3055,3235,2750
2018-09-13 오전 10:41:30,아진산업,3055,3235,2750
2018-09-13 오전 10:41:30,아진산업,3055,3235,2750
2018-09-13 오전 10:41:30,아진산업,3050,3235,2750
2018-09-13 오전 10:41:30,아진산업,3050,3235,2750
2018-09-13 오전 10:41:30,아진산업,3055,3235,2750
2018-09-13 오전 10:41:30,아진산업,3050,3235,2750
2018-09-13 오전 10:41:30,아진산업,3050,3235,2750
2018-09-13 오전 10:41:30,아진산업,3050,3235,2750
2018-09-13 오전 10:41:30,아진산업,3050,3235,2750
2018-09-13 오전 10:41:31,아진산업,3050,3235,2750
2018-09-13 오전 10:41:31,아진산업,3050,3235,2750
2018-09-13 오전 10:41:31,아진산업,3055,3235,2750
2018-09-13 오전 10:41:31,아진산업,3050,3235,2750
2018-09-13 오전 10:41:31,아진산업,3055,3235,2750
2018-09-13 오전 10:41:31,아진산업,3055,3235,2750
2018-09-13 오전 10:41:31,아진산업,3050,3235,2750
2018-09-13 오전 10:41:31,아진산업,3045,3235,2750
2018-09-13 오전 10:41:31,아진산업,3040,3235,2750
2018-09-13 오전 10:41:31,아진산업,3035,3235,2750
2018-09-13 오전 10:41:31,아진산업,3055,3235,2750
2018-09-13 오전 10:41:31,아진산업,3035,3235,2750
2018-09-13 오전 10:43:06,아진산업,3125,3235,2750
2018-09-13 오전 10:43:06,아진산업,3120,3235,2750
2018-09-13 오전 10:43:06,아진산업,3120,3235,2750
2018-09-13 오전 10:43:06,아진산업,3110,3235,2750
2018-09-13 오전 10:43:06,아진산업,3110,3235,2750
2018-09-13 오전 10:43:07,아진산업,3120,3235,2750
2018-09-13 오전 10:43:07,아진산업,3110,3235,2750
2018-09-13 오전 10:43:07,아진산업,3120,3235,2750
2018-09-13 오전 10:43:07,아진산업,3110,3235,2750
2018-09-13 오전 10:43:08,아진산업,3120,3235,2750
2018-09-13 오전 10:43:08,아진산업,3115,3235,2750
2018-09-13 오전 10:43:08,아진산업,3110,3235,2750
2018-09-13 오전 10:43:08,아진산업,3110,3235,2750
2018-09-13 오전 10:43:08,아진산업,3100,3235,2750
2018-09-13 오전 10:43:08,아진산업,3110,3235,2750
2018-09-13 오전 10:43:08,아진산업,3110,3235,2750
2018-09-13 오전 10:43:08,아진산업,3110,3235,2750
2018-09-13 오전 10:43:08,아진산업,3110,3235,2750
2018-09-13 오전 10:43:08,아진산업,3110,3235,2750
2018-09-13 오전 10:43:09,아진산업,3110,3235,2750
2018-09-13 오전 10:43:10,아진산업,3110,3235,2750
2018-09-13 오전 10:43:10,아진산업,3110,3235,2750
2018-09-13 오전 10:43:10,아진산업,3110,3235,2750
2018-09-13 오전 10:43:10,아진산업,3110,3235,2750
2018-09-13 오전 10:43:10,아진산업,3110,3235,2750
2018-09-13 오전 10:43:10,아진산업,3115,3235,2750
2018-09-13 오전 10:43:10,아진산업,3115,3235,2750
2018-09-13 오전 10:43:11,아진산업,3110,3235,2750
2018-09-13 오전 10:43:11,아진산업,3110,3235,2750
2018-09-13 오전 10:43:11,아진산업,3110,3235,2750
2018-09-13 오전 10:43:12,아진산업,3110,3235,2750
2018-09-13 오전 10:43:12,아진산업,3105,3235,2750
2018-09-13 오전 10:43:12,아진산업,3110,3235,2750
2018-09-13 오전 10:43:13,아진산업,3105,3235,2750
2018-09-13 오전 10:43:13,아진산업,3110,3235,2750
2018-09-13 오전 10:43:13,아진산업,3110,3235,2750
2018-09-13 오전 10:43:13,아진산업,3105,3235,2750
2018-09-13 오전 10:43:13,아진산업,3100,3235,2750
2018-09-13 오전 10:43:13,아진산업,3110,3235,2750
2018-09-13 오전 10:43:13,아진산업,3100,3235,2750
2018-09-13 오전 10:43:13,아진산업,3100,3235,2750
2018-09-13 오전 10:43:13,아진산업,3100,3235,2750
2018-09-13 오전 10:43:14,아진산업,3100,3235,2750
2018-09-13 오전 10:43:14,아진산업,3105,3235,2750
2018-09-13 오전 10:43:14,아진산업,3105,3235,2750
2018-09-13 오전 10:43:14,아진산업,3105,3235,2750
2018-09-13 오전 10:43:14,아진산업,3100,3235,2750
2018-09-13 오전 10:43:14,아진산업,3100,3235,2750
2018-09-13 오전 10:43:14,아진산업,3100,3235,2750
2018-09-13 오전 10:43:14,아진산업,3095,3235,2750
2018-09-13 오전 10:43:14,아진산업,3095,3235,2750
2018-09-13 오전 10:43:14,아진산업,3095,3235,2750
2018-09-13 오전 10:43:14,아진산업,3105,3235,2750
2018-09-13 오전 10:43:14,아진산업,3105,3235,2750
2018-09-13 오전 10:43:14,아진산업,3105,3235,2750
2018-09-13 오전 10:43:14,아진산업,3110,3235,2750
2018-09-13 오전 10:43:15,아진산업,3095,3235,2750
2018-09-13 오전 10:43:15,아진산업,3095,3235,2750
2018-09-13 오전 10:43:15,아진산업,3100,3235,2750
2018-09-13 오전 10:43:15,아진산업,3105,3235,2750
2018-09-13 오전 10:43:15,아진산업,3110,3235,2750
2018-09-13 오전 10:43:15,아진산업,3095,3235,2750
2018-09-13 오전 10:43:17,아진산업,3105,3235,2750
2018-09-13 오전 10:43:17,아진산업,3100,3235,2750
2018-09-13 오전 10:43:17,아진산업,3095,3235,2750
2018-09-13 오전 10:43:17,아진산업,3090,3235,2750
2018-09-13 오전 10:43:17,아진산업,3085,3235,2750
2018-09-13 오전 10:43:17,아진산업,3105,3235,2750
2018-09-13 오전 10:43:18,아진산업,3100,3235,2750
2018-09-13 오전 10:43:18,아진산업,3090,3235,2750
2018-09-13 오전 10:43:18,아진산업,3090,3235,2750
2018-09-13 오전 10:43:19,아진산업,3090,3235,2750
2018-09-13 오전 10:43:19,아진산업,3090,3235,2750
2018-09-13 오전 10:43:19,아진산업,3100,3235,2750
2018-09-13 오전 10:43:19,아진산업,3105,3235,2750
2018-09-13 오전 10:43:19,아진산업,3105,3235,2750
2018-09-13 오전 10:43:20,아진산업,3100,3235,2750
2018-09-13 오전 10:43:20,아진산업,3100,3235,2750
2018-09-13 오전 10:43:20,아진산업,3100,3235,2750
2018-09-13 오전 10:43:20,아진산업,3100,3235,2750
2018-09-13 오전 10:43:20,아진산업,3100,3235,2750
2018-09-13 오전 10:43:20,아진산업,3100,3235,2750
2018-09-13 오전 10:43:20,아진산업,3100,3235,2750
2018-09-13 오전 10:43:21,아진산업,3105,3235,2750
2018-09-13 오전 10:43:21,아진산업,3105,3235,2750
2018-09-13 오전 10:43:21,아진산업,3100,3235,2750
2018-09-13 오전 10:43:22,아진산업,3100,3235,2750
2018-09-13 오전 10:43:22,아진산업,3105,3235,2750
2018-09-13 오전 10:43:22,아진산업,3100,3235,2750
2018-09-13 오전 10:43:22,아진산업,3100,3235,2750
2018-09-13 오전 10:43:23,아진산업,3105,3235,2750
2018-09-13 오전 10:43:23,아진산업,3100,3235,2750
2018-09-13 오전 10:43:23,아진산업,3105,3235,2750
2018-09-13 오전 10:43:23,아진산업,3100,3235,2750
2018-09-13 오전 10:43:24,아진산업,3100,3235,2750
2018-09-13 오전 10:43:24,아진산업,3105,3235,2750
2018-09-13 오전 10:43:24,아진산업,3105,3235,2750
2018-09-13 오전 10:43:24,아진산업,3105,3235,2750
2018-09-13 오전 10:43:24,아진산업,3105,3235,2750
2018-09-13 오전 10:43:25,아진산업,3100,3235,2750
2018-09-13 오전 10:43:25,아진산업,3105,3235,2750
2018-09-13 오전 10:43:25,아진산업,3105,3235,2750
2018-09-13 오전 10:43:25,아진산업,3100,3235,2750
2018-09-13 오전 10:43:26,아진산업,3105,3235,2750
2018-09-13 오전 10:43:26,아진산업,3105,3235,2750
2018-09-13 오전 10:43:26,아진산업,3105,3235,2750
2018-09-13 오전 10:43:26,아진산업,3105,3235,2750
2018-09-13 오전 10:43:26,아진산업,3105,3235,2750
2018-09-13 오전 10:43:27,아진산업,3100,3235,2750
2018-09-13 오전 10:43:27,아진산업,3100,3235,2750
2018-09-13 오전 10:43:27,아진산업,3105,3235,2750
2018-09-13 오전 10:43:27,아진산업,3105,3235,2750
2018-09-13 오전 10:43:27,아진산업,3105,3235,2750
2018-09-13 오전 10:43:28,아진산업,3105,3235,2750
2018-09-13 오전 10:43:28,아진산업,3105,3235,2750
2018-09-13 오전 10:43:28,아진산업,3100,3235,2750
2018-09-13 오전 10:43:29,아진산업,3105,3235,2750
2018-09-13 오전 10:43:29,아진산업,3100,3235,2750
2018-09-13 오전 10:43:29,아진산업,3105,3235,2750
2018-09-13 오전 10:43:31,아진산업,3105,3235,2750
2018-09-13 오전 10:43:31,아진산업,3100,3235,2750
2018-09-13 오전 10:43:31,아진산업,3100,3235,2750
2018-09-13 오전 10:43:31,아진산업,3105,3235,2750
2018-09-13 오전 10:43:33,아진산업,3095,3235,2750
2018-09-13 오전 10:43:33,아진산업,3095,3235,2750
2018-09-13 오전 10:43:33,아진산업,3105,3235,2750
2018-09-13 오전 10:43:34,아진산업,3105,3235,2750
2018-09-13 오전 10:43:34,아진산업,3090,3235,2750
2018-09-13 오전 10:43:35,아진산업,3100,3235,2750
2018-09-13 오전 10:43:35,아진산업,3095,3235,2750
2018-09-13 오전 10:43:35,아진산업,3090,3235,2750
2018-09-13 오전 10:43:35,아진산업,3090,3235,2750
2018-09-13 오전 10:43:36,아진산업,3090,3235,2750
2018-09-13 오전 10:43:36,아진산업,3090,3235,2750
2018-09-13 오전 10:43:36,아진산업,3090,3235,2750
2018-09-13 오전 10:43:36,아진산업,3100,3235,2750
2018-09-13 오전 10:43:36,아진산업,3090,3235,2750
2018-09-13 오전 10:43:37,아진산업,3100,3235,2750
2018-09-13 오전 10:43:37,아진산업,3090,3235,2750
2018-09-13 오전 10:43:37,아진산업,3085,3235,2750
2018-09-13 오전 10:43:38,아진산업,3090,3235,2750
2018-09-13 오전 10:43:38,아진산업,3090,3235,2750
2018-09-13 오전 10:43:38,아진산업,3100,3235,2750
2018-09-13 오전 10:43:38,아진산업,3105,3235,2750
2018-09-13 오전 10:43:39,아진산업,3085,3235,2750
2018-09-13 오전 10:43:40,아진산업,3105,3235,2750
2018-09-13 오전 10:43:41,아진산업,3085,3235,2750
2018-09-13 오전 10:43:41,아진산업,3080,3235,2750
2018-09-13 오전 10:43:42,아진산업,3100,3235,2750
2018-09-13 오전 10:43:42,아진산업,3100,3235,2750
2018-09-13 오전 10:43:44,아진산업,3085,3235,2750
2018-09-13 오전 10:43:44,아진산업,3080,3235,2750
2018-09-13 오전 10:43:44,아진산업,3100,3235,2750
2018-09-13 오전 10:43:45,아진산업,3085,3235,2750
2018-09-13 오전 10:43:45,아진산업,3085,3235,2750
2018-09-13 오전 10:43:45,아진산업,3100,3235,2750
2018-09-13 오전 10:43:45,아진산업,3085,3235,2750
2018-09-13 오전 10:43:46,아진산업,3085,3235,2750
2018-09-13 오전 10:43:47,아진산업,3095,3235,2750
2018-09-13 오전 10:43:48,아진산업,3095,3235,2750
2018-09-13 오전 10:43:48,아진산업,3095,3235,2750
2018-09-13 오전 10:43:51,아진산업,3095,3235,2750
2018-09-13 오전 10:43:51,아진산업,3090,3235,2750
2018-09-13 오전 10:43:51,아진산업,3090,3235,2750
2018-09-13 오전 10:43:52,아진산업,3090,3235,2750
2018-09-13 오전 10:43:52,아진산업,3095,3235,2750
2018-09-13 오전 10:43:53,아진산업,3085,3235,2750
2018-09-13 오전 10:43:54,아진산업,3085,3235,2750
2018-09-13 오전 10:43:55,아진산업,3085,3235,2750
2018-09-13 오전 10:43:56,아진산업,3090,3235,2750
2018-09-13 오전 10:43:56,아진산업,3085,3235,2750
2018-09-13 오전 10:43:56,아진산업,3085,3235,2750
2018-09-13 오전 10:43:56,아진산업,3095,3235,2750
2018-09-13 오전 10:43:56,아진산업,3085,3235,2750
2018-09-13 오전 10:43:56,아진산업,3085,3235,2750
2018-09-13 오전 10:43:56,아진산업,3085,3235,2750
2018-09-13 오전 10:43:58,아진산업,3085,3235,2750
2018-09-13 오전 10:43:59,아진산업,3085,3235,2750
2018-09-13 오전 10:43:59,아진산업,3090,3235,2750
2018-09-13 오전 10:43:59,아진산업,3085,3235,2750
2018-09-13 오전 10:44:03,아진산업,3085,3235,2750
2018-09-13 오전 10:44:04,아진산업,3080,3235,2750
2018-09-13 오전 10:44:04,아진산업,3080,3235,2750
2018-09-13 오전 10:44:04,아진산업,3080,3235,2750
2018-09-13 오전 10:44:04,아진산업,3080,3235,2750
2018-09-13 오전 10:44:04,아진산업,3080,3235,2750
2018-09-13 오전 10:44:04,아진산업,3080,3235,2750
2018-09-13 오전 10:44:04,아진산업,3075,3235,2750
2018-09-13 오전 10:44:04,아진산업,3070,3235,2750
2018-09-13 오전 10:44:05,아진산업,3070,3235,2750
2018-09-13 오전 10:44:05,아진산업,3070,3235,2750
2018-09-13 오전 10:44:05,아진산업,3070,3235,2750
2018-09-13 오전 10:44:05,아진산업,3070,3235,2750
2018-09-13 오전 10:44:05,아진산업,3070,3235,2750
2018-09-13 오전 10:44:05,아진산업,3065,3235,2750
2018-09-13 오전 10:44:05,아진산업,3065,3235,2750
2018-09-13 오전 10:44:05,아진산업,3070,3235,2750
2018-09-13 오전 10:44:05,아진산업,3070,3235,2750
2018-09-13 오전 10:44:05,아진산업,3080,3235,2750
2018-09-13 오전 10:44:05,아진산업,3065,3235,2750
2018-09-13 오전 10:44:06,아진산업,3065,3235,2750
2018-09-13 오전 10:44:06,아진산업,3065,3235,2750
2018-09-13 오전 10:44:06,아진산업,3065,3235,2750
2018-09-13 오전 10:44:07,아진산업,3065,3235,2750
2018-09-13 오전 10:44:07,아진산업,3065,3235,2750
2018-09-13 오전 10:44:07,아진산업,3065,3235,2750
2018-09-13 오전 10:44:08,아진산업,3065,3235,2750
2018-09-13 오전 10:44:09,아진산업,3060,3235,2750
2018-09-13 오전 10:44:11,아진산업,3065,3235,2750
2018-09-13 오전 10:44:11,아진산업,3060,3235,2750
2018-09-13 오전 10:44:11,아진산업,3060,3235,2750
2018-09-13 오전 10:44:11,아진산업,3060,3235,2750
2018-09-13 오전 10:44:11,아진산업,3065,3235,2750
2018-09-13 오전 10:44:11,아진산업,3075,3235,2750
2018-09-13 오전 10:44:11,아진산업,3065,3235,2750
2018-09-13 오전 10:44:11,아진산업,3060,3235,2750
2018-09-13 오전 10:44:12,아진산업,3065,3235,2750
2018-09-13 오전 10:44:12,아진산업,3065,3235,2750
2018-09-13 오전 10:44:12,아진산업,3065,3235,2750
2018-09-13 오전 10:44:13,아진산업,3065,3235,2750
2018-09-13 오전 10:44:13,아진산업,3065,3235,2750
2018-09-13 오전 10:44:16,아진산업,3075,3235,2750
2018-09-13 오전 10:44:16,아진산업,3065,3235,2750
2018-09-13 오전 10:44:18,아진산업,3065,3235,2750
2018-09-13 오전 10:44:18,아진산업,3065,3235,2750
2018-09-13 오전 10:44:19,아진산업,3075,3235,2750
2018-09-13 오전 10:44:19,아진산업,3070,3235,2750
2018-09-13 오전 10:44:19,아진산업,3070,3235,2750
2018-09-13 오전 10:44:19,아진산업,3065,3235,2750
2018-09-13 오전 10:44:19,아진산업,3065,3235,2750
2018-09-13 오전 10:44:19,아진산업,3065,3235,2750
2018-09-13 오전 10:44:19,아진산업,3060,3235,2750
2018-09-13 오전 10:44:19,아진산업,3055,3235,2750
2018-09-13 오전 10:44:20,아진산업,3055,3235,2750
2018-09-13 오전 10:44:20,아진산업,3050,3235,2750
2018-09-13 오전 10:44:20,아진산업,3050,3235,2750
2018-09-13 오전 10:44:20,아진산업,3050,3235,2750
2018-09-13 오전 10:44:21,아진산업,3050,3235,2750
2018-09-13 오전 10:44:21,아진산업,3050,3235,2750
2018-09-13 오전 10:44:21,아진산업,3050,3235,2750
2018-09-13 오전 10:44:21,아진산업,3055,3235,2750
2018-09-13 오전 10:44:21,아진산업,3055,3235,2750
2018-09-13 오전 10:44:21,아진산업,3055,3235,2750
2018-09-13 오전 10:44:21,아진산업,3050,3235,2750
2018-09-13 오전 10:44:22,아진산업,3050,3235,2750
2018-09-13 오전 10:44:22,아진산업,3050,3235,2750
2018-09-13 오전 10:44:22,아진산업,3050,3235,2750
2018-09-13 오전 10:44:22,아진산업,3045,3235,2750
