2018-09-13 오후 2:03:44,수산중공업,1965,2040,1850
2018-09-13 오후 2:03:50,수산중공업,1965,2040,1850
2018-09-13 오후 2:03:57,수산중공업,1965,2040,1850
2018-09-13 오후 2:04:05,수산중공업,1965,2040,1850
2018-09-13 오후 2:04:10,수산중공업,1965,2040,1850
2018-09-13 오후 2:04:11,수산중공업,1965,2040,1850
2018-09-13 오후 2:04:16,수산중공업,1965,2040,1850
2018-09-13 오후 2:04:17,수산중공업,1965,2040,1850
2018-09-13 오후 2:04:20,수산중공업,1965,2040,1850
2018-09-13 오후 2:04:24,수산중공업,1965,2040,1850
2018-09-13 오후 2:04:35,수산중공업,1965,2040,1850
2018-09-13 오후 2:04:36,수산중공업,1960,2040,1850
2018-09-13 오후 2:04:43,수산중공업,1960,2040,1850
2018-09-13 오후 2:04:44,수산중공업,1960,2040,1850
2018-09-13 오후 2:04:46,수산중공업,1960,2040,1850
2018-09-13 오후 2:04:47,수산중공업,1960,2040,1850
2018-09-13 오후 2:04:49,수산중공업,1960,2040,1850
2018-09-13 오후 2:04:49,수산중공업,1960,2040,1850
2018-09-13 오후 2:04:49,수산중공업,1965,2040,1850
2018-09-13 오후 2:04:54,수산중공업,1960,2040,1850
2018-09-13 오후 2:05:13,수산중공업,1960,2040,1850
2018-09-13 오후 2:05:13,수산중공업,1960,2040,1850
2018-09-13 오후 2:05:19,수산중공업,1960,2040,1850
2018-09-13 오후 2:05:27,수산중공업,1960,2040,1850
2018-09-13 오후 2:05:27,수산중공업,1955,2040,1850
2018-09-13 오후 2:05:29,수산중공업,1960,2040,1850
2018-09-13 오후 2:05:44,수산중공업,1960,2040,1850
2018-09-13 오후 2:05:44,수산중공업,1960,2040,1850
2018-09-13 오후 2:05:46,수산중공업,1960,2040,1850
2018-09-13 오후 2:05:46,수산중공업,1960,2040,1850
2018-09-13 오후 2:05:48,수산중공업,1960,2040,1850
2018-09-13 오후 2:05:50,수산중공업,1960,2040,1850
2018-09-13 오후 2:05:56,수산중공업,1960,2040,1850
2018-09-13 오후 2:06:07,수산중공업,1960,2040,1850
2018-09-13 오후 2:06:17,수산중공업,1960,2040,1850
2018-09-13 오후 2:06:20,수산중공업,1960,2040,1850
2018-09-13 오후 2:06:20,수산중공업,1955,2040,1850
2018-09-13 오후 2:06:27,수산중공업,1955,2040,1850
2018-09-13 오후 2:06:27,수산중공업,1955,2040,1850
2018-09-13 오후 2:06:28,수산중공업,1965,2040,1850
2018-09-13 오후 2:06:28,수산중공업,1970,2040,1850
2018-09-13 오후 2:06:33,수산중공업,1970,2040,1850
2018-09-13 오후 2:06:36,수산중공업,1970,2040,1850
2018-09-13 오후 2:06:37,수산중공업,1970,2040,1850
2018-09-13 오후 2:06:52,수산중공업,1970,2040,1850
2018-09-13 오후 2:07:05,수산중공업,1960,2040,1850
2018-09-13 오후 2:07:13,수산중공업,1960,2040,1850
2018-09-13 오후 2:07:15,수산중공업,1960,2040,1850
2018-09-13 오후 2:07:20,수산중공업,1960,2040,1850
2018-09-13 오후 2:07:20,수산중공업,1960,2040,1850
2018-09-13 오후 2:07:41,수산중공업,1960,2040,1850
2018-09-13 오후 2:07:41,수산중공업,1955,2040,1850
2018-09-13 오후 2:07:45,수산중공업,1965,2040,1850
2018-09-13 오후 2:07:51,수산중공업,1965,2040,1850
2018-09-13 오후 2:08:10,수산중공업,1965,2040,1850
2018-09-13 오후 2:08:12,수산중공업,1965,2040,1850
2018-09-13 오후 2:08:14,수산중공업,1960,2040,1850
2018-09-13 오후 2:08:19,수산중공업,1965,2040,1850
2018-09-13 오후 2:08:33,수산중공업,1965,2040,1850
2018-09-13 오후 2:08:38,수산중공업,1965,2040,1850
2018-09-13 오후 2:08:40,수산중공업,1965,2040,1850
2018-09-13 오후 2:08:45,수산중공업,1970,2040,1850
2018-09-13 오후 2:08:58,수산중공업,1970,2040,1850
2018-09-13 오후 2:09:07,수산중공업,1970,2040,1850
2018-09-13 오후 2:09:13,수산중공업,1970,2040,1850
2018-09-13 오후 2:09:13,수산중공업,1970,2040,1850
2018-09-13 오후 2:09:17,수산중공업,1975,2040,1850
2018-09-13 오후 2:09:32,수산중공업,1970,2040,1850
2018-09-13 오후 2:09:39,수산중공업,1970,2040,1850
2018-09-13 오후 2:09:39,수산중공업,1970,2040,1850
2018-09-13 오후 2:09:56,수산중공업,1970,2040,1850
2018-09-13 오후 2:10:03,수산중공업,1965,2040,1850
2018-09-13 오후 2:10:11,수산중공업,1965,2040,1850
2018-09-13 오후 2:10:20,수산중공업,1965,2040,1850
2018-09-13 오후 2:10:28,수산중공업,1970,2040,1850
2018-09-13 오후 2:10:29,수산중공업,1970,2040,1850
2018-09-13 오후 2:10:30,수산중공업,1970,2040,1850
2018-09-13 오후 2:10:47,수산중공업,1970,2040,1850
2018-09-13 오후 2:10:47,수산중공업,1970,2040,1850
2018-09-13 오후 2:10:48,수산중공업,1965,2040,1850
2018-09-13 오후 2:10:57,수산중공업,1970,2040,1850
2018-09-13 오후 2:10:57,수산중공업,1965,2040,1850
2018-09-13 오후 2:10:58,수산중공업,1975,2040,1850
2018-09-13 오후 2:10:59,수산중공업,1965,2040,1850
2018-09-13 오후 2:11:00,수산중공업,1965,2040,1850
2018-09-13 오후 2:11:03,수산중공업,1965,2040,1850
2018-09-13 오후 2:11:37,수산중공업,1965,2040,1850
2018-09-13 오후 2:11:38,수산중공업,1960,2040,1850
2018-09-13 오후 2:11:38,수산중공업,1965,2040,1850
2018-09-13 오후 2:11:39,수산중공업,1960,2040,1850
2018-09-13 오후 2:11:40,수산중공업,1965,2040,1850
2018-09-13 오후 2:11:57,수산중공업,1965,2040,1850
2018-09-13 오후 2:12:01,수산중공업,1965,2040,1850
2018-09-13 오후 2:12:03,수산중공업,1970,2040,1850
2018-09-13 오후 2:12:04,수산중공업,1970,2040,1850
2018-09-13 오후 2:12:05,수산중공업,1965,2040,1850
2018-09-13 오후 2:12:11,수산중공업,1970,2040,1850
2018-09-13 오후 2:12:21,수산중공업,1970,2040,1850
2018-09-13 오후 2:12:21,수산중공업,1970,2040,1850
2018-09-13 오후 2:12:36,수산중공업,1965,2040,1850
2018-09-13 오후 2:12:40,수산중공업,1970,2040,1850
2018-09-13 오후 2:12:44,수산중공업,1970,2040,1850
2018-09-13 오후 2:12:53,수산중공업,1970,2040,1850
2018-09-13 오후 2:12:54,수산중공업,1965,2040,1850
2018-09-13 오후 2:12:57,수산중공업,1970,2040,1850
2018-09-13 오후 2:13:02,수산중공업,1970,2040,1850
2018-09-13 오후 2:13:05,수산중공업,1970,2040,1850
2018-09-13 오후 2:13:11,수산중공업,1965,2040,1850
2018-09-13 오후 2:13:11,수산중공업,1970,2040,1850
2018-09-13 오후 2:13:15,수산중공업,1970,2040,1850
2018-09-13 오후 2:13:16,수산중공업,1970,2040,1850
2018-09-13 오후 2:13:18,수산중공업,1970,2040,1850
2018-09-13 오후 2:13:22,수산중공업,1970,2040,1850
2018-09-13 오후 2:13:24,수산중공업,1970,2040,1850
2018-09-13 오후 2:13:27,수산중공업,1970,2040,1850
2018-09-13 오후 2:13:31,수산중공업,1970,2040,1850
2018-09-13 오후 2:13:38,수산중공업,1970,2040,1850
2018-09-13 오후 2:13:52,수산중공업,1970,2040,1850
2018-09-13 오후 2:14:06,수산중공업,1970,2040,1850
2018-09-13 오후 2:14:09,수산중공업,1970,2040,1850
2018-09-13 오후 2:14:12,수산중공업,1970,2040,1850
2018-09-13 오후 2:14:20,수산중공업,1970,2040,1850
2018-09-13 오후 2:14:33,수산중공업,1965,2040,1850
2018-09-13 오후 2:14:33,수산중공업,1965,2040,1850
2018-09-13 오후 2:14:40,수산중공업,1970,2040,1850
2018-09-13 오후 2:14:44,수산중공업,1970,2040,1850
2018-09-13 오후 2:14:44,수산중공업,1970,2040,1850
2018-09-13 오후 2:14:48,수산중공업,1970,2040,1850
2018-09-13 오후 2:14:52,수산중공업,1970,2040,1850
2018-09-13 오후 2:15:01,수산중공업,1965,2040,1850
2018-09-13 오후 2:15:08,수산중공업,1970,2040,1850
2018-09-13 오후 2:15:10,수산중공업,1970,2040,1850
2018-09-13 오후 2:15:26,수산중공업,1970,2040,1850
2018-09-13 오후 2:15:27,수산중공업,1970,2040,1850
2018-09-13 오후 2:15:31,수산중공업,1970,2040,1850
2018-09-13 오후 2:15:31,수산중공업,1970,2040,1850
2018-09-13 오후 2:15:31,수산중공업,1975,2040,1850
2018-09-13 오후 2:15:36,수산중공업,1975,2040,1850
2018-09-13 오후 2:15:36,수산중공업,1975,2040,1850
2018-09-13 오후 2:15:38,수산중공업,1975,2040,1850
2018-09-13 오후 2:15:40,수산중공업,1975,2040,1850
2018-09-13 오후 2:15:45,수산중공업,1975,2040,1850
2018-09-13 오후 2:15:47,수산중공업,1975,2040,1850
2018-09-13 오후 2:15:49,수산중공업,1975,2040,1850
2018-09-13 오후 2:15:49,수산중공업,1975,2040,1850
2018-09-13 오후 2:15:51,수산중공업,1975,2040,1850
2018-09-13 오후 2:15:56,수산중공업,1975,2040,1850
2018-09-13 오후 2:15:58,수산중공업,1975,2040,1850
2018-09-13 오후 2:15:59,수산중공업,1975,2040,1850
2018-09-13 오후 2:16:00,수산중공업,1975,2040,1850
2018-09-13 오후 2:16:00,수산중공업,1975,2040,1850
2018-09-13 오후 2:16:02,수산중공업,1975,2040,1850
2018-09-13 오후 2:16:04,수산중공업,1975,2040,1850
2018-09-13 오후 2:16:07,수산중공업,1975,2040,1850
2018-09-13 오후 2:16:08,수산중공업,1975,2040,1850
2018-09-13 오후 2:16:14,수산중공업,1975,2040,1850
2018-09-13 오후 2:16:26,수산중공업,1975,2040,1850
2018-09-13 오후 2:16:28,수산중공업,1975,2040,1850
2018-09-13 오후 2:16:29,수산중공업,1975,2040,1850
2018-09-13 오후 2:16:51,수산중공업,1970,2040,1850
2018-09-13 오후 2:16:53,수산중공업,1975,2040,1850
2018-09-13 오후 2:17:01,수산중공업,1970,2040,1850
2018-09-13 오후 2:17:10,수산중공업,1975,2040,1850
2018-09-13 오후 2:17:10,수산중공업,1975,2040,1850
2018-09-13 오후 2:17:20,수산중공업,1975,2040,1850
2018-09-13 오후 2:17:22,수산중공업,1975,2040,1850
2018-09-13 오후 2:17:25,수산중공업,1975,2040,1850
2018-09-13 오후 2:17:27,수산중공업,1975,2040,1850
2018-09-13 오후 2:17:32,수산중공업,1975,2040,1850
2018-09-13 오후 2:17:42,수산중공업,1975,2040,1850
2018-09-13 오후 2:17:46,수산중공업,1975,2040,1850
2018-09-13 오후 2:17:46,수산중공업,1975,2040,1850
2018-09-13 오후 2:17:48,수산중공업,1975,2040,1850
2018-09-13 오후 2:17:54,수산중공업,1970,2040,1850
2018-09-13 오후 2:18:02,수산중공업,1970,2040,1850
2018-09-13 오후 2:18:05,수산중공업,1975,2040,1850
2018-09-13 오후 2:18:09,수산중공업,1975,2040,1850
2018-09-13 오후 2:18:14,수산중공업,1970,2040,1850
2018-09-13 오후 2:18:16,수산중공업,1975,2040,1850
2018-09-13 오후 2:18:17,수산중공업,1975,2040,1850
2018-09-13 오후 2:18:18,수산중공업,1970,2040,1850
2018-09-13 오후 2:18:20,수산중공업,1975,2040,1850
2018-09-13 오후 2:18:22,수산중공업,1975,2040,1850
2018-09-13 오후 2:18:24,수산중공업,1975,2040,1850
2018-09-13 오후 2:18:28,수산중공업,1975,2040,1850
2018-09-13 오후 2:18:33,수산중공업,1975,2040,1850
2018-09-13 오후 2:18:37,수산중공업,1975,2040,1850
2018-09-13 오후 2:18:38,수산중공업,1975,2040,1850
2018-09-13 오후 2:18:45,수산중공업,1975,2040,1850
2018-09-13 오후 2:18:57,수산중공업,1975,2040,1850
2018-09-13 오후 2:18:59,수산중공업,1970,2040,1850
2018-09-13 오후 2:18:59,수산중공업,1975,2040,1850
2018-09-13 오후 2:19:00,수산중공업,1970,2040,1850
2018-09-13 오후 2:19:01,수산중공업,1975,2040,1850
2018-09-13 오후 2:19:01,수산중공업,1970,2040,1850
2018-09-13 오후 2:19:01,수산중공업,1975,2040,1850
2018-09-13 오후 2:19:01,수산중공업,1970,2040,1850
2018-09-13 오후 2:19:02,수산중공업,1975,2040,1850
2018-09-13 오후 2:19:02,수산중공업,1970,2040,1850
2018-09-13 오후 2:19:02,수산중공업,1975,2040,1850
2018-09-13 오후 2:19:02,수산중공업,1970,2040,1850
2018-09-13 오후 2:19:03,수산중공업,1975,2040,1850
2018-09-13 오후 2:19:03,수산중공업,1970,2040,1850
2018-09-13 오후 2:19:03,수산중공업,1975,2040,1850
2018-09-13 오후 2:19:03,수산중공업,1975,2040,1850
2018-09-13 오후 2:19:03,수산중공업,1975,2040,1850
2018-09-13 오후 2:19:03,수산중공업,1980,2040,1850
2018-09-13 오후 2:19:04,수산중공업,1975,2040,1850
2018-09-13 오후 2:19:04,수산중공업,1980,2040,1850
2018-09-13 오후 2:19:04,수산중공업,1975,2040,1850
2018-09-13 오후 2:19:04,수산중공업,1980,2040,1850
2018-09-13 오후 2:19:05,수산중공업,1975,2040,1850
2018-09-13 오후 2:19:05,수산중공업,1980,2040,1850
2018-09-13 오후 2:19:05,수산중공업,1975,2040,1850
2018-09-13 오후 2:19:05,수산중공업,1980,2040,1850
2018-09-13 오후 2:19:05,수산중공업,1975,2040,1850
2018-09-13 오후 2:19:06,수산중공업,1980,2040,1850
2018-09-13 오후 2:19:06,수산중공업,1975,2040,1850
2018-09-13 오후 2:19:06,수산중공업,1980,2040,1850
2018-09-13 오후 2:19:06,수산중공업,1975,2040,1850
2018-09-13 오후 2:19:07,수산중공업,1980,2040,1850
2018-09-13 오후 2:19:07,수산중공업,1975,2040,1850
2018-09-13 오후 2:19:07,수산중공업,1980,2040,1850
2018-09-13 오후 2:19:07,수산중공업,1975,2040,1850
2018-09-13 오후 2:19:07,수산중공업,1980,2040,1850
2018-09-13 오후 2:19:08,수산중공업,1975,2040,1850
2018-09-13 오후 2:19:08,수산중공업,1980,2040,1850
2018-09-13 오후 2:19:08,수산중공업,1975,2040,1850
2018-09-13 오후 2:19:08,수산중공업,1980,2040,1850
2018-09-13 오후 2:19:08,수산중공업,1975,2040,1850
2018-09-13 오후 2:19:09,수산중공업,1980,2040,1850
2018-09-13 오후 2:19:09,수산중공업,1975,2040,1850
2018-09-13 오후 2:19:09,수산중공업,1980,2040,1850
2018-09-13 오후 2:19:09,수산중공업,1975,2040,1850
2018-09-13 오후 2:19:09,수산중공업,1980,2040,1850
2018-09-13 오후 2:19:10,수산중공업,1975,2040,1850
2018-09-13 오후 2:19:10,수산중공업,1980,2040,1850
2018-09-13 오후 2:19:10,수산중공업,1975,2040,1850
2018-09-13 오후 2:19:10,수산중공업,1980,2040,1850
2018-09-13 오후 2:19:11,수산중공업,1975,2040,1850
2018-09-13 오후 2:19:11,수산중공업,1980,2040,1850
2018-09-13 오후 2:19:11,수산중공업,1975,2040,1850
2018-09-13 오후 2:19:11,수산중공업,1980,2040,1850
2018-09-13 오후 2:19:11,수산중공업,1975,2040,1850
2018-09-13 오후 2:19:12,수산중공업,1980,2040,1850
2018-09-13 오후 2:19:12,수산중공업,1975,2040,1850
2018-09-13 오후 2:19:12,수산중공업,1980,2040,1850
2018-09-13 오후 2:19:12,수산중공업,1975,2040,1850
2018-09-13 오후 2:19:12,수산중공업,1980,2040,1850
2018-09-13 오후 2:19:13,수산중공업,1975,2040,1850
2018-09-13 오후 2:19:13,수산중공업,1980,2040,1850
2018-09-13 오후 2:19:13,수산중공업,1975,2040,1850
2018-09-13 오후 2:19:13,수산중공업,1980,2040,1850
2018-09-13 오후 2:19:13,수산중공업,1975,2040,1850
2018-09-13 오후 2:19:14,수산중공업,1980,2040,1850
2018-09-13 오후 2:19:14,수산중공업,1975,2040,1850
2018-09-13 오후 2:19:14,수산중공업,1980,2040,1850
2018-09-13 오후 2:19:14,수산중공업,1975,2040,1850
2018-09-13 오후 2:19:15,수산중공업,1980,2040,1850
2018-09-13 오후 2:19:15,수산중공업,1980,2040,1850
2018-09-13 오후 2:19:15,수산중공업,1975,2040,1850
2018-09-13 오후 2:19:15,수산중공업,1980,2040,1850
2018-09-13 오후 2:19:15,수산중공업,1975,2040,1850
2018-09-13 오후 2:19:15,수산중공업,1980,2040,1850
2018-09-13 오후 2:19:16,수산중공업,1975,2040,1850
2018-09-13 오후 2:19:16,수산중공업,1980,2040,1850
2018-09-13 오후 2:19:16,수산중공업,1975,2040,1850
2018-09-13 오후 2:19:16,수산중공업,1980,2040,1850
2018-09-13 오후 2:19:16,수산중공업,1975,2040,1850
2018-09-13 오후 2:19:17,수산중공업,1980,2040,1850
2018-09-13 오후 2:19:17,수산중공업,1975,2040,1850
2018-09-13 오후 2:19:17,수산중공업,1980,2040,1850
2018-09-13 오후 2:19:17,수산중공업,1975,2040,1850
2018-09-13 오후 2:19:17,수산중공업,1980,2040,1850
2018-09-13 오후 2:19:18,수산중공업,1975,2040,1850
2018-09-13 오후 2:19:18,수산중공업,1980,2040,1850
2018-09-13 오후 2:19:18,수산중공업,1975,2040,1850
2018-09-13 오후 2:19:18,수산중공업,1980,2040,1850
2018-09-13 오후 2:19:18,수산중공업,1975,2040,1850
2018-09-13 오후 2:19:19,수산중공업,1980,2040,1850
2018-09-13 오후 2:19:19,수산중공업,1975,2040,1850
2018-09-13 오후 2:19:19,수산중공업,1980,2040,1850
2018-09-13 오후 2:19:19,수산중공업,1975,2040,1850
2018-09-13 오후 2:19:20,수산중공업,1980,2040,1850
2018-09-13 오후 2:19:20,수산중공업,1975,2040,1850
2018-09-13 오후 2:19:20,수산중공업,1980,2040,1850
2018-09-13 오후 2:19:20,수산중공업,1975,2040,1850
2018-09-13 오후 2:19:20,수산중공업,1980,2040,1850
2018-09-13 오후 2:19:20,수산중공업,1980,2040,1850
2018-09-13 오후 2:19:21,수산중공업,1975,2040,1850
2018-09-13 오후 2:19:21,수산중공업,1980,2040,1850
2018-09-13 오후 2:19:21,수산중공업,1975,2040,1850
2018-09-13 오후 2:19:21,수산중공업,1980,2040,1850
2018-09-13 오후 2:19:21,수산중공업,1975,2040,1850
2018-09-13 오후 2:19:22,수산중공업,1980,2040,1850
2018-09-13 오후 2:19:22,수산중공업,1980,2040,1850
2018-09-13 오후 2:19:22,수산중공업,1975,2040,1850
2018-09-13 오후 2:19:22,수산중공업,1980,2040,1850
2018-09-13 오후 2:19:22,수산중공업,1975,2040,1850
2018-09-13 오후 2:19:22,수산중공업,1980,2040,1850
2018-09-13 오후 2:19:23,수산중공업,1975,2040,1850
2018-09-13 오후 2:19:23,수산중공업,1980,2040,1850
2018-09-13 오후 2:19:23,수산중공업,1975,2040,1850
2018-09-13 오후 2:19:23,수산중공업,1980,2040,1850
2018-09-13 오후 2:19:23,수산중공업,1975,2040,1850
2018-09-13 오후 2:19:24,수산중공업,1980,2040,1850
2018-09-13 오후 2:19:24,수산중공업,1975,2040,1850
2018-09-13 오후 2:19:24,수산중공업,1980,2040,1850
2018-09-13 오후 2:19:24,수산중공업,1980,2040,1850
2018-09-13 오후 2:19:24,수산중공업,1975,2040,1850
2018-09-13 오후 2:19:24,수산중공업,1980,2040,1850
2018-09-13 오후 2:19:25,수산중공업,1975,2040,1850
2018-09-13 오후 2:19:25,수산중공업,1980,2040,1850
2018-09-13 오후 2:19:25,수산중공업,1980,2040,1850
2018-09-13 오후 2:19:25,수산중공업,1975,2040,1850
2018-09-13 오후 2:19:25,수산중공업,1980,2040,1850
2018-09-13 오후 2:19:25,수산중공업,1980,2040,1850
2018-09-13 오후 2:19:25,수산중공업,1975,2040,1850
2018-09-13 오후 2:19:26,수산중공업,1980,2040,1850
2018-09-13 오후 2:19:26,수산중공업,1980,2040,1850
2018-09-13 오후 2:19:26,수산중공업,1975,2040,1850
2018-09-13 오후 2:19:26,수산중공업,1980,2040,1850
2018-09-13 오후 2:19:26,수산중공업,1975,2040,1850
2018-09-13 오후 2:19:26,수산중공업,1980,2040,1850
2018-09-13 오후 2:19:27,수산중공업,1975,2040,1850
2018-09-13 오후 2:19:27,수산중공업,1980,2040,1850
2018-09-13 오후 2:19:27,수산중공업,1980,2040,1850
2018-09-13 오후 2:19:27,수산중공업,1975,2040,1850
2018-09-13 오후 2:19:27,수산중공업,1980,2040,1850
2018-09-13 오후 2:19:27,수산중공업,1980,2040,1850
2018-09-13 오후 2:19:27,수산중공업,1975,2040,1850
2018-09-13 오후 2:19:28,수산중공업,1980,2040,1850
2018-09-13 오후 2:19:28,수산중공업,1975,2040,1850
2018-09-13 오후 2:19:28,수산중공업,1980,2040,1850
2018-09-13 오후 2:19:28,수산중공업,1975,2040,1850
2018-09-13 오후 2:19:28,수산중공업,1980,2040,1850
2018-09-13 오후 2:19:29,수산중공업,1975,2040,1850
2018-09-13 오후 2:19:29,수산중공업,1980,2040,1850
2018-09-13 오후 2:19:29,수산중공업,1980,2040,1850
2018-09-13 오후 2:19:29,수산중공업,1980,2040,1850
2018-09-13 오후 2:19:29,수산중공업,1975,2040,1850
2018-09-13 오후 2:19:29,수산중공업,1980,2040,1850
2018-09-13 오후 2:19:29,수산중공업,1975,2040,1850
2018-09-13 오후 2:19:30,수산중공업,1980,2040,1850
2018-09-13 오후 2:19:30,수산중공업,1980,2040,1850
2018-09-13 오후 2:19:30,수산중공업,1975,2040,1850
2018-09-13 오후 2:19:30,수산중공업,1980,2040,1850
2018-09-13 오후 2:19:30,수산중공업,1975,2040,1850
2018-09-13 오후 2:19:30,수산중공업,1980,2040,1850
2018-09-13 오후 2:19:30,수산중공업,1985,2040,1850
2018-09-13 오후 2:19:30,수산중공업,1975,2040,1850
2018-09-13 오후 2:19:31,수산중공업,1985,2040,1850
2018-09-13 오후 2:19:31,수산중공업,1975,2040,1850
2018-09-13 오후 2:19:31,수산중공업,1985,2040,1850
2018-09-13 오후 2:19:31,수산중공업,1985,2040,1850
2018-09-13 오후 2:19:31,수산중공업,1975,2040,1850
2018-09-13 오후 2:19:31,수산중공업,1985,2040,1850
2018-09-13 오후 2:19:32,수산중공업,1980,2040,1850
2018-09-13 오후 2:19:32,수산중공업,1985,2040,1850
2018-09-13 오후 2:19:32,수산중공업,1980,2040,1850
2018-09-13 오후 2:19:32,수산중공업,1985,2040,1850
2018-09-13 오후 2:19:33,수산중공업,1980,2040,1850
2018-09-13 오후 2:19:33,수산중공업,1985,2040,1850
2018-09-13 오후 2:19:33,수산중공업,1980,2040,1850
2018-09-13 오후 2:19:33,수산중공업,1985,2040,1850
2018-09-13 오후 2:19:33,수산중공업,1980,2040,1850
2018-09-13 오후 2:19:34,수산중공업,1985,2040,1850
2018-09-13 오후 2:19:34,수산중공업,1980,2040,1850
2018-09-13 오후 2:19:34,수산중공업,1985,2040,1850
2018-09-13 오후 2:19:34,수산중공업,1980,2040,1850
2018-09-13 오후 2:19:34,수산중공업,1985,2040,1850
2018-09-13 오후 2:19:35,수산중공업,1980,2040,1850
2018-09-13 오후 2:19:35,수산중공업,1985,2040,1850
2018-09-13 오후 2:19:35,수산중공업,1980,2040,1850
2018-09-13 오후 2:19:35,수산중공업,1980,2040,1850
2018-09-13 오후 2:19:36,수산중공업,1985,2040,1850
2018-09-13 오후 2:19:36,수산중공업,1980,2040,1850
2018-09-13 오후 2:19:36,수산중공업,1985,2040,1850
2018-09-13 오후 2:19:36,수산중공업,1980,2040,1850
2018-09-13 오후 2:19:36,수산중공업,1985,2040,1850
2018-09-13 오후 2:19:36,수산중공업,1985,2040,1850
2018-09-13 오후 2:19:37,수산중공업,1980,2040,1850
2018-09-13 오후 2:19:37,수산중공업,1985,2040,1850
2018-09-13 오후 2:19:37,수산중공업,1980,2040,1850
2018-09-13 오후 2:19:37,수산중공업,1985,2040,1850
2018-09-13 오후 2:19:37,수산중공업,1980,2040,1850
2018-09-13 오후 2:19:38,수산중공업,1985,2040,1850
2018-09-13 오후 2:19:38,수산중공업,1980,2040,1850
2018-09-13 오후 2:19:38,수산중공업,1985,2040,1850
2018-09-13 오후 2:19:38,수산중공업,1980,2040,1850
2018-09-13 오후 2:19:38,수산중공업,1985,2040,1850
2018-09-13 오후 2:19:39,수산중공업,1980,2040,1850
2018-09-13 오후 2:19:39,수산중공업,1985,2040,1850
2018-09-13 오후 2:19:39,수산중공업,1980,2040,1850
2018-09-13 오후 2:19:39,수산중공업,1985,2040,1850
2018-09-13 오후 2:19:39,수산중공업,1980,2040,1850
2018-09-13 오후 2:19:40,수산중공업,1985,2040,1850
2018-09-13 오후 2:19:40,수산중공업,1980,2040,1850
2018-09-13 오후 2:19:40,수산중공업,1985,2040,1850
2018-09-13 오후 2:19:40,수산중공업,1980,2040,1850
2018-09-13 오후 2:19:40,수산중공업,1985,2040,1850
2018-09-13 오후 2:19:41,수산중공업,1980,2040,1850
2018-09-13 오후 2:19:41,수산중공업,1985,2040,1850
2018-09-13 오후 2:19:41,수산중공업,1980,2040,1850
2018-09-13 오후 2:19:41,수산중공업,1985,2040,1850
2018-09-13 오후 2:19:41,수산중공업,1980,2040,1850
2018-09-13 오후 2:19:42,수산중공업,1985,2040,1850
2018-09-13 오후 2:19:42,수산중공업,1980,2040,1850
2018-09-13 오후 2:19:42,수산중공업,1985,2040,1850
2018-09-13 오후 2:19:42,수산중공업,1985,2040,1850
2018-09-13 오후 2:19:42,수산중공업,1980,2040,1850
2018-09-13 오후 2:19:42,수산중공업,1985,2040,1850
2018-09-13 오후 2:19:43,수산중공업,1980,2040,1850
2018-09-13 오후 2:19:43,수산중공업,1985,2040,1850
2018-09-13 오후 2:19:43,수산중공업,1980,2040,1850
2018-09-13 오후 2:19:44,수산중공업,1985,2040,1850
2018-09-13 오후 2:19:44,수산중공업,1980,2040,1850
2018-09-13 오후 2:19:44,수산중공업,1985,2040,1850
2018-09-13 오후 2:19:44,수산중공업,1980,2040,1850
2018-09-13 오후 2:19:45,수산중공업,1985,2040,1850
2018-09-13 오후 2:19:45,수산중공업,1980,2040,1850
2018-09-13 오후 2:19:45,수산중공업,1985,2040,1850
2018-09-13 오후 2:19:45,수산중공업,1985,2040,1850
2018-09-13 오후 2:19:45,수산중공업,1980,2040,1850
2018-09-13 오후 2:19:46,수산중공업,1985,2040,1850
2018-09-13 오후 2:19:46,수산중공업,1980,2040,1850
2018-09-13 오후 2:19:46,수산중공업,1985,2040,1850
2018-09-13 오후 2:19:46,수산중공업,1980,2040,1850
2018-09-13 오후 2:19:46,수산중공업,1980,2040,1850
2018-09-13 오후 2:19:46,수산중공업,1985,2040,1850
2018-09-13 오후 2:19:47,수산중공업,1980,2040,1850
2018-09-13 오후 2:19:47,수산중공업,1985,2040,1850
2018-09-13 오후 2:19:47,수산중공업,1985,2040,1850
2018-09-13 오후 2:19:47,수산중공업,1980,2040,1850
2018-09-13 오후 2:19:47,수산중공업,1985,2040,1850
2018-09-13 오후 2:19:47,수산중공업,1980,2040,1850
2018-09-13 오후 2:19:48,수산중공업,1985,2040,1850
2018-09-13 오후 2:19:48,수산중공업,1985,2040,1850
2018-09-13 오후 2:19:48,수산중공업,1980,2040,1850
2018-09-13 오후 2:19:48,수산중공업,1985,2040,1850
2018-09-13 오후 2:19:48,수산중공업,1985,2040,1850
2018-09-13 오후 2:19:48,수산중공업,1980,2040,1850
2018-09-13 오후 2:19:48,수산중공업,1985,2040,1850
2018-09-13 오후 2:19:48,수산중공업,1980,2040,1850
2018-09-13 오후 2:19:49,수산중공업,1985,2040,1850
2018-09-13 오후 2:19:49,수산중공업,1985,2040,1850
2018-09-13 오후 2:19:49,수산중공업,1985,2040,1850
2018-09-13 오후 2:19:49,수산중공업,1980,2040,1850
2018-09-13 오후 2:19:49,수산중공업,1985,2040,1850
2018-09-13 오후 2:19:49,수산중공업,1985,2040,1850
2018-09-13 오후 2:19:49,수산중공업,1980,2040,1850
2018-09-13 오후 2:19:50,수산중공업,1985,2040,1850
2018-09-13 오후 2:19:50,수산중공업,1980,2040,1850
2018-09-13 오후 2:19:50,수산중공업,1985,2040,1850
2018-09-13 오후 2:19:50,수산중공업,1985,2040,1850
2018-09-13 오후 2:19:50,수산중공업,1980,2040,1850
2018-09-13 오후 2:19:50,수산중공업,1985,2040,1850
2018-09-13 오후 2:19:50,수산중공업,1985,2040,1850
2018-09-13 오후 2:19:51,수산중공업,1980,2040,1850
2018-09-13 오후 2:19:51,수산중공업,1985,2040,1850
2018-09-13 오후 2:19:51,수산중공업,1985,2040,1850
2018-09-13 오후 2:19:51,수산중공업,1980,2040,1850
2018-09-13 오후 2:19:51,수산중공업,1985,2040,1850
2018-09-13 오후 2:19:51,수산중공업,1985,2040,1850
2018-09-13 오후 2:19:51,수산중공업,1980,2040,1850
2018-09-13 오후 2:19:52,수산중공업,1985,2040,1850
2018-09-13 오후 2:19:52,수산중공업,1985,2040,1850
2018-09-13 오후 2:19:52,수산중공업,1980,2040,1850
2018-09-13 오후 2:19:52,수산중공업,1985,2040,1850
2018-09-13 오후 2:19:52,수산중공업,1980,2040,1850
2018-09-13 오후 2:19:52,수산중공업,1985,2040,1850
2018-09-13 오후 2:19:53,수산중공업,1980,2040,1850
2018-09-13 오후 2:19:53,수산중공업,1985,2040,1850
2018-09-13 오후 2:19:53,수산중공업,1980,2040,1850
2018-09-13 오후 2:19:53,수산중공업,1985,2040,1850
2018-09-13 오후 2:19:53,수산중공업,1985,2040,1850
2018-09-13 오후 2:19:53,수산중공업,1980,2040,1850
2018-09-13 오후 2:19:54,수산중공업,1985,2040,1850
2018-09-13 오후 2:19:54,수산중공업,1980,2040,1850
2018-09-13 오후 2:19:54,수산중공업,1985,2040,1850
2018-09-13 오후 2:19:54,수산중공업,1980,2040,1850
2018-09-13 오후 2:19:54,수산중공업,1985,2040,1850
2018-09-13 오후 2:19:55,수산중공업,1980,2040,1850
2018-09-13 오후 2:19:55,수산중공업,1985,2040,1850
2018-09-13 오후 2:19:55,수산중공업,1985,2040,1850
2018-09-13 오후 2:19:55,수산중공업,1980,2040,1850
2018-09-13 오후 2:19:55,수산중공업,1985,2040,1850
2018-09-13 오후 2:19:56,수산중공업,1980,2040,1850
2018-09-13 오후 2:19:56,수산중공업,1985,2040,1850
2018-09-13 오후 2:19:56,수산중공업,1980,2040,1850
2018-09-13 오후 2:19:56,수산중공업,1985,2040,1850
2018-09-13 오후 2:19:56,수산중공업,1985,2040,1850
2018-09-13 오후 2:19:56,수산중공업,1980,2040,1850
2018-09-13 오후 2:19:57,수산중공업,1985,2040,1850
2018-09-13 오후 2:19:57,수산중공업,1985,2040,1850
2018-09-13 오후 2:19:57,수산중공업,1980,2040,1850
2018-09-13 오후 2:19:57,수산중공업,1985,2040,1850
2018-09-13 오후 2:19:57,수산중공업,1985,2040,1850
2018-09-13 오후 2:19:57,수산중공업,1980,2040,1850
2018-09-13 오후 2:19:57,수산중공업,1985,2040,1850
2018-09-13 오후 2:19:57,수산중공업,1985,2040,1850
2018-09-13 오후 2:19:57,수산중공업,1985,2040,1850
2018-09-13 오후 2:19:57,수산중공업,1985,2040,1850
2018-09-13 오후 2:19:58,수산중공업,1980,2040,1850
2018-09-13 오후 2:19:58,수산중공업,1985,2040,1850
2018-09-13 오후 2:19:58,수산중공업,1985,2040,1850
2018-09-13 오후 2:19:58,수산중공업,1980,2040,1850
2018-09-13 오후 2:19:58,수산중공업,1985,2040,1850
2018-09-13 오후 2:19:58,수산중공업,1985,2040,1850
2018-09-13 오후 2:19:58,수산중공업,1985,2040,1850
2018-09-13 오후 2:19:58,수산중공업,1985,2040,1850
2018-09-13 오후 2:19:58,수산중공업,1980,2040,1850
2018-09-13 오후 2:19:59,수산중공업,1985,2040,1850
2018-09-13 오후 2:19:59,수산중공업,1985,2040,1850
2018-09-13 오후 2:19:59,수산중공업,1980,2040,1850
2018-09-13 오후 2:19:59,수산중공업,1985,2040,1850
2018-09-13 오후 2:19:59,수산중공업,1980,2040,1850
2018-09-13 오후 2:19:59,수산중공업,1985,2040,1850
2018-09-13 오후 2:20:00,수산중공업,1980,2040,1850
2018-09-13 오후 2:20:00,수산중공업,1985,2040,1850
2018-09-13 오후 2:20:00,수산중공업,1985,2040,1850
2018-09-13 오후 2:20:00,수산중공업,1980,2040,1850
2018-09-13 오후 2:20:00,수산중공업,1985,2040,1850
2018-09-13 오후 2:20:00,수산중공업,1980,2040,1850
2018-09-13 오후 2:20:01,수산중공업,1985,2040,1850
2018-09-13 오후 2:20:01,수산중공업,1985,2040,1850
2018-09-13 오후 2:20:01,수산중공업,1980,2040,1850
2018-09-13 오후 2:20:01,수산중공업,1985,2040,1850
2018-09-13 오후 2:20:01,수산중공업,1980,2040,1850
2018-09-13 오후 2:20:01,수산중공업,1985,2040,1850
2018-09-13 오후 2:20:02,수산중공업,1980,2040,1850
2018-09-13 오후 2:20:02,수산중공업,1985,2040,1850
2018-09-13 오후 2:20:02,수산중공업,1980,2040,1850
2018-09-13 오후 2:20:02,수산중공업,1985,2040,1850
2018-09-13 오후 2:20:02,수산중공업,1985,2040,1850
2018-09-13 오후 2:20:03,수산중공업,1985,2040,1850
2018-09-13 오후 2:20:03,수산중공업,1990,2040,1850
2018-09-13 오후 2:20:03,수산중공업,1985,2040,1850
2018-09-13 오후 2:20:03,수산중공업,1990,2040,1850
2018-09-13 오후 2:20:03,수산중공업,1985,2040,1850
2018-09-13 오후 2:20:14,수산중공업,1990,2040,1850
2018-09-13 오후 2:20:15,수산중공업,1990,2040,1850
2018-09-13 오후 2:20:15,수산중공업,1990,2040,1850
2018-09-13 오후 2:20:18,수산중공업,1990,2040,1850
2018-09-13 오후 2:20:19,수산중공업,1990,2040,1850
2018-09-13 오후 2:20:20,수산중공업,1990,2040,1850
2018-09-13 오후 2:20:21,수산중공업,1990,2040,1850
2018-09-13 오후 2:20:21,수산중공업,1990,2040,1850
2018-09-13 오후 2:20:24,수산중공업,1990,2040,1850
2018-09-13 오후 2:20:24,수산중공업,1990,2040,1850
2018-09-13 오후 2:20:25,수산중공업,1990,2040,1850
2018-09-13 오후 2:20:25,수산중공업,1990,2040,1850
2018-09-13 오후 2:20:28,수산중공업,1990,2040,1850
2018-09-13 오후 2:20:29,수산중공업,1990,2040,1850
2018-09-13 오후 2:20:29,수산중공업,1990,2040,1850
2018-09-13 오후 2:20:30,수산중공업,1990,2040,1850
2018-09-13 오후 2:20:30,수산중공업,1990,2040,1850
2018-09-13 오후 2:20:30,수산중공업,1990,2040,1850
2018-09-13 오후 2:20:30,수산중공업,1990,2040,1850
2018-09-13 오후 2:20:31,수산중공업,1990,2040,1850
2018-09-13 오후 2:20:31,수산중공업,1990,2040,1850
2018-09-13 오후 2:20:31,수산중공업,1990,2040,1850
2018-09-13 오후 2:20:34,수산중공업,1990,2040,1850
2018-09-13 오후 2:20:37,수산중공업,1990,2040,1850
2018-09-13 오후 2:20:40,수산중공업,1995,2040,1850
2018-09-13 오후 2:20:41,수산중공업,1995,2040,1850
2018-09-13 오후 2:20:44,수산중공업,1995,2040,1850
2018-09-13 오후 2:20:45,수산중공업,1995,2040,1850
2018-09-13 오후 2:20:48,수산중공업,1990,2040,1850
2018-09-13 오후 2:20:49,수산중공업,1990,2040,1850
2018-09-13 오후 2:20:51,수산중공업,1990,2040,1850
2018-09-13 오후 2:20:51,수산중공업,1990,2040,1850
2018-09-13 오후 2:20:54,수산중공업,1990,2040,1850
2018-09-13 오후 2:20:54,수산중공업,1990,2040,1850
2018-09-13 오후 2:20:55,수산중공업,1990,2040,1850
2018-09-13 오후 2:20:55,수산중공업,1990,2040,1850
2018-09-13 오후 2:20:57,수산중공업,1990,2040,1850
2018-09-13 오후 2:20:57,수산중공업,1990,2040,1850
2018-09-13 오후 2:21:00,수산중공업,1990,2040,1850
2018-09-13 오후 2:21:01,수산중공업,1990,2040,1850
2018-09-13 오후 2:21:02,수산중공업,1990,2040,1850
2018-09-13 오후 2:21:02,수산중공업,1995,2040,1850
2018-09-13 오후 2:21:03,수산중공업,1990,2040,1850
2018-09-13 오후 2:21:16,수산중공업,1990,2040,1850
2018-09-13 오후 2:21:24,수산중공업,1995,2040,1850
2018-09-13 오후 2:21:28,수산중공업,1995,2040,1850
2018-09-13 오후 2:21:30,수산중공업,1995,2040,1850
2018-09-13 오후 2:21:32,수산중공업,1995,2040,1850
2018-09-13 오후 2:21:33,수산중공업,1995,2040,1850
2018-09-13 오후 2:21:35,수산중공업,1995,2040,1850
2018-09-13 오후 2:21:42,수산중공업,1995,2040,1850
2018-09-13 오후 2:21:43,수산중공업,1990,2040,1850
2018-09-13 오후 2:21:44,수산중공업,1995,2040,1850
2018-09-13 오후 2:21:46,수산중공업,1995,2040,1850
2018-09-13 오후 2:21:49,수산중공업,1995,2040,1850
2018-09-13 오후 2:21:54,수산중공업,1995,2040,1850
2018-09-13 오후 2:21:55,수산중공업,1995,2040,1850
2018-09-13 오후 2:21:57,수산중공업,1995,2040,1850
2018-09-13 오후 2:21:58,수산중공업,1990,2040,1850
2018-09-13 오후 2:22:03,수산중공업,1995,2040,1850
2018-09-13 오후 2:22:12,수산중공업,1995,2040,1850
2018-09-13 오후 2:22:13,수산중공업,1990,2040,1850
2018-09-13 오후 2:22:13,수산중공업,1995,2040,1850
2018-09-13 오후 2:22:17,수산중공업,1995,2040,1850
2018-09-13 오후 2:22:20,수산중공업,1995,2040,1850
2018-09-13 오후 2:22:22,수산중공업,1990,2040,1850
2018-09-13 오후 2:22:27,수산중공업,1990,2040,1850
2018-09-13 오후 2:22:27,수산중공업,1990,2040,1850
2018-09-13 오후 2:22:35,수산중공업,1990,2040,1850
2018-09-13 오후 2:22:36,수산중공업,1990,2040,1850
2018-09-13 오후 2:22:36,수산중공업,1990,2040,1850
2018-09-13 오후 2:22:37,수산중공업,1990,2040,1850
2018-09-13 오후 2:22:37,수산중공업,1995,2040,1850
2018-09-13 오후 2:22:37,수산중공업,1990,2040,1850
2018-09-13 오후 2:22:46,수산중공업,1990,2040,1850
2018-09-13 오후 2:23:17,수산중공업,1990,2040,1850
2018-09-13 오후 2:23:20,수산중공업,1985,2040,1850
2018-09-13 오후 2:23:24,수산중공업,1985,2040,1850
2018-09-13 오후 2:23:31,수산중공업,1985,2040,1850
2018-09-13 오후 2:23:49,수산중공업,1985,2040,1850
2018-09-13 오후 2:23:49,수산중공업,1985,2040,1850
2018-09-13 오후 2:23:58,수산중공업,1985,2040,1850
2018-09-13 오후 2:24:12,수산중공업,1985,2040,1850
2018-09-13 오후 2:24:12,수산중공업,1985,2040,1850
2018-09-13 오후 2:24:24,수산중공업,1985,2040,1850
2018-09-13 오후 2:24:29,수산중공업,1985,2040,1850
2018-09-13 오후 2:24:30,수산중공업,1985,2040,1850
2018-09-13 오후 2:24:34,수산중공업,1985,2040,1850
2018-09-13 오후 2:24:34,수산중공업,1990,2040,1850
2018-09-13 오후 2:24:38,수산중공업,1990,2040,1850
2018-09-13 오후 2:24:41,수산중공업,1985,2040,1850
2018-09-13 오후 2:25:20,수산중공업,1985,2040,1850
2018-09-13 오후 2:25:29,수산중공업,1985,2040,1850
2018-09-13 오후 2:25:34,수산중공업,1990,2040,1850
2018-09-13 오후 2:25:45,수산중공업,1990,2040,1850
2018-09-13 오후 2:25:45,수산중공업,1990,2040,1850
2018-09-13 오후 2:25:49,수산중공업,1990,2040,1850
2018-09-13 오후 2:26:10,수산중공업,1985,2040,1850
2018-09-13 오후 2:26:35,수산중공업,1985,2040,1850
2018-09-13 오후 2:26:36,수산중공업,1990,2040,1850
2018-09-13 오후 2:26:56,수산중공업,1990,2040,1850
2018-09-13 오후 2:27:02,수산중공업,1985,2040,1850
2018-09-13 오후 2:27:07,수산중공업,1985,2040,1850
2018-09-13 오후 2:27:07,수산중공업,1990,2040,1850
2018-09-13 오후 2:27:21,수산중공업,1990,2040,1850
2018-09-13 오후 2:27:26,수산중공업,1990,2040,1850
2018-09-13 오후 2:27:26,수산중공업,1990,2040,1850
2018-09-13 오후 2:27:27,수산중공업,1990,2040,1850
2018-09-13 오후 2:27:56,수산중공업,1990,2040,1850
2018-09-13 오후 2:27:56,수산중공업,1990,2040,1850
2018-09-13 오후 2:27:57,수산중공업,1990,2040,1850
2018-09-13 오후 2:28:21,수산중공업,1990,2040,1850
2018-09-13 오후 2:28:32,수산중공업,1985,2040,1850
2018-09-13 오후 2:28:39,수산중공업,1990,2040,1850
2018-09-13 오후 2:28:40,수산중공업,1985,2040,1850
2018-09-13 오후 2:28:45,수산중공업,1985,2040,1850
2018-09-13 오후 2:28:45,수산중공업,1985,2040,1850
2018-09-13 오후 2:28:53,수산중공업,1980,2040,1850
2018-09-13 오후 2:29:15,수산중공업,1985,2040,1850
2018-09-13 오후 2:29:18,수산중공업,1985,2040,1850
2018-09-13 오후 2:29:18,수산중공업,1985,2040,1850
2018-09-13 오후 2:29:19,수산중공업,1990,2040,1850
2018-09-13 오후 2:29:29,수산중공업,1985,2040,1850
2018-09-13 오후 2:29:31,수산중공업,1990,2040,1850
2018-09-13 오후 2:29:41,수산중공업,1990,2040,1850
2018-09-13 오후 2:29:46,수산중공업,1990,2040,1850
2018-09-13 오후 2:29:48,수산중공업,1985,2040,1850
2018-09-13 오후 2:29:49,수산중공업,1990,2040,1850
2018-09-13 오후 2:29:52,수산중공업,1990,2040,1850
2018-09-13 오후 2:30:06,수산중공업,1980,2040,1850
2018-09-13 오후 2:30:18,수산중공업,1985,2040,1850
2018-09-13 오후 2:30:18,수산중공업,1990,2040,1850
2018-09-13 오후 2:30:35,수산중공업,1985,2040,1850
2018-09-13 오후 2:30:35,수산중공업,1980,2040,1850
2018-09-13 오후 2:30:40,수산중공업,1990,2040,1850
2018-09-13 오후 2:30:44,수산중공업,1985,2040,1850
2018-09-13 오후 2:30:48,수산중공업,1985,2040,1850
2018-09-13 오후 2:30:55,수산중공업,1985,2040,1850
2018-09-13 오후 2:31:03,수산중공업,1985,2040,1850
2018-09-13 오후 2:31:05,수산중공업,1980,2040,1850
2018-09-13 오후 2:31:09,수산중공업,1985,2040,1850
2018-09-13 오후 2:31:27,수산중공업,1980,2040,1850
2018-09-13 오후 2:31:32,수산중공업,1980,2040,1850
2018-09-13 오후 2:31:36,수산중공업,1985,2040,1850
2018-09-13 오후 2:31:38,수산중공업,1985,2040,1850
2018-09-13 오후 2:31:39,수산중공업,1985,2040,1850
2018-09-13 오후 2:31:39,수산중공업,1985,2040,1850
2018-09-13 오후 2:31:53,수산중공업,1980,2040,1850
2018-09-13 오후 2:31:57,수산중공업,1985,2040,1850
2018-09-13 오후 2:32:08,수산중공업,1985,2040,1850
2018-09-13 오후 2:32:08,수산중공업,1985,2040,1850
2018-09-13 오후 2:32:13,수산중공업,1980,2040,1850
2018-09-13 오후 2:32:15,수산중공업,1985,2040,1850
2018-09-13 오후 2:32:24,수산중공업,1980,2040,1850
2018-09-13 오후 2:32:33,수산중공업,1975,2040,1850
2018-09-13 오후 2:32:37,수산중공업,1980,2040,1850
2018-09-13 오후 2:32:37,수산중공업,1975,2040,1850
2018-09-13 오후 2:32:40,수산중공업,1980,2040,1850
2018-09-13 오후 2:32:43,수산중공업,1980,2040,1850
2018-09-13 오후 2:32:47,수산중공업,1980,2040,1850
2018-09-13 오후 2:32:49,수산중공업,1980,2040,1850
2018-09-13 오후 2:32:50,수산중공업,1980,2040,1850
2018-09-13 오후 2:32:54,수산중공업,1980,2040,1850
2018-09-13 오후 2:32:55,수산중공업,1980,2040,1850
2018-09-13 오후 2:33:00,수산중공업,1980,2040,1850
2018-09-13 오후 2:33:09,수산중공업,1980,2040,1850
2018-09-13 오후 2:33:12,수산중공업,1985,2040,1850
2018-09-13 오후 2:33:17,수산중공업,1985,2040,1850
2018-09-13 오후 2:33:20,수산중공업,1985,2040,1850
2018-09-13 오후 2:33:23,수산중공업,1985,2040,1850
2018-09-13 오후 2:33:27,수산중공업,1985,2040,1850
2018-09-13 오후 2:33:30,수산중공업,1985,2040,1850
2018-09-13 오후 2:33:33,수산중공업,1985,2040,1850
2018-09-13 오후 2:33:39,수산중공업,1985,2040,1850
2018-09-13 오후 2:33:43,수산중공업,1985,2040,1850
2018-09-13 오후 2:33:46,수산중공업,1985,2040,1850
2018-09-13 오후 2:33:47,수산중공업,1985,2040,1850
2018-09-13 오후 2:33:50,수산중공업,1985,2040,1850
2018-09-13 오후 2:33:53,수산중공업,1985,2040,1850
2018-09-13 오후 2:33:57,수산중공업,1985,2040,1850
2018-09-13 오후 2:34:00,수산중공업,1985,2040,1850
2018-09-13 오후 2:34:04,수산중공업,1985,2040,1850
2018-09-13 오후 2:34:08,수산중공업,1985,2040,1850
2018-09-13 오후 2:34:12,수산중공업,1985,2040,1850
2018-09-13 오후 2:34:15,수산중공업,1985,2040,1850
2018-09-13 오후 2:34:19,수산중공업,1985,2040,1850
2018-09-13 오후 2:34:22,수산중공업,1985,2040,1850
2018-09-13 오후 2:34:27,수산중공업,1985,2040,1850
2018-09-13 오후 2:34:30,수산중공업,1985,2040,1850
2018-09-13 오후 2:34:34,수산중공업,1980,2040,1850
2018-09-13 오후 2:34:34,수산중공업,1985,2040,1850
2018-09-13 오후 2:34:38,수산중공업,1985,2040,1850
2018-09-13 오후 2:34:42,수산중공업,1985,2040,1850
2018-09-13 오후 2:34:46,수산중공업,1985,2040,1850
2018-09-13 오후 2:34:49,수산중공업,1980,2040,1850
2018-09-13 오후 2:34:50,수산중공업,1980,2040,1850
2018-09-13 오후 2:34:50,수산중공업,1980,2040,1850
2018-09-13 오후 2:34:50,수산중공업,1985,2040,1850
2018-09-13 오후 2:34:50,수산중공업,1985,2040,1850
2018-09-13 오후 2:35:13,수산중공업,1985,2040,1850
2018-09-13 오후 2:35:16,수산중공업,1985,2040,1850
2018-09-13 오후 2:35:20,수산중공업,1985,2040,1850
2018-09-13 오후 2:36:27,수산중공업,1985,2040,1850
2018-09-13 오후 2:36:35,수산중공업,1980,2040,1850
2018-09-13 오후 2:36:43,수산중공업,1980,2040,1850
2018-09-13 오후 2:36:49,수산중공업,1980,2040,1850
2018-09-13 오후 2:37:02,수산중공업,1980,2040,1850
2018-09-13 오후 2:37:13,수산중공업,1975,2040,1850
2018-09-13 오후 2:37:15,수산중공업,1980,2040,1850
2018-09-13 오후 2:37:16,수산중공업,1975,2040,1850
2018-09-13 오후 2:37:18,수산중공업,1975,2040,1850
2018-09-13 오후 2:37:21,수산중공업,1980,2040,1850
2018-09-13 오후 2:37:27,수산중공업,1975,2040,1850
2018-09-13 오후 2:37:28,수산중공업,1980,2040,1850
2018-09-13 오후 2:37:29,수산중공업,1980,2040,1850
2018-09-13 오후 2:37:33,수산중공업,1980,2040,1850
2018-09-13 오후 2:37:34,수산중공업,1980,2040,1850
2018-09-13 오후 2:37:35,수산중공업,1980,2040,1850
2018-09-13 오후 2:37:42,수산중공업,1980,2040,1850
2018-09-13 오후 2:37:43,수산중공업,1975,2040,1850
2018-09-13 오후 2:37:58,수산중공업,1970,2040,1850
2018-09-13 오후 2:38:01,수산중공업,1970,2040,1850
2018-09-13 오후 2:38:03,수산중공업,1970,2040,1850
2018-09-13 오후 2:38:08,수산중공업,1975,2040,1850
2018-09-13 오후 2:38:10,수산중공업,1970,2040,1850
2018-09-13 오후 2:38:17,수산중공업,1975,2040,1850
2018-09-13 오후 2:38:27,수산중공업,1970,2040,1850
2018-09-13 오후 2:38:34,수산중공업,1970,2040,1850
2018-09-13 오후 2:38:37,수산중공업,1965,2040,1850
2018-09-13 오후 2:38:43,수산중공업,1965,2040,1850
2018-09-13 오후 2:38:48,수산중공업,1965,2040,1850
2018-09-13 오후 2:38:49,수산중공업,1965,2040,1850
2018-09-13 오후 2:38:49,수산중공업,1965,2040,1850
2018-09-13 오후 2:39:05,수산중공업,1960,2040,1850
2018-09-13 오후 2:39:07,수산중공업,1965,2040,1850
2018-09-13 오후 2:39:08,수산중공업,1965,2040,1850
2018-09-13 오후 2:39:26,수산중공업,1965,2040,1850
2018-09-13 오후 2:39:37,수산중공업,1965,2040,1850
2018-09-13 오후 2:39:48,수산중공업,1965,2040,1850
2018-09-13 오후 2:39:54,수산중공업,1965,2040,1850
2018-09-13 오후 2:40:10,수산중공업,1965,2040,1850
2018-09-13 오후 2:40:12,수산중공업,1965,2040,1850
2018-09-13 오후 2:40:18,수산중공업,1965,2040,1850
2018-09-13 오후 2:40:25,수산중공업,1965,2040,1850
2018-09-13 오후 2:40:25,수산중공업,1960,2040,1850
2018-09-13 오후 2:40:32,수산중공업,1965,2040,1850
2018-09-13 오후 2:40:37,수산중공업,1965,2040,1850
2018-09-13 오후 2:40:37,수산중공업,1965,2040,1850
2018-09-13 오후 2:40:37,수산중공업,1965,2040,1850
2018-09-13 오후 2:40:40,수산중공업,1965,2040,1850
2018-09-13 오후 2:40:41,수산중공업,1970,2040,1850
2018-09-13 오후 2:40:42,수산중공업,1965,2040,1850
2018-09-13 오후 2:40:43,수산중공업,1970,2040,1850
2018-09-13 오후 2:40:43,수산중공업,1965,2040,1850
2018-09-13 오후 2:40:44,수산중공업,1965,2040,1850
2018-09-13 오후 2:40:45,수산중공업,1965,2040,1850
2018-09-13 오후 2:40:45,수산중공업,1970,2040,1850
2018-09-13 오후 2:40:46,수산중공업,1965,2040,1850
2018-09-13 오후 2:40:47,수산중공업,1970,2040,1850
2018-09-13 오후 2:40:48,수산중공업,1965,2040,1850
2018-09-13 오후 2:40:50,수산중공업,1970,2040,1850
2018-09-13 오후 2:40:50,수산중공업,1965,2040,1850
2018-09-13 오후 2:40:53,수산중공업,1970,2040,1850
2018-09-13 오후 2:40:53,수산중공업,1965,2040,1850
2018-09-13 오후 2:40:57,수산중공업,1970,2040,1850
2018-09-13 오후 2:40:58,수산중공업,1965,2040,1850
2018-09-13 오후 2:40:59,수산중공업,1970,2040,1850
2018-09-13 오후 2:41:00,수산중공업,1965,2040,1850
2018-09-13 오후 2:41:01,수산중공업,1970,2040,1850
2018-09-13 오후 2:41:02,수산중공업,1965,2040,1850
2018-09-13 오후 2:41:02,수산중공업,1970,2040,1850
2018-09-13 오후 2:41:04,수산중공업,1965,2040,1850
2018-09-13 오후 2:41:05,수산중공업,1970,2040,1850
2018-09-13 오후 2:41:05,수산중공업,1965,2040,1850
2018-09-13 오후 2:41:06,수산중공업,1965,2040,1850
2018-09-13 오후 2:41:07,수산중공업,1970,2040,1850
2018-09-13 오후 2:41:08,수산중공업,1965,2040,1850
2018-09-13 오후 2:41:09,수산중공업,1970,2040,1850
2018-09-13 오후 2:41:10,수산중공업,1965,2040,1850
2018-09-13 오후 2:41:10,수산중공업,1970,2040,1850
2018-09-13 오후 2:41:11,수산중공업,1965,2040,1850
2018-09-13 오후 2:41:11,수산중공업,1970,2040,1850
2018-09-13 오후 2:41:11,수산중공업,1965,2040,1850
2018-09-13 오후 2:41:13,수산중공업,1970,2040,1850
2018-09-13 오후 2:41:13,수산중공업,1965,2040,1850
2018-09-13 오후 2:41:13,수산중공업,1965,2040,1850
2018-09-13 오후 2:41:13,수산중공업,1970,2040,1850
2018-09-13 오후 2:41:13,수산중공업,1970,2040,1850
2018-09-13 오후 2:41:14,수산중공업,1965,2040,1850
2018-09-13 오후 2:41:15,수산중공업,1970,2040,1850
2018-09-13 오후 2:41:16,수산중공업,1970,2040,1850
2018-09-13 오후 2:41:16,수산중공업,1965,2040,1850
2018-09-13 오후 2:41:16,수산중공업,1970,2040,1850
2018-09-13 오후 2:41:17,수산중공업,1965,2040,1850
2018-09-13 오후 2:41:17,수산중공업,1970,2040,1850
2018-09-13 오후 2:41:17,수산중공업,1965,2040,1850
2018-09-13 오후 2:41:18,수산중공업,1970,2040,1850
2018-09-13 오후 2:41:18,수산중공업,1965,2040,1850
2018-09-13 오후 2:41:18,수산중공업,1970,2040,1850
2018-09-13 오후 2:41:18,수산중공업,1965,2040,1850
2018-09-13 오후 2:41:19,수산중공업,1970,2040,1850
2018-09-13 오후 2:41:19,수산중공업,1965,2040,1850
2018-09-13 오후 2:41:19,수산중공업,1970,2040,1850
2018-09-13 오후 2:41:19,수산중공업,1965,2040,1850
2018-09-13 오후 2:41:20,수산중공업,1970,2040,1850
2018-09-13 오후 2:41:20,수산중공업,1965,2040,1850
2018-09-13 오후 2:41:21,수산중공업,1970,2040,1850
2018-09-13 오후 2:41:22,수산중공업,1970,2040,1850
2018-09-13 오후 2:41:22,수산중공업,1965,2040,1850
2018-09-13 오후 2:41:22,수산중공업,1970,2040,1850
2018-09-13 오후 2:41:23,수산중공업,1965,2040,1850
2018-09-13 오후 2:41:23,수산중공업,1970,2040,1850
2018-09-13 오후 2:41:23,수산중공업,1965,2040,1850
2018-09-13 오후 2:41:24,수산중공업,1970,2040,1850
2018-09-13 오후 2:41:24,수산중공업,1965,2040,1850
2018-09-13 오후 2:41:24,수산중공업,1970,2040,1850
2018-09-13 오후 2:41:24,수산중공업,1965,2040,1850
2018-09-13 오후 2:41:24,수산중공업,1970,2040,1850
2018-09-13 오후 2:41:25,수산중공업,1965,2040,1850
2018-09-13 오후 2:41:25,수산중공업,1970,2040,1850
2018-09-13 오후 2:41:25,수산중공업,1965,2040,1850
2018-09-13 오후 2:41:25,수산중공업,1970,2040,1850
2018-09-13 오후 2:41:25,수산중공업,1965,2040,1850
2018-09-13 오후 2:41:26,수산중공업,1970,2040,1850
2018-09-13 오후 2:41:26,수산중공업,1965,2040,1850
2018-09-13 오후 2:41:26,수산중공업,1970,2040,1850
2018-09-13 오후 2:41:26,수산중공업,1965,2040,1850
2018-09-13 오후 2:41:27,수산중공업,1970,2040,1850
2018-09-13 오후 2:41:27,수산중공업,1965,2040,1850
2018-09-13 오후 2:41:27,수산중공업,1970,2040,1850
2018-09-13 오후 2:41:27,수산중공업,1965,2040,1850
2018-09-13 오후 2:41:27,수산중공업,1970,2040,1850
2018-09-13 오후 2:41:27,수산중공업,1975,2040,1850
2018-09-13 오후 2:41:28,수산중공업,1970,2040,1850
2018-09-13 오후 2:41:28,수산중공업,1975,2040,1850
2018-09-13 오후 2:41:28,수산중공업,1970,2040,1850
2018-09-13 오후 2:41:28,수산중공업,1975,2040,1850
2018-09-13 오후 2:41:28,수산중공업,1970,2040,1850
2018-09-13 오후 2:41:29,수산중공업,1975,2040,1850
2018-09-13 오후 2:41:29,수산중공업,1970,2040,1850
2018-09-13 오후 2:41:29,수산중공업,1975,2040,1850
2018-09-13 오후 2:41:29,수산중공업,1970,2040,1850
2018-09-13 오후 2:41:29,수산중공업,1975,2040,1850
2018-09-13 오후 2:41:30,수산중공업,1970,2040,1850
2018-09-13 오후 2:41:30,수산중공업,1975,2040,1850
2018-09-13 오후 2:41:30,수산중공업,1970,2040,1850
2018-09-13 오후 2:41:30,수산중공업,1975,2040,1850
2018-09-13 오후 2:41:31,수산중공업,1970,2040,1850
2018-09-13 오후 2:41:31,수산중공업,1975,2040,1850
2018-09-13 오후 2:41:31,수산중공업,1970,2040,1850
2018-09-13 오후 2:41:31,수산중공업,1975,2040,1850
2018-09-13 오후 2:41:32,수산중공업,1970,2040,1850
2018-09-13 오후 2:41:32,수산중공업,1975,2040,1850
2018-09-13 오후 2:41:32,수산중공업,1970,2040,1850
2018-09-13 오후 2:41:32,수산중공업,1975,2040,1850
2018-09-13 오후 2:41:32,수산중공업,1970,2040,1850
2018-09-13 오후 2:41:33,수산중공업,1975,2040,1850
2018-09-13 오후 2:41:33,수산중공업,1970,2040,1850
2018-09-13 오후 2:41:33,수산중공업,1975,2040,1850
2018-09-13 오후 2:41:33,수산중공업,1970,2040,1850
2018-09-13 오후 2:41:33,수산중공업,1975,2040,1850
2018-09-13 오후 2:41:34,수산중공업,1970,2040,1850
2018-09-13 오후 2:41:34,수산중공업,1975,2040,1850
2018-09-13 오후 2:41:34,수산중공업,1975,2040,1850
2018-09-13 오후 2:41:34,수산중공업,1970,2040,1850
2018-09-13 오후 2:41:34,수산중공업,1975,2040,1850
2018-09-13 오후 2:41:35,수산중공업,1970,2040,1850
2018-09-13 오후 2:41:35,수산중공업,1975,2040,1850
2018-09-13 오후 2:41:35,수산중공업,1970,2040,1850
2018-09-13 오후 2:41:35,수산중공업,1975,2040,1850
2018-09-13 오후 2:41:35,수산중공업,1970,2040,1850
2018-09-13 오후 2:41:36,수산중공업,1975,2040,1850
2018-09-13 오후 2:41:36,수산중공업,1970,2040,1850
2018-09-13 오후 2:41:36,수산중공업,1975,2040,1850
2018-09-13 오후 2:41:36,수산중공업,1970,2040,1850
2018-09-13 오후 2:41:37,수산중공업,1975,2040,1850
2018-09-13 오후 2:41:37,수산중공업,1970,2040,1850
2018-09-13 오후 2:41:37,수산중공업,1975,2040,1850
2018-09-13 오후 2:41:37,수산중공업,1980,2040,1850
2018-09-13 오후 2:41:37,수산중공업,1975,2040,1850
2018-09-13 오후 2:41:37,수산중공업,1980,2040,1850
2018-09-13 오후 2:41:38,수산중공업,1980,2040,1850
2018-09-13 오후 2:41:38,수산중공업,1975,2040,1850
2018-09-13 오후 2:41:38,수산중공업,1980,2040,1850
2018-09-13 오후 2:41:39,수산중공업,1975,2040,1850
2018-09-13 오후 2:41:39,수산중공업,1980,2040,1850
2018-09-13 오후 2:41:39,수산중공업,1975,2040,1850
2018-09-13 오후 2:41:39,수산중공업,1980,2040,1850
2018-09-13 오후 2:41:40,수산중공업,1975,2040,1850
2018-09-13 오후 2:41:40,수산중공업,1980,2040,1850
2018-09-13 오후 2:41:40,수산중공업,1975,2040,1850
2018-09-13 오후 2:41:40,수산중공업,1980,2040,1850
2018-09-13 오후 2:41:40,수산중공업,1975,2040,1850
2018-09-13 오후 2:41:41,수산중공업,1980,2040,1850
2018-09-13 오후 2:41:41,수산중공업,1975,2040,1850
2018-09-13 오후 2:41:41,수산중공업,1980,2040,1850
2018-09-13 오후 2:41:41,수산중공업,1975,2040,1850
2018-09-13 오후 2:41:41,수산중공업,1980,2040,1850
2018-09-13 오후 2:41:42,수산중공업,1975,2040,1850
2018-09-13 오후 2:41:42,수산중공업,1980,2040,1850
2018-09-13 오후 2:41:42,수산중공업,1975,2040,1850
2018-09-13 오후 2:41:42,수산중공업,1980,2040,1850
2018-09-13 오후 2:41:43,수산중공업,1975,2040,1850
2018-09-13 오후 2:41:43,수산중공업,1980,2040,1850
2018-09-13 오후 2:41:43,수산중공업,1975,2040,1850
2018-09-13 오후 2:41:43,수산중공업,1980,2040,1850
2018-09-13 오후 2:41:43,수산중공업,1975,2040,1850
2018-09-13 오후 2:41:44,수산중공업,1980,2040,1850
2018-09-13 오후 2:41:44,수산중공업,1975,2040,1850
2018-09-13 오후 2:41:44,수산중공업,1980,2040,1850
2018-09-13 오후 2:41:44,수산중공업,1975,2040,1850
2018-09-13 오후 2:41:45,수산중공업,1980,2040,1850
2018-09-13 오후 2:41:45,수산중공업,1975,2040,1850
2018-09-13 오후 2:41:45,수산중공업,1980,2040,1850
2018-09-13 오후 2:41:45,수산중공업,1980,2040,1850
2018-09-13 오후 2:41:45,수산중공업,1975,2040,1850
2018-09-13 오후 2:41:45,수산중공업,1980,2040,1850
2018-09-13 오후 2:41:46,수산중공업,1975,2040,1850
2018-09-13 오후 2:41:46,수산중공업,1980,2040,1850
2018-09-13 오후 2:41:46,수산중공업,1975,2040,1850
2018-09-13 오후 2:41:46,수산중공업,1975,2040,1850
2018-09-13 오후 2:41:46,수산중공업,1980,2040,1850
2018-09-13 오후 2:41:47,수산중공업,1975,2040,1850
2018-09-13 오후 2:41:47,수산중공업,1980,2040,1850
2018-09-13 오후 2:41:47,수산중공업,1975,2040,1850
2018-09-13 오후 2:41:47,수산중공업,1980,2040,1850
2018-09-13 오후 2:41:47,수산중공업,1975,2040,1850
2018-09-13 오후 2:41:48,수산중공업,1980,2040,1850
2018-09-13 오후 2:41:48,수산중공업,1980,2040,1850
2018-09-13 오후 2:41:48,수산중공업,1975,2040,1850
2018-09-13 오후 2:41:48,수산중공업,1980,2040,1850
2018-09-13 오후 2:41:48,수산중공업,1975,2040,1850
2018-09-13 오후 2:41:48,수산중공업,1980,2040,1850
2018-09-13 오후 2:41:48,수산중공업,1980,2040,1850
2018-09-13 오후 2:41:49,수산중공업,1975,2040,1850
2018-09-13 오후 2:41:49,수산중공업,1980,2040,1850
2018-09-13 오후 2:41:49,수산중공업,1975,2040,1850
2018-09-13 오후 2:41:49,수산중공업,1980,2040,1850
2018-09-13 오후 2:41:49,수산중공업,1980,2040,1850
2018-09-13 오후 2:41:49,수산중공업,1975,2040,1850
2018-09-13 오후 2:41:50,수산중공업,1980,2040,1850
2018-09-13 오후 2:41:50,수산중공업,1975,2040,1850
2018-09-13 오후 2:41:50,수산중공업,1980,2040,1850
2018-09-13 오후 2:41:50,수산중공업,1975,2040,1850
2018-09-13 오후 2:41:51,수산중공업,1980,2040,1850
2018-09-13 오후 2:41:51,수산중공업,1975,2040,1850
2018-09-13 오후 2:41:51,수산중공업,1980,2040,1850
2018-09-13 오후 2:41:51,수산중공업,1975,2040,1850
2018-09-13 오후 2:41:51,수산중공업,1980,2040,1850
2018-09-13 오후 2:41:52,수산중공업,1975,2040,1850
2018-09-13 오후 2:41:52,수산중공업,1980,2040,1850
2018-09-13 오후 2:41:52,수산중공업,1975,2040,1850
2018-09-13 오후 2:41:52,수산중공업,1980,2040,1850
2018-09-13 오후 2:41:52,수산중공업,1975,2040,1850
2018-09-13 오후 2:41:53,수산중공업,1980,2040,1850
2018-09-13 오후 2:41:53,수산중공업,1975,2040,1850
2018-09-13 오후 2:41:53,수산중공업,1980,2040,1850
2018-09-13 오후 2:41:53,수산중공업,1975,2040,1850
2018-09-13 오후 2:41:54,수산중공업,1980,2040,1850
2018-09-13 오후 2:41:54,수산중공업,1975,2040,1850
2018-09-13 오후 2:41:54,수산중공업,1980,2040,1850
2018-09-13 오후 2:41:54,수산중공업,1975,2040,1850
2018-09-13 오후 2:41:54,수산중공업,1980,2040,1850
2018-09-13 오후 2:41:55,수산중공업,1975,2040,1850
2018-09-13 오후 2:41:55,수산중공업,1980,2040,1850
2018-09-13 오후 2:41:55,수산중공업,1975,2040,1850
2018-09-13 오후 2:41:55,수산중공업,1980,2040,1850
2018-09-13 오후 2:41:56,수산중공업,1975,2040,1850
2018-09-13 오후 2:41:56,수산중공업,1980,2040,1850
2018-09-13 오후 2:41:56,수산중공업,1975,2040,1850
2018-09-13 오후 2:41:56,수산중공업,1980,2040,1850
2018-09-13 오후 2:41:56,수산중공업,1975,2040,1850
2018-09-13 오후 2:41:57,수산중공업,1980,2040,1850
2018-09-13 오후 2:41:57,수산중공업,1975,2040,1850
2018-09-13 오후 2:41:57,수산중공업,1980,2040,1850
2018-09-13 오후 2:41:57,수산중공업,1975,2040,1850
2018-09-13 오후 2:41:57,수산중공업,1980,2040,1850
2018-09-13 오후 2:41:58,수산중공업,1975,2040,1850
2018-09-13 오후 2:41:58,수산중공업,1980,2040,1850
2018-09-13 오후 2:41:58,수산중공업,1975,2040,1850
2018-09-13 오후 2:41:58,수산중공업,1980,2040,1850
2018-09-13 오후 2:41:58,수산중공업,1975,2040,1850
2018-09-13 오후 2:41:58,수산중공업,1980,2040,1850
2018-09-13 오후 2:41:59,수산중공업,1975,2040,1850
2018-09-13 오후 2:41:59,수산중공업,1980,2040,1850
2018-09-13 오후 2:41:59,수산중공업,1980,2040,1850
2018-09-13 오후 2:41:59,수산중공업,1975,2040,1850
2018-09-13 오후 2:41:59,수산중공업,1980,2040,1850
2018-09-13 오후 2:42:00,수산중공업,1975,2040,1850
2018-09-13 오후 2:42:00,수산중공업,1980,2040,1850
2018-09-13 오후 2:42:00,수산중공업,1975,2040,1850
2018-09-13 오후 2:42:00,수산중공업,1980,2040,1850
2018-09-13 오후 2:42:00,수산중공업,1975,2040,1850
2018-09-13 오후 2:42:01,수산중공업,1980,2040,1850
2018-09-13 오후 2:42:01,수산중공업,1975,2040,1850
2018-09-13 오후 2:42:01,수산중공업,1980,2040,1850
2018-09-13 오후 2:42:01,수산중공업,1975,2040,1850
2018-09-13 오후 2:42:01,수산중공업,1980,2040,1850
2018-09-13 오후 2:42:02,수산중공업,1980,2040,1850
2018-09-13 오후 2:42:02,수산중공업,1975,2040,1850
2018-09-13 오후 2:42:02,수산중공업,1980,2040,1850
2018-09-13 오후 2:42:02,수산중공업,1980,2040,1850
2018-09-13 오후 2:42:02,수산중공업,1975,2040,1850
2018-09-13 오후 2:42:02,수산중공업,1980,2040,1850
2018-09-13 오후 2:42:03,수산중공업,1975,2040,1850
2018-09-13 오후 2:42:03,수산중공업,1980,2040,1850
2018-09-13 오후 2:42:03,수산중공업,1975,2040,1850
2018-09-13 오후 2:42:03,수산중공업,1980,2040,1850
2018-09-13 오후 2:42:04,수산중공업,1975,2040,1850
2018-09-13 오후 2:42:04,수산중공업,1980,2040,1850
2018-09-13 오후 2:42:04,수산중공업,1975,2040,1850
2018-09-13 오후 2:42:04,수산중공업,1980,2040,1850
2018-09-13 오후 2:42:05,수산중공업,1975,2040,1850
2018-09-13 오후 2:42:05,수산중공업,1980,2040,1850
2018-09-13 오후 2:42:05,수산중공업,1975,2040,1850
2018-09-13 오후 2:42:05,수산중공업,1980,2040,1850
2018-09-13 오후 2:42:05,수산중공업,1975,2040,1850
2018-09-13 오후 2:42:06,수산중공업,1980,2040,1850
2018-09-13 오후 2:42:06,수산중공업,1975,2040,1850
2018-09-13 오후 2:42:06,수산중공업,1980,2040,1850
2018-09-13 오후 2:42:06,수산중공업,1975,2040,1850
2018-09-13 오후 2:42:06,수산중공업,1980,2040,1850
2018-09-13 오후 2:42:07,수산중공업,1975,2040,1850
2018-09-13 오후 2:42:07,수산중공업,1980,2040,1850
2018-09-13 오후 2:42:07,수산중공업,1975,2040,1850
2018-09-13 오후 2:42:07,수산중공업,1980,2040,1850
2018-09-13 오후 2:42:08,수산중공업,1975,2040,1850
2018-09-13 오후 2:42:08,수산중공업,1980,2040,1850
2018-09-13 오후 2:42:08,수산중공업,1985,2040,1850
2018-09-13 오후 2:42:08,수산중공업,1980,2040,1850
2018-09-13 오후 2:42:08,수산중공업,1985,2040,1850
2018-09-13 오후 2:42:09,수산중공업,1980,2040,1850
2018-09-13 오후 2:42:09,수산중공업,1985,2040,1850
2018-09-13 오후 2:42:09,수산중공업,1980,2040,1850
2018-09-13 오후 2:42:09,수산중공업,1985,2040,1850
2018-09-13 오후 2:42:09,수산중공업,1980,2040,1850
2018-09-13 오후 2:42:10,수산중공업,1985,2040,1850
2018-09-13 오후 2:42:10,수산중공업,1980,2040,1850
2018-09-13 오후 2:42:10,수산중공업,1985,2040,1850
2018-09-13 오후 2:42:10,수산중공업,1980,2040,1850
2018-09-13 오후 2:42:10,수산중공업,1985,2040,1850
2018-09-13 오후 2:42:11,수산중공업,1980,2040,1850
2018-09-13 오후 2:42:11,수산중공업,1985,2040,1850
2018-09-13 오후 2:42:11,수산중공업,1980,2040,1850
2018-09-13 오후 2:42:11,수산중공업,1985,2040,1850
2018-09-13 오후 2:42:11,수산중공업,1980,2040,1850
2018-09-13 오후 2:42:12,수산중공업,1985,2040,1850
2018-09-13 오후 2:42:12,수산중공업,1980,2040,1850
2018-09-13 오후 2:42:12,수산중공업,1985,2040,1850
2018-09-13 오후 2:42:12,수산중공업,1980,2040,1850
2018-09-13 오후 2:42:12,수산중공업,1985,2040,1850
2018-09-13 오후 2:42:13,수산중공업,1980,2040,1850
2018-09-13 오후 2:42:13,수산중공업,1985,2040,1850
2018-09-13 오후 2:42:13,수산중공업,1980,2040,1850
2018-09-13 오후 2:42:13,수산중공업,1985,2040,1850
2018-09-13 오후 2:42:13,수산중공업,1985,2040,1850
2018-09-13 오후 2:42:14,수산중공업,1980,2040,1850
2018-09-13 오후 2:42:14,수산중공업,1985,2040,1850
2018-09-13 오후 2:42:14,수산중공업,1980,2040,1850
2018-09-13 오후 2:42:14,수산중공업,1985,2040,1850
2018-09-13 오후 2:42:14,수산중공업,1980,2040,1850
2018-09-13 오후 2:42:15,수산중공업,1985,2040,1850
2018-09-13 오후 2:42:15,수산중공업,1980,2040,1850
2018-09-13 오후 2:42:15,수산중공업,1985,2040,1850
2018-09-13 오후 2:42:15,수산중공업,1980,2040,1850
2018-09-13 오후 2:42:15,수산중공업,1985,2040,1850
2018-09-13 오후 2:42:16,수산중공업,1980,2040,1850
2018-09-13 오후 2:42:16,수산중공업,1985,2040,1850
2018-09-13 오후 2:42:16,수산중공업,1980,2040,1850
2018-09-13 오후 2:42:16,수산중공업,1985,2040,1850
2018-09-13 오후 2:42:16,수산중공업,1980,2040,1850
2018-09-13 오후 2:42:17,수산중공업,1985,2040,1850
2018-09-13 오후 2:42:17,수산중공업,1980,2040,1850
2018-09-13 오후 2:42:17,수산중공업,1985,2040,1850
2018-09-13 오후 2:42:17,수산중공업,1980,2040,1850
2018-09-13 오후 2:42:17,수산중공업,1985,2040,1850
2018-09-13 오후 2:42:18,수산중공업,1980,2040,1850
2018-09-13 오후 2:42:18,수산중공업,1985,2040,1850
2018-09-13 오후 2:42:18,수산중공업,1985,2040,1850
2018-09-13 오후 2:42:18,수산중공업,1980,2040,1850
2018-09-13 오후 2:42:18,수산중공업,1980,2040,1850
2018-09-13 오후 2:42:18,수산중공업,1985,2040,1850
2018-09-13 오후 2:42:18,수산중공업,1985,2040,1850
2018-09-13 오후 2:42:18,수산중공업,1985,2040,1850
2018-09-13 오후 2:42:18,수산중공업,1980,2040,1850
2018-09-13 오후 2:42:19,수산중공업,1985,2040,1850
2018-09-13 오후 2:42:19,수산중공업,1980,2040,1850
2018-09-13 오후 2:42:19,수산중공업,1985,2040,1850
2018-09-13 오후 2:42:19,수산중공업,1985,2040,1850
2018-09-13 오후 2:42:19,수산중공업,1980,2040,1850
2018-09-13 오후 2:42:19,수산중공업,1985,2040,1850
2018-09-13 오후 2:42:20,수산중공업,1980,2040,1850
2018-09-13 오후 2:42:20,수산중공업,1985,2040,1850
2018-09-13 오후 2:42:20,수산중공업,1980,2040,1850
2018-09-13 오후 2:42:20,수산중공업,1985,2040,1850
2018-09-13 오후 2:42:21,수산중공업,1980,2040,1850
2018-09-13 오후 2:42:21,수산중공업,1985,2040,1850
2018-09-13 오후 2:42:21,수산중공업,1980,2040,1850
2018-09-13 오후 2:42:21,수산중공업,1985,2040,1850
2018-09-13 오후 2:42:21,수산중공업,1980,2040,1850
2018-09-13 오후 2:42:22,수산중공업,1985,2040,1850
2018-09-13 오후 2:42:22,수산중공업,1985,2040,1850
2018-09-13 오후 2:42:22,수산중공업,1980,2040,1850
2018-09-13 오후 2:42:22,수산중공업,1985,2040,1850
2018-09-13 오후 2:42:22,수산중공업,1985,2040,1850
2018-09-13 오후 2:42:22,수산중공업,1980,2040,1850
2018-09-13 오후 2:42:22,수산중공업,1985,2040,1850
2018-09-13 오후 2:42:22,수산중공업,1985,2040,1850
2018-09-13 오후 2:42:23,수산중공업,1985,2040,1850
2018-09-13 오후 2:42:23,수산중공업,1980,2040,1850
2018-09-13 오후 2:42:23,수산중공업,1985,2040,1850
2018-09-13 오후 2:42:23,수산중공업,1980,2040,1850
2018-09-13 오후 2:42:23,수산중공업,1985,2040,1850
2018-09-13 오후 2:42:24,수산중공업,1980,2040,1850
2018-09-13 오후 2:42:24,수산중공업,1985,2040,1850
2018-09-13 오후 2:42:24,수산중공업,1980,2040,1850
2018-09-13 오후 2:42:24,수산중공업,1985,2040,1850
2018-09-13 오후 2:42:24,수산중공업,1985,2040,1850
2018-09-13 오후 2:42:25,수산중공업,1980,2040,1850
2018-09-13 오후 2:42:25,수산중공업,1985,2040,1850
2018-09-13 오후 2:42:25,수산중공업,1985,2040,1850
2018-09-13 오후 2:42:25,수산중공업,1980,2040,1850
2018-09-13 오후 2:42:25,수산중공업,1985,2040,1850
2018-09-13 오후 2:42:25,수산중공업,1985,2040,1850
2018-09-13 오후 2:42:25,수산중공업,1980,2040,1850
2018-09-13 오후 2:42:26,수산중공업,1985,2040,1850
2018-09-13 오후 2:42:26,수산중공업,1985,2040,1850
2018-09-13 오후 2:42:26,수산중공업,1985,2040,1850
2018-09-13 오후 2:42:26,수산중공업,1980,2040,1850
2018-09-13 오후 2:42:26,수산중공업,1985,2040,1850
2018-09-13 오후 2:42:26,수산중공업,1980,2040,1850
2018-09-13 오후 2:42:26,수산중공업,1985,2040,1850
2018-09-13 오후 2:42:26,수산중공업,1985,2040,1850
2018-09-13 오후 2:42:27,수산중공업,1980,2040,1850
2018-09-13 오후 2:42:27,수산중공업,1985,2040,1850
2018-09-13 오후 2:42:27,수산중공업,1985,2040,1850
2018-09-13 오후 2:42:27,수산중공업,1980,2040,1850
2018-09-13 오후 2:42:27,수산중공업,1980,2040,1850
2018-09-13 오후 2:42:27,수산중공업,1985,2040,1850
2018-09-13 오후 2:42:27,수산중공업,1985,2040,1850
2018-09-13 오후 2:42:28,수산중공업,1980,2040,1850
2018-09-13 오후 2:42:28,수산중공업,1985,2040,1850
2018-09-13 오후 2:42:28,수산중공업,1985,2040,1850
2018-09-13 오후 2:42:28,수산중공업,1985,2040,1850
2018-09-13 오후 2:42:28,수산중공업,1980,2040,1850
2018-09-13 오후 2:42:28,수산중공업,1985,2040,1850
2018-09-13 오후 2:42:28,수산중공업,1985,2040,1850
2018-09-13 오후 2:42:28,수산중공업,1980,2040,1850
2018-09-13 오후 2:42:29,수산중공업,1985,2040,1850
2018-09-13 오후 2:42:29,수산중공업,1980,2040,1850
2018-09-13 오후 2:42:29,수산중공업,1985,2040,1850
2018-09-13 오후 2:42:29,수산중공업,1985,2040,1850
2018-09-13 오후 2:42:29,수산중공업,1985,2040,1850
2018-09-13 오후 2:42:29,수산중공업,1980,2040,1850
2018-09-13 오후 2:42:29,수산중공업,1985,2040,1850
2018-09-13 오후 2:42:30,수산중공업,1985,2040,1850
2018-09-13 오후 2:42:30,수산중공업,1980,2040,1850
2018-09-13 오후 2:42:30,수산중공업,1985,2040,1850
2018-09-13 오후 2:42:30,수산중공업,1985,2040,1850
2018-09-13 오후 2:42:30,수산중공업,1985,2040,1850
2018-09-13 오후 2:42:30,수산중공업,1980,2040,1850
2018-09-13 오후 2:42:30,수산중공업,1985,2040,1850
2018-09-13 오후 2:42:30,수산중공업,1985,2040,1850
2018-09-13 오후 2:42:31,수산중공업,1985,2040,1850
2018-09-13 오후 2:42:31,수산중공업,1980,2040,1850
2018-09-13 오후 2:42:31,수산중공업,1985,2040,1850
2018-09-13 오후 2:42:31,수산중공업,1985,2040,1850
2018-09-13 오후 2:42:31,수산중공업,1980,2040,1850
2018-09-13 오후 2:42:31,수산중공업,1985,2040,1850
2018-09-13 오후 2:42:31,수산중공업,1985,2040,1850
2018-09-13 오후 2:42:31,수산중공업,1985,2040,1850
2018-09-13 오후 2:42:32,수산중공업,1985,2040,1850
2018-09-13 오후 2:42:32,수산중공업,1980,2040,1850
2018-09-13 오후 2:42:32,수산중공업,1985,2040,1850
2018-09-13 오후 2:42:32,수산중공업,1980,2040,1850
2018-09-13 오후 2:42:32,수산중공업,1985,2040,1850
2018-09-13 오후 2:42:33,수산중공업,1980,2040,1850
2018-09-13 오후 2:42:33,수산중공업,1985,2040,1850
2018-09-13 오후 2:42:33,수산중공업,1980,2040,1850
2018-09-13 오후 2:42:33,수산중공업,1985,2040,1850
2018-09-13 오후 2:42:33,수산중공업,1985,2040,1850
2018-09-13 오후 2:42:33,수산중공업,1980,2040,1850
2018-09-13 오후 2:42:34,수산중공업,1985,2040,1850
2018-09-13 오후 2:42:34,수산중공업,1980,2040,1850
2018-09-13 오후 2:42:34,수산중공업,1985,2040,1850
2018-09-13 오후 2:42:34,수산중공업,1980,2040,1850
2018-09-13 오후 2:42:34,수산중공업,1985,2040,1850
2018-09-13 오후 2:42:35,수산중공업,1980,2040,1850
2018-09-13 오후 2:42:35,수산중공업,1985,2040,1850
2018-09-13 오후 2:42:35,수산중공업,1980,2040,1850
2018-09-13 오후 2:42:35,수산중공업,1985,2040,1850
2018-09-13 오후 2:42:35,수산중공업,1980,2040,1850
2018-09-13 오후 2:42:36,수산중공업,1980,2040,1850
2018-09-13 오후 2:42:36,수산중공업,1980,2040,1850
2018-09-13 오후 2:42:36,수산중공업,1985,2040,1850
2018-09-13 오후 2:42:36,수산중공업,1980,2040,1850
2018-09-13 오후 2:42:36,수산중공업,1985,2040,1850
2018-09-13 오후 2:42:36,수산중공업,1980,2040,1850
2018-09-13 오후 2:42:36,수산중공업,1985,2040,1850
2018-09-13 오후 2:42:37,수산중공업,1980,2040,1850
2018-09-13 오후 2:42:37,수산중공업,1985,2040,1850
2018-09-13 오후 2:42:37,수산중공업,1980,2040,1850
2018-09-13 오후 2:42:37,수산중공업,1985,2040,1850
2018-09-13 오후 2:42:37,수산중공업,1985,2040,1850
2018-09-13 오후 2:42:37,수산중공업,1980,2040,1850
2018-09-13 오후 2:42:38,수산중공업,1985,2040,1850
2018-09-13 오후 2:42:38,수산중공업,1985,2040,1850
2018-09-13 오후 2:42:38,수산중공업,1980,2040,1850
2018-09-13 오후 2:42:38,수산중공업,1985,2040,1850
2018-09-13 오후 2:42:38,수산중공업,1980,2040,1850
2018-09-13 오후 2:42:38,수산중공업,1985,2040,1850
2018-09-13 오후 2:42:39,수산중공업,1980,2040,1850
2018-09-13 오후 2:42:39,수산중공업,1985,2040,1850
2018-09-13 오후 2:42:39,수산중공업,1980,2040,1850
2018-09-13 오후 2:42:39,수산중공업,1980,2040,1850
2018-09-13 오후 2:42:39,수산중공업,1985,2040,1850
2018-09-13 오후 2:42:39,수산중공업,1980,2040,1850
2018-09-13 오후 2:42:40,수산중공업,1985,2040,1850
2018-09-13 오후 2:42:40,수산중공업,1980,2040,1850
2018-09-13 오후 2:42:40,수산중공업,1985,2040,1850
2018-09-13 오후 2:42:40,수산중공업,1980,2040,1850
2018-09-13 오후 2:42:40,수산중공업,1985,2040,1850
2018-09-13 오후 2:42:41,수산중공업,1980,2040,1850
2018-09-13 오후 2:42:41,수산중공업,1980,2040,1850
2018-09-13 오후 2:42:41,수산중공업,1985,2040,1850
2018-09-13 오후 2:42:41,수산중공업,1980,2040,1850
2018-09-13 오후 2:42:41,수산중공업,1985,2040,1850
2018-09-13 오후 2:42:41,수산중공업,1980,2040,1850
2018-09-13 오후 2:42:42,수산중공업,1985,2040,1850
2018-09-13 오후 2:42:42,수산중공업,1980,2040,1850
2018-09-13 오후 2:42:42,수산중공업,1985,2040,1850
2018-09-13 오후 2:42:42,수산중공업,1980,2040,1850
2018-09-13 오후 2:42:42,수산중공업,1985,2040,1850
2018-09-13 오후 2:42:43,수산중공업,1980,2040,1850
2018-09-13 오후 2:42:43,수산중공업,1985,2040,1850
2018-09-13 오후 2:42:43,수산중공업,1980,2040,1850
2018-09-13 오후 2:42:43,수산중공업,1985,2040,1850
2018-09-13 오후 2:42:43,수산중공업,1980,2040,1850
2018-09-13 오후 2:42:44,수산중공업,1985,2040,1850
2018-09-13 오후 2:42:44,수산중공업,1980,2040,1850
2018-09-13 오후 2:42:44,수산중공업,1985,2040,1850
2018-09-13 오후 2:42:44,수산중공업,1980,2040,1850
2018-09-13 오후 2:42:44,수산중공업,1985,2040,1850
2018-09-13 오후 2:42:45,수산중공업,1980,2040,1850
2018-09-13 오후 2:42:45,수산중공업,1985,2040,1850
2018-09-13 오후 2:42:45,수산중공업,1980,2040,1850
2018-09-13 오후 2:42:45,수산중공업,1985,2040,1850
2018-09-13 오후 2:42:45,수산중공업,1980,2040,1850
2018-09-13 오후 2:42:46,수산중공업,1985,2040,1850
2018-09-13 오후 2:42:46,수산중공업,1980,2040,1850
2018-09-13 오후 2:42:46,수산중공업,1980,2040,1850
2018-09-13 오후 2:42:46,수산중공업,1985,2040,1850
2018-09-13 오후 2:42:46,수산중공업,1980,2040,1850
2018-09-13 오후 2:42:46,수산중공업,1985,2040,1850
2018-09-13 오후 2:42:47,수산중공업,1980,2040,1850
2018-09-13 오후 2:42:47,수산중공업,1985,2040,1850
2018-09-13 오후 2:42:47,수산중공업,1980,2040,1850
2018-09-13 오후 2:42:47,수산중공업,1980,2040,1850
2018-09-13 오후 2:42:47,수산중공업,1980,2040,1850
2018-09-13 오후 2:42:47,수산중공업,1985,2040,1850
2018-09-13 오후 2:42:47,수산중공업,1980,2040,1850
2018-09-13 오후 2:42:48,수산중공업,1985,2040,1850
2018-09-13 오후 2:42:48,수산중공업,1980,2040,1850
2018-09-13 오후 2:42:48,수산중공업,1985,2040,1850
2018-09-13 오후 2:42:48,수산중공업,1980,2040,1850
2018-09-13 오후 2:42:48,수산중공업,1980,2040,1850
2018-09-13 오후 2:42:48,수산중공업,1980,2040,1850
2018-09-13 오후 2:42:49,수산중공업,1975,2040,1850
2018-09-13 오후 2:42:49,수산중공업,1980,2040,1850
2018-09-13 오후 2:42:49,수산중공업,1975,2040,1850
2018-09-13 오후 2:42:49,수산중공업,1980,2040,1850
2018-09-13 오후 2:42:49,수산중공업,1975,2040,1850
2018-09-13 오후 2:42:50,수산중공업,1980,2040,1850
2018-09-13 오후 2:42:50,수산중공업,1975,2040,1850
2018-09-13 오후 2:42:50,수산중공업,1980,2040,1850
2018-09-13 오후 2:42:50,수산중공업,1975,2040,1850
2018-09-13 오후 2:42:50,수산중공업,1980,2040,1850
2018-09-13 오후 2:42:50,수산중공업,1980,2040,1850
2018-09-13 오후 2:42:51,수산중공업,1975,2040,1850
2018-09-13 오후 2:42:51,수산중공업,1980,2040,1850
2018-09-13 오후 2:42:51,수산중공업,1975,2040,1850
2018-09-13 오후 2:42:51,수산중공업,1980,2040,1850
2018-09-13 오후 2:42:51,수산중공업,1975,2040,1850
2018-09-13 오후 2:42:52,수산중공업,1980,2040,1850
2018-09-13 오후 2:42:52,수산중공업,1975,2040,1850
2018-09-13 오후 2:42:52,수산중공업,1980,2040,1850
2018-09-13 오후 2:42:52,수산중공업,1975,2040,1850
2018-09-13 오후 2:42:52,수산중공업,1980,2040,1850
2018-09-13 오후 2:42:53,수산중공업,1975,2040,1850
2018-09-13 오후 2:42:53,수산중공업,1980,2040,1850
2018-09-13 오후 2:42:53,수산중공업,1975,2040,1850
2018-09-13 오후 2:42:53,수산중공업,1980,2040,1850
2018-09-13 오후 2:42:53,수산중공업,1975,2040,1850
2018-09-13 오후 2:42:54,수산중공업,1980,2040,1850
2018-09-13 오후 2:42:54,수산중공업,1975,2040,1850
2018-09-13 오후 2:42:54,수산중공업,1980,2040,1850
2018-09-13 오후 2:42:54,수산중공업,1975,2040,1850
2018-09-13 오후 2:42:54,수산중공업,1980,2040,1850
2018-09-13 오후 2:42:55,수산중공업,1975,2040,1850
2018-09-13 오후 2:42:55,수산중공업,1980,2040,1850
2018-09-13 오후 2:42:55,수산중공업,1975,2040,1850
2018-09-13 오후 2:42:55,수산중공업,1980,2040,1850
2018-09-13 오후 2:42:56,수산중공업,1975,2040,1850
2018-09-13 오후 2:42:56,수산중공업,1980,2040,1850
2018-09-13 오후 2:42:56,수산중공업,1975,2040,1850
2018-09-13 오후 2:42:56,수산중공업,1980,2040,1850
2018-09-13 오후 2:42:56,수산중공업,1975,2040,1850
2018-09-13 오후 2:42:56,수산중공업,1980,2040,1850
2018-09-13 오후 2:42:57,수산중공업,1975,2040,1850
2018-09-13 오후 2:42:57,수산중공업,1980,2040,1850
2018-09-13 오후 2:42:57,수산중공업,1975,2040,1850
2018-09-13 오후 2:42:57,수산중공업,1980,2040,1850
2018-09-13 오후 2:42:58,수산중공업,1975,2040,1850
2018-09-13 오후 2:42:58,수산중공업,1980,2040,1850
2018-09-13 오후 2:42:58,수산중공업,1975,2040,1850
2018-09-13 오후 2:42:58,수산중공업,1980,2040,1850
2018-09-13 오후 2:42:58,수산중공업,1975,2040,1850
2018-09-13 오후 2:42:59,수산중공업,1980,2040,1850
2018-09-13 오후 2:42:59,수산중공업,1975,2040,1850
2018-09-13 오후 2:42:59,수산중공업,1980,2040,1850
2018-09-13 오후 2:42:59,수산중공업,1975,2040,1850
2018-09-13 오후 2:42:59,수산중공업,1980,2040,1850
2018-09-13 오후 2:43:00,수산중공업,1975,2040,1850
2018-09-13 오후 2:43:00,수산중공업,1980,2040,1850
2018-09-13 오후 2:43:00,수산중공업,1975,2040,1850
2018-09-13 오후 2:43:00,수산중공업,1980,2040,1850
2018-09-13 오후 2:43:00,수산중공업,1975,2040,1850
2018-09-13 오후 2:43:01,수산중공업,1980,2040,1850
2018-09-13 오후 2:43:01,수산중공업,1975,2040,1850
2018-09-13 오후 2:43:01,수산중공업,1980,2040,1850
2018-09-13 오후 2:43:01,수산중공업,1980,2040,1850
2018-09-13 오후 2:43:01,수산중공업,1975,2040,1850
2018-09-13 오후 2:43:01,수산중공업,1980,2040,1850
2018-09-13 오후 2:43:02,수산중공업,1975,2040,1850
2018-09-13 오후 2:43:02,수산중공업,1980,2040,1850
2018-09-13 오후 2:43:02,수산중공업,1975,2040,1850
2018-09-13 오후 2:43:02,수산중공업,1980,2040,1850
2018-09-13 오후 2:43:02,수산중공업,1975,2040,1850
2018-09-13 오후 2:43:03,수산중공업,1980,2040,1850
2018-09-13 오후 2:43:03,수산중공업,1975,2040,1850
2018-09-13 오후 2:43:03,수산중공업,1980,2040,1850
2018-09-13 오후 2:43:03,수산중공업,1980,2040,1850
2018-09-13 오후 2:43:03,수산중공업,1975,2040,1850
2018-09-13 오후 2:43:03,수산중공업,1980,2040,1850
2018-09-13 오후 2:43:04,수산중공업,1975,2040,1850
2018-09-13 오후 2:43:04,수산중공업,1980,2040,1850
2018-09-13 오후 2:43:04,수산중공업,1975,2040,1850
2018-09-13 오후 2:43:04,수산중공업,1980,2040,1850
2018-09-13 오후 2:43:04,수산중공업,1975,2040,1850
2018-09-13 오후 2:43:05,수산중공업,1980,2040,1850
2018-09-13 오후 2:43:05,수산중공업,1975,2040,1850
2018-09-13 오후 2:43:05,수산중공업,1980,2040,1850
2018-09-13 오후 2:43:05,수산중공업,1975,2040,1850
2018-09-13 오후 2:43:05,수산중공업,1980,2040,1850
2018-09-13 오후 2:43:06,수산중공업,1975,2040,1850
2018-09-13 오후 2:43:06,수산중공업,1980,2040,1850
2018-09-13 오후 2:43:06,수산중공업,1975,2040,1850
2018-09-13 오후 2:43:06,수산중공업,1980,2040,1850
2018-09-13 오후 2:43:06,수산중공업,1980,2040,1850
2018-09-13 오후 2:43:07,수산중공업,1980,2040,1850
2018-09-13 오후 2:43:07,수산중공업,1975,2040,1850
2018-09-13 오후 2:43:07,수산중공업,1980,2040,1850
2018-09-13 오후 2:43:07,수산중공업,1975,2040,1850
2018-09-13 오후 2:43:07,수산중공업,1980,2040,1850
2018-09-13 오후 2:43:07,수산중공업,1975,2040,1850
2018-09-13 오후 2:43:08,수산중공업,1980,2040,1850
2018-09-13 오후 2:43:08,수산중공업,1975,2040,1850
2018-09-13 오후 2:43:08,수산중공업,1980,2040,1850
2018-09-13 오후 2:43:08,수산중공업,1975,2040,1850
2018-09-13 오후 2:43:08,수산중공업,1980,2040,1850
2018-09-13 오후 2:43:09,수산중공업,1975,2040,1850
2018-09-13 오후 2:43:09,수산중공업,1980,2040,1850
2018-09-13 오후 2:43:09,수산중공업,1975,2040,1850
2018-09-13 오후 2:43:09,수산중공업,1980,2040,1850
2018-09-13 오후 2:43:09,수산중공업,1975,2040,1850
2018-09-13 오후 2:43:10,수산중공업,1980,2040,1850
2018-09-13 오후 2:43:10,수산중공업,1975,2040,1850
2018-09-13 오후 2:43:10,수산중공업,1980,2040,1850
2018-09-13 오후 2:43:10,수산중공업,1975,2040,1850
2018-09-13 오후 2:43:10,수산중공업,1980,2040,1850
2018-09-13 오후 2:43:11,수산중공업,1975,2040,1850
2018-09-13 오후 2:43:11,수산중공업,1980,2040,1850
2018-09-13 오후 2:43:11,수산중공업,1980,2040,1850
2018-09-13 오후 2:43:11,수산중공업,1975,2040,1850
2018-09-13 오후 2:43:11,수산중공업,1980,2040,1850
2018-09-13 오후 2:43:11,수산중공업,1975,2040,1850
2018-09-13 오후 2:43:12,수산중공업,1980,2040,1850
2018-09-13 오후 2:43:12,수산중공업,1975,2040,1850
2018-09-13 오후 2:43:12,수산중공업,1980,2040,1850
2018-09-13 오후 2:43:12,수산중공업,1975,2040,1850
2018-09-13 오후 2:43:12,수산중공업,1975,2040,1850
2018-09-13 오후 2:43:12,수산중공업,1980,2040,1850
2018-09-13 오후 2:43:13,수산중공업,1975,2040,1850
2018-09-13 오후 2:43:13,수산중공업,1980,2040,1850
2018-09-13 오후 2:43:13,수산중공업,1975,2040,1850
2018-09-13 오후 2:43:13,수산중공업,1980,2040,1850
2018-09-13 오후 2:43:13,수산중공업,1975,2040,1850
2018-09-13 오후 2:43:13,수산중공업,1980,2040,1850
2018-09-13 오후 2:43:14,수산중공업,1975,2040,1850
2018-09-13 오후 2:43:14,수산중공업,1980,2040,1850
2018-09-13 오후 2:43:14,수산중공업,1975,2040,1850
2018-09-13 오후 2:43:14,수산중공업,1980,2040,1850
2018-09-13 오후 2:43:14,수산중공업,1980,2040,1850
2018-09-13 오후 2:43:14,수산중공업,1975,2040,1850
2018-09-13 오후 2:43:15,수산중공업,1980,2040,1850
2018-09-13 오후 2:43:15,수산중공업,1975,2040,1850
2018-09-13 오후 2:43:15,수산중공업,1980,2040,1850
2018-09-13 오후 2:43:15,수산중공업,1975,2040,1850
2018-09-13 오후 2:43:15,수산중공업,1980,2040,1850
2018-09-13 오후 2:43:16,수산중공업,1975,2040,1850
2018-09-13 오후 2:43:16,수산중공업,1980,2040,1850
2018-09-13 오후 2:43:16,수산중공업,1985,2040,1850
2018-09-13 오후 2:43:16,수산중공업,1980,2040,1850
2018-09-13 오후 2:43:16,수산중공업,1985,2040,1850
2018-09-13 오후 2:43:16,수산중공업,1980,2040,1850
2018-09-13 오후 2:43:17,수산중공업,1985,2040,1850
2018-09-13 오후 2:43:17,수산중공업,1980,2040,1850
2018-09-13 오후 2:43:17,수산중공업,1985,2040,1850
2018-09-13 오후 2:43:17,수산중공업,1980,2040,1850
2018-09-13 오후 2:43:17,수산중공업,1985,2040,1850
2018-09-13 오후 2:43:18,수산중공업,1980,2040,1850
2018-09-13 오후 2:43:18,수산중공업,1985,2040,1850
2018-09-13 오후 2:43:18,수산중공업,1980,2040,1850
2018-09-13 오후 2:43:18,수산중공업,1985,2040,1850
2018-09-13 오후 2:43:18,수산중공업,1980,2040,1850
2018-09-13 오후 2:43:19,수산중공업,1985,2040,1850
2018-09-13 오후 2:43:19,수산중공업,1980,2040,1850
2018-09-13 오후 2:43:19,수산중공업,1985,2040,1850
2018-09-13 오후 2:43:19,수산중공업,1980,2040,1850
2018-09-13 오후 2:43:19,수산중공업,1985,2040,1850
2018-09-13 오후 2:43:20,수산중공업,1980,2040,1850
2018-09-13 오후 2:43:20,수산중공업,1985,2040,1850
2018-09-13 오후 2:43:20,수산중공업,1980,2040,1850
2018-09-13 오후 2:43:20,수산중공업,1985,2040,1850
2018-09-13 오후 2:43:20,수산중공업,1980,2040,1850
2018-09-13 오후 2:43:21,수산중공업,1985,2040,1850
2018-09-13 오후 2:43:21,수산중공업,1980,2040,1850
2018-09-13 오후 2:43:21,수산중공업,1985,2040,1850
2018-09-13 오후 2:43:21,수산중공업,1980,2040,1850
2018-09-13 오후 2:43:21,수산중공업,1985,2040,1850
2018-09-13 오후 2:43:22,수산중공업,1980,2040,1850
2018-09-13 오후 2:43:22,수산중공업,1985,2040,1850
2018-09-13 오후 2:43:22,수산중공업,1980,2040,1850
2018-09-13 오후 2:43:22,수산중공업,1985,2040,1850
2018-09-13 오후 2:43:22,수산중공업,1980,2040,1850
2018-09-13 오후 2:43:23,수산중공업,1985,2040,1850
2018-09-13 오후 2:43:23,수산중공업,1980,2040,1850
2018-09-13 오후 2:43:23,수산중공업,1985,2040,1850
2018-09-13 오후 2:43:23,수산중공업,1980,2040,1850
2018-09-13 오후 2:43:23,수산중공업,1985,2040,1850
2018-09-13 오후 2:43:24,수산중공업,1980,2040,1850
2018-09-13 오후 2:43:24,수산중공업,1985,2040,1850
2018-09-13 오후 2:43:24,수산중공업,1980,2040,1850
2018-09-13 오후 2:43:24,수산중공업,1985,2040,1850
2018-09-13 오후 2:43:24,수산중공업,1985,2040,1850
2018-09-13 오후 2:43:24,수산중공업,1980,2040,1850
2018-09-13 오후 2:43:25,수산중공업,1985,2040,1850
2018-09-13 오후 2:43:25,수산중공업,1980,2040,1850
2018-09-13 오후 2:43:25,수산중공업,1985,2040,1850
2018-09-13 오후 2:43:25,수산중공업,1980,2040,1850
2018-09-13 오후 2:43:25,수산중공업,1985,2040,1850
2018-09-13 오후 2:43:26,수산중공업,1980,2040,1850
2018-09-13 오후 2:43:26,수산중공업,1985,2040,1850
2018-09-13 오후 2:43:26,수산중공업,1980,2040,1850
2018-09-13 오후 2:43:26,수산중공업,1985,2040,1850
2018-09-13 오후 2:43:26,수산중공업,1980,2040,1850
2018-09-13 오후 2:43:27,수산중공업,1985,2040,1850
2018-09-13 오후 2:43:27,수산중공업,1980,2040,1850
2018-09-13 오후 2:43:27,수산중공업,1985,2040,1850
2018-09-13 오후 2:43:27,수산중공업,1980,2040,1850
2018-09-13 오후 2:43:27,수산중공업,1985,2040,1850
2018-09-13 오후 2:43:28,수산중공업,1980,2040,1850
2018-09-13 오후 2:43:28,수산중공업,1985,2040,1850
2018-09-13 오후 2:43:28,수산중공업,1985,2040,1850
2018-09-13 오후 2:43:28,수산중공업,1985,2040,1850
2018-09-13 오후 2:43:28,수산중공업,1990,2040,1850
2018-09-13 오후 2:43:28,수산중공업,1985,2040,1850
2018-09-13 오후 2:43:29,수산중공업,1990,2040,1850
2018-09-13 오후 2:43:29,수산중공업,1985,2040,1850
2018-09-13 오후 2:43:48,수산중공업,1985,2040,1850
2018-09-13 오후 2:43:48,수산중공업,1985,2040,1850
2018-09-13 오후 2:44:06,수산중공업,1985,2040,1850
2018-09-13 오후 2:44:10,수산중공업,1985,2040,1850
2018-09-13 오후 2:44:20,수산중공업,1985,2040,1850
2018-09-13 오후 2:44:25,수산중공업,1985,2040,1850
2018-09-13 오후 2:44:25,수산중공업,1985,2040,1850
2018-09-13 오후 2:44:35,수산중공업,1985,2040,1850
2018-09-13 오후 2:44:47,수산중공업,1980,2040,1850
2018-09-13 오후 2:44:50,수산중공업,1985,2040,1850
2018-09-13 오후 2:44:52,수산중공업,1980,2040,1850
2018-09-13 오후 2:44:56,수산중공업,1980,2040,1850
2018-09-13 오후 2:44:59,수산중공업,1980,2040,1850
2018-09-13 오후 2:45:01,수산중공업,1980,2040,1850
2018-09-13 오후 2:45:03,수산중공업,1980,2040,1850
2018-09-13 오후 2:45:06,수산중공업,1980,2040,1850
2018-09-13 오후 2:45:06,수산중공업,1980,2040,1850
2018-09-13 오후 2:45:08,수산중공업,1975,2040,1850
2018-09-13 오후 2:45:19,수산중공업,1975,2040,1850
2018-09-13 오후 2:45:26,수산중공업,1975,2040,1850
2018-09-13 오후 2:45:28,수산중공업,1975,2040,1850
2018-09-13 오후 2:45:30,수산중공업,1975,2040,1850
2018-09-13 오후 2:45:38,수산중공업,1975,2040,1850
2018-09-13 오후 2:45:42,수산중공업,1975,2040,1850
2018-09-13 오후 2:45:44,수산중공업,1975,2040,1850
2018-09-13 오후 2:46:09,수산중공업,1975,2040,1850
2018-09-13 오후 2:46:10,수산중공업,1975,2040,1850
2018-09-13 오후 2:46:18,수산중공업,1975,2040,1850
2018-09-13 오후 2:46:34,수산중공업,1975,2040,1850
2018-09-13 오후 2:46:44,수산중공업,1975,2040,1850
2018-09-13 오후 2:46:51,수산중공업,1980,2040,1850
2018-09-13 오후 2:46:51,수산중공업,1975,2040,1850
2018-09-13 오후 2:46:56,수산중공업,1980,2040,1850
2018-09-13 오후 2:47:07,수산중공업,1980,2040,1850
2018-09-13 오후 2:47:19,수산중공업,1980,2040,1850
2018-09-13 오후 2:47:22,수산중공업,1980,2040,1850
2018-09-13 오후 2:47:22,수산중공업,1975,2040,1850
2018-09-13 오후 2:48:22,수산중공업,1980,2040,1850
2018-09-13 오후 2:48:22,수산중공업,1980,2040,1850
2018-09-13 오후 2:48:38,수산중공업,1975,2040,1850
2018-09-13 오후 2:48:38,수산중공업,1975,2040,1850
2018-09-13 오후 2:48:41,수산중공업,1975,2040,1850
2018-09-13 오후 2:48:47,수산중공업,1975,2040,1850
2018-09-13 오후 2:49:09,수산중공업,1975,2040,1850
2018-09-13 오후 2:49:10,수산중공업,1975,2040,1850
2018-09-13 오후 2:49:12,수산중공업,1975,2040,1850
2018-09-13 오후 2:49:14,수산중공업,1975,2040,1850
2018-09-13 오후 2:49:18,수산중공업,1980,2040,1850
2018-09-13 오후 2:49:29,수산중공업,1980,2040,1850
2018-09-13 오후 2:49:34,수산중공업,1970,2040,1850
2018-09-13 오후 2:49:34,수산중공업,1970,2040,1850
2018-09-13 오후 2:49:48,수산중공업,1975,2040,1850
2018-09-13 오후 2:49:52,수산중공업,1970,2040,1850
2018-09-13 오후 2:50:00,수산중공업,1970,2040,1850
2018-09-13 오후 2:50:04,수산중공업,1970,2040,1850
2018-09-13 오후 2:50:09,수산중공업,1970,2040,1850
2018-09-13 오후 2:50:13,수산중공업,1975,2040,1850
2018-09-13 오후 2:50:23,수산중공업,1975,2040,1850
2018-09-13 오후 2:50:28,수산중공업,1970,2040,1850
2018-09-13 오후 2:50:49,수산중공업,1970,2040,1850
2018-09-13 오후 2:50:51,수산중공업,1970,2040,1850
2018-09-13 오후 2:50:53,수산중공업,1970,2040,1850
2018-09-13 오후 2:51:15,수산중공업,1970,2040,1850
2018-09-13 오후 2:51:21,수산중공업,1970,2040,1850
2018-09-13 오후 2:51:22,수산중공업,1970,2040,1850
2018-09-13 오후 2:51:30,수산중공업,1970,2040,1850
2018-09-13 오후 2:51:30,수산중공업,1965,2040,1850
2018-09-13 오후 2:51:37,수산중공업,1965,2040,1850
2018-09-13 오후 2:51:44,수산중공업,1965,2040,1850
2018-09-13 오후 2:51:44,수산중공업,1960,2040,1850
2018-09-13 오후 2:51:47,수산중공업,1965,2040,1850
2018-09-13 오후 2:51:48,수산중공업,1960,2040,1850
2018-09-13 오후 2:51:48,수산중공업,1965,2040,1850
2018-09-13 오후 2:51:51,수산중공업,1960,2040,1850
2018-09-13 오후 2:51:58,수산중공업,1960,2040,1850
2018-09-13 오후 2:52:09,수산중공업,1960,2040,1850
2018-09-13 오후 2:52:11,수산중공업,1960,2040,1850
2018-09-13 오후 2:52:15,수산중공업,1965,2040,1850
2018-09-13 오후 2:52:18,수산중공업,1960,2040,1850
2018-09-13 오후 2:52:19,수산중공업,1965,2040,1850
2018-09-13 오후 2:52:23,수산중공업,1960,2040,1850
2018-09-13 오후 2:52:24,수산중공업,1960,2040,1850
2018-09-13 오후 2:52:36,수산중공업,1965,2040,1850
2018-09-13 오후 2:52:51,수산중공업,1965,2040,1850
2018-09-13 오후 2:52:51,수산중공업,1960,2040,1850
2018-09-13 오후 2:53:11,수산중공업,1960,2040,1850
2018-09-13 오후 2:53:27,수산중공업,1960,2040,1850
2018-09-13 오후 2:53:30,수산중공업,1960,2040,1850
2018-09-13 오후 2:53:37,수산중공업,1960,2040,1850
2018-09-13 오후 2:53:46,수산중공업,1960,2040,1850
2018-09-13 오후 2:53:50,수산중공업,1960,2040,1850
2018-09-13 오후 2:53:50,수산중공업,1955,2040,1850
2018-09-13 오후 2:53:50,수산중공업,1955,2040,1850
2018-09-13 오후 2:53:58,수산중공업,1960,2040,1850
2018-09-13 오후 2:53:58,수산중공업,1955,2040,1850
2018-09-13 오후 2:54:12,수산중공업,1955,2040,1850
2018-09-13 오후 2:54:12,수산중공업,1955,2040,1850
2018-09-13 오후 2:54:13,수산중공업,1955,2040,1850
2018-09-13 오후 2:54:15,수산중공업,1955,2040,1850
2018-09-13 오후 2:54:20,수산중공업,1960,2040,1850
2018-09-13 오후 2:54:20,수산중공업,1955,2040,1850
2018-09-13 오후 2:54:23,수산중공업,1965,2040,1850
2018-09-13 오후 2:54:39,수산중공업,1965,2040,1850
2018-09-13 오후 2:54:39,수산중공업,1960,2040,1850
2018-09-13 오후 2:54:45,수산중공업,1960,2040,1850
2018-09-13 오후 2:54:47,수산중공업,1960,2040,1850
2018-09-13 오후 2:54:47,수산중공업,1960,2040,1850
2018-09-13 오후 2:54:48,수산중공업,1965,2040,1850
2018-09-13 오후 2:54:49,수산중공업,1965,2040,1850
2018-09-13 오후 2:55:01,수산중공업,1965,2040,1850
2018-09-13 오후 2:55:03,수산중공업,1965,2040,1850
2018-09-13 오후 2:55:53,수산중공업,1970,2040,1850
2018-09-13 오후 2:56:04,수산중공업,1970,2040,1850
2018-09-13 오후 2:56:06,수산중공업,1970,2040,1850
2018-09-13 오후 2:56:08,수산중공업,1965,2040,1850
2018-09-13 오후 2:56:38,수산중공업,1965,2040,1850
2018-09-13 오후 2:56:48,수산중공업,1965,2040,1850
2018-09-13 오후 2:57:08,수산중공업,1965,2040,1850
2018-09-13 오후 2:57:27,수산중공업,1965,2040,1850
2018-09-13 오후 2:57:28,수산중공업,1970,2040,1850
2018-09-13 오후 2:57:42,수산중공업,1970,2040,1850
2018-09-13 오후 2:58:15,수산중공업,1970,2040,1850
2018-09-13 오후 2:58:15,수산중공업,1970,2040,1850
2018-09-13 오후 2:58:29,수산중공업,1970,2040,1850
2018-09-13 오후 2:58:29,수산중공업,1975,2040,1850
2018-09-13 오후 2:58:38,수산중공업,1970,2040,1850
2018-09-13 오후 2:58:50,수산중공업,1970,2040,1850
2018-09-13 오후 2:59:00,수산중공업,1975,2040,1850
2018-09-13 오후 2:59:18,수산중공업,1975,2040,1850
2018-09-13 오후 2:59:44,수산중공업,1970,2040,1850
2018-09-13 오후 2:59:48,수산중공업,1970,2040,1850
2018-09-13 오후 2:59:51,수산중공업,1970,2040,1850
2018-09-13 오후 2:59:52,수산중공업,1970,2040,1850
2018-09-13 오후 3:00:02,수산중공업,1970,2040,1850
2018-09-13 오후 3:00:21,수산중공업,1975,2040,1850
2018-09-13 오후 3:00:30,수산중공업,1975,2040,1850
2018-09-13 오후 3:00:39,수산중공업,1975,2040,1850
2018-09-13 오후 3:00:45,수산중공업,1970,2040,1850
2018-09-13 오후 3:00:54,수산중공업,1970,2040,1850
2018-09-13 오후 3:00:57,수산중공업,1970,2040,1850
2018-09-13 오후 3:00:57,수산중공업,1970,2040,1850
2018-09-13 오후 3:00:57,수산중공업,1965,2040,1850
2018-09-13 오후 3:00:57,수산중공업,1965,2040,1850
2018-09-13 오후 3:00:58,수산중공업,1965,2040,1850
2018-09-13 오후 3:01:37,수산중공업,1970,2040,1850
2018-09-13 오후 3:01:45,수산중공업,1970,2040,1850
2018-09-13 오후 3:02:00,수산중공업,1970,2040,1850
2018-09-13 오후 3:02:01,수산중공업,1970,2040,1850
2018-09-13 오후 3:02:03,수산중공업,1965,2040,1850
2018-09-13 오후 3:02:06,수산중공업,1965,2040,1850
2018-09-13 오후 3:02:12,수산중공업,1965,2040,1850
2018-09-13 오후 3:02:22,수산중공업,1965,2040,1850
2018-09-13 오후 3:02:25,수산중공업,1965,2040,1850
2018-09-13 오후 3:02:27,수산중공업,1965,2040,1850
2018-09-13 오후 3:02:44,수산중공업,1970,2040,1850
2018-09-13 오후 3:02:49,수산중공업,1965,2040,1850
2018-09-13 오후 3:02:52,수산중공업,1965,2040,1850
2018-09-13 오후 3:02:58,수산중공업,1965,2040,1850
2018-09-13 오후 3:03:00,수산중공업,1965,2040,1850
2018-09-13 오후 3:03:01,수산중공업,1965,2040,1850
2018-09-13 오후 3:03:13,수산중공업,1965,2040,1850
2018-09-13 오후 3:03:26,수산중공업,1965,2040,1850
2018-09-13 오후 3:03:31,수산중공업,1965,2040,1850
2018-09-13 오후 3:03:35,수산중공업,1965,2040,1850
2018-09-13 오후 3:03:49,수산중공업,1970,2040,1850
2018-09-13 오후 3:04:00,수산중공업,1970,2040,1850
2018-09-13 오후 3:04:02,수산중공업,1970,2040,1850
2018-09-13 오후 3:04:04,수산중공업,1970,2040,1850
2018-09-13 오후 3:04:19,수산중공업,1970,2040,1850
2018-09-13 오후 3:04:20,수산중공업,1975,2040,1850
2018-09-13 오후 3:04:21,수산중공업,1970,2040,1850
2018-09-13 오후 3:04:21,수산중공업,1965,2040,1850
2018-09-13 오후 3:04:22,수산중공업,1965,2040,1850
2018-09-13 오후 3:04:23,수산중공업,1965,2040,1850
2018-09-13 오후 3:04:28,수산중공업,1970,2040,1850
2018-09-13 오후 3:04:33,수산중공업,1970,2040,1850
2018-09-13 오후 3:04:33,수산중공업,1975,2040,1850
2018-09-13 오후 3:04:39,수산중공업,1975,2040,1850
2018-09-13 오후 3:04:40,수산중공업,1970,2040,1850
2018-09-13 오후 3:04:42,수산중공업,1970,2040,1850
2018-09-13 오후 3:04:45,수산중공업,1970,2040,1850
2018-09-13 오후 3:04:46,수산중공업,1975,2040,1850
2018-09-13 오후 3:04:56,수산중공업,1975,2040,1850
2018-09-13 오후 3:05:06,수산중공업,1975,2040,1850
2018-09-13 오후 3:05:07,수산중공업,1975,2040,1850
2018-09-13 오후 3:05:07,수산중공업,1975,2040,1850
2018-09-13 오후 3:05:10,수산중공업,1975,2040,1850
2018-09-13 오후 3:05:12,수산중공업,1975,2040,1850
2018-09-13 오후 3:05:17,수산중공업,1975,2040,1850
2018-09-13 오후 3:05:19,수산중공업,1975,2040,1850
2018-09-13 오후 3:05:19,수산중공업,1975,2040,1850
2018-09-13 오후 3:05:20,수산중공업,1970,2040,1850
2018-09-13 오후 3:05:26,수산중공업,1975,2040,1850
2018-09-13 오후 3:05:27,수산중공업,1970,2040,1850
2018-09-13 오후 3:05:27,수산중공업,1975,2040,1850
2018-09-13 오후 3:05:35,수산중공업,1975,2040,1850
2018-09-13 오후 3:05:37,수산중공업,1975,2040,1850
2018-09-13 오후 3:05:39,수산중공업,1970,2040,1850
2018-09-13 오후 3:05:39,수산중공업,1970,2040,1850
2018-09-13 오후 3:05:40,수산중공업,1970,2040,1850
2018-09-13 오후 3:05:46,수산중공업,1970,2040,1850
2018-09-13 오후 3:05:48,수산중공업,1970,2040,1850
2018-09-13 오후 3:05:49,수산중공업,1965,2040,1850
2018-09-13 오후 3:05:51,수산중공업,1965,2040,1850
2018-09-13 오후 3:06:04,수산중공업,1970,2040,1850
2018-09-13 오후 3:06:12,수산중공업,1965,2040,1850
2018-09-13 오후 3:06:14,수산중공업,1965,2040,1850
2018-09-13 오후 3:06:41,수산중공업,1965,2040,1850
2018-09-13 오후 3:06:42,수산중공업,1965,2040,1850
2018-09-13 오후 3:06:44,수산중공업,1965,2040,1850
2018-09-13 오후 3:06:47,수산중공업,1965,2040,1850
2018-09-13 오후 3:06:48,수산중공업,1965,2040,1850
2018-09-13 오후 3:06:49,수산중공업,1965,2040,1850
2018-09-13 오후 3:06:50,수산중공업,1965,2040,1850
2018-09-13 오후 3:06:50,수산중공업,1970,2040,1850
2018-09-13 오후 3:06:56,수산중공업,1970,2040,1850
2018-09-13 오후 3:07:10,수산중공업,1960,2040,1850
2018-09-13 오후 3:07:17,수산중공업,1960,2040,1850
2018-09-13 오후 3:07:17,수산중공업,1960,2040,1850
2018-09-13 오후 3:07:18,수산중공업,1960,2040,1850
2018-09-13 오후 3:07:22,수산중공업,1960,2040,1850
2018-09-13 오후 3:07:30,수산중공업,1965,2040,1850
2018-09-13 오후 3:07:30,수산중공업,1965,2040,1850
2018-09-13 오후 3:07:35,수산중공업,1960,2040,1850
2018-09-13 오후 3:07:38,수산중공업,1965,2040,1850
2018-09-13 오후 3:07:40,수산중공업,1960,2040,1850
2018-09-13 오후 3:07:51,수산중공업,1965,2040,1850
2018-09-13 오후 3:07:51,수산중공업,1960,2040,1850
2018-09-13 오후 3:07:52,수산중공업,1965,2040,1850
2018-09-13 오후 3:07:52,수산중공업,1960,2040,1850
2018-09-13 오후 3:07:52,수산중공업,1960,2040,1850
2018-09-13 오후 3:07:52,수산중공업,1965,2040,1850
2018-09-13 오후 3:08:03,수산중공업,1955,2040,1850
2018-09-13 오후 3:08:25,수산중공업,1960,2040,1850
2018-09-13 오후 3:08:25,수산중공업,1960,2040,1850
2018-09-13 오후 3:08:28,수산중공업,1960,2040,1850
2018-09-13 오후 3:08:31,수산중공업,1960,2040,1850
2018-09-13 오후 3:08:34,수산중공업,1960,2040,1850
2018-09-13 오후 3:08:34,수산중공업,1960,2040,1850
2018-09-13 오후 3:08:37,수산중공업,1960,2040,1850
2018-09-13 오후 3:08:39,수산중공업,1955,2040,1850
2018-09-13 오후 3:08:48,수산중공업,1955,2040,1850
2018-09-13 오후 3:08:48,수산중공업,1955,2040,1850
2018-09-13 오후 3:08:50,수산중공업,1960,2040,1850
2018-09-13 오후 3:08:51,수산중공업,1955,2040,1850
2018-09-13 오후 3:08:52,수산중공업,1960,2040,1850
2018-09-13 오후 3:08:54,수산중공업,1955,2040,1850
2018-09-13 오후 3:08:55,수산중공업,1960,2040,1850
2018-09-13 오후 3:08:56,수산중공업,1960,2040,1850
2018-09-13 오후 3:08:58,수산중공업,1960,2040,1850
2018-09-13 오후 3:08:58,수산중공업,1960,2040,1850
2018-09-13 오후 3:09:03,수산중공업,1965,2040,1850
2018-09-13 오후 3:09:10,수산중공업,1970,2040,1850
2018-09-13 오후 3:09:10,수산중공업,1965,2040,1850
2018-09-13 오후 3:09:12,수산중공업,1970,2040,1850
2018-09-13 오후 3:09:13,수산중공업,1965,2040,1850
2018-09-13 오후 3:09:15,수산중공업,1970,2040,1850
2018-09-13 오후 3:09:15,수산중공업,1970,2040,1850
2018-09-13 오후 3:09:17,수산중공업,1965,2040,1850
2018-09-13 오후 3:09:17,수산중공업,1970,2040,1850
2018-09-13 오후 3:09:18,수산중공업,1970,2040,1850
2018-09-13 오후 3:09:20,수산중공업,1965,2040,1850
2018-09-13 오후 3:09:21,수산중공업,1970,2040,1850
2018-09-13 오후 3:09:25,수산중공업,1965,2040,1850
2018-09-13 오후 3:09:26,수산중공업,1970,2040,1850
2018-09-13 오후 3:09:26,수산중공업,1970,2040,1850
2018-09-13 오후 3:09:27,수산중공업,1965,2040,1850
2018-09-13 오후 3:09:28,수산중공업,1970,2040,1850
2018-09-13 오후 3:09:37,수산중공업,1965,2040,1850
2018-09-13 오후 3:09:38,수산중공업,1970,2040,1850
2018-09-13 오후 3:09:40,수산중공업,1970,2040,1850
2018-09-13 오후 3:09:42,수산중공업,1970,2040,1850
2018-09-13 오후 3:09:51,수산중공업,1970,2040,1850
2018-09-13 오후 3:09:51,수산중공업,1970,2040,1850
2018-09-13 오후 3:09:51,수산중공업,1970,2040,1850
2018-09-13 오후 3:09:57,수산중공업,1965,2040,1850
2018-09-13 오후 3:09:58,수산중공업,1970,2040,1850
2018-09-13 오후 3:10:02,수산중공업,1970,2040,1850
2018-09-13 오후 3:10:03,수산중공업,1970,2040,1850
2018-09-13 오후 3:10:07,수산중공업,1970,2040,1850
2018-09-13 오후 3:10:09,수산중공업,1970,2040,1850
2018-09-13 오후 3:10:10,수산중공업,1975,2040,1850
2018-09-13 오후 3:10:12,수산중공업,1970,2040,1850
2018-09-13 오후 3:10:13,수산중공업,1975,2040,1850
2018-09-13 오후 3:10:22,수산중공업,1975,2040,1850
2018-09-13 오후 3:10:23,수산중공업,1975,2040,1850
2018-09-13 오후 3:10:24,수산중공업,1975,2040,1850
2018-09-13 오후 3:10:25,수산중공업,1975,2040,1850
2018-09-13 오후 3:10:26,수산중공업,1975,2040,1850
2018-09-13 오후 3:10:29,수산중공업,1975,2040,1850
2018-09-13 오후 3:10:32,수산중공업,1975,2040,1850
2018-09-13 오후 3:10:34,수산중공업,1975,2040,1850
2018-09-13 오후 3:10:45,수산중공업,1970,2040,1850
2018-09-13 오후 3:10:47,수산중공업,1975,2040,1850
2018-09-13 오후 3:10:47,수산중공업,1975,2040,1850
2018-09-13 오후 3:10:49,수산중공업,1975,2040,1850
2018-09-13 오후 3:10:51,수산중공업,1975,2040,1850
2018-09-13 오후 3:10:52,수산중공업,1975,2040,1850
2018-09-13 오후 3:10:53,수산중공업,1975,2040,1850
2018-09-13 오후 3:10:54,수산중공업,1975,2040,1850
2018-09-13 오후 3:10:55,수산중공업,1975,2040,1850
2018-09-13 오후 3:11:00,수산중공업,1975,2040,1850
2018-09-13 오후 3:11:01,수산중공업,1975,2040,1850
2018-09-13 오후 3:11:02,수산중공업,1980,2040,1850
2018-09-13 오후 3:11:06,수산중공업,1980,2040,1850
2018-09-13 오후 3:11:06,수산중공업,1980,2040,1850
2018-09-13 오후 3:11:08,수산중공업,1980,2040,1850
2018-09-13 오후 3:11:08,수산중공업,1980,2040,1850
2018-09-13 오후 3:11:11,수산중공업,1980,2040,1850
2018-09-13 오후 3:11:13,수산중공업,1980,2040,1850
2018-09-13 오후 3:11:14,수산중공업,1980,2040,1850
2018-09-13 오후 3:11:20,수산중공업,1980,2040,1850
2018-09-13 오후 3:11:22,수산중공업,1980,2040,1850
2018-09-13 오후 3:11:23,수산중공업,1980,2040,1850
2018-09-13 오후 3:11:24,수산중공업,1985,2040,1850
2018-09-13 오후 3:11:27,수산중공업,1985,2040,1850
2018-09-13 오후 3:11:28,수산중공업,1980,2040,1850
2018-09-13 오후 3:11:29,수산중공업,1985,2040,1850
2018-09-13 오후 3:11:32,수산중공업,1980,2040,1850
2018-09-13 오후 3:11:36,수산중공업,1985,2040,1850
2018-09-13 오후 3:11:37,수산중공업,1980,2040,1850
2018-09-13 오후 3:11:39,수산중공업,1980,2040,1850
2018-09-13 오후 3:11:39,수산중공업,1985,2040,1850
2018-09-13 오후 3:11:47,수산중공업,1980,2040,1850
2018-09-13 오후 3:11:52,수산중공업,1975,2040,1850
2018-09-13 오후 3:11:52,수산중공업,1980,2040,1850
2018-09-13 오후 3:11:54,수산중공업,1980,2040,1850
2018-09-13 오후 3:11:56,수산중공업,1985,2040,1850
2018-09-13 오후 3:11:57,수산중공업,1980,2040,1850
2018-09-13 오후 3:12:02,수산중공업,1980,2040,1850
2018-09-13 오후 3:12:05,수산중공업,1980,2040,1850
2018-09-13 오후 3:12:07,수산중공업,1980,2040,1850
2018-09-13 오후 3:12:10,수산중공업,1980,2040,1850
2018-09-13 오후 3:12:11,수산중공업,1980,2040,1850
2018-09-13 오후 3:12:14,수산중공업,1985,2040,1850
2018-09-13 오후 3:12:14,수산중공업,1980,2040,1850
2018-09-13 오후 3:12:17,수산중공업,1980,2040,1850
2018-09-13 오후 3:12:18,수산중공업,1980,2040,1850
2018-09-13 오후 3:12:18,수산중공업,1985,2040,1850
2018-09-13 오후 3:12:21,수산중공업,1980,2040,1850
2018-09-13 오후 3:12:22,수산중공업,1980,2040,1850
2018-09-13 오후 3:12:25,수산중공업,1985,2040,1850
2018-09-13 오후 3:12:27,수산중공업,1980,2040,1850
2018-09-13 오후 3:12:29,수산중공업,1985,2040,1850
2018-09-13 오후 3:12:31,수산중공업,1985,2040,1850
2018-09-13 오후 3:12:32,수산중공업,1980,2040,1850
2018-09-13 오후 3:12:33,수산중공업,1985,2040,1850
2018-09-13 오후 3:12:33,수산중공업,1980,2040,1850
2018-09-13 오후 3:12:34,수산중공업,1985,2040,1850
2018-09-13 오후 3:12:41,수산중공업,1985,2040,1850
2018-09-13 오후 3:12:42,수산중공업,1985,2040,1850
2018-09-13 오후 3:12:43,수산중공업,1985,2040,1850
2018-09-13 오후 3:12:54,수산중공업,1985,2040,1850
2018-09-13 오후 3:13:02,수산중공업,1980,2040,1850
2018-09-13 오후 3:13:09,수산중공업,1985,2040,1850
2018-09-13 오후 3:13:21,수산중공업,1980,2040,1850
2018-09-13 오후 3:13:21,수산중공업,1980,2040,1850
2018-09-13 오후 3:13:22,수산중공업,1980,2040,1850
2018-09-13 오후 3:13:22,수산중공업,1975,2040,1850
2018-09-13 오후 3:13:47,수산중공업,1980,2040,1850
2018-09-13 오후 3:13:48,수산중공업,1975,2040,1850
2018-09-13 오후 3:13:48,수산중공업,1975,2040,1850
2018-09-13 오후 3:13:49,수산중공업,1975,2040,1850
2018-09-13 오후 3:13:50,수산중공업,1975,2040,1850
2018-09-13 오후 3:14:04,수산중공업,1975,2040,1850
2018-09-13 오후 3:14:13,수산중공업,1975,2040,1850
2018-09-13 오후 3:14:21,수산중공업,1975,2040,1850
2018-09-13 오후 3:14:23,수산중공업,1970,2040,1850
2018-09-13 오후 3:14:26,수산중공업,1970,2040,1850
2018-09-13 오후 3:14:30,수산중공업,1970,2040,1850
2018-09-13 오후 3:14:30,수산중공업,1970,2040,1850
2018-09-13 오후 3:14:35,수산중공업,1975,2040,1850
2018-09-13 오후 3:14:38,수산중공업,1975,2040,1850
2018-09-13 오후 3:14:41,수산중공업,1975,2040,1850
2018-09-13 오후 3:14:41,수산중공업,1980,2040,1850
2018-09-13 오후 3:14:53,수산중공업,1980,2040,1850
2018-09-13 오후 3:14:53,수산중공업,1980,2040,1850
2018-09-13 오후 3:14:58,수산중공업,1980,2040,1850
2018-09-13 오후 3:15:29,수산중공업,1975,2040,1850
2018-09-13 오후 3:15:32,수산중공업,1975,2040,1850
2018-09-13 오후 3:15:33,수산중공업,1970,2040,1850
2018-09-13 오후 3:15:39,수산중공업,1970,2040,1850
2018-09-13 오후 3:15:39,수산중공업,1965,2040,1850
2018-09-13 오후 3:16:04,수산중공업,1970,2040,1850
2018-09-13 오후 3:16:05,수산중공업,1970,2040,1850
2018-09-13 오후 3:16:08,수산중공업,1970,2040,1850
2018-09-13 오후 3:16:14,수산중공업,1970,2040,1850
2018-09-13 오후 3:16:15,수산중공업,1970,2040,1850
2018-09-13 오후 3:16:18,수산중공업,1970,2040,1850
2018-09-13 오후 3:16:20,수산중공업,1970,2040,1850
2018-09-13 오후 3:16:21,수산중공업,1970,2040,1850
2018-09-13 오후 3:16:25,수산중공업,1975,2040,1850
2018-09-13 오후 3:16:31,수산중공업,1975,2040,1850
2018-09-13 오후 3:16:58,수산중공업,1975,2040,1850
2018-09-13 오후 3:17:05,수산중공업,1980,2040,1850
2018-09-13 오후 3:17:07,수산중공업,1980,2040,1850
2018-09-13 오후 3:17:12,수산중공업,1980,2040,1850
2018-09-13 오후 3:17:15,수산중공업,1975,2040,1850
2018-09-13 오후 3:17:15,수산중공업,1980,2040,1850
2018-09-13 오후 3:18:00,수산중공업,1975,2040,1850
2018-09-13 오후 3:18:02,수산중공업,1980,2040,1850
2018-09-13 오후 3:18:16,수산중공업,1980,2040,1850
2018-09-13 오후 3:18:16,수산중공업,1975,2040,1850
2018-09-13 오후 3:18:17,수산중공업,1980,2040,1850
2018-09-13 오후 3:18:17,수산중공업,1980,2040,1850
2018-09-13 오후 3:18:18,수산중공업,1980,2040,1850
2018-09-13 오후 3:18:21,수산중공업,1980,2040,1850
2018-09-13 오후 3:18:22,수산중공업,1980,2040,1850
2018-09-13 오후 3:18:23,수산중공업,1980,2040,1850
2018-09-13 오후 3:18:28,수산중공업,1985,2040,1850
2018-09-13 오후 3:18:29,수산중공업,1985,2040,1850
2018-09-13 오후 3:18:32,수산중공업,1985,2040,1850
2018-09-13 오후 3:18:32,수산중공업,1990,2040,1850
2018-09-13 오후 3:18:34,수산중공업,1990,2040,1850
2018-09-13 오후 3:18:37,수산중공업,1990,2040,1850
2018-09-13 오후 3:18:38,수산중공업,1990,2040,1850
2018-09-13 오후 3:18:41,수산중공업,1990,2040,1850
2018-09-13 오후 3:18:49,수산중공업,1990,2040,1850
2018-09-13 오후 3:18:49,수산중공업,1990,2040,1850
2018-09-13 오후 3:18:51,수산중공업,1990,2040,1850
2018-09-13 오후 3:18:52,수산중공업,1990,2040,1850
2018-09-13 오후 3:18:53,수산중공업,1990,2040,1850
2018-09-13 오후 3:18:54,수산중공업,1990,2040,1850
2018-09-13 오후 3:18:54,수산중공업,1990,2040,1850
2018-09-13 오후 3:18:56,수산중공업,1990,2040,1850
2018-09-13 오후 3:18:59,수산중공업,1995,2040,1850
2018-09-13 오후 3:19:01,수산중공업,1995,2040,1850
2018-09-13 오후 3:19:02,수산중공업,1995,2040,1850
2018-09-13 오후 3:19:02,수산중공업,1995,2040,1850
2018-09-13 오후 3:19:03,수산중공업,1990,2040,1850
2018-09-13 오후 3:19:03,수산중공업,1995,2040,1850
2018-09-13 오후 3:19:03,수산중공업,1995,2040,1850
2018-09-13 오후 3:19:06,수산중공업,1995,2040,1850
2018-09-13 오후 3:19:08,수산중공업,1995,2040,1850
2018-09-13 오후 3:19:08,수산중공업,1995,2040,1850
2018-09-13 오후 3:19:08,수산중공업,1995,2040,1850
2018-09-13 오후 3:19:10,수산중공업,1995,2040,1850
2018-09-13 오후 3:19:11,수산중공업,1995,2040,1850
2018-09-13 오후 3:19:12,수산중공업,1995,2040,1850
2018-09-13 오후 3:19:14,수산중공업,1995,2040,1850
2018-09-13 오후 3:19:15,수산중공업,1995,2040,1850
2018-09-13 오후 3:19:15,수산중공업,1995,2040,1850
2018-09-13 오후 3:19:16,수산중공업,1995,2040,1850
2018-09-13 오후 3:19:17,수산중공업,1995,2040,1850
2018-09-13 오후 3:19:19,수산중공업,1995,2040,1850
2018-09-13 오후 3:19:19,수산중공업,1995,2040,1850
2018-09-13 오후 3:19:19,수산중공업,1995,2040,1850
2018-09-13 오후 3:19:25,수산중공업,2000,2040,1850
2018-09-13 오후 3:19:25,수산중공업,1995,2040,1850
2018-09-13 오후 3:19:26,수산중공업,1995,2040,1850
2018-09-13 오후 3:19:26,수산중공업,1995,2040,1850
2018-09-13 오후 3:19:33,수산중공업,1995,2040,1850
2018-09-13 오후 3:19:33,수산중공업,1995,2040,1850
2018-09-13 오후 3:19:38,수산중공업,1990,2040,1850
2018-09-13 오후 3:19:41,수산중공업,1995,2040,1850
2018-09-13 오후 3:19:43,수산중공업,1990,2040,1850
2018-09-13 오후 3:19:47,수산중공업,1990,2040,1850
2018-09-13 오후 3:19:49,수산중공업,1955,0,0
2018-09-13 오후 3:19:51,수산중공업,1955,0,0
2018-09-13 오후 3:19:52,수산중공업,1955,0,0
2018-09-13 오후 3:19:53,수산중공업,1955,0,0
2018-09-13 오후 3:19:55,수산중공업,1955,0,0
2018-09-13 오후 3:19:58,수산중공업,1955,0,0
2018-09-13 오후 3:19:59,수산중공업,1955,0,0
2018-09-13 오후 3:20:01,수산중공업,1955,0,0
2018-09-13 오후 3:20:02,수산중공업,1955,0,0
2018-09-13 오후 3:20:02,수산중공업,1955,0,0
2018-09-13 오후 3:20:04,수산중공업,1955,0,0
2018-09-13 오후 3:20:05,수산중공업,1955,0,0
2018-09-13 오후 3:20:05,수산중공업,1955,0,0
2018-09-13 오후 3:20:06,수산중공업,1955,0,0
2018-09-13 오후 3:20:07,수산중공업,1955,0,0
2018-09-13 오후 3:20:08,수산중공업,1955,0,0
2018-09-13 오후 3:20:09,수산중공업,1955,0,0
2018-09-13 오후 3:20:09,수산중공업,1955,0,0
2018-09-13 오후 3:20:10,수산중공업,1955,0,0
2018-09-13 오후 3:20:12,수산중공업,1955,0,0
2018-09-13 오후 3:20:13,수산중공업,1955,0,0
2018-09-13 오후 3:20:13,수산중공업,1955,0,0
2018-09-13 오후 3:20:15,수산중공업,1955,0,0
2018-09-13 오후 3:20:16,수산중공업,1950,0,0
2018-09-13 오후 3:20:17,수산중공업,1950,0,0
2018-09-13 오후 3:20:18,수산중공업,1950,0,0
2018-09-13 오후 3:20:18,수산중공업,1950,0,0
2018-09-13 오후 3:20:19,수산중공업,1950,0,0
2018-09-13 오후 3:20:20,수산중공업,1950,0,0
2018-09-13 오후 3:20:21,수산중공업,1950,0,0
2018-09-13 오후 3:20:22,수산중공업,1950,0,0
2018-09-13 오후 3:20:22,수산중공업,1950,0,0
2018-09-13 오후 3:20:24,수산중공업,1950,0,0
2018-09-13 오후 3:20:25,수산중공업,1950,0,0
2018-09-13 오후 3:20:26,수산중공업,1950,0,0
2018-09-13 오후 3:20:26,수산중공업,1950,0,0
2018-09-13 오후 3:20:27,수산중공업,1950,0,0
2018-09-13 오후 3:20:27,수산중공업,1950,0,0
2018-09-13 오후 3:20:29,수산중공업,1950,0,0
2018-09-13 오후 3:20:30,수산중공업,1950,0,0
2018-09-13 오후 3:20:30,수산중공업,1950,0,0
2018-09-13 오후 3:20:30,수산중공업,1950,0,0
2018-09-13 오후 3:20:32,수산중공업,1950,0,0
2018-09-13 오후 3:20:33,수산중공업,1950,0,0
2018-09-13 오후 3:20:38,수산중공업,1950,0,0
2018-09-13 오후 3:20:39,수산중공업,1950,0,0
2018-09-13 오후 3:20:42,수산중공업,1950,0,0
2018-09-13 오후 3:20:43,수산중공업,1950,0,0
2018-09-13 오후 3:20:43,수산중공업,1950,0,0
2018-09-13 오후 3:20:46,수산중공업,1950,0,0
2018-09-13 오후 3:20:50,수산중공업,1950,0,0
2018-09-13 오후 3:20:50,수산중공업,1950,0,0
2018-09-13 오후 3:20:55,수산중공업,1955,0,0
2018-09-13 오후 3:20:55,수산중공업,1955,0,0
2018-09-13 오후 3:20:57,수산중공업,1955,0,0
2018-09-13 오후 3:20:57,수산중공업,1955,0,0
2018-09-13 오후 3:20:58,수산중공업,1955,0,0
2018-09-13 오후 3:21:04,수산중공업,1955,0,0
2018-09-13 오후 3:21:06,수산중공업,1955,0,0
2018-09-13 오후 3:21:07,수산중공업,1955,0,0
2018-09-13 오후 3:21:08,수산중공업,1955,0,0
2018-09-13 오후 3:21:10,수산중공업,1955,0,0
2018-09-13 오후 3:21:10,수산중공업,1955,0,0
2018-09-13 오후 3:21:12,수산중공업,1955,0,0
2018-09-13 오후 3:21:12,수산중공업,1955,0,0
2018-09-13 오후 3:21:15,수산중공업,1955,0,0
2018-09-13 오후 3:21:17,수산중공업,1955,0,0
2018-09-13 오후 3:21:19,수산중공업,1955,0,0
2018-09-13 오후 3:21:20,수산중공업,1955,0,0
2018-09-13 오후 3:21:20,수산중공업,1955,0,0
2018-09-13 오후 3:21:21,수산중공업,1955,0,0
2018-09-13 오후 3:21:21,수산중공업,1955,0,0
2018-09-13 오후 3:21:21,수산중공업,1955,0,0
2018-09-13 오후 3:21:22,수산중공업,1955,0,0
2018-09-13 오후 3:21:23,수산중공업,1955,0,0
2018-09-13 오후 3:21:24,수산중공업,1955,0,0
2018-09-13 오후 3:21:26,수산중공업,1955,0,0
2018-09-13 오후 3:21:28,수산중공업,1955,0,0
2018-09-13 오후 3:21:30,수산중공업,1955,0,0
2018-09-13 오후 3:21:31,수산중공업,1955,0,0
2018-09-13 오후 3:21:33,수산중공업,1955,0,0
2018-09-13 오후 3:21:34,수산중공업,1955,0,0
2018-09-13 오후 3:21:35,수산중공업,1955,0,0
2018-09-13 오후 3:21:39,수산중공업,1955,0,0
2018-09-13 오후 3:21:41,수산중공업,1955,0,0
2018-09-13 오후 3:21:43,수산중공업,1955,0,0
2018-09-13 오후 3:21:46,수산중공업,1955,0,0
2018-09-13 오후 3:21:47,수산중공업,1955,0,0
2018-09-13 오후 3:21:47,수산중공업,1955,0,0
2018-09-13 오후 3:21:48,수산중공업,1955,0,0
2018-09-13 오후 3:21:50,수산중공업,1955,0,0
2018-09-13 오후 3:21:51,수산중공업,1955,0,0
2018-09-13 오후 3:21:51,수산중공업,1955,0,0
2018-09-13 오후 3:21:51,수산중공업,1955,0,0
2018-09-13 오후 3:21:52,수산중공업,1955,0,0
2018-09-13 오후 3:21:53,수산중공업,1955,0,0
2018-09-13 오후 3:21:54,수산중공업,1955,0,0
2018-09-13 오후 3:21:55,수산중공업,1955,0,0
2018-09-13 오후 3:21:58,수산중공업,1955,0,0
2018-09-13 오후 3:21:59,수산중공업,1955,0,0
2018-09-13 오후 3:22:03,수산중공업,1955,0,0
2018-09-13 오후 3:22:08,수산중공업,1955,0,0
2018-09-13 오후 3:22:09,수산중공업,1955,0,0
2018-09-13 오후 3:22:09,수산중공업,1955,0,0
2018-09-13 오후 3:22:11,수산중공업,1955,0,0
2018-09-13 오후 3:22:11,수산중공업,1955,0,0
2018-09-13 오후 3:22:22,수산중공업,1955,0,0
2018-09-13 오후 3:22:23,수산중공업,1955,0,0
2018-09-13 오후 3:22:23,수산중공업,1955,0,0
2018-09-13 오후 3:22:24,수산중공업,1955,0,0
2018-09-13 오후 3:22:25,수산중공업,1955,0,0
2018-09-13 오후 3:22:25,수산중공업,1955,0,0
2018-09-13 오후 3:22:26,수산중공업,1955,0,0
2018-09-13 오후 3:22:26,수산중공업,1955,0,0
2018-09-13 오후 3:22:27,수산중공업,1955,0,0
2018-09-13 오후 3:22:27,수산중공업,1955,0,0
2018-09-13 오후 3:22:29,수산중공업,1955,0,0
2018-09-13 오후 3:22:38,수산중공업,1955,0,0
2018-09-13 오후 3:22:41,수산중공업,1950,0,0
2018-09-13 오후 3:22:43,수산중공업,1950,0,0
2018-09-13 오후 3:22:46,수산중공업,1950,0,0
2018-09-13 오후 3:22:50,수산중공업,1955,0,0
2018-09-13 오후 3:22:52,수산중공업,1955,0,0
2018-09-13 오후 3:23:02,수산중공업,1955,0,0
2018-09-13 오후 3:23:06,수산중공업,1955,0,0
2018-09-13 오후 3:23:08,수산중공업,1955,0,0
2018-09-13 오후 3:23:14,수산중공업,1955,0,0
2018-09-13 오후 3:23:18,수산중공업,1955,0,0
2018-09-13 오후 3:23:18,수산중공업,1955,0,0
2018-09-13 오후 3:23:21,수산중공업,1955,0,0
2018-09-13 오후 3:23:22,수산중공업,1955,0,0
2018-09-13 오후 3:23:22,수산중공업,1955,0,0
2018-09-13 오후 3:23:27,수산중공업,1955,0,0
2018-09-13 오후 3:23:28,수산중공업,1955,0,0
2018-09-13 오후 3:23:31,수산중공업,1955,0,0
2018-09-13 오후 3:23:32,수산중공업,1955,0,0
2018-09-13 오후 3:23:34,수산중공업,1955,0,0
2018-09-13 오후 3:23:37,수산중공업,1955,0,0
2018-09-13 오후 3:23:40,수산중공업,1955,0,0
2018-09-13 오후 3:23:41,수산중공업,1955,0,0
2018-09-13 오후 3:23:41,수산중공업,1955,0,0
2018-09-13 오후 3:23:46,수산중공업,1955,0,0
2018-09-13 오후 3:23:47,수산중공업,1955,0,0
2018-09-13 오후 3:23:53,수산중공업,1955,0,0
2018-09-13 오후 3:23:53,수산중공업,1955,0,0
2018-09-13 오후 3:23:53,수산중공업,1955,0,0
2018-09-13 오후 3:23:53,수산중공업,1955,0,0
2018-09-13 오후 3:23:53,수산중공업,1955,0,0
2018-09-13 오후 3:23:54,수산중공업,1955,0,0
2018-09-13 오후 3:23:58,수산중공업,1955,0,0
2018-09-13 오후 3:24:01,수산중공업,1955,0,0
2018-09-13 오후 3:24:04,수산중공업,1955,0,0
2018-09-13 오후 3:24:09,수산중공업,1955,0,0
2018-09-13 오후 3:24:10,수산중공업,1955,0,0
2018-09-13 오후 3:24:11,수산중공업,1955,0,0
2018-09-13 오후 3:24:14,수산중공업,1955,0,0
2018-09-13 오후 3:24:15,수산중공업,1955,0,0
2018-09-13 오후 3:24:16,수산중공업,1955,0,0
2018-09-13 오후 3:24:17,수산중공업,1955,0,0
2018-09-13 오후 3:24:23,수산중공업,1955,0,0
2018-09-13 오후 3:24:27,수산중공업,1955,0,0
2018-09-13 오후 3:24:28,수산중공업,1955,0,0
2018-09-13 오후 3:24:29,수산중공업,1955,0,0
2018-09-13 오후 3:24:33,수산중공업,1955,0,0
2018-09-13 오후 3:24:34,수산중공업,1955,0,0
2018-09-13 오후 3:24:41,수산중공업,1955,0,0
2018-09-13 오후 3:24:41,수산중공업,1955,0,0
2018-09-13 오후 3:24:44,수산중공업,1955,0,0
2018-09-13 오후 3:24:45,수산중공업,1955,0,0
2018-09-13 오후 3:24:47,수산중공업,1955,0,0
2018-09-13 오후 3:24:48,수산중공업,1955,0,0
2018-09-13 오후 3:24:49,수산중공업,1955,0,0
2018-09-13 오후 3:24:50,수산중공업,1955,0,0
2018-09-13 오후 3:24:52,수산중공업,1955,0,0
2018-09-13 오후 3:24:52,수산중공업,1955,0,0
2018-09-13 오후 3:24:53,수산중공업,1955,0,0
2018-09-13 오후 3:24:54,수산중공업,1955,0,0
2018-09-13 오후 3:24:55,수산중공업,1955,0,0
2018-09-13 오후 3:24:56,수산중공업,1955,0,0
2018-09-13 오후 3:24:56,수산중공업,1955,0,0
2018-09-13 오후 3:24:56,수산중공업,1955,0,0
2018-09-13 오후 3:24:57,수산중공업,1955,0,0
2018-09-13 오후 3:24:59,수산중공업,1955,0,0
2018-09-13 오후 3:25:02,수산중공업,1955,0,0
2018-09-13 오후 3:25:04,수산중공업,1955,0,0
2018-09-13 오후 3:25:08,수산중공업,1955,0,0
2018-09-13 오후 3:25:09,수산중공업,1955,0,0
2018-09-13 오후 3:25:09,수산중공업,1955,0,0
2018-09-13 오후 3:25:09,수산중공업,1955,0,0
2018-09-13 오후 3:25:11,수산중공업,1955,0,0
2018-09-13 오후 3:25:15,수산중공업,1955,0,0
2018-09-13 오후 3:25:16,수산중공업,1955,0,0
2018-09-13 오후 3:25:17,수산중공업,1955,0,0
2018-09-13 오후 3:25:19,수산중공업,1955,0,0
2018-09-13 오후 3:25:23,수산중공업,1955,0,0
2018-09-13 오후 3:25:25,수산중공업,1955,0,0
2018-09-13 오후 3:25:27,수산중공업,1955,0,0
2018-09-13 오후 3:25:29,수산중공업,1955,0,0
2018-09-13 오후 3:25:31,수산중공업,1955,0,0
2018-09-13 오후 3:25:34,수산중공업,1955,0,0
2018-09-13 오후 3:25:38,수산중공업,1955,0,0
2018-09-13 오후 3:25:39,수산중공업,1955,0,0
2018-09-13 오후 3:25:43,수산중공업,1955,0,0
2018-09-13 오후 3:25:44,수산중공업,1955,0,0
2018-09-13 오후 3:25:51,수산중공업,1955,0,0
2018-09-13 오후 3:25:52,수산중공업,1955,0,0
2018-09-13 오후 3:25:53,수산중공업,1955,0,0
2018-09-13 오후 3:25:59,수산중공업,1955,0,0
2018-09-13 오후 3:26:04,수산중공업,1955,0,0
2018-09-13 오후 3:26:04,수산중공업,1955,0,0
2018-09-13 오후 3:26:13,수산중공업,1955,0,0
2018-09-13 오후 3:26:14,수산중공업,1955,0,0
2018-09-13 오후 3:26:23,수산중공업,1955,0,0
2018-09-13 오후 3:26:27,수산중공업,1955,0,0
2018-09-13 오후 3:26:31,수산중공업,1955,0,0
2018-09-13 오후 3:26:31,수산중공업,1955,0,0
2018-09-13 오후 3:26:36,수산중공업,1955,0,0
2018-09-13 오후 3:26:40,수산중공업,1955,0,0
2018-09-13 오후 3:26:42,수산중공업,1955,0,0
2018-09-13 오후 3:26:43,수산중공업,1955,0,0
2018-09-13 오후 3:26:48,수산중공업,1955,0,0
2018-09-13 오후 3:26:53,수산중공업,1955,0,0
2018-09-13 오후 3:27:02,수산중공업,1955,0,0
2018-09-13 오후 3:27:04,수산중공업,1955,0,0
2018-09-13 오후 3:27:06,수산중공업,1955,0,0
2018-09-13 오후 3:27:07,수산중공업,1955,0,0
2018-09-13 오후 3:27:10,수산중공업,1955,0,0
2018-09-13 오후 3:27:12,수산중공업,1955,0,0
2018-09-13 오후 3:27:12,수산중공업,1955,0,0
2018-09-13 오후 3:27:14,수산중공업,1955,0,0
2018-09-13 오후 3:27:15,수산중공업,1955,0,0
2018-09-13 오후 3:27:20,수산중공업,1955,0,0
2018-09-13 오후 3:27:22,수산중공업,1955,0,0
2018-09-13 오후 3:27:24,수산중공업,1955,0,0
2018-09-13 오후 3:27:26,수산중공업,1955,0,0
2018-09-13 오후 3:27:26,수산중공업,1955,0,0
2018-09-13 오후 3:27:28,수산중공업,1955,0,0
2018-09-13 오후 3:27:29,수산중공업,1955,0,0
2018-09-13 오후 3:27:32,수산중공업,1955,0,0
2018-09-13 오후 3:27:37,수산중공업,1955,0,0
2018-09-13 오후 3:27:37,수산중공업,1955,0,0
2018-09-13 오후 3:27:39,수산중공업,1955,0,0
2018-09-13 오후 3:27:46,수산중공업,1955,0,0
2018-09-13 오후 3:27:47,수산중공업,1955,0,0
2018-09-13 오후 3:27:48,수산중공업,1955,0,0
2018-09-13 오후 3:27:52,수산중공업,1955,0,0
2018-09-13 오후 3:27:54,수산중공업,1955,0,0
2018-09-13 오후 3:27:56,수산중공업,1955,0,0
2018-09-13 오후 3:28:10,수산중공업,1955,0,0
2018-09-13 오후 3:28:10,수산중공업,1955,0,0
2018-09-13 오후 3:28:12,수산중공업,1955,0,0
2018-09-13 오후 3:28:14,수산중공업,1955,0,0
2018-09-13 오후 3:28:20,수산중공업,1955,0,0
2018-09-13 오후 3:28:20,수산중공업,1955,0,0
2018-09-13 오후 3:28:21,수산중공업,1955,0,0
2018-09-13 오후 3:28:22,수산중공업,1955,0,0
2018-09-13 오후 3:28:22,수산중공업,1955,0,0
2018-09-13 오후 3:28:23,수산중공업,1955,0,0
2018-09-13 오후 3:28:24,수산중공업,1955,0,0
2018-09-13 오후 3:28:25,수산중공업,1955,0,0
2018-09-13 오후 3:28:27,수산중공업,1955,0,0
2018-09-13 오후 3:28:27,수산중공업,1955,0,0
2018-09-13 오후 3:28:28,수산중공업,1955,0,0
2018-09-13 오후 3:28:30,수산중공업,1955,0,0
2018-09-13 오후 3:28:31,수산중공업,1955,0,0
2018-09-13 오후 3:28:32,수산중공업,1955,0,0
2018-09-13 오후 3:28:32,수산중공업,1955,0,0
2018-09-13 오후 3:28:39,수산중공업,1955,0,0
2018-09-13 오후 3:28:39,수산중공업,1955,0,0
2018-09-13 오후 3:28:43,수산중공업,1955,0,0
2018-09-13 오후 3:28:46,수산중공업,1955,0,0
2018-09-13 오후 3:28:47,수산중공업,1955,0,0
2018-09-13 오후 3:28:50,수산중공업,1955,0,0
2018-09-13 오후 3:28:52,수산중공업,1955,0,0
2018-09-13 오후 3:28:53,수산중공업,1955,0,0
2018-09-13 오후 3:28:53,수산중공업,1955,0,0
2018-09-13 오후 3:28:56,수산중공업,1955,0,0
2018-09-13 오후 3:28:57,수산중공업,1955,0,0
2018-09-13 오후 3:29:03,수산중공업,1955,0,0
2018-09-13 오후 3:29:05,수산중공업,1955,0,0
2018-09-13 오후 3:29:05,수산중공업,1955,0,0
2018-09-13 오후 3:29:06,수산중공업,1955,0,0
2018-09-13 오후 3:29:06,수산중공업,1955,0,0
2018-09-13 오후 3:29:09,수산중공업,1955,0,0
2018-09-13 오후 3:29:09,수산중공업,1955,0,0
2018-09-13 오후 3:29:10,수산중공업,1955,0,0
2018-09-13 오후 3:29:10,수산중공업,1955,0,0
2018-09-13 오후 3:29:13,수산중공업,1960,0,0
2018-09-13 오후 3:29:13,수산중공업,1960,0,0
2018-09-13 오후 3:29:17,수산중공업,1960,0,0
2018-09-13 오후 3:29:21,수산중공업,1960,0,0
2018-09-13 오후 3:29:21,수산중공업,1960,0,0
2018-09-13 오후 3:29:22,수산중공업,1960,0,0
2018-09-13 오후 3:29:22,수산중공업,1960,0,0
2018-09-13 오후 3:29:23,수산중공업,1960,0,0
2018-09-13 오후 3:29:27,수산중공업,1960,0,0
2018-09-13 오후 3:29:28,수산중공업,1960,0,0
2018-09-13 오후 3:29:29,수산중공업,1960,0,0
2018-09-13 오후 3:29:32,수산중공업,1960,0,0
2018-09-13 오후 3:29:33,수산중공업,1960,0,0
2018-09-13 오후 3:29:34,수산중공업,1960,0,0
2018-09-13 오후 3:29:34,수산중공업,1960,0,0
2018-09-13 오후 3:29:34,수산중공업,1960,0,0
2018-09-13 오후 3:29:35,수산중공업,1960,0,0
2018-09-13 오후 3:29:35,수산중공업,1960,0,0
2018-09-13 오후 3:29:37,수산중공업,1960,0,0
2018-09-13 오후 3:29:37,수산중공업,1960,0,0
2018-09-13 오후 3:29:38,수산중공업,1960,0,0
2018-09-13 오후 3:29:39,수산중공업,1960,0,0
2018-09-13 오후 3:29:40,수산중공업,1960,0,0
2018-09-13 오후 3:29:41,수산중공업,1960,0,0
2018-09-13 오후 3:29:41,수산중공업,1960,0,0
2018-09-13 오후 3:29:42,수산중공업,1960,0,0
2018-09-13 오후 3:29:42,수산중공업,1960,0,0
2018-09-13 오후 3:29:44,수산중공업,1960,0,0
2018-09-13 오후 3:29:44,수산중공업,1960,0,0
2018-09-13 오후 3:29:44,수산중공업,1960,0,0
2018-09-13 오후 3:29:45,수산중공업,1960,0,0
2018-09-13 오후 3:29:45,수산중공업,1960,0,0
2018-09-13 오후 3:29:46,수산중공업,1960,0,0
2018-09-13 오후 3:29:46,수산중공업,1960,0,0
2018-09-13 오후 3:29:46,수산중공업,1960,0,0
2018-09-13 오후 3:29:48,수산중공업,1960,0,0
2018-09-13 오후 3:29:48,수산중공업,1960,0,0
2018-09-13 오후 3:29:48,수산중공업,1960,0,0
2018-09-13 오후 3:29:51,수산중공업,1960,0,0
2018-09-13 오후 3:29:52,수산중공업,1960,0,0
2018-09-13 오후 3:29:52,수산중공업,1960,0,0
2018-09-13 오후 3:29:55,수산중공업,1960,0,0
2018-09-13 오후 3:29:55,수산중공업,1960,0,0
2018-09-13 오후 3:29:55,수산중공업,1965,0,0
2018-09-13 오후 3:29:57,수산중공업,1965,2040,1850
