2018-09-13 오전 10:54:45,신라에스지,6620,6660,6060
2018-09-13 오전 10:54:46,신라에스지,6610,6660,6060
2018-09-13 오전 10:54:47,신라에스지,6610,6660,6060
2018-09-13 오전 10:54:47,신라에스지,6610,6660,6060
2018-09-13 오전 10:54:47,신라에스지,6610,6660,6060
2018-09-13 오전 10:54:47,신라에스지,6610,6660,6060
2018-09-13 오전 10:54:48,신라에스지,6620,6660,6060
2018-09-13 오전 10:54:48,신라에스지,6620,6660,6060
2018-09-13 오전 10:54:48,신라에스지,6620,6660,6060
2018-09-13 오전 10:54:48,신라에스지,6620,6660,6060
2018-09-13 오전 10:54:49,신라에스지,6610,6660,6060
2018-09-13 오전 10:54:49,신라에스지,6620,6660,6060
2018-09-13 오전 10:54:49,신라에스지,6610,6660,6060
2018-09-13 오전 10:54:49,신라에스지,6610,6660,6060
2018-09-13 오전 10:54:49,신라에스지,6620,6660,6060
2018-09-13 오전 10:54:50,신라에스지,6620,6660,6060
2018-09-13 오전 10:54:50,신라에스지,6620,6660,6060
2018-09-13 오전 10:54:51,신라에스지,6620,6660,6060
2018-09-13 오전 10:54:51,신라에스지,6600,6660,6060
2018-09-13 오전 10:54:51,신라에스지,6620,6660,6060
2018-09-13 오전 10:54:51,신라에스지,6610,6660,6060
2018-09-13 오전 10:54:52,신라에스지,6610,6660,6060
2018-09-13 오전 10:54:52,신라에스지,6610,6660,6060
2018-09-13 오전 10:54:52,신라에스지,6600,6660,6060
2018-09-13 오전 10:54:52,신라에스지,6610,6660,6060
2018-09-13 오전 10:54:52,신라에스지,6600,6660,6060
2018-09-13 오전 10:54:53,신라에스지,6610,6660,6060
2018-09-13 오전 10:54:53,신라에스지,6610,6660,6060
2018-09-13 오전 10:54:53,신라에스지,6620,6660,6060
2018-09-13 오전 10:54:54,신라에스지,6600,6660,6060
2018-09-13 오전 10:54:55,신라에스지,6620,6660,6060
2018-09-13 오전 10:54:56,신라에스지,6620,6660,6060
2018-09-13 오전 10:54:56,신라에스지,6600,6660,6060
2018-09-13 오전 10:54:58,신라에스지,6600,6660,6060
2018-09-13 오전 10:54:59,신라에스지,6600,6660,6060
2018-09-13 오전 10:54:59,신라에스지,6600,6660,6060
2018-09-13 오전 10:54:59,신라에스지,6600,6660,6060
2018-09-13 오전 10:55:01,신라에스지,6600,6660,6060
2018-09-13 오전 10:55:01,신라에스지,6600,6660,6060
2018-09-13 오전 10:55:02,신라에스지,6590,6660,6060
2018-09-13 오전 10:55:02,신라에스지,6600,6660,6060
2018-09-13 오전 10:55:05,신라에스지,6580,6660,6060
2018-09-13 오전 10:55:07,신라에스지,6600,6660,6060
2018-09-13 오전 10:55:07,신라에스지,6590,6660,6060
2018-09-13 오전 10:55:07,신라에스지,6580,6660,6060
2018-09-13 오전 10:55:07,신라에스지,6570,6660,6060
2018-09-13 오전 10:55:08,신라에스지,6570,6660,6060
2018-09-13 오전 10:55:09,신라에스지,6600,6660,6060
2018-09-13 오전 10:55:09,신라에스지,6580,6660,6060
2018-09-13 오전 10:55:09,신라에스지,6570,6660,6060
2018-09-13 오전 10:55:11,신라에스지,6580,6660,6060
2018-09-13 오전 10:55:11,신라에스지,6570,6660,6060
2018-09-13 오전 10:55:12,신라에스지,6570,6660,6060
2018-09-13 오전 10:55:12,신라에스지,6570,6660,6060
2018-09-13 오전 10:55:13,신라에스지,6570,6660,6060
2018-09-13 오전 10:55:14,신라에스지,6570,6660,6060
2018-09-13 오전 10:55:14,신라에스지,6560,6660,6060
2018-09-13 오전 10:55:15,신라에스지,6560,6660,6060
2018-09-13 오전 10:55:16,신라에스지,6560,6660,6060
2018-09-13 오전 10:55:16,신라에스지,6550,6660,6060
2018-09-13 오전 10:55:16,신라에스지,6530,6660,6060
2018-09-13 오전 10:55:16,신라에스지,6530,6660,6060
2018-09-13 오전 10:55:17,신라에스지,6550,6660,6060
2018-09-13 오전 10:55:17,신라에스지,6570,6660,6060
2018-09-13 오전 10:55:19,신라에스지,6570,6660,6060
2018-09-13 오전 10:55:19,신라에스지,6580,6660,6060
2018-09-13 오전 10:55:19,신라에스지,6590,6660,6060
2018-09-13 오전 10:55:22,신라에스지,6600,6660,6060
2018-09-13 오전 10:55:22,신라에스지,6590,6660,6060
2018-09-13 오전 10:55:23,신라에스지,6590,6660,6060
2018-09-13 오전 10:55:23,신라에스지,6590,6660,6060
2018-09-13 오전 10:55:25,신라에스지,6590,6660,6060
2018-09-13 오전 10:55:25,신라에스지,6590,6660,6060
2018-09-13 오전 10:55:25,신라에스지,6590,6660,6060
2018-09-13 오전 10:55:26,신라에스지,6590,6660,6060
2018-09-13 오전 10:55:26,신라에스지,6590,6660,6060
2018-09-13 오전 10:55:27,신라에스지,6600,6660,6060
2018-09-13 오전 10:55:27,신라에스지,6600,6660,6060
2018-09-13 오전 10:55:27,신라에스지,6610,6660,6060
2018-09-13 오전 10:55:28,신라에스지,6600,6660,6060
2018-09-13 오전 10:55:29,신라에스지,6600,6660,6060
2018-09-13 오전 10:55:29,신라에스지,6610,6660,6060
2018-09-13 오전 10:55:30,신라에스지,6600,6660,6060
2018-09-13 오전 10:55:30,신라에스지,6590,6660,6060
2018-09-13 오전 10:55:35,신라에스지,6600,6660,6060
2018-09-13 오전 10:55:35,신라에스지,6600,6660,6060
2018-09-13 오전 10:55:35,신라에스지,6600,6660,6060
2018-09-13 오전 10:55:37,신라에스지,6600,6660,6060
2018-09-13 오전 10:55:37,신라에스지,6600,6660,6060
2018-09-13 오전 10:55:37,신라에스지,6610,6660,6060
2018-09-13 오전 10:55:37,신라에스지,6610,6660,6060
2018-09-13 오전 10:55:37,신라에스지,6620,6660,6060
2018-09-13 오전 10:55:38,신라에스지,6620,6660,6060
2018-09-13 오전 10:55:38,신라에스지,6620,6660,6060
2018-09-13 오전 10:55:39,신라에스지,6620,6660,6060
2018-09-13 오전 10:55:40,신라에스지,6620,6660,6060
2018-09-13 오전 10:55:40,신라에스지,6620,6660,6060
2018-09-13 오전 10:55:40,신라에스지,6620,6660,6060
2018-09-13 오전 10:55:40,신라에스지,6620,6660,6060
2018-09-13 오전 10:55:40,신라에스지,6620,6660,6060
2018-09-13 오전 10:55:40,신라에스지,6630,6660,6060
2018-09-13 오전 10:55:41,신라에스지,6630,6660,6060
2018-09-13 오전 10:55:41,신라에스지,6630,6660,6060
2018-09-13 오전 10:55:41,신라에스지,6640,6660,6060
2018-09-13 오전 10:55:41,신라에스지,6640,6660,6060
2018-09-13 오전 10:55:41,신라에스지,6640,6660,6060
2018-09-13 오전 10:55:41,신라에스지,6650,6660,6060
2018-09-13 오전 10:55:41,신라에스지,6650,6660,6060
2018-09-13 오전 10:55:42,신라에스지,6650,6660,6060
2018-09-13 오전 10:55:42,신라에스지,6650,6660,6060
2018-09-13 오전 10:55:42,신라에스지,6650,6660,6060
2018-09-13 오전 10:55:42,신라에스지,6650,6660,6060
2018-09-13 오전 10:55:42,신라에스지,6650,6660,6060
2018-09-13 오전 10:55:42,신라에스지,6650,6660,6060
2018-09-13 오전 10:55:42,신라에스지,6660,6660,6060
2018-09-13 오전 10:55:42,신라에스지,6660,6660,6060
2018-09-13 오전 10:55:43,신라에스지,6650,6660,6060
2018-09-13 오전 10:55:43,신라에스지,6660,6660,6060
2018-09-13 오전 10:55:43,신라에스지,6670,6670,6060
2018-09-13 오전 10:55:43,신라에스지,6670,6670,6060
2018-09-13 오전 10:55:43,신라에스지,6670,6670,6060
2018-09-13 오전 10:55:44,신라에스지,6670,6670,6060
2018-09-13 오전 10:55:44,신라에스지,6660,6670,6060
2018-09-13 오전 10:55:44,신라에스지,6670,6670,6060
2018-09-13 오전 10:55:44,신라에스지,6670,6670,6060
2018-09-13 오전 10:55:45,신라에스지,6670,6670,6060
2018-09-13 오전 10:55:45,신라에스지,6680,6680,6060
2018-09-13 오전 10:55:46,신라에스지,6660,6680,6060
2018-09-13 오전 10:55:46,신라에스지,6680,6680,6060
2018-09-13 오전 10:55:47,신라에스지,6680,6680,6060
2018-09-13 오전 10:55:48,신라에스지,6680,6680,6060
2018-09-13 오전 10:55:48,신라에스지,6680,6680,6060
2018-09-13 오전 10:55:48,신라에스지,6680,6680,6060
2018-09-13 오전 10:55:49,신라에스지,6680,6680,6060
2018-09-13 오전 10:55:49,신라에스지,6680,6680,6060
2018-09-13 오전 10:55:49,신라에스지,6680,6680,6060
2018-09-13 오전 10:55:49,신라에스지,6680,6680,6060
2018-09-13 오전 10:55:49,신라에스지,6680,6680,6060
2018-09-13 오전 10:55:49,신라에스지,6670,6680,6060
2018-09-13 오전 10:55:49,신라에스지,6660,6680,6060
2018-09-13 오전 10:55:49,신라에스지,6650,6680,6060
2018-09-13 오전 10:55:49,신라에스지,6640,6680,6060
2018-09-13 오전 10:55:49,신라에스지,6630,6680,6060
2018-09-13 오전 10:55:49,신라에스지,6620,6680,6060
2018-09-13 오전 10:55:50,신라에스지,6670,6680,6060
2018-09-13 오전 10:55:50,신라에스지,6670,6680,6060
2018-09-13 오전 10:55:50,신라에스지,6680,6680,6060
2018-09-13 오전 10:55:50,신라에스지,6690,6690,6060
2018-09-13 오전 10:55:51,신라에스지,6680,6690,6060
2018-09-13 오전 10:55:51,신라에스지,6670,6690,6060
2018-09-13 오전 10:55:51,신라에스지,6680,6690,6060
2018-09-13 오전 10:55:51,신라에스지,6680,6690,6060
2018-09-13 오전 10:55:52,신라에스지,6680,6690,6060
2018-09-13 오전 10:55:52,신라에스지,6680,6690,6060
2018-09-13 오전 10:55:52,신라에스지,6680,6690,6060
2018-09-13 오전 10:55:52,신라에스지,6670,6690,6060
2018-09-13 오전 10:55:53,신라에스지,6680,6690,6060
2018-09-13 오전 10:55:53,신라에스지,6690,6690,6060
2018-09-13 오전 10:55:53,신라에스지,6700,6700,6060
2018-09-13 오전 10:55:53,신라에스지,6680,6700,6060
2018-09-13 오전 10:55:54,신라에스지,6680,6700,6060
2018-09-13 오전 10:55:54,신라에스지,6680,6700,6060
2018-09-13 오전 10:55:54,신라에스지,6680,6700,6060
2018-09-13 오전 10:55:54,신라에스지,6680,6700,6060
2018-09-13 오전 10:55:54,신라에스지,6700,6700,6060
2018-09-13 오전 10:55:54,신라에스지,6700,6700,6060
2018-09-13 오전 10:55:54,신라에스지,6700,6700,6060
2018-09-13 오전 10:55:55,신라에스지,6700,6700,6060
2018-09-13 오전 10:55:55,신라에스지,6700,6700,6060
2018-09-13 오전 10:55:55,신라에스지,6700,6700,6060
2018-09-13 오전 10:55:56,신라에스지,6690,6700,6060
2018-09-13 오전 10:55:56,신라에스지,6680,6700,6060
2018-09-13 오전 10:55:56,신라에스지,6700,6700,6060
2018-09-13 오전 10:55:56,신라에스지,6700,6700,6060
2018-09-13 오전 10:55:56,신라에스지,6700,6700,6060
2018-09-13 오전 10:55:56,신라에스지,6700,6700,6060
2018-09-13 오전 10:55:56,신라에스지,6680,6700,6060
2018-09-13 오전 10:55:57,신라에스지,6680,6700,6060
2018-09-13 오전 10:55:57,신라에스지,6670,6700,6060
2018-09-13 오전 10:55:57,신라에스지,6670,6700,6060
2018-09-13 오전 10:55:57,신라에스지,6670,6700,6060
2018-09-13 오전 10:55:57,신라에스지,6670,6700,6060
2018-09-13 오전 10:55:57,신라에스지,6670,6700,6060
2018-09-13 오전 10:55:57,신라에스지,6670,6700,6060
2018-09-13 오전 10:55:57,신라에스지,6700,6700,6060
2018-09-13 오전 10:55:58,신라에스지,6700,6700,6060
2018-09-13 오전 10:55:58,신라에스지,6700,6700,6060
2018-09-13 오전 10:55:58,신라에스지,6700,6700,6060
2018-09-13 오전 10:55:58,신라에스지,6700,6700,6060
2018-09-13 오전 10:55:58,신라에스지,6690,6700,6060
2018-09-13 오전 10:55:58,신라에스지,6680,6700,6060
2018-09-13 오전 10:55:58,신라에스지,6670,6700,6060
2018-09-13 오전 10:55:58,신라에스지,6670,6700,6060
2018-09-13 오전 10:55:58,신라에스지,6660,6700,6060
2018-09-13 오전 10:55:59,신라에스지,6700,6700,6060
2018-09-13 오전 10:55:59,신라에스지,6700,6700,6060
2018-09-13 오전 10:55:59,신라에스지,6700,6700,6060
2018-09-13 오전 10:56:00,신라에스지,6680,6700,6060
2018-09-13 오전 10:56:00,신라에스지,6680,6700,6060
2018-09-13 오전 10:56:00,신라에스지,6700,6700,6060
2018-09-13 오전 10:56:00,신라에스지,6690,6700,6060
2018-09-13 오전 10:56:00,신라에스지,6690,6700,6060
2018-09-13 오전 10:56:00,신라에스지,6690,6700,6060
2018-09-13 오전 10:56:00,신라에스지,6690,6700,6060
2018-09-13 오전 10:56:01,신라에스지,6690,6700,6060
2018-09-13 오전 10:56:01,신라에스지,6690,6700,6060
2018-09-13 오전 10:56:01,신라에스지,6690,6700,6060
2018-09-13 오전 10:56:01,신라에스지,6690,6700,6060
2018-09-13 오전 10:56:01,신라에스지,6700,6700,6060
2018-09-13 오전 10:56:01,신라에스지,6700,6700,6060
2018-09-13 오전 10:56:02,신라에스지,6700,6700,6060
2018-09-13 오전 10:56:02,신라에스지,6700,6700,6060
2018-09-13 오전 10:56:03,신라에스지,6700,6700,6060
2018-09-13 오전 10:56:03,신라에스지,6700,6700,6060
2018-09-13 오전 10:56:04,신라에스지,6690,6700,6060
2018-09-13 오전 10:56:04,신라에스지,6680,6700,6060
2018-09-13 오전 10:56:04,신라에스지,6680,6700,6060
2018-09-13 오전 10:56:04,신라에스지,6680,6700,6060
2018-09-13 오전 10:56:04,신라에스지,6680,6700,6060
2018-09-13 오전 10:56:05,신라에스지,6680,6700,6060
2018-09-13 오전 10:56:05,신라에스지,6680,6700,6060
2018-09-13 오전 10:56:05,신라에스지,6680,6700,6060
2018-09-13 오전 10:56:05,신라에스지,6680,6700,6060
2018-09-13 오전 10:56:05,신라에스지,6680,6700,6060
2018-09-13 오전 10:56:05,신라에스지,6700,6700,6060
2018-09-13 오전 10:56:05,신라에스지,6700,6700,6060
2018-09-13 오전 10:56:05,신라에스지,6700,6700,6060
2018-09-13 오전 10:56:05,신라에스지,6680,6700,6060
2018-09-13 오전 10:56:05,신라에스지,6700,6700,6060
2018-09-13 오전 10:56:06,신라에스지,6700,6700,6060
2018-09-13 오전 10:56:06,신라에스지,6700,6700,6060
2018-09-13 오전 10:56:06,신라에스지,6700,6700,6060
2018-09-13 오전 10:56:06,신라에스지,6700,6700,6060
2018-09-13 오전 10:56:06,신라에스지,6690,6700,6060
2018-09-13 오전 10:56:06,신라에스지,6680,6700,6060
2018-09-13 오전 10:56:06,신라에스지,6700,6700,6060
2018-09-13 오전 10:56:07,신라에스지,6700,6700,6060
2018-09-13 오전 10:56:07,신라에스지,6710,6710,6060
2018-09-13 오전 10:56:07,신라에스지,6710,6710,6060
2018-09-13 오전 10:56:07,신라에스지,6710,6710,6060
2018-09-13 오전 10:56:07,신라에스지,6710,6710,6060
2018-09-13 오전 10:56:07,신라에스지,6690,6710,6060
2018-09-13 오전 10:56:07,신라에스지,6690,6710,6060
2018-09-13 오전 10:56:07,신라에스지,6680,6710,6060
2018-09-13 오전 10:56:07,신라에스지,6690,6710,6060
2018-09-13 오전 10:56:07,신라에스지,6690,6710,6060
2018-09-13 오전 10:56:07,신라에스지,6690,6710,6060
2018-09-13 오전 10:56:07,신라에스지,6710,6710,6060
2018-09-13 오전 10:56:08,신라에스지,6720,6720,6060
2018-09-13 오전 10:56:08,신라에스지,6730,6730,6060
2018-09-13 오전 10:56:08,신라에스지,6710,6730,6060
2018-09-13 오전 10:56:08,신라에스지,6700,6730,6060
2018-09-13 오전 10:56:08,신라에스지,6700,6730,6060
2018-09-13 오전 10:56:08,신라에스지,6700,6730,6060
2018-09-13 오전 10:56:09,신라에스지,6700,6730,6060
2018-09-13 오전 10:56:09,신라에스지,6700,6730,6060
2018-09-13 오전 10:56:09,신라에스지,6700,6730,6060
2018-09-13 오전 10:56:09,신라에스지,6700,6730,6060
2018-09-13 오전 10:56:09,신라에스지,6700,6730,6060
2018-09-13 오전 10:56:09,신라에스지,6700,6730,6060
2018-09-13 오전 10:56:10,신라에스지,6700,6730,6060
2018-09-13 오전 10:56:10,신라에스지,6700,6730,6060
2018-09-13 오전 10:56:10,신라에스지,6700,6730,6060
2018-09-13 오전 10:56:10,신라에스지,6700,6730,6060
2018-09-13 오전 10:56:11,신라에스지,6700,6730,6060
2018-09-13 오전 10:56:12,신라에스지,6700,6730,6060
2018-09-13 오전 10:56:12,신라에스지,6700,6730,6060
2018-09-13 오전 10:56:12,신라에스지,6690,6730,6060
2018-09-13 오전 10:56:12,신라에스지,6690,6730,6060
2018-09-13 오전 10:56:12,신라에스지,6690,6730,6060
2018-09-13 오전 10:56:12,신라에스지,6690,6730,6060
2018-09-13 오전 10:56:14,신라에스지,6690,6730,6060
2018-09-13 오전 10:56:14,신라에스지,6690,6730,6060
2018-09-13 오전 10:56:14,신라에스지,6690,6730,6060
2018-09-13 오전 10:56:15,신라에스지,6680,6730,6060
2018-09-13 오전 10:56:15,신라에스지,6680,6730,6060
2018-09-13 오전 10:56:15,신라에스지,6680,6730,6060
2018-09-13 오전 10:56:15,신라에스지,6670,6730,6060
2018-09-13 오전 10:56:15,신라에스지,6660,6730,6060
2018-09-13 오전 10:56:15,신라에스지,6650,6730,6060
2018-09-13 오전 10:56:16,신라에스지,6650,6730,6060
2018-09-13 오전 10:56:16,신라에스지,6660,6730,6060
2018-09-13 오전 10:56:16,신라에스지,6650,6730,6060
2018-09-13 오전 10:56:16,신라에스지,6650,6730,6060
2018-09-13 오전 10:56:16,신라에스지,6650,6730,6060
2018-09-13 오전 10:56:16,신라에스지,6660,6730,6060
2018-09-13 오전 10:56:16,신라에스지,6690,6730,6060
2018-09-13 오전 10:56:16,신라에스지,6690,6730,6060
2018-09-13 오전 10:56:17,신라에스지,6660,6730,6060
2018-09-13 오전 10:56:17,신라에스지,6650,6730,6060
2018-09-13 오전 10:56:17,신라에스지,6690,6730,6060
2018-09-13 오전 10:56:19,신라에스지,6690,6730,6060
2018-09-13 오전 10:56:20,신라에스지,6690,6730,6060
2018-09-13 오전 10:56:21,신라에스지,6690,6730,6060
2018-09-13 오전 10:56:21,신라에스지,6700,6730,6060
2018-09-13 오전 10:56:21,신라에스지,6690,6730,6060
2018-09-13 오전 10:56:21,신라에스지,6680,6730,6060
2018-09-13 오전 10:56:23,신라에스지,6690,6730,6060
2018-09-13 오전 10:56:23,신라에스지,6700,6730,6060
2018-09-13 오전 10:56:24,신라에스지,6700,6730,6060
2018-09-13 오전 10:56:24,신라에스지,6720,6730,6060
2018-09-13 오전 10:56:24,신라에스지,6690,6730,6060
2018-09-13 오전 10:56:24,신라에스지,6680,6730,6060
2018-09-13 오전 10:56:24,신라에스지,6680,6730,6060
2018-09-13 오전 10:56:24,신라에스지,6720,6730,6060
2018-09-13 오전 10:56:25,신라에스지,6720,6730,6060
2018-09-13 오전 10:56:25,신라에스지,6730,6730,6060
2018-09-13 오전 10:56:27,신라에스지,6710,6730,6060
2018-09-13 오전 10:56:27,신라에스지,6730,6730,6060
2018-09-13 오전 10:56:27,신라에스지,6730,6730,6060
2018-09-13 오전 10:56:27,신라에스지,6740,6740,6060
2018-09-13 오전 10:56:27,신라에스지,6750,6750,6060
2018-09-13 오전 10:56:29,신라에스지,6740,6750,6060
2018-09-13 오전 10:56:29,신라에스지,6740,6750,6060
2018-09-13 오전 10:56:29,신라에스지,6750,6750,6060
2018-09-13 오전 10:56:30,신라에스지,6750,6750,6060
2018-09-13 오전 10:56:31,신라에스지,6750,6750,6060
2018-09-13 오전 10:56:31,신라에스지,6750,6750,6060
2018-09-13 오전 10:56:31,신라에스지,6750,6750,6060
2018-09-13 오전 10:56:31,신라에스지,6750,6750,6060
2018-09-13 오전 10:56:32,신라에스지,6740,6750,6060
2018-09-13 오전 10:56:32,신라에스지,6740,6750,6060
2018-09-13 오전 10:56:32,신라에스지,6740,6750,6060
2018-09-13 오전 10:56:32,신라에스지,6740,6750,6060
2018-09-13 오전 10:56:32,신라에스지,6750,6750,6060
2018-09-13 오전 10:56:32,신라에스지,6750,6750,6060
2018-09-13 오전 10:56:32,신라에스지,6760,6760,6060
2018-09-13 오전 10:56:33,신라에스지,6750,6760,6060
2018-09-13 오전 10:56:33,신라에스지,6760,6760,6060
2018-09-13 오전 10:56:33,신라에스지,6770,6770,6060
2018-09-13 오전 10:56:33,신라에스지,6770,6770,6060
2018-09-13 오전 10:56:33,신라에스지,6770,6770,6060
2018-09-13 오전 10:56:33,신라에스지,6780,6780,6060
2018-09-13 오전 10:56:33,신라에스지,6780,6780,6060
2018-09-13 오전 10:56:33,신라에스지,6780,6780,6060
2018-09-13 오전 10:56:33,신라에스지,6790,6790,6060
2018-09-13 오전 10:56:33,신라에스지,6750,6790,6060
2018-09-13 오전 10:56:33,신라에스지,6770,6790,6060
2018-09-13 오전 10:56:34,신라에스지,6790,6790,6060
2018-09-13 오전 10:56:34,신라에스지,6790,6790,6060
2018-09-13 오전 10:56:34,신라에스지,6790,6790,6060
2018-09-13 오전 10:56:34,신라에스지,6790,6790,6060
2018-09-13 오전 10:56:34,신라에스지,6790,6790,6060
2018-09-13 오전 10:56:34,신라에스지,6790,6790,6060
2018-09-13 오전 10:56:34,신라에스지,6790,6790,6060
2018-09-13 오전 10:56:34,신라에스지,6790,6790,6060
2018-09-13 오전 10:56:35,신라에스지,6790,6790,6060
2018-09-13 오전 10:56:35,신라에스지,6790,6790,6060
2018-09-13 오전 10:56:35,신라에스지,6790,6790,6060
2018-09-13 오전 10:56:36,신라에스지,6780,6790,6060
2018-09-13 오전 10:56:36,신라에스지,6790,6790,6060
2018-09-13 오전 10:56:36,신라에스지,6790,6790,6060
2018-09-13 오전 10:56:36,신라에스지,6790,6790,6060
2018-09-13 오전 10:56:36,신라에스지,6800,6800,6060
2018-09-13 오전 10:56:36,신라에스지,6800,6800,6060
2018-09-13 오전 10:56:36,신라에스지,6790,6800,6060
2018-09-13 오전 10:56:36,신라에스지,6790,6800,6060
2018-09-13 오전 10:56:37,신라에스지,6790,6800,6060
2018-09-13 오전 10:56:37,신라에스지,6790,6800,6060
2018-09-13 오전 10:56:37,신라에스지,6790,6800,6060
2018-09-13 오전 10:56:38,신라에스지,6800,6800,6060
2018-09-13 오전 10:56:38,신라에스지,6800,6800,6060
2018-09-13 오전 10:56:38,신라에스지,6810,6810,6060
2018-09-13 오전 10:56:38,신라에스지,6800,6810,6060
2018-09-13 오전 10:56:39,신라에스지,6810,6810,6060
2018-09-13 오전 10:56:39,신라에스지,6810,6810,6060
2018-09-13 오전 10:56:39,신라에스지,6820,6820,6060
2018-09-13 오전 10:56:39,신라에스지,6830,6830,6060
2018-09-13 오전 10:56:39,신라에스지,6800,6830,6060
2018-09-13 오전 10:56:39,신라에스지,6810,6830,6060
2018-09-13 오전 10:56:39,신라에스지,6800,6830,6060
2018-09-13 오전 10:56:39,신라에스지,6820,6830,6060
2018-09-13 오전 10:56:39,신라에스지,6820,6830,6060
2018-09-13 오전 10:56:39,신라에스지,6810,6830,6060
2018-09-13 오전 10:56:39,신라에스지,6800,6830,6060
2018-09-13 오전 10:56:39,신라에스지,6790,6830,6060
2018-09-13 오전 10:56:39,신라에스지,6820,6830,6060
2018-09-13 오전 10:56:39,신라에스지,6790,6830,6060
2018-09-13 오전 10:56:40,신라에스지,6790,6830,6060
2018-09-13 오전 10:56:40,신라에스지,6820,6830,6060
2018-09-13 오전 10:56:40,신라에스지,6820,6830,6060
2018-09-13 오전 10:56:40,신라에스지,6820,6830,6060
2018-09-13 오전 10:56:40,신라에스지,6820,6830,6060
2018-09-13 오전 10:56:40,신라에스지,6820,6830,6060
2018-09-13 오전 10:56:40,신라에스지,6820,6830,6060
2018-09-13 오전 10:56:40,신라에스지,6830,6830,6060
2018-09-13 오전 10:56:40,신라에스지,6840,6840,6060
2018-09-13 오전 10:56:40,신라에스지,6810,6840,6060
2018-09-13 오전 10:56:40,신라에스지,6800,6840,6060
2018-09-13 오전 10:56:40,신라에스지,6790,6840,6060
2018-09-13 오전 10:56:40,신라에스지,6810,6840,6060
2018-09-13 오전 10:56:41,신라에스지,6810,6840,6060
2018-09-13 오전 10:56:41,신라에스지,6800,6840,6060
2018-09-13 오전 10:56:41,신라에스지,6790,6840,6060
2018-09-13 오전 10:56:41,신라에스지,6780,6840,6060
2018-09-13 오전 10:56:41,신라에스지,6810,6840,6060
2018-09-13 오전 10:56:41,신라에스지,6820,6840,6060
2018-09-13 오전 10:56:42,신라에스지,6810,6840,6060
2018-09-13 오전 10:56:42,신라에스지,6810,6840,6060
2018-09-13 오전 10:56:42,신라에스지,6810,6840,6060
2018-09-13 오전 10:56:42,신라에스지,6810,6840,6060
2018-09-13 오전 10:56:42,신라에스지,6810,6840,6060
2018-09-13 오전 10:56:42,신라에스지,6790,6840,6060
2018-09-13 오전 10:56:42,신라에스지,6780,6840,6060
2018-09-13 오전 10:56:43,신라에스지,6780,6840,6060
2018-09-13 오전 10:56:43,신라에스지,6810,6840,6060
2018-09-13 오전 10:56:43,신라에스지,6810,6840,6060
2018-09-13 오전 10:56:44,신라에스지,6780,6840,6060
2018-09-13 오전 10:56:44,신라에스지,6780,6840,6060
2018-09-13 오전 10:56:45,신라에스지,6780,6840,6060
2018-09-13 오전 10:56:45,신라에스지,6780,6840,6060
2018-09-13 오전 10:56:45,신라에스지,6780,6840,6060
2018-09-13 오전 10:56:46,신라에스지,6790,6840,6060
2018-09-13 오전 10:56:46,신라에스지,6780,6840,6060
2018-09-13 오전 10:56:46,신라에스지,6790,6840,6060
2018-09-13 오전 10:56:46,신라에스지,6780,6840,6060
2018-09-13 오전 10:56:46,신라에스지,6780,6840,6060
2018-09-13 오전 10:56:47,신라에스지,6780,6840,6060
2018-09-13 오전 10:56:47,신라에스지,6780,6840,6060
2018-09-13 오전 10:56:47,신라에스지,6780,6840,6060
2018-09-13 오전 10:56:47,신라에스지,6790,6840,6060
2018-09-13 오전 10:56:47,신라에스지,6780,6840,6060
2018-09-13 오전 10:56:48,신라에스지,6780,6840,6060
2018-09-13 오전 10:56:48,신라에스지,6780,6840,6060
2018-09-13 오전 10:56:48,신라에스지,6780,6840,6060
2018-09-13 오전 10:56:48,신라에스지,6780,6840,6060
2018-09-13 오전 10:56:48,신라에스지,6770,6840,6060
2018-09-13 오전 10:56:48,신라에스지,6770,6840,6060
2018-09-13 오전 10:56:48,신라에스지,6760,6840,6060
2018-09-13 오전 10:56:48,신라에스지,6750,6840,6060
2018-09-13 오전 10:56:48,신라에스지,6740,6840,6060
2018-09-13 오전 10:56:48,신라에스지,6730,6840,6060
2018-09-13 오전 10:56:48,신라에스지,6720,6840,6060
2018-09-13 오전 10:56:48,신라에스지,6760,6840,6060
2018-09-13 오전 10:56:49,신라에스지,6760,6840,6060
2018-09-13 오전 10:56:49,신라에스지,6720,6840,6060
2018-09-13 오전 10:56:50,신라에스지,6720,6840,6060
2018-09-13 오전 10:56:50,신라에스지,6720,6840,6060
2018-09-13 오전 10:56:50,신라에스지,6720,6840,6060
2018-09-13 오전 10:56:51,신라에스지,6720,6840,6060
2018-09-13 오전 10:56:52,신라에스지,6710,6840,6060
2018-09-13 오전 10:56:53,신라에스지,6760,6840,6060
2018-09-13 오전 10:56:53,신라에스지,6710,6840,6060
2018-09-13 오전 10:56:54,신라에스지,6700,6840,6060
2018-09-13 오전 10:56:54,신라에스지,6710,6840,6060
2018-09-13 오전 10:56:54,신라에스지,6700,6840,6060
2018-09-13 오전 10:56:54,신라에스지,6710,6840,6060
2018-09-13 오전 10:56:56,신라에스지,6710,6840,6060
2018-09-13 오전 10:56:56,신라에스지,6720,6840,6060
2018-09-13 오전 10:56:56,신라에스지,6730,6840,6060
2018-09-13 오전 10:56:56,신라에스지,6740,6840,6060
2018-09-13 오전 10:56:57,신라에스지,6730,6840,6060
2018-09-13 오전 10:56:58,신라에스지,6700,6840,6060
2018-09-13 오전 10:56:58,신라에스지,6690,6840,6060
2018-09-13 오전 10:56:58,신라에스지,6680,6840,6060
2018-09-13 오전 10:56:58,신라에스지,6690,6840,6060
2018-09-13 오전 10:56:58,신라에스지,6680,6840,6060
2018-09-13 오전 10:56:58,신라에스지,6670,6840,6060
2018-09-13 오전 10:56:59,신라에스지,6670,6840,6060
2018-09-13 오전 10:56:59,신라에스지,6660,6840,6060
2018-09-13 오전 10:57:00,신라에스지,6660,6840,6060
2018-09-13 오전 10:57:01,신라에스지,6670,6840,6060
2018-09-13 오전 10:57:01,신라에스지,6660,6840,6060
2018-09-13 오전 10:57:01,신라에스지,6650,6840,6060
2018-09-13 오전 10:57:01,신라에스지,6670,6840,6060
2018-09-13 오전 10:57:01,신라에스지,6670,6840,6060
2018-09-13 오전 10:57:02,신라에스지,6670,6840,6060
2018-09-13 오전 10:57:02,신라에스지,6670,6840,6060
2018-09-13 오전 10:57:02,신라에스지,6670,6840,6060
2018-09-13 오전 10:57:03,신라에스지,6660,6840,6060
2018-09-13 오전 10:57:03,신라에스지,6670,6840,6060
2018-09-13 오전 10:57:05,신라에스지,6670,6840,6060
2018-09-13 오전 10:57:06,신라에스지,6710,6840,6060
2018-09-13 오전 10:57:06,신라에스지,6670,6840,6060
2018-09-13 오전 10:57:07,신라에스지,6680,6840,6060
2018-09-13 오전 10:57:07,신라에스지,6680,6840,6060
2018-09-13 오전 10:57:07,신라에스지,6700,6840,6060
2018-09-13 오전 10:57:07,신라에스지,6710,6840,6060
2018-09-13 오전 10:57:07,신라에스지,6710,6840,6060
2018-09-13 오전 10:57:07,신라에스지,6740,6840,6060
2018-09-13 오전 10:57:08,신라에스지,6740,6840,6060
2018-09-13 오전 10:57:12,신라에스지,6680,6840,6060
2018-09-13 오전 10:57:12,신라에스지,6670,6840,6060
2018-09-13 오전 10:57:12,신라에스지,6710,6840,6060
2018-09-13 오전 10:57:12,신라에스지,6720,6840,6060
2018-09-13 오전 10:57:12,신라에스지,6730,6840,6060
2018-09-13 오전 10:57:13,신라에스지,6710,6840,6060
2018-09-13 오전 10:57:14,신라에스지,6730,6840,6060
2018-09-13 오전 10:57:15,신라에스지,6730,6840,6060
2018-09-13 오전 10:57:15,신라에스지,6740,6840,6060
2018-09-13 오전 10:57:15,신라에스지,6740,6840,6060
2018-09-13 오전 10:57:15,신라에스지,6750,6840,6060
2018-09-13 오전 10:57:15,신라에스지,6750,6840,6060
2018-09-13 오전 10:57:16,신라에스지,6750,6840,6060
2018-09-13 오전 10:57:16,신라에스지,6760,6840,6060
2018-09-13 오전 10:57:16,신라에스지,6710,6840,6060
2018-09-13 오전 10:57:16,신라에스지,6710,6840,6060
2018-09-13 오전 10:57:16,신라에스지,6710,6840,6060
2018-09-13 오전 10:57:16,신라에스지,6740,6840,6060
2018-09-13 오전 10:57:16,신라에스지,6760,6840,6060
2018-09-13 오전 10:57:17,신라에스지,6690,6840,6060
2018-09-13 오전 10:57:17,신라에스지,6730,6840,6060
2018-09-13 오전 10:57:17,신라에스지,6720,6840,6060
2018-09-13 오전 10:57:17,신라에스지,6730,6840,6060
2018-09-13 오전 10:57:17,신라에스지,6760,6840,6060
2018-09-13 오전 10:57:19,신라에스지,6730,6840,6060
2018-09-13 오전 10:57:20,신라에스지,6750,6840,6060
2018-09-13 오전 10:57:20,신라에스지,6730,6840,6060
2018-09-13 오전 10:57:21,신라에스지,6730,6840,6060
2018-09-13 오전 10:57:22,신라에스지,6710,6840,6060
2018-09-13 오전 10:57:22,신라에스지,6700,6840,6060
2018-09-13 오전 10:57:22,신라에스지,6730,6840,6060
2018-09-13 오전 10:57:23,신라에스지,6730,6840,6060
2018-09-13 오전 10:57:25,신라에스지,6710,6840,6060
2018-09-13 오전 10:57:26,신라에스지,6710,6840,6060
2018-09-13 오전 10:57:27,신라에스지,6710,6840,6060
2018-09-13 오전 10:57:28,신라에스지,6710,6840,6060
2018-09-13 오전 10:57:28,신라에스지,6710,6840,6060
2018-09-13 오전 10:57:28,신라에스지,6710,6840,6060
2018-09-13 오전 10:57:28,신라에스지,6700,6840,6060
2018-09-13 오전 10:57:28,신라에스지,6730,6840,6060
2018-09-13 오전 10:57:29,신라에스지,6730,6840,6060
2018-09-13 오전 10:57:29,신라에스지,6730,6840,6060
2018-09-13 오전 10:57:29,신라에스지,6730,6840,6060
2018-09-13 오전 10:57:29,신라에스지,6710,6840,6060
2018-09-13 오전 10:57:30,신라에스지,6740,6840,6060
2018-09-13 오전 10:57:30,신라에스지,6710,6840,6060
2018-09-13 오전 10:57:30,신라에스지,6740,6840,6060
2018-09-13 오전 10:57:30,신라에스지,6710,6840,6060
2018-09-13 오전 10:57:32,신라에스지,6730,6840,6060
2018-09-13 오전 10:57:32,신라에스지,6740,6840,6060
2018-09-13 오전 10:57:32,신라에스지,6710,6840,6060
2018-09-13 오전 10:57:32,신라에스지,6710,6840,6060
2018-09-13 오전 10:57:32,신라에스지,6700,6840,6060
2018-09-13 오전 10:57:32,신라에스지,6700,6840,6060
2018-09-13 오전 10:57:32,신라에스지,6690,6840,6060
2018-09-13 오전 10:57:32,신라에스지,6680,6840,6060
2018-09-13 오전 10:57:33,신라에스지,6680,6840,6060
2018-09-13 오전 10:57:34,신라에스지,6680,6840,6060
2018-09-13 오전 10:57:34,신라에스지,6680,6840,6060
2018-09-13 오전 10:57:34,신라에스지,6680,6840,6060
2018-09-13 오전 10:57:34,신라에스지,6680,6840,6060
2018-09-13 오전 10:57:34,신라에스지,6680,6840,6060
2018-09-13 오전 10:57:34,신라에스지,6680,6840,6060
2018-09-13 오전 10:57:34,신라에스지,6670,6840,6060
2018-09-13 오전 10:57:34,신라에스지,6670,6840,6060
2018-09-13 오전 10:57:36,신라에스지,6670,6840,6060
2018-09-13 오전 10:57:36,신라에스지,6670,6840,6060
2018-09-13 오전 10:57:37,신라에스지,6670,6840,6060
2018-09-13 오전 10:57:37,신라에스지,6660,6840,6060
2018-09-13 오전 10:57:37,신라에스지,6650,6840,6060
2018-09-13 오전 10:57:37,신라에스지,6640,6840,6060
2018-09-13 오전 10:57:37,신라에스지,6630,6840,6060
2018-09-13 오전 10:57:38,신라에스지,6620,6840,6060
2018-09-13 오전 10:57:38,신라에스지,6620,6840,6060
2018-09-13 오전 10:57:38,신라에스지,6630,6840,6060
2018-09-13 오전 10:57:38,신라에스지,6630,6840,6060
2018-09-13 오전 10:57:39,신라에스지,6620,6840,6060
2018-09-13 오전 10:57:39,신라에스지,6620,6840,6060
2018-09-13 오전 10:57:39,신라에스지,6620,6840,6060
2018-09-13 오전 10:57:39,신라에스지,6610,6840,6060
2018-09-13 오전 10:57:39,신라에스지,6600,6840,6060
2018-09-13 오전 10:57:40,신라에스지,6600,6840,6060
2018-09-13 오전 10:57:40,신라에스지,6610,6840,6060
2018-09-13 오전 10:57:40,신라에스지,6600,6840,6060
2018-09-13 오전 10:57:41,신라에스지,6600,6840,6060
2018-09-13 오전 10:57:42,신라에스지,6590,6840,6060
2018-09-13 오전 10:57:42,신라에스지,6590,6840,6060
2018-09-13 오전 10:57:42,신라에스지,6600,6840,6060
2018-09-13 오전 10:57:42,신라에스지,6600,6840,6060
2018-09-13 오전 10:57:43,신라에스지,6600,6840,6060
2018-09-13 오전 10:57:43,신라에스지,6600,6840,6060
2018-09-13 오전 10:57:43,신라에스지,6600,6840,6060
2018-09-13 오전 10:57:43,신라에스지,6570,6840,6060
2018-09-13 오전 10:57:43,신라에스지,6560,6840,6060
2018-09-13 오전 10:57:43,신라에스지,6550,6840,6060
2018-09-13 오전 11:13:35,신라에스지,6370,6840,6060
2018-09-13 오전 11:13:35,신라에스지,6370,6840,6060
2018-09-13 오전 11:13:39,신라에스지,6370,6840,6060
2018-09-13 오전 11:13:41,신라에스지,6370,6840,6060
2018-09-13 오전 11:13:42,신라에스지,6370,6840,6060
2018-09-13 오전 11:13:46,신라에스지,6370,6840,6060
2018-09-13 오전 11:13:46,신라에스지,6360,6840,6060
2018-09-13 오전 11:13:46,신라에스지,6350,6840,6060
2018-09-13 오전 11:13:46,신라에스지,6340,6840,6060
2018-09-13 오전 11:13:46,신라에스지,6340,6840,6060
2018-09-13 오전 11:13:47,신라에스지,6330,6840,6060
2018-09-13 오전 11:13:49,신라에스지,6340,6840,6060
2018-09-13 오전 11:13:49,신라에스지,6330,6840,6060
2018-09-13 오전 11:13:50,신라에스지,6330,6840,6060
2018-09-13 오전 11:13:51,신라에스지,6340,6840,6060
2018-09-13 오전 11:13:51,신라에스지,6340,6840,6060
2018-09-13 오전 11:13:55,신라에스지,6340,6840,6060
2018-09-13 오전 11:13:56,신라에스지,6350,6840,6060
2018-09-13 오전 11:13:56,신라에스지,6340,6840,6060
2018-09-13 오전 11:13:56,신라에스지,6350,6840,6060
2018-09-13 오전 11:13:56,신라에스지,6340,6840,6060
2018-09-13 오전 11:13:56,신라에스지,6340,6840,6060
2018-09-13 오전 11:14:00,신라에스지,6340,6840,6060
2018-09-13 오전 11:14:00,신라에스지,6340,6840,6060
2018-09-13 오전 11:14:02,신라에스지,6330,6840,6060
2018-09-13 오전 11:14:02,신라에스지,6340,6840,6060
2018-09-13 오전 11:14:02,신라에스지,6370,6840,6060
2018-09-13 오전 11:14:03,신라에스지,6370,6840,6060
2018-09-13 오전 11:14:03,신라에스지,6370,6840,6060
2018-09-13 오전 11:14:05,신라에스지,6340,6840,6060
2018-09-13 오전 11:14:05,신라에스지,6330,6840,6060
2018-09-13 오전 11:14:07,신라에스지,6370,6840,6060
2018-09-13 오전 11:14:09,신라에스지,6340,6840,6060
2018-09-13 오전 11:14:29,신라에스지,6350,6840,6060
2018-09-13 오전 11:14:32,신라에스지,6350,6840,6060
2018-09-13 오전 11:14:34,신라에스지,6360,6840,6060
2018-09-13 오전 11:14:37,신라에스지,6350,6840,6060
2018-09-13 오전 11:14:41,신라에스지,6350,6840,6060
2018-09-13 오전 11:14:41,신라에스지,6350,6840,6060
2018-09-13 오전 11:14:42,신라에스지,6350,6840,6060
2018-09-13 오전 11:14:51,신라에스지,6350,6840,6060
2018-09-13 오전 11:14:52,신라에스지,6350,6840,6060
2018-09-13 오전 11:15:03,신라에스지,6350,6840,6060
2018-09-13 오전 11:15:11,신라에스지,6350,6840,6060
2018-09-13 오전 11:15:21,신라에스지,6360,6840,6060
2018-09-13 오전 11:15:21,신라에스지,6350,6840,6060
2018-09-13 오전 11:15:24,신라에스지,6350,6840,6060
2018-09-13 오전 11:15:24,신라에스지,6350,6840,6060
2018-09-13 오전 11:15:27,신라에스지,6350,6840,6060
2018-09-13 오전 11:15:40,신라에스지,6360,6840,6060
2018-09-13 오전 11:15:50,신라에스지,6360,6840,6060
2018-09-13 오전 11:15:51,신라에스지,6360,6840,6060
2018-09-13 오전 11:15:52,신라에스지,6360,6840,6060
2018-09-13 오전 11:15:53,신라에스지,6360,6840,6060
2018-09-13 오전 11:15:55,신라에스지,6360,6840,6060
2018-09-13 오전 11:15:55,신라에스지,6360,6840,6060
2018-09-13 오전 11:15:59,신라에스지,6360,6840,6060
2018-09-13 오전 11:16:03,신라에스지,6360,6840,6060
2018-09-13 오전 11:16:07,신라에스지,6360,6840,6060
2018-09-13 오전 11:16:19,신라에스지,6350,6840,6060
2018-09-13 오전 11:16:19,신라에스지,6350,6840,6060
2018-09-13 오전 11:16:19,신라에스지,6360,6840,6060
2018-09-13 오전 11:16:20,신라에스지,6360,6840,6060
2018-09-13 오전 11:16:22,신라에스지,6360,6840,6060
2018-09-13 오전 11:16:22,신라에스지,6350,6840,6060
2018-09-13 오전 11:16:26,신라에스지,6350,6840,6060
2018-09-13 오전 11:16:27,신라에스지,6350,6840,6060
2018-09-13 오전 11:16:28,신라에스지,6340,6840,6060
2018-09-13 오전 11:16:32,신라에스지,6340,6840,6060
2018-09-13 오전 11:16:33,신라에스지,6340,6840,6060
2018-09-13 오전 11:16:33,신라에스지,6340,6840,6060
2018-09-13 오전 11:16:34,신라에스지,6350,6840,6060
2018-09-13 오전 11:16:34,신라에스지,6350,6840,6060
2018-09-13 오전 11:16:38,신라에스지,6350,6840,6060
2018-09-13 오전 11:16:38,신라에스지,6350,6840,6060
2018-09-13 오전 11:16:38,신라에스지,6340,6840,6060
2018-09-13 오전 11:16:46,신라에스지,6350,6840,6060
2018-09-13 오전 11:16:48,신라에스지,6350,6840,6060
2018-09-13 오전 11:16:48,신라에스지,6340,6840,6060
2018-09-13 오전 11:16:53,신라에스지,6350,6840,6060
2018-09-13 오전 11:16:53,신라에스지,6340,6840,6060
2018-09-13 오전 11:17:06,신라에스지,6340,6840,6060
2018-09-13 오전 11:17:10,신라에스지,6340,6840,6060
2018-09-13 오전 11:17:16,신라에스지,6340,6840,6060
2018-09-13 오전 11:17:26,신라에스지,6350,6840,6060
2018-09-13 오전 11:17:34,신라에스지,6350,6840,6060
2018-09-13 오전 11:17:47,신라에스지,6350,6840,6060
2018-09-13 오전 11:17:50,신라에스지,6350,6840,6060
2018-09-13 오전 11:17:52,신라에스지,6350,6840,6060
2018-09-13 오전 11:17:52,신라에스지,6350,6840,6060
2018-09-13 오전 11:18:01,신라에스지,6350,6840,6060
2018-09-13 오전 11:18:01,신라에스지,6340,6840,6060
2018-09-13 오전 11:18:01,신라에스지,6330,6840,6060
2018-09-13 오전 11:18:13,신라에스지,6360,6840,6060
2018-09-13 오전 11:18:19,신라에스지,6360,6840,6060
2018-09-13 오전 11:18:21,신라에스지,6360,6840,6060
2018-09-13 오전 11:18:24,신라에스지,6350,6840,6060
2018-09-13 오전 11:18:25,신라에스지,6350,6840,6060
2018-09-13 오전 11:18:28,신라에스지,6350,6840,6060
2018-09-13 오전 11:18:28,신라에스지,6340,6840,6060
2018-09-13 오전 11:18:43,신라에스지,6340,6840,6060
2018-09-13 오전 11:18:48,신라에스지,6340,6840,6060
2018-09-13 오전 11:18:50,신라에스지,6340,6840,6060
2018-09-13 오전 11:18:51,신라에스지,6340,6840,6060
2018-09-13 오전 11:18:52,신라에스지,6340,6840,6060
2018-09-13 오전 11:18:54,신라에스지,6340,6840,6060
2018-09-13 오전 11:18:56,신라에스지,6330,6840,6060
2018-09-13 오전 11:18:56,신라에스지,6340,6840,6060
2018-09-13 오전 11:18:57,신라에스지,6340,6840,6060
2018-09-13 오전 11:19:03,신라에스지,6340,6840,6060
2018-09-13 오전 11:19:03,신라에스지,6340,6840,6060
2018-09-13 오전 11:19:08,신라에스지,6340,6840,6060
2018-09-13 오전 11:19:08,신라에스지,6340,6840,6060
2018-09-13 오전 11:19:09,신라에스지,6340,6840,6060
2018-09-13 오전 11:19:13,신라에스지,6340,6840,6060
2018-09-13 오전 11:19:14,신라에스지,6340,6840,6060
2018-09-13 오전 11:19:14,신라에스지,6340,6840,6060
2018-09-13 오전 11:19:14,신라에스지,6330,6840,6060
2018-09-13 오전 11:19:19,신라에스지,6340,6840,6060
2018-09-13 오전 11:19:26,신라에스지,6340,6840,6060
2018-09-13 오전 11:19:27,신라에스지,6330,6840,6060
2018-09-13 오전 11:19:27,신라에스지,6330,6840,6060
2018-09-13 오전 11:19:37,신라에스지,6340,6840,6060
2018-09-13 오전 11:19:39,신라에스지,6340,6840,6060
2018-09-13 오전 11:19:42,신라에스지,6360,6840,6060
2018-09-13 오전 11:19:52,신라에스지,6360,6840,6060
2018-09-13 오전 11:19:53,신라에스지,6360,6840,6060
2018-09-13 오전 11:19:55,신라에스지,6360,6840,6060
2018-09-13 오전 11:19:56,신라에스지,6340,6840,6060
2018-09-13 오전 11:19:56,신라에스지,6360,6840,6060
2018-09-13 오전 11:19:57,신라에스지,6360,6840,6060
2018-09-13 오전 11:19:58,신라에스지,6360,6840,6060
2018-09-13 오전 11:19:58,신라에스지,6360,6840,6060
2018-09-13 오전 11:20:00,신라에스지,6360,6840,6060
2018-09-13 오전 11:20:01,신라에스지,6360,6840,6060
2018-09-13 오전 11:20:01,신라에스지,6360,6840,6060
2018-09-13 오전 11:20:02,신라에스지,6360,6840,6060
2018-09-13 오전 11:20:04,신라에스지,6360,6840,6060
2018-09-13 오전 11:20:06,신라에스지,6360,6840,6060
2018-09-13 오전 11:20:10,신라에스지,6360,6840,6060
2018-09-13 오전 11:20:10,신라에스지,6360,6840,6060
2018-09-13 오전 11:20:12,신라에스지,6360,6840,6060
2018-09-13 오전 11:20:14,신라에스지,6360,6840,6060
2018-09-13 오전 11:20:15,신라에스지,6360,6840,6060
2018-09-13 오전 11:20:32,신라에스지,6360,6840,6060
2018-09-13 오전 11:20:33,신라에스지,6360,6840,6060
2018-09-13 오전 11:20:43,신라에스지,6360,6840,6060
2018-09-13 오전 11:20:44,신라에스지,6370,6840,6060
2018-09-13 오전 11:20:54,신라에스지,6370,6840,6060
2018-09-13 오전 11:20:56,신라에스지,6370,6840,6060
2018-09-13 오전 11:20:58,신라에스지,6370,6840,6060
2018-09-13 오전 11:21:07,신라에스지,6370,6840,6060
2018-09-13 오전 11:21:12,신라에스지,6370,6840,6060
2018-09-13 오전 11:21:12,신라에스지,6370,6840,6060
2018-09-13 오전 11:21:16,신라에스지,6360,6840,6060
2018-09-13 오전 11:21:16,신라에스지,6350,6840,6060
2018-09-13 오전 11:21:16,신라에스지,6340,6840,6060
2018-09-13 오전 11:21:34,신라에스지,6370,6840,6060
2018-09-13 오전 11:21:53,신라에스지,6370,6840,6060
2018-09-13 오전 11:22:06,신라에스지,6370,6840,6060
2018-09-13 오전 11:22:06,신라에스지,6370,6840,6060
2018-09-13 오전 11:22:07,신라에스지,6380,6840,6060
2018-09-13 오전 11:22:07,신라에스지,6370,6840,6060
2018-09-13 오전 11:22:09,신라에스지,6370,6840,6060
2018-09-13 오전 11:22:13,신라에스지,6370,6840,6060
2018-09-13 오전 11:22:14,신라에스지,6370,6840,6060
2018-09-13 오전 11:22:19,신라에스지,6370,6840,6060
2018-09-13 오전 11:22:20,신라에스지,6380,6840,6060
2018-09-13 오전 11:22:28,신라에스지,6370,6840,6060
2018-09-13 오전 11:22:34,신라에스지,6380,6840,6060
2018-09-13 오전 11:22:35,신라에스지,6380,6840,6060
2018-09-13 오전 11:22:35,신라에스지,6380,6840,6060
2018-09-13 오전 11:22:36,신라에스지,6380,6840,6060
2018-09-13 오전 11:22:36,신라에스지,6370,6840,6060
2018-09-13 오전 11:22:54,신라에스지,6370,6840,6060
2018-09-13 오전 11:22:55,신라에스지,6380,6840,6060
2018-09-13 오전 11:23:01,신라에스지,6380,6840,6060
2018-09-13 오전 11:23:05,신라에스지,6370,6840,6060
2018-09-13 오전 11:23:08,신라에스지,6370,6840,6060
2018-09-13 오전 11:23:09,신라에스지,6370,6840,6060
2018-09-13 오전 11:23:25,신라에스지,6370,6840,6060
2018-09-13 오전 11:23:32,신라에스지,6370,6840,6060
2018-09-13 오전 11:23:39,신라에스지,6370,6840,6060
2018-09-13 오전 11:23:49,신라에스지,6370,6840,6060
2018-09-13 오전 11:23:49,신라에스지,6360,6840,6060
2018-09-13 오전 11:23:55,신라에스지,6370,6840,6060
2018-09-13 오전 11:24:04,신라에스지,6370,6840,6060
2018-09-13 오전 11:24:11,신라에스지,6350,6840,6060
2018-09-13 오전 11:24:16,신라에스지,6350,6840,6060
2018-09-13 오전 11:24:16,신라에스지,6340,6840,6060
2018-09-13 오전 11:24:19,신라에스지,6340,6840,6060
2018-09-13 오전 11:24:20,신라에스지,6340,6840,6060
2018-09-13 오전 11:24:25,신라에스지,6340,6840,6060
2018-09-13 오전 11:24:27,신라에스지,6340,6840,6060
2018-09-13 오전 11:24:31,신라에스지,6330,6840,6060
2018-09-13 오전 11:24:32,신라에스지,6330,6840,6060
2018-09-13 오전 11:24:32,신라에스지,6330,6840,6060
2018-09-13 오전 11:24:33,신라에스지,6320,6840,6060
2018-09-13 오전 11:24:33,신라에스지,6310,6840,6060
2018-09-13 오전 11:24:33,신라에스지,6310,6840,6060
2018-09-13 오전 11:24:34,신라에스지,6310,6840,6060
2018-09-13 오전 11:24:34,신라에스지,6300,6840,6060
2018-09-13 오전 11:24:35,신라에스지,6300,6840,6060
2018-09-13 오전 11:24:36,신라에스지,6300,6840,6060
2018-09-13 오전 11:24:37,신라에스지,6300,6840,6060
2018-09-13 오전 11:24:38,신라에스지,6300,6840,6060
2018-09-13 오전 11:24:39,신라에스지,6300,6840,6060
2018-09-13 오전 11:24:41,신라에스지,6300,6840,6060
2018-09-13 오전 11:24:42,신라에스지,6300,6840,6060
2018-09-13 오전 11:24:44,신라에스지,6300,6840,6060
2018-09-13 오전 11:24:47,신라에스지,6300,6840,6060
2018-09-13 오전 11:24:47,신라에스지,6300,6840,6060
2018-09-13 오전 11:24:47,신라에스지,6300,6840,6060
2018-09-13 오전 11:24:49,신라에스지,6300,6840,6060
2018-09-13 오전 11:24:59,신라에스지,6300,6840,6060
2018-09-13 오전 11:24:59,신라에스지,6290,6840,6060
2018-09-13 오전 11:24:59,신라에스지,6300,6840,6060
2018-09-13 오전 11:25:05,신라에스지,6290,6840,6060
2018-09-13 오전 11:25:07,신라에스지,6290,6840,6060
2018-09-13 오전 11:25:07,신라에스지,6290,6840,6060
2018-09-13 오전 11:25:08,신라에스지,6290,6840,6060
2018-09-13 오전 11:25:11,신라에스지,6290,6840,6060
2018-09-13 오전 11:25:11,신라에스지,6290,6840,6060
2018-09-13 오전 11:25:12,신라에스지,6290,6840,6060
2018-09-13 오전 11:25:13,신라에스지,6280,6840,6060
2018-09-13 오전 11:25:17,신라에스지,6280,6840,6060
2018-09-13 오전 11:25:20,신라에스지,6280,6840,6060
2018-09-13 오전 11:25:20,신라에스지,6280,6840,6060
2018-09-13 오전 11:25:21,신라에스지,6280,6840,6060
2018-09-13 오전 11:25:23,신라에스지,6290,6840,6060
2018-09-13 오전 11:25:23,신라에스지,6290,6840,6060
2018-09-13 오전 11:25:24,신라에스지,6290,6840,6060
2018-09-13 오전 11:25:26,신라에스지,6290,6840,6060
2018-09-13 오전 11:25:26,신라에스지,6280,6840,6060
2018-09-13 오전 11:25:27,신라에스지,6280,6840,6060
2018-09-13 오전 11:25:27,신라에스지,6300,6840,6060
2018-09-13 오전 11:25:27,신라에스지,6280,6840,6060
2018-09-13 오전 11:25:29,신라에스지,6300,6840,6060
2018-09-13 오전 11:25:31,신라에스지,6290,6840,6060
2018-09-13 오전 11:25:32,신라에스지,6300,6840,6060
2018-09-13 오전 11:25:40,신라에스지,6300,6840,6060
2018-09-13 오전 11:25:42,신라에스지,6290,6840,6060
2018-09-13 오전 11:25:46,신라에스지,6300,6840,6060
2018-09-13 오전 11:26:03,신라에스지,6300,6840,6060
2018-09-13 오전 11:26:20,신라에스지,6300,6840,6060
2018-09-13 오전 11:26:32,신라에스지,6300,6840,6060
2018-09-13 오전 11:26:35,신라에스지,6290,6840,6060
2018-09-13 오전 11:26:35,신라에스지,6280,6840,6060
2018-09-13 오전 11:26:35,신라에스지,6270,6840,6060
2018-09-13 오전 11:26:35,신라에스지,6260,6840,6060
