2018-09-13 오후 3:07:03,파라다이스,21300,21450,20450
2018-09-13 오후 3:07:04,파라다이스,21300,21450,20450
2018-09-13 오후 3:07:09,파라다이스,21250,21450,20450
2018-09-13 오후 3:07:22,파라다이스,21300,21450,20450
2018-09-13 오후 3:07:23,파라다이스,21300,21450,20450
2018-09-13 오후 3:07:23,파라다이스,21300,21450,20450
2018-09-13 오후 3:07:24,파라다이스,21300,21450,20450
2018-09-13 오후 3:07:24,파라다이스,21300,21450,20450
2018-09-13 오후 3:07:24,파라다이스,21300,21450,20450
2018-09-13 오후 3:07:24,파라다이스,21300,21450,20450
2018-09-13 오후 3:07:26,파라다이스,21300,21450,20450
2018-09-13 오후 3:07:26,파라다이스,21300,21450,20450
2018-09-13 오후 3:07:30,파라다이스,21300,21450,20450
2018-09-13 오후 3:07:30,파라다이스,21300,21450,20450
2018-09-13 오후 3:07:34,파라다이스,21250,21450,20450
2018-09-13 오후 3:07:39,파라다이스,21250,21450,20450
2018-09-13 오후 3:07:41,파라다이스,21300,21450,20450
2018-09-13 오후 3:07:45,파라다이스,21300,21450,20450
2018-09-13 오후 3:07:48,파라다이스,21300,21450,20450
2018-09-13 오후 3:07:48,파라다이스,21300,21450,20450
2018-09-13 오후 3:07:50,파라다이스,21300,21450,20450
2018-09-13 오후 3:07:56,파라다이스,21300,21450,20450
2018-09-13 오후 3:08:00,파라다이스,21300,21450,20450
2018-09-13 오후 3:08:07,파라다이스,21250,21450,20450
2018-09-13 오후 3:08:07,파라다이스,21300,21450,20450
2018-09-13 오후 3:08:12,파라다이스,21250,21450,20450
2018-09-13 오후 3:08:13,파라다이스,21300,21450,20450
2018-09-13 오후 3:08:17,파라다이스,21300,21450,20450
2018-09-13 오후 3:08:20,파라다이스,21300,21450,20450
2018-09-13 오후 3:08:23,파라다이스,21300,21450,20450
2018-09-13 오후 3:08:23,파라다이스,21300,21450,20450
2018-09-13 오후 3:08:26,파라다이스,21300,21450,20450
2018-09-13 오후 3:08:27,파라다이스,21300,21450,20450
2018-09-13 오후 3:08:27,파라다이스,21250,21450,20450
2018-09-13 오후 3:08:28,파라다이스,21250,21450,20450
2018-09-13 오후 3:08:29,파라다이스,21300,21450,20450
2018-09-13 오후 3:08:29,파라다이스,21300,21450,20450
2018-09-13 오후 3:08:30,파라다이스,21300,21450,20450
2018-09-13 오후 3:08:31,파라다이스,21300,21450,20450
2018-09-13 오후 3:08:32,파라다이스,21300,21450,20450
2018-09-13 오후 3:08:38,파라다이스,21300,21450,20450
2018-09-13 오후 3:08:38,파라다이스,21250,21450,20450
2018-09-13 오후 3:08:39,파라다이스,21250,21450,20450
2018-09-13 오후 3:08:41,파라다이스,21300,21450,20450
2018-09-13 오후 3:08:43,파라다이스,21300,21450,20450
2018-09-13 오후 3:08:43,파라다이스,21300,21450,20450
2018-09-13 오후 3:08:43,파라다이스,21300,21450,20450
2018-09-13 오후 3:08:43,파라다이스,21300,21450,20450
2018-09-13 오후 3:08:46,파라다이스,21300,21450,20450
2018-09-13 오후 3:08:48,파라다이스,21300,21450,20450
2018-09-13 오후 3:08:50,파라다이스,21300,21450,20450
2018-09-13 오후 3:08:56,파라다이스,21300,21450,20450
2018-09-13 오후 3:08:57,파라다이스,21250,21450,20450
2018-09-13 오후 3:08:59,파라다이스,21250,21450,20450
2018-09-13 오후 3:08:59,파라다이스,21300,21450,20450
2018-09-13 오후 3:08:59,파라다이스,21300,21450,20450
2018-09-13 오후 3:09:02,파라다이스,21300,21450,20450
2018-09-13 오후 3:09:04,파라다이스,21300,21450,20450
2018-09-13 오후 3:09:06,파라다이스,21300,21450,20450
2018-09-13 오후 3:09:08,파라다이스,21300,21450,20450
2018-09-13 오후 3:09:08,파라다이스,21300,21450,20450
2018-09-13 오후 3:09:10,파라다이스,21300,21450,20450
2018-09-13 오후 3:09:13,파라다이스,21300,21450,20450
2018-09-13 오후 3:09:16,파라다이스,21250,21450,20450
2018-09-13 오후 3:09:16,파라다이스,21300,21450,20450
2018-09-13 오후 3:09:20,파라다이스,21300,21450,20450
2018-09-13 오후 3:09:21,파라다이스,21300,21450,20450
2018-09-13 오후 3:09:26,파라다이스,21300,21450,20450
2018-09-13 오후 3:09:26,파라다이스,21300,21450,20450
2018-09-13 오후 3:09:34,파라다이스,21300,21450,20450
2018-09-13 오후 3:09:34,파라다이스,21300,21450,20450
2018-09-13 오후 3:09:34,파라다이스,21300,21450,20450
2018-09-13 오후 3:09:34,파라다이스,21300,21450,20450
2018-09-13 오후 3:09:34,파라다이스,21300,21450,20450
2018-09-13 오후 3:09:34,파라다이스,21300,21450,20450
2018-09-13 오후 3:09:34,파라다이스,21300,21450,20450
2018-09-13 오후 3:09:34,파라다이스,21300,21450,20450
2018-09-13 오후 3:09:34,파라다이스,21300,21450,20450
2018-09-13 오후 3:09:34,파라다이스,21300,21450,20450
2018-09-13 오후 3:09:34,파라다이스,21300,21450,20450
2018-09-13 오후 3:09:34,파라다이스,21300,21450,20450
2018-09-13 오후 3:09:34,파라다이스,21300,21450,20450
2018-09-13 오후 3:09:34,파라다이스,21300,21450,20450
2018-09-13 오후 3:09:34,파라다이스,21300,21450,20450
2018-09-13 오후 3:09:34,파라다이스,21300,21450,20450
2018-09-13 오후 3:09:34,파라다이스,21300,21450,20450
2018-09-13 오후 3:09:35,파라다이스,21300,21450,20450
2018-09-13 오후 3:09:36,파라다이스,21300,21450,20450
2018-09-13 오후 3:09:37,파라다이스,21300,21450,20450
2018-09-13 오후 3:09:38,파라다이스,21300,21450,20450
2018-09-13 오후 3:09:38,파라다이스,21300,21450,20450
2018-09-13 오후 3:09:38,파라다이스,21300,21450,20450
2018-09-13 오후 3:09:39,파라다이스,21300,21450,20450
2018-09-13 오후 3:09:44,파라다이스,21250,21450,20450
2018-09-13 오후 3:09:45,파라다이스,21300,21450,20450
2018-09-13 오후 3:09:48,파라다이스,21300,21450,20450
2018-09-13 오후 3:09:48,파라다이스,21300,21450,20450
2018-09-13 오후 3:09:48,파라다이스,21300,21450,20450
2018-09-13 오후 3:09:48,파라다이스,21300,21450,20450
2018-09-13 오후 3:09:50,파라다이스,21300,21450,20450
2018-09-13 오후 3:09:50,파라다이스,21300,21450,20450
2018-09-13 오후 3:09:50,파라다이스,21250,21450,20450
2018-09-13 오후 3:09:50,파라다이스,21250,21450,20450
2018-09-13 오후 3:09:50,파라다이스,21250,21450,20450
2018-09-13 오후 3:09:50,파라다이스,21250,21450,20450
2018-09-13 오후 3:09:50,파라다이스,21250,21450,20450
2018-09-13 오후 3:09:50,파라다이스,21250,21450,20450
2018-09-13 오후 3:09:50,파라다이스,21250,21450,20450
2018-09-13 오후 3:09:51,파라다이스,21250,21450,20450
2018-09-13 오후 3:09:51,파라다이스,21250,21450,20450
2018-09-13 오후 3:09:51,파라다이스,21250,21450,20450
2018-09-13 오후 3:09:51,파라다이스,21250,21450,20450
2018-09-13 오후 3:09:51,파라다이스,21250,21450,20450
2018-09-13 오후 3:09:51,파라다이스,21250,21450,20450
2018-09-13 오후 3:09:51,파라다이스,21250,21450,20450
2018-09-13 오후 3:09:56,파라다이스,21300,21450,20450
2018-09-13 오후 3:09:58,파라다이스,21300,21450,20450
2018-09-13 오후 3:09:59,파라다이스,21300,21450,20450
2018-09-13 오후 3:10:00,파라다이스,21300,21450,20450
2018-09-13 오후 3:10:00,파라다이스,21300,21450,20450
2018-09-13 오후 3:10:01,파라다이스,21300,21450,20450
2018-09-13 오후 3:10:01,파라다이스,21300,21450,20450
2018-09-13 오후 3:10:03,파라다이스,21250,21450,20450
2018-09-13 오후 3:10:06,파라다이스,21250,21450,20450
2018-09-13 오후 3:10:10,파라다이스,21250,21450,20450
2018-09-13 오후 3:10:10,파라다이스,21300,21450,20450
2018-09-13 오후 3:10:12,파라다이스,21300,21450,20450
2018-09-13 오후 3:10:16,파라다이스,21300,21450,20450
2018-09-13 오후 3:10:17,파라다이스,21300,21450,20450
2018-09-13 오후 3:10:18,파라다이스,21300,21450,20450
2018-09-13 오후 3:10:21,파라다이스,21300,21450,20450
2018-09-13 오후 3:10:22,파라다이스,21300,21450,20450
2018-09-13 오후 3:10:22,파라다이스,21300,21450,20450
2018-09-13 오후 3:10:26,파라다이스,21300,21450,20450
2018-09-13 오후 3:10:31,파라다이스,21300,21450,20450
2018-09-13 오후 3:10:31,파라다이스,21300,21450,20450
2018-09-13 오후 3:10:33,파라다이스,21300,21450,20450
2018-09-13 오후 3:10:34,파라다이스,21300,21450,20450
2018-09-13 오후 3:10:35,파라다이스,21300,21450,20450
2018-09-13 오후 3:10:37,파라다이스,21250,21450,20450
2018-09-13 오후 3:10:37,파라다이스,21250,21450,20450
2018-09-13 오후 3:10:38,파라다이스,21250,21450,20450
2018-09-13 오후 3:10:38,파라다이스,21300,21450,20450
2018-09-13 오후 3:10:42,파라다이스,21250,21450,20450
2018-09-13 오후 3:10:43,파라다이스,21250,21450,20450
2018-09-13 오후 3:10:48,파라다이스,21300,21450,20450
2018-09-13 오후 3:10:48,파라다이스,21300,21450,20450
2018-09-13 오후 3:10:50,파라다이스,21300,21450,20450
2018-09-13 오후 3:10:56,파라다이스,21300,21450,20450
2018-09-13 오후 3:10:58,파라다이스,21300,21450,20450
2018-09-13 오후 3:10:58,파라다이스,21250,21450,20450
2018-09-13 오후 3:11:02,파라다이스,21300,21450,20450
2018-09-13 오후 3:11:02,파라다이스,21250,21450,20450
2018-09-13 오후 3:11:02,파라다이스,21250,21450,20450
2018-09-13 오후 3:11:03,파라다이스,21300,21450,20450
2018-09-13 오후 3:11:03,파라다이스,21300,21450,20450
2018-09-13 오후 3:11:03,파라다이스,21300,21450,20450
2018-09-13 오후 3:11:03,파라다이스,21250,21450,20450
2018-09-13 오후 3:11:03,파라다이스,21250,21450,20450
2018-09-13 오후 3:11:03,파라다이스,21250,21450,20450
2018-09-13 오후 3:11:04,파라다이스,21250,21450,20450
2018-09-13 오후 3:11:06,파라다이스,21250,21450,20450
2018-09-13 오후 3:11:07,파라다이스,21250,21450,20450
2018-09-13 오후 3:11:19,파라다이스,21300,21450,20450
2018-09-13 오후 3:11:20,파라다이스,21300,21450,20450
2018-09-13 오후 3:11:22,파라다이스,21250,21450,20450
2018-09-13 오후 3:11:24,파라다이스,21300,21450,20450
2018-09-13 오후 3:11:25,파라다이스,21250,21450,20450
2018-09-13 오후 3:11:26,파라다이스,21300,21450,20450
2018-09-13 오후 3:11:26,파라다이스,21300,21450,20450
2018-09-13 오후 3:11:26,파라다이스,21250,21450,20450
2018-09-13 오후 3:11:27,파라다이스,21300,21450,20450
2018-09-13 오후 3:11:29,파라다이스,21250,21450,20450
2018-09-13 오후 3:11:33,파라다이스,21250,21450,20450
2018-09-13 오후 3:11:34,파라다이스,21250,21450,20450
2018-09-13 오후 3:11:34,파라다이스,21300,21450,20450
2018-09-13 오후 3:11:35,파라다이스,21250,21450,20450
2018-09-13 오후 3:11:37,파라다이스,21250,21450,20450
2018-09-13 오후 3:11:44,파라다이스,21250,21450,20450
2018-09-13 오후 3:11:45,파라다이스,21250,21450,20450
2018-09-13 오후 3:11:45,파라다이스,21250,21450,20450
2018-09-13 오후 3:11:46,파라다이스,21250,21450,20450
2018-09-13 오후 3:11:49,파라다이스,21250,21450,20450
2018-09-13 오후 3:11:50,파라다이스,21250,21450,20450
2018-09-13 오후 3:11:53,파라다이스,21250,21450,20450
2018-09-13 오후 3:11:55,파라다이스,21300,21450,20450
2018-09-13 오후 3:11:56,파라다이스,21300,21450,20450
2018-09-13 오후 3:11:57,파라다이스,21300,21450,20450
2018-09-13 오후 3:11:57,파라다이스,21300,21450,20450
2018-09-13 오후 3:11:58,파라다이스,21300,21450,20450
2018-09-13 오후 3:11:58,파라다이스,21250,21450,20450
2018-09-13 오후 3:12:03,파라다이스,21300,21450,20450
2018-09-13 오후 3:12:06,파라다이스,21300,21450,20450
2018-09-13 오후 3:12:06,파라다이스,21300,21450,20450
2018-09-13 오후 3:12:06,파라다이스,21300,21450,20450
2018-09-13 오후 3:12:06,파라다이스,21300,21450,20450
2018-09-13 오후 3:12:08,파라다이스,21300,21450,20450
2018-09-13 오후 3:12:08,파라다이스,21300,21450,20450
2018-09-13 오후 3:12:10,파라다이스,21300,21450,20450
2018-09-13 오후 3:12:12,파라다이스,21300,21450,20450
2018-09-13 오후 3:12:19,파라다이스,21300,21450,20450
2018-09-13 오후 3:12:21,파라다이스,21250,21450,20450
2018-09-13 오후 3:12:22,파라다이스,21250,21450,20450
2018-09-13 오후 3:12:25,파라다이스,21300,21450,20450
2018-09-13 오후 3:12:26,파라다이스,21300,21450,20450
2018-09-13 오후 3:12:29,파라다이스,21300,21450,20450
2018-09-13 오후 3:12:30,파라다이스,21300,21450,20450
2018-09-13 오후 3:12:33,파라다이스,21300,21450,20450
2018-09-13 오후 3:12:35,파라다이스,21250,21450,20450
2018-09-13 오후 3:12:35,파라다이스,21300,21450,20450
2018-09-13 오후 3:12:36,파라다이스,21300,21450,20450
2018-09-13 오후 3:12:36,파라다이스,21300,21450,20450
2018-09-13 오후 3:12:38,파라다이스,21250,21450,20450
2018-09-13 오후 3:12:39,파라다이스,21250,21450,20450
2018-09-13 오후 3:12:41,파라다이스,21250,21450,20450
2018-09-13 오후 3:12:42,파라다이스,21300,21450,20450
2018-09-13 오후 3:12:47,파라다이스,21250,21450,20450
2018-09-13 오후 3:12:47,파라다이스,21250,21450,20450
2018-09-13 오후 3:12:53,파라다이스,21250,21450,20450
2018-09-13 오후 3:12:56,파라다이스,21300,21450,20450
2018-09-13 오후 3:12:56,파라다이스,21250,21450,20450
2018-09-13 오후 3:12:59,파라다이스,21300,21450,20450
2018-09-13 오후 3:13:01,파라다이스,21250,21450,20450
2018-09-13 오후 3:13:02,파라다이스,21300,21450,20450
2018-09-13 오후 3:13:04,파라다이스,21300,21450,20450
2018-09-13 오후 3:13:05,파라다이스,21300,21450,20450
2018-09-13 오후 3:13:07,파라다이스,21300,21450,20450
2018-09-13 오후 3:13:08,파라다이스,21300,21450,20450
2018-09-13 오후 3:13:12,파라다이스,21300,21450,20450
2018-09-13 오후 3:13:12,파라다이스,21300,21450,20450
2018-09-13 오후 3:13:12,파라다이스,21300,21450,20450
2018-09-13 오후 3:13:12,파라다이스,21300,21450,20450
2018-09-13 오후 3:13:13,파라다이스,21300,21450,20450
2018-09-13 오후 3:13:13,파라다이스,21300,21450,20450
2018-09-13 오후 3:13:13,파라다이스,21300,21450,20450
2018-09-13 오후 3:13:18,파라다이스,21300,21450,20450
2018-09-13 오후 3:13:21,파라다이스,21300,21450,20450
2018-09-13 오후 3:13:21,파라다이스,21300,21450,20450
2018-09-13 오후 3:13:23,파라다이스,21300,21450,20450
2018-09-13 오후 3:13:25,파라다이스,21300,21450,20450
2018-09-13 오후 3:13:25,파라다이스,21300,21450,20450
2018-09-13 오후 3:13:25,파라다이스,21250,21450,20450
2018-09-13 오후 3:13:25,파라다이스,21300,21450,20450
2018-09-13 오후 3:13:26,파라다이스,21300,21450,20450
2018-09-13 오후 3:13:26,파라다이스,21300,21450,20450
2018-09-13 오후 3:13:26,파라다이스,21300,21450,20450
2018-09-13 오후 3:13:26,파라다이스,21300,21450,20450
2018-09-13 오후 3:13:26,파라다이스,21300,21450,20450
2018-09-13 오후 3:13:26,파라다이스,21300,21450,20450
2018-09-13 오후 3:13:26,파라다이스,21300,21450,20450
2018-09-13 오후 3:13:27,파라다이스,21250,21450,20450
2018-09-13 오후 3:13:28,파라다이스,21250,21450,20450
2018-09-13 오후 3:13:28,파라다이스,21300,21450,20450
2018-09-13 오후 3:13:32,파라다이스,21250,21450,20450
2018-09-13 오후 3:13:33,파라다이스,21300,21450,20450
2018-09-13 오후 3:13:35,파라다이스,21250,21450,20450
2018-09-13 오후 3:13:37,파라다이스,21300,21450,20450
2018-09-13 오후 3:13:38,파라다이스,21250,21450,20450
2018-09-13 오후 3:13:42,파라다이스,21250,21450,20450
2018-09-13 오후 3:13:42,파라다이스,21250,21450,20450
2018-09-13 오후 3:13:42,파라다이스,21250,21450,20450
2018-09-13 오후 3:13:42,파라다이스,21300,21450,20450
2018-09-13 오후 3:13:43,파라다이스,21250,21450,20450
2018-09-13 오후 3:13:49,파라다이스,21300,21450,20450
2018-09-13 오후 3:13:51,파라다이스,21250,21450,20450
2018-09-13 오후 3:14:02,파라다이스,21300,21450,20450
2018-09-13 오후 3:14:08,파라다이스,21300,21450,20450
2018-09-13 오후 3:14:09,파라다이스,21300,21450,20450
2018-09-13 오후 3:14:13,파라다이스,21300,21450,20450
2018-09-13 오후 3:14:16,파라다이스,21300,21450,20450
2018-09-13 오후 3:14:16,파라다이스,21250,21450,20450
2018-09-13 오후 3:14:18,파라다이스,21250,21450,20450
2018-09-13 오후 3:14:20,파라다이스,21300,21450,20450
2018-09-13 오후 3:14:22,파라다이스,21300,21450,20450
2018-09-13 오후 3:14:23,파라다이스,21300,21450,20450
2018-09-13 오후 3:14:24,파라다이스,21300,21450,20450
2018-09-13 오후 3:14:24,파라다이스,21300,21450,20450
2018-09-13 오후 3:14:25,파라다이스,21250,21450,20450
2018-09-13 오후 3:14:25,파라다이스,21300,21450,20450
2018-09-13 오후 3:14:29,파라다이스,21300,21450,20450
2018-09-13 오후 3:14:30,파라다이스,21250,21450,20450
2018-09-13 오후 3:14:31,파라다이스,21250,21450,20450
2018-09-13 오후 3:14:33,파라다이스,21250,21450,20450
2018-09-13 오후 3:14:43,파라다이스,21300,21450,20450
2018-09-13 오후 3:14:43,파라다이스,21250,21450,20450
2018-09-13 오후 3:14:44,파라다이스,21300,21450,20450
2018-09-13 오후 3:14:45,파라다이스,21250,21450,20450
2018-09-13 오후 3:14:45,파라다이스,21250,21450,20450
2018-09-13 오후 3:14:47,파라다이스,21300,21450,20450
2018-09-13 오후 3:14:47,파라다이스,21250,21450,20450
2018-09-13 오후 3:14:55,파라다이스,21250,21450,20450
2018-09-13 오후 3:14:56,파라다이스,21300,21450,20450
2018-09-13 오후 3:14:58,파라다이스,21300,21450,20450
2018-09-13 오후 3:15:02,파라다이스,21250,21450,20450
2018-09-13 오후 3:15:04,파라다이스,21250,21450,20450
2018-09-13 오후 3:15:07,파라다이스,21250,21450,20450
2018-09-13 오후 3:15:07,파라다이스,21250,21450,20450
2018-09-13 오후 3:15:07,파라다이스,21300,21450,20450
2018-09-13 오후 3:15:09,파라다이스,21300,21450,20450
2018-09-13 오후 3:15:12,파라다이스,21300,21450,20450
2018-09-13 오후 3:15:12,파라다이스,21250,21450,20450
2018-09-13 오후 3:15:12,파라다이스,21300,21450,20450
2018-09-13 오후 3:15:12,파라다이스,21300,21450,20450
2018-09-13 오후 3:15:13,파라다이스,21300,21450,20450
2018-09-13 오후 3:15:20,파라다이스,21300,21450,20450
2018-09-13 오후 3:15:20,파라다이스,21300,21450,20450
2018-09-13 오후 3:15:22,파라다이스,21300,21450,20450
2018-09-13 오후 3:15:24,파라다이스,21300,21450,20450
2018-09-13 오후 3:15:26,파라다이스,21300,21450,20450
2018-09-13 오후 3:15:30,파라다이스,21300,21450,20450
2018-09-13 오후 3:15:32,파라다이스,21300,21450,20450
2018-09-13 오후 3:15:35,파라다이스,21300,21450,20450
2018-09-13 오후 3:15:38,파라다이스,21250,21450,20450
2018-09-13 오후 3:15:39,파라다이스,21300,21450,20450
2018-09-13 오후 3:15:40,파라다이스,21300,21450,20450
2018-09-13 오후 3:15:43,파라다이스,21300,21450,20450
2018-09-13 오후 3:15:43,파라다이스,21300,21450,20450
2018-09-13 오후 3:15:45,파라다이스,21300,21450,20450
2018-09-13 오후 3:15:46,파라다이스,21300,21450,20450
2018-09-13 오후 3:15:46,파라다이스,21300,21450,20450
2018-09-13 오후 3:15:47,파라다이스,21300,21450,20450
2018-09-13 오후 3:15:47,파라다이스,21300,21450,20450
2018-09-13 오후 3:15:47,파라다이스,21300,21450,20450
2018-09-13 오후 3:15:47,파라다이스,21300,21450,20450
2018-09-13 오후 3:15:47,파라다이스,21250,21450,20450
2018-09-13 오후 3:15:48,파라다이스,21300,21450,20450
2018-09-13 오후 3:15:48,파라다이스,21300,21450,20450
2018-09-13 오후 3:15:49,파라다이스,21300,21450,20450
2018-09-13 오후 3:15:49,파라다이스,21300,21450,20450
2018-09-13 오후 3:15:49,파라다이스,21300,21450,20450
2018-09-13 오후 3:15:49,파라다이스,21300,21450,20450
2018-09-13 오후 3:15:49,파라다이스,21300,21450,20450
2018-09-13 오후 3:15:49,파라다이스,21300,21450,20450
2018-09-13 오후 3:15:49,파라다이스,21300,21450,20450
2018-09-13 오후 3:15:49,파라다이스,21300,21450,20450
2018-09-13 오후 3:15:49,파라다이스,21300,21450,20450
2018-09-13 오후 3:15:49,파라다이스,21300,21450,20450
2018-09-13 오후 3:15:49,파라다이스,21300,21450,20450
2018-09-13 오후 3:15:49,파라다이스,21300,21450,20450
2018-09-13 오후 3:15:49,파라다이스,21300,21450,20450
2018-09-13 오후 3:15:49,파라다이스,21300,21450,20450
2018-09-13 오후 3:15:49,파라다이스,21300,21450,20450
2018-09-13 오후 3:15:49,파라다이스,21300,21450,20450
2018-09-13 오후 3:15:49,파라다이스,21300,21450,20450
2018-09-13 오후 3:15:49,파라다이스,21300,21450,20450
2018-09-13 오후 3:15:49,파라다이스,21300,21450,20450
2018-09-13 오후 3:15:49,파라다이스,21300,21450,20450
2018-09-13 오후 3:15:49,파라다이스,21300,21450,20450
2018-09-13 오후 3:15:51,파라다이스,21300,21450,20450
2018-09-13 오후 3:15:53,파라다이스,21250,21450,20450
2018-09-13 오후 3:15:53,파라다이스,21300,21450,20450
2018-09-13 오후 3:15:54,파라다이스,21300,21450,20450
2018-09-13 오후 3:15:55,파라다이스,21300,21450,20450
2018-09-13 오후 3:15:55,파라다이스,21250,21450,20450
2018-09-13 오후 3:15:58,파라다이스,21300,21450,20450
2018-09-13 오후 3:15:59,파라다이스,21300,21450,20450
2018-09-13 오후 3:16:01,파라다이스,21300,21450,20450
2018-09-13 오후 3:16:01,파라다이스,21300,21450,20450
2018-09-13 오후 3:16:01,파라다이스,21300,21450,20450
2018-09-13 오후 3:16:01,파라다이스,21300,21450,20450
2018-09-13 오후 3:16:01,파라다이스,21300,21450,20450
2018-09-13 오후 3:16:01,파라다이스,21300,21450,20450
2018-09-13 오후 3:16:01,파라다이스,21300,21450,20450
2018-09-13 오후 3:16:01,파라다이스,21300,21450,20450
2018-09-13 오후 3:16:01,파라다이스,21300,21450,20450
2018-09-13 오후 3:16:04,파라다이스,21300,21450,20450
2018-09-13 오후 3:16:04,파라다이스,21250,21450,20450
2018-09-13 오후 3:16:05,파라다이스,21250,21450,20450
2018-09-13 오후 3:16:06,파라다이스,21300,21450,20450
2018-09-13 오후 3:16:06,파라다이스,21300,21450,20450
2018-09-13 오후 3:16:06,파라다이스,21300,21450,20450
2018-09-13 오후 3:16:07,파라다이스,21300,21450,20450
2018-09-13 오후 3:16:07,파라다이스,21300,21450,20450
2018-09-13 오후 3:16:07,파라다이스,21300,21450,20450
2018-09-13 오후 3:16:07,파라다이스,21300,21450,20450
2018-09-13 오후 3:16:07,파라다이스,21300,21450,20450
2018-09-13 오후 3:16:08,파라다이스,21300,21450,20450
2018-09-13 오후 3:16:09,파라다이스,21300,21450,20450
2018-09-13 오후 3:16:09,파라다이스,21300,21450,20450
2018-09-13 오후 3:16:09,파라다이스,21300,21450,20450
2018-09-13 오후 3:16:09,파라다이스,21300,21450,20450
2018-09-13 오후 3:16:09,파라다이스,21250,21450,20450
2018-09-13 오후 3:16:09,파라다이스,21250,21450,20450
2018-09-13 오후 3:16:09,파라다이스,21250,21450,20450
2018-09-13 오후 3:16:09,파라다이스,21250,21450,20450
2018-09-13 오후 3:16:09,파라다이스,21250,21450,20450
2018-09-13 오후 3:16:09,파라다이스,21250,21450,20450
2018-09-13 오후 3:16:10,파라다이스,21250,21450,20450
2018-09-13 오후 3:16:10,파라다이스,21300,21450,20450
2018-09-13 오후 3:16:10,파라다이스,21250,21450,20450
2018-09-13 오후 3:16:10,파라다이스,21250,21450,20450
2018-09-13 오후 3:16:11,파라다이스,21250,21450,20450
2018-09-13 오후 3:16:11,파라다이스,21250,21450,20450
2018-09-13 오후 3:16:12,파라다이스,21250,21450,20450
2018-09-13 오후 3:16:12,파라다이스,21250,21450,20450
2018-09-13 오후 3:16:12,파라다이스,21250,21450,20450
2018-09-13 오후 3:16:13,파라다이스,21200,21450,20450
2018-09-13 오후 3:16:15,파라다이스,21200,21450,20450
2018-09-13 오후 3:16:16,파라다이스,21250,21450,20450
2018-09-13 오후 3:16:16,파라다이스,21250,21450,20450
2018-09-13 오후 3:16:16,파라다이스,21250,21450,20450
2018-09-13 오후 3:16:16,파라다이스,21200,21450,20450
2018-09-13 오후 3:16:16,파라다이스,21200,21450,20450
2018-09-13 오후 3:16:16,파라다이스,21250,21450,20450
2018-09-13 오후 3:16:19,파라다이스,21250,21450,20450
2018-09-13 오후 3:16:19,파라다이스,21250,21450,20450
2018-09-13 오후 3:16:21,파라다이스,21250,21450,20450
2018-09-13 오후 3:16:21,파라다이스,21250,21450,20450
2018-09-13 오후 3:16:25,파라다이스,21250,21450,20450
2018-09-13 오후 3:16:28,파라다이스,21250,21450,20450
2018-09-13 오후 3:16:29,파라다이스,21250,21450,20450
2018-09-13 오후 3:16:31,파라다이스,21250,21450,20450
2018-09-13 오후 3:16:32,파라다이스,21250,21450,20450
2018-09-13 오후 3:16:32,파라다이스,21250,21450,20450
2018-09-13 오후 3:16:32,파라다이스,21250,21450,20450
2018-09-13 오후 3:16:37,파라다이스,21200,21450,20450
2018-09-13 오후 3:16:39,파라다이스,21200,21450,20450
2018-09-13 오후 3:16:42,파라다이스,21250,21450,20450
2018-09-13 오후 3:16:46,파라다이스,21200,21450,20450
2018-09-13 오후 3:16:46,파라다이스,21250,21450,20450
2018-09-13 오후 3:16:47,파라다이스,21250,21450,20450
2018-09-13 오후 3:16:47,파라다이스,21250,21450,20450
2018-09-13 오후 3:16:48,파라다이스,21250,21450,20450
2018-09-13 오후 3:16:48,파라다이스,21250,21450,20450
2018-09-13 오후 3:16:48,파라다이스,21250,21450,20450
2018-09-13 오후 3:16:48,파라다이스,21250,21450,20450
2018-09-13 오후 3:16:48,파라다이스,21250,21450,20450
2018-09-13 오후 3:16:49,파라다이스,21250,21450,20450
2018-09-13 오후 3:16:49,파라다이스,21250,21450,20450
2018-09-13 오후 3:16:49,파라다이스,21200,21450,20450
2018-09-13 오후 3:16:49,파라다이스,21250,21450,20450
2018-09-13 오후 3:16:49,파라다이스,21250,21450,20450
2018-09-13 오후 3:16:49,파라다이스,21250,21450,20450
2018-09-13 오후 3:16:49,파라다이스,21250,21450,20450
2018-09-13 오후 3:16:50,파라다이스,21250,21450,20450
2018-09-13 오후 3:16:51,파라다이스,21250,21450,20450
2018-09-13 오후 3:16:54,파라다이스,21250,21450,20450
2018-09-13 오후 3:17:05,파라다이스,21200,21450,20450
2018-09-13 오후 3:17:07,파라다이스,21250,21450,20450
2018-09-13 오후 3:17:08,파라다이스,21250,21450,20450
2018-09-13 오후 3:17:11,파라다이스,21250,21450,20450
2018-09-13 오후 3:17:11,파라다이스,21250,21450,20450
2018-09-13 오후 3:17:20,파라다이스,21250,21450,20450
2018-09-13 오후 3:17:21,파라다이스,21250,21450,20450
2018-09-13 오후 3:17:22,파라다이스,21250,21450,20450
2018-09-13 오후 3:17:22,파라다이스,21250,21450,20450
2018-09-13 오후 3:17:25,파라다이스,21250,21450,20450
2018-09-13 오후 3:17:29,파라다이스,21200,21450,20450
2018-09-13 오후 3:17:31,파라다이스,21250,21450,20450
2018-09-13 오후 3:17:32,파라다이스,21250,21450,20450
2018-09-13 오후 3:17:36,파라다이스,21250,21450,20450
2018-09-13 오후 3:17:46,파라다이스,21250,21450,20450
2018-09-13 오후 3:17:47,파라다이스,21250,21450,20450
2018-09-13 오후 3:17:48,파라다이스,21250,21450,20450
2018-09-13 오후 3:17:48,파라다이스,21250,21450,20450
2018-09-13 오후 3:17:48,파라다이스,21250,21450,20450
2018-09-13 오후 3:17:49,파라다이스,21250,21450,20450
2018-09-13 오후 3:17:49,파라다이스,21250,21450,20450
2018-09-13 오후 3:17:52,파라다이스,21250,21450,20450
2018-09-13 오후 3:17:54,파라다이스,21250,21450,20450
2018-09-13 오후 3:17:55,파라다이스,21250,21450,20450
2018-09-13 오후 3:17:59,파라다이스,21250,21450,20450
2018-09-13 오후 3:18:01,파라다이스,21200,21450,20450
2018-09-13 오후 3:18:03,파라다이스,21250,21450,20450
2018-09-13 오후 3:18:03,파라다이스,21250,21450,20450
2018-09-13 오후 3:18:05,파라다이스,21250,21450,20450
2018-09-13 오후 3:18:07,파라다이스,21250,21450,20450
2018-09-13 오후 3:18:14,파라다이스,21200,21450,20450
2018-09-13 오후 3:18:17,파라다이스,21200,21450,20450
2018-09-13 오후 3:18:17,파라다이스,21250,21450,20450
2018-09-13 오후 3:18:17,파라다이스,21200,21450,20450
2018-09-13 오후 3:18:20,파라다이스,21200,21450,20450
2018-09-13 오후 3:18:21,파라다이스,21200,21450,20450
2018-09-13 오후 3:18:23,파라다이스,21250,21450,20450
2018-09-13 오후 3:18:24,파라다이스,21250,21450,20450
2018-09-13 오후 3:18:30,파라다이스,21200,21450,20450
2018-09-13 오후 3:18:31,파라다이스,21200,21450,20450
2018-09-13 오후 3:18:32,파라다이스,21250,21450,20450
2018-09-13 오후 3:18:32,파라다이스,21200,21450,20450
2018-09-13 오후 3:18:37,파라다이스,21250,21450,20450
2018-09-13 오후 3:18:37,파라다이스,21250,21450,20450
2018-09-13 오후 3:18:37,파라다이스,21250,21450,20450
2018-09-13 오후 3:18:37,파라다이스,21250,21450,20450
2018-09-13 오후 3:18:42,파라다이스,21250,21450,20450
2018-09-13 오후 3:18:42,파라다이스,21200,21450,20450
2018-09-13 오후 3:18:46,파라다이스,21200,21450,20450
2018-09-13 오후 3:18:49,파라다이스,21200,21450,20450
2018-09-13 오후 3:18:53,파라다이스,21250,21450,20450
2018-09-13 오후 3:19:02,파라다이스,21250,21450,20450
2018-09-13 오후 3:19:02,파라다이스,21250,21450,20450
2018-09-13 오후 3:19:05,파라다이스,21250,21450,20450
2018-09-13 오후 3:19:05,파라다이스,21250,21450,20450
2018-09-13 오후 3:19:15,파라다이스,21250,21450,20450
2018-09-13 오후 3:19:17,파라다이스,21200,21450,20450
2018-09-13 오후 3:19:19,파라다이스,21250,21450,20450
2018-09-13 오후 3:19:19,파라다이스,21250,21450,20450
2018-09-13 오후 3:19:21,파라다이스,21200,21450,20450
2018-09-13 오후 3:19:21,파라다이스,21250,21450,20450
2018-09-13 오후 3:19:23,파라다이스,21250,21450,20450
2018-09-13 오후 3:19:24,파라다이스,21250,21450,20450
2018-09-13 오후 3:19:24,파라다이스,21250,21450,20450
2018-09-13 오후 3:19:30,파라다이스,21250,21450,20450
2018-09-13 오후 3:19:34,파라다이스,21250,21450,20450
2018-09-13 오후 3:19:35,파라다이스,21250,21450,20450
2018-09-13 오후 3:19:36,파라다이스,21200,21450,20450
2018-09-13 오후 3:19:37,파라다이스,21250,21450,20450
2018-09-13 오후 3:19:40,파라다이스,21200,21450,20450
2018-09-13 오후 3:19:42,파라다이스,21250,21450,20450
2018-09-13 오후 3:19:43,파라다이스,21250,21450,20450
2018-09-13 오후 3:19:43,파라다이스,21250,21450,20450
2018-09-13 오후 3:19:49,파라다이스,21100,0,0
2018-09-13 오후 3:19:51,파라다이스,21100,0,0
2018-09-13 오후 3:19:52,파라다이스,21100,0,0
2018-09-13 오후 3:19:53,파라다이스,21100,0,0
2018-09-13 오후 3:19:54,파라다이스,21100,0,0
2018-09-13 오후 3:19:54,파라다이스,21100,0,0
2018-09-13 오후 3:19:56,파라다이스,21100,0,0
2018-09-13 오후 3:19:57,파라다이스,21100,0,0
2018-09-13 오후 3:19:58,파라다이스,21100,0,0
2018-09-13 오후 3:19:58,파라다이스,21100,0,0
2018-09-13 오후 3:19:58,파라다이스,21100,0,0
2018-09-13 오후 3:19:59,파라다이스,21100,0,0
2018-09-13 오후 3:19:59,파라다이스,21100,0,0
2018-09-13 오후 3:19:59,파라다이스,21100,0,0
2018-09-13 오후 3:20:00,파라다이스,21100,0,0
2018-09-13 오후 3:20:00,파라다이스,21100,0,0
2018-09-13 오후 3:20:00,파라다이스,21100,0,0
2018-09-13 오후 3:20:01,파라다이스,21100,0,0
2018-09-13 오후 3:20:01,파라다이스,21100,0,0
2018-09-13 오후 3:20:01,파라다이스,21100,0,0
2018-09-13 오후 3:20:01,파라다이스,21100,0,0
2018-09-13 오후 3:20:02,파라다이스,21100,0,0
2018-09-13 오후 3:20:02,파라다이스,21100,0,0
2018-09-13 오후 3:20:02,파라다이스,21100,0,0
2018-09-13 오후 3:20:03,파라다이스,21100,0,0
2018-09-13 오후 3:20:03,파라다이스,21100,0,0
2018-09-13 오후 3:20:04,파라다이스,21100,0,0
2018-09-13 오후 3:20:04,파라다이스,21100,0,0
2018-09-13 오후 3:20:04,파라다이스,21100,0,0
2018-09-13 오후 3:20:05,파라다이스,21100,0,0
2018-09-13 오후 3:20:05,파라다이스,21100,0,0
2018-09-13 오후 3:20:05,파라다이스,21100,0,0
2018-09-13 오후 3:20:06,파라다이스,21100,0,0
2018-09-13 오후 3:20:06,파라다이스,21100,0,0
2018-09-13 오후 3:20:07,파라다이스,21100,0,0
2018-09-13 오후 3:20:07,파라다이스,21100,0,0
2018-09-13 오후 3:20:08,파라다이스,21100,0,0
2018-09-13 오후 3:20:08,파라다이스,21100,0,0
2018-09-13 오후 3:20:09,파라다이스,21100,0,0
2018-09-13 오후 3:20:10,파라다이스,21100,0,0
2018-09-13 오후 3:20:10,파라다이스,21100,0,0
2018-09-13 오후 3:20:11,파라다이스,21100,0,0
2018-09-13 오후 3:20:11,파라다이스,21100,0,0
2018-09-13 오후 3:20:11,파라다이스,21100,0,0
2018-09-13 오후 3:20:11,파라다이스,21100,0,0
2018-09-13 오후 3:20:12,파라다이스,21100,0,0
2018-09-13 오후 3:20:13,파라다이스,21100,0,0
2018-09-13 오후 3:20:13,파라다이스,21100,0,0
2018-09-13 오후 3:20:14,파라다이스,21100,0,0
2018-09-13 오후 3:20:15,파라다이스,21100,0,0
2018-09-13 오후 3:20:16,파라다이스,21100,0,0
2018-09-13 오후 3:20:16,파라다이스,21100,0,0
2018-09-13 오후 3:20:16,파라다이스,21100,0,0
2018-09-13 오후 3:20:18,파라다이스,21100,0,0
2018-09-13 오후 3:20:18,파라다이스,21100,0,0
2018-09-13 오후 3:20:19,파라다이스,21100,0,0
2018-09-13 오후 3:20:20,파라다이스,21100,0,0
2018-09-13 오후 3:20:20,파라다이스,21100,0,0
2018-09-13 오후 3:20:22,파라다이스,21100,0,0
2018-09-13 오후 3:20:22,파라다이스,21100,0,0
2018-09-13 오후 3:20:23,파라다이스,21100,0,0
2018-09-13 오후 3:20:23,파라다이스,21100,0,0
2018-09-13 오후 3:20:24,파라다이스,21100,0,0
2018-09-13 오후 3:20:24,파라다이스,21100,0,0
2018-09-13 오후 3:20:24,파라다이스,21100,0,0
2018-09-13 오후 3:20:25,파라다이스,21100,0,0
2018-09-13 오후 3:20:25,파라다이스,21100,0,0
2018-09-13 오후 3:20:25,파라다이스,21100,0,0
2018-09-13 오후 3:20:25,파라다이스,21100,0,0
2018-09-13 오후 3:20:26,파라다이스,21100,0,0
2018-09-13 오후 3:20:27,파라다이스,21100,0,0
2018-09-13 오후 3:20:29,파라다이스,21300,0,0
2018-09-13 오후 3:20:29,파라다이스,21300,0,0
2018-09-13 오후 3:20:29,파라다이스,21300,0,0
2018-09-13 오후 3:20:30,파라다이스,21300,0,0
2018-09-13 오후 3:20:31,파라다이스,21300,0,0
2018-09-13 오후 3:20:31,파라다이스,21300,0,0
2018-09-13 오후 3:20:31,파라다이스,21300,0,0
2018-09-13 오후 3:20:32,파라다이스,21300,0,0
2018-09-13 오후 3:20:33,파라다이스,21300,0,0
2018-09-13 오후 3:20:34,파라다이스,21300,0,0
2018-09-13 오후 3:20:35,파라다이스,21300,0,0
2018-09-13 오후 3:20:35,파라다이스,21300,0,0
2018-09-13 오후 3:20:35,파라다이스,21300,0,0
2018-09-13 오후 3:20:36,파라다이스,21300,0,0
2018-09-13 오후 3:20:38,파라다이스,21300,0,0
2018-09-13 오후 3:20:38,파라다이스,21300,0,0
2018-09-13 오후 3:20:38,파라다이스,21300,0,0
2018-09-13 오후 3:20:38,파라다이스,21300,0,0
2018-09-13 오후 3:20:38,파라다이스,21300,0,0
2018-09-13 오후 3:20:38,파라다이스,21300,0,0
2018-09-13 오후 3:20:39,파라다이스,21300,0,0
2018-09-13 오후 3:20:40,파라다이스,21300,0,0
2018-09-13 오후 3:20:42,파라다이스,21300,0,0
2018-09-13 오후 3:20:43,파라다이스,21300,0,0
2018-09-13 오후 3:20:43,파라다이스,21300,0,0
2018-09-13 오후 3:20:43,파라다이스,21300,0,0
2018-09-13 오후 3:20:43,파라다이스,21300,0,0
2018-09-13 오후 3:20:43,파라다이스,21300,0,0
2018-09-13 오후 3:20:43,파라다이스,21300,0,0
2018-09-13 오후 3:20:45,파라다이스,21300,0,0
2018-09-13 오후 3:20:45,파라다이스,21300,0,0
2018-09-13 오후 3:20:45,파라다이스,21300,0,0
2018-09-13 오후 3:20:46,파라다이스,21300,0,0
2018-09-13 오후 3:20:46,파라다이스,21300,0,0
2018-09-13 오후 3:20:46,파라다이스,21300,0,0
2018-09-13 오후 3:20:47,파라다이스,21300,0,0
2018-09-13 오후 3:20:48,파라다이스,21300,0,0
2018-09-13 오후 3:20:49,파라다이스,21300,0,0
2018-09-13 오후 3:20:49,파라다이스,21300,0,0
2018-09-13 오후 3:20:50,파라다이스,21300,0,0
2018-09-13 오후 3:20:50,파라다이스,21300,0,0
2018-09-13 오후 3:20:50,파라다이스,21300,0,0
2018-09-13 오후 3:20:51,파라다이스,21300,0,0
2018-09-13 오후 3:20:51,파라다이스,21300,0,0
2018-09-13 오후 3:20:52,파라다이스,21300,0,0
2018-09-13 오후 3:20:52,파라다이스,21300,0,0
2018-09-13 오후 3:20:52,파라다이스,21300,0,0
2018-09-13 오후 3:20:53,파라다이스,21300,0,0
2018-09-13 오후 3:20:53,파라다이스,21300,0,0
2018-09-13 오후 3:20:55,파라다이스,21300,0,0
2018-09-13 오후 3:20:56,파라다이스,21300,0,0
2018-09-13 오후 3:20:56,파라다이스,21300,0,0
2018-09-13 오후 3:20:57,파라다이스,21300,0,0
2018-09-13 오후 3:20:57,파라다이스,21300,0,0
2018-09-13 오후 3:20:59,파라다이스,21300,0,0
2018-09-13 오후 3:21:00,파라다이스,21300,0,0
2018-09-13 오후 3:21:00,파라다이스,21300,0,0
2018-09-13 오후 3:21:01,파라다이스,21300,0,0
2018-09-13 오후 3:21:01,파라다이스,21300,0,0
2018-09-13 오후 3:21:02,파라다이스,21300,0,0
2018-09-13 오후 3:21:02,파라다이스,21300,0,0
2018-09-13 오후 3:21:03,파라다이스,21300,0,0
2018-09-13 오후 3:21:04,파라다이스,21300,0,0
2018-09-13 오후 3:21:06,파라다이스,21300,0,0
2018-09-13 오후 3:21:07,파라다이스,21300,0,0
2018-09-13 오후 3:21:07,파라다이스,21300,0,0
2018-09-13 오후 3:21:08,파라다이스,21300,0,0
2018-09-13 오후 3:21:08,파라다이스,21300,0,0
2018-09-13 오후 3:21:09,파라다이스,21300,0,0
2018-09-13 오후 3:21:09,파라다이스,21300,0,0
2018-09-13 오후 3:21:09,파라다이스,21300,0,0
2018-09-13 오후 3:21:10,파라다이스,21300,0,0
2018-09-13 오후 3:21:11,파라다이스,21300,0,0
2018-09-13 오후 3:21:13,파라다이스,21300,0,0
2018-09-13 오후 3:21:13,파라다이스,21300,0,0
2018-09-13 오후 3:21:13,파라다이스,21300,0,0
2018-09-13 오후 3:21:14,파라다이스,21300,0,0
2018-09-13 오후 3:21:15,파라다이스,21300,0,0
2018-09-13 오후 3:21:16,파라다이스,21300,0,0
2018-09-13 오후 3:21:16,파라다이스,21300,0,0
2018-09-13 오후 3:21:16,파라다이스,21300,0,0
2018-09-13 오후 3:21:16,파라다이스,21300,0,0
2018-09-13 오후 3:21:16,파라다이스,21300,0,0
2018-09-13 오후 3:21:18,파라다이스,21300,0,0
2018-09-13 오후 3:21:19,파라다이스,21300,0,0
2018-09-13 오후 3:21:19,파라다이스,21300,0,0
2018-09-13 오후 3:21:20,파라다이스,21300,0,0
2018-09-13 오후 3:21:20,파라다이스,21300,0,0
2018-09-13 오후 3:21:20,파라다이스,21300,0,0
2018-09-13 오후 3:21:22,파라다이스,21300,0,0
2018-09-13 오후 3:21:22,파라다이스,21300,0,0
2018-09-13 오후 3:21:22,파라다이스,21300,0,0
2018-09-13 오후 3:21:23,파라다이스,21300,0,0
2018-09-13 오후 3:21:23,파라다이스,21300,0,0
2018-09-13 오후 3:21:24,파라다이스,21300,0,0
2018-09-13 오후 3:21:25,파라다이스,21300,0,0
2018-09-13 오후 3:21:25,파라다이스,21300,0,0
2018-09-13 오후 3:21:28,파라다이스,21300,0,0
2018-09-13 오후 3:21:30,파라다이스,21300,0,0
2018-09-13 오후 3:21:31,파라다이스,21300,0,0
2018-09-13 오후 3:21:32,파라다이스,21300,0,0
2018-09-13 오후 3:21:33,파라다이스,21300,0,0
2018-09-13 오후 3:21:35,파라다이스,21300,0,0
2018-09-13 오후 3:21:35,파라다이스,21300,0,0
2018-09-13 오후 3:21:37,파라다이스,21350,0,0
2018-09-13 오후 3:21:38,파라다이스,21350,0,0
2018-09-13 오후 3:21:38,파라다이스,21350,0,0
2018-09-13 오후 3:21:39,파라다이스,21350,0,0
2018-09-13 오후 3:21:40,파라다이스,21350,0,0
2018-09-13 오후 3:21:40,파라다이스,21350,0,0
2018-09-13 오후 3:21:40,파라다이스,21350,0,0
2018-09-13 오후 3:21:42,파라다이스,21350,0,0
2018-09-13 오후 3:21:42,파라다이스,21350,0,0
2018-09-13 오후 3:21:42,파라다이스,21350,0,0
2018-09-13 오후 3:21:44,파라다이스,21350,0,0
2018-09-13 오후 3:21:44,파라다이스,21350,0,0
2018-09-13 오후 3:21:45,파라다이스,21350,0,0
2018-09-13 오후 3:21:46,파라다이스,21350,0,0
2018-09-13 오후 3:21:47,파라다이스,21350,0,0
2018-09-13 오후 3:21:49,파라다이스,21350,0,0
2018-09-13 오후 3:21:49,파라다이스,21350,0,0
2018-09-13 오후 3:21:49,파라다이스,21350,0,0
2018-09-13 오후 3:21:49,파라다이스,21350,0,0
2018-09-13 오후 3:21:51,파라다이스,21350,0,0
2018-09-13 오후 3:21:51,파라다이스,21350,0,0
2018-09-13 오후 3:21:51,파라다이스,21350,0,0
2018-09-13 오후 3:21:52,파라다이스,21350,0,0
2018-09-13 오후 3:21:52,파라다이스,21350,0,0
2018-09-13 오후 3:21:53,파라다이스,21350,0,0
2018-09-13 오후 3:21:53,파라다이스,21350,0,0
2018-09-13 오후 3:21:54,파라다이스,21350,0,0
2018-09-13 오후 3:21:54,파라다이스,21350,0,0
2018-09-13 오후 3:21:55,파라다이스,21350,0,0
2018-09-13 오후 3:21:55,파라다이스,21350,0,0
2018-09-13 오후 3:21:56,파라다이스,21350,0,0
2018-09-13 오후 3:21:57,파라다이스,21350,0,0
2018-09-13 오후 3:21:57,파라다이스,21350,0,0
2018-09-13 오후 3:21:58,파라다이스,21350,0,0
2018-09-13 오후 3:21:58,파라다이스,21350,0,0
2018-09-13 오후 3:21:58,파라다이스,21350,0,0
2018-09-13 오후 3:21:58,파라다이스,21350,0,0
2018-09-13 오후 3:22:00,파라다이스,21350,0,0
2018-09-13 오후 3:22:01,파라다이스,21350,0,0
2018-09-13 오후 3:22:02,파라다이스,21350,0,0
2018-09-13 오후 3:22:02,파라다이스,21350,0,0
2018-09-13 오후 3:22:03,파라다이스,21350,0,0
2018-09-13 오후 3:22:04,파라다이스,21350,0,0
2018-09-13 오후 3:22:05,파라다이스,21350,0,0
2018-09-13 오후 3:22:07,파라다이스,21350,0,0
2018-09-13 오후 3:22:08,파라다이스,21350,0,0
2018-09-13 오후 3:22:08,파라다이스,21350,0,0
2018-09-13 오후 3:22:08,파라다이스,21350,0,0
2018-09-13 오후 3:22:09,파라다이스,21350,0,0
2018-09-13 오후 3:22:12,파라다이스,21350,0,0
2018-09-13 오후 3:22:12,파라다이스,21400,0,0
2018-09-13 오후 3:22:12,파라다이스,21400,0,0
2018-09-13 오후 3:22:13,파라다이스,21400,0,0
2018-09-13 오후 3:22:13,파라다이스,21400,0,0
2018-09-13 오후 3:22:13,파라다이스,21400,0,0
2018-09-13 오후 3:22:15,파라다이스,21400,0,0
2018-09-13 오후 3:22:16,파라다이스,21400,0,0
2018-09-13 오후 3:22:17,파라다이스,21400,0,0
2018-09-13 오후 3:22:18,파라다이스,21400,0,0
2018-09-13 오후 3:22:18,파라다이스,21400,0,0
2018-09-13 오후 3:22:19,파라다이스,21400,0,0
2018-09-13 오후 3:22:20,파라다이스,21400,0,0
2018-09-13 오후 3:22:20,파라다이스,21400,0,0
2018-09-13 오후 3:22:21,파라다이스,21400,0,0
2018-09-13 오후 3:22:21,파라다이스,21400,0,0
2018-09-13 오후 3:22:23,파라다이스,21400,0,0
2018-09-13 오후 3:22:23,파라다이스,21400,0,0
2018-09-13 오후 3:22:23,파라다이스,21400,0,0
2018-09-13 오후 3:22:24,파라다이스,21400,0,0
2018-09-13 오후 3:22:25,파라다이스,21400,0,0
2018-09-13 오후 3:22:25,파라다이스,21400,0,0
2018-09-13 오후 3:22:26,파라다이스,21400,0,0
2018-09-13 오후 3:22:29,파라다이스,21400,0,0
2018-09-13 오후 3:22:30,파라다이스,21400,0,0
2018-09-13 오후 3:22:31,파라다이스,21400,0,0
2018-09-13 오후 3:22:32,파라다이스,21400,0,0
2018-09-13 오후 3:22:32,파라다이스,21400,0,0
2018-09-13 오후 3:22:32,파라다이스,21400,0,0
2018-09-13 오후 3:22:32,파라다이스,21400,0,0
2018-09-13 오후 3:22:33,파라다이스,21400,0,0
2018-09-13 오후 3:22:33,파라다이스,21400,0,0
2018-09-13 오후 3:22:33,파라다이스,21400,0,0
2018-09-13 오후 3:22:33,파라다이스,21400,0,0
2018-09-13 오후 3:22:34,파라다이스,21400,0,0
2018-09-13 오후 3:22:34,파라다이스,21400,0,0
2018-09-13 오후 3:22:35,파라다이스,21400,0,0
2018-09-13 오후 3:22:35,파라다이스,21400,0,0
2018-09-13 오후 3:22:39,파라다이스,21400,0,0
2018-09-13 오후 3:22:39,파라다이스,21400,0,0
2018-09-13 오후 3:22:39,파라다이스,21400,0,0
2018-09-13 오후 3:22:39,파라다이스,21400,0,0
2018-09-13 오후 3:22:40,파라다이스,21400,0,0
2018-09-13 오후 3:22:41,파라다이스,21400,0,0
2018-09-13 오후 3:22:42,파라다이스,21400,0,0
2018-09-13 오후 3:22:42,파라다이스,21400,0,0
2018-09-13 오후 3:22:43,파라다이스,21400,0,0
2018-09-13 오후 3:22:43,파라다이스,21400,0,0
2018-09-13 오후 3:22:43,파라다이스,21400,0,0
2018-09-13 오후 3:22:44,파라다이스,21400,0,0
2018-09-13 오후 3:22:45,파라다이스,21400,0,0
2018-09-13 오후 3:22:45,파라다이스,21400,0,0
2018-09-13 오후 3:22:45,파라다이스,21400,0,0
2018-09-13 오후 3:22:46,파라다이스,21400,0,0
2018-09-13 오후 3:22:46,파라다이스,21400,0,0
2018-09-13 오후 3:22:47,파라다이스,21400,0,0
2018-09-13 오후 3:22:47,파라다이스,21400,0,0
2018-09-13 오후 3:22:48,파라다이스,21400,0,0
2018-09-13 오후 3:22:48,파라다이스,21400,0,0
2018-09-13 오후 3:22:49,파라다이스,21400,0,0
2018-09-13 오후 3:22:49,파라다이스,21400,0,0
2018-09-13 오후 3:22:49,파라다이스,21400,0,0
2018-09-13 오후 3:22:49,파라다이스,21400,0,0
2018-09-13 오후 3:22:49,파라다이스,21400,0,0
2018-09-13 오후 3:22:50,파라다이스,21400,0,0
2018-09-13 오후 3:22:50,파라다이스,21400,0,0
2018-09-13 오후 3:22:51,파라다이스,21400,0,0
2018-09-13 오후 3:22:51,파라다이스,21400,0,0
2018-09-13 오후 3:22:51,파라다이스,21400,0,0
2018-09-13 오후 3:22:51,파라다이스,21400,0,0
2018-09-13 오후 3:22:52,파라다이스,21400,0,0
2018-09-13 오후 3:22:52,파라다이스,21400,0,0
2018-09-13 오후 3:22:52,파라다이스,21400,0,0
2018-09-13 오후 3:22:53,파라다이스,21400,0,0
2018-09-13 오후 3:22:54,파라다이스,21400,0,0
2018-09-13 오후 3:22:56,파라다이스,21400,0,0
2018-09-13 오후 3:22:56,파라다이스,21400,0,0
2018-09-13 오후 3:22:56,파라다이스,21400,0,0
2018-09-13 오후 3:22:57,파라다이스,21400,0,0
2018-09-13 오후 3:22:58,파라다이스,21400,0,0
2018-09-13 오후 3:22:58,파라다이스,21400,0,0
2018-09-13 오후 3:22:59,파라다이스,21400,0,0
2018-09-13 오후 3:23:00,파라다이스,21400,0,0
2018-09-13 오후 3:23:02,파라다이스,21400,0,0
2018-09-13 오후 3:23:03,파라다이스,21400,0,0
2018-09-13 오후 3:23:04,파라다이스,21400,0,0
2018-09-13 오후 3:23:05,파라다이스,21400,0,0
2018-09-13 오후 3:23:05,파라다이스,21400,0,0
2018-09-13 오후 3:23:05,파라다이스,21400,0,0
2018-09-13 오후 3:23:05,파라다이스,21400,0,0
2018-09-13 오후 3:23:06,파라다이스,21400,0,0
2018-09-13 오후 3:23:08,파라다이스,21400,0,0
2018-09-13 오후 3:23:08,파라다이스,21400,0,0
2018-09-13 오후 3:23:09,파라다이스,21400,0,0
2018-09-13 오후 3:23:11,파라다이스,21400,0,0
2018-09-13 오후 3:23:11,파라다이스,21400,0,0
2018-09-13 오후 3:23:11,파라다이스,21400,0,0
2018-09-13 오후 3:23:13,파라다이스,21400,0,0
2018-09-13 오후 3:23:13,파라다이스,21400,0,0
2018-09-13 오후 3:23:14,파라다이스,21400,0,0
2018-09-13 오후 3:23:15,파라다이스,21400,0,0
2018-09-13 오후 3:23:16,파라다이스,21400,0,0
2018-09-13 오후 3:23:16,파라다이스,21400,0,0
2018-09-13 오후 3:23:17,파라다이스,21400,0,0
2018-09-13 오후 3:23:17,파라다이스,21400,0,0
2018-09-13 오후 3:23:17,파라다이스,21400,0,0
2018-09-13 오후 3:23:17,파라다이스,21400,0,0
2018-09-13 오후 3:23:17,파라다이스,21400,0,0
2018-09-13 오후 3:23:18,파라다이스,21400,0,0
2018-09-13 오후 3:23:19,파라다이스,21400,0,0
2018-09-13 오후 3:23:19,파라다이스,21400,0,0
2018-09-13 오후 3:23:20,파라다이스,21400,0,0
2018-09-13 오후 3:23:20,파라다이스,21400,0,0
2018-09-13 오후 3:23:21,파라다이스,21400,0,0
2018-09-13 오후 3:23:22,파라다이스,21400,0,0
2018-09-13 오후 3:23:23,파라다이스,21400,0,0
2018-09-13 오후 3:23:24,파라다이스,21400,0,0
2018-09-13 오후 3:23:24,파라다이스,21400,0,0
2018-09-13 오후 3:23:27,파라다이스,21400,0,0
2018-09-13 오후 3:23:27,파라다이스,21400,0,0
2018-09-13 오후 3:23:28,파라다이스,21400,0,0
2018-09-13 오후 3:23:28,파라다이스,21400,0,0
2018-09-13 오후 3:23:30,파라다이스,21400,0,0
2018-09-13 오후 3:23:32,파라다이스,21400,0,0
2018-09-13 오후 3:23:32,파라다이스,21400,0,0
2018-09-13 오후 3:23:34,파라다이스,21400,0,0
2018-09-13 오후 3:23:36,파라다이스,21400,0,0
2018-09-13 오후 3:23:36,파라다이스,21400,0,0
2018-09-13 오후 3:23:37,파라다이스,21400,0,0
2018-09-13 오후 3:23:39,파라다이스,21400,0,0
2018-09-13 오후 3:23:40,파라다이스,21400,0,0
2018-09-13 오후 3:23:40,파라다이스,21400,0,0
2018-09-13 오후 3:23:41,파라다이스,21400,0,0
2018-09-13 오후 3:23:42,파라다이스,21400,0,0
2018-09-13 오후 3:23:42,파라다이스,21400,0,0
2018-09-13 오후 3:23:44,파라다이스,21400,0,0
2018-09-13 오후 3:23:46,파라다이스,21400,0,0
2018-09-13 오후 3:23:48,파라다이스,21400,0,0
2018-09-13 오후 3:23:48,파라다이스,21400,0,0
2018-09-13 오후 3:23:48,파라다이스,21400,0,0
2018-09-13 오후 3:23:49,파라다이스,21400,0,0
2018-09-13 오후 3:23:49,파라다이스,21400,0,0
2018-09-13 오후 3:23:50,파라다이스,21400,0,0
2018-09-13 오후 3:23:51,파라다이스,21400,0,0
2018-09-13 오후 3:23:52,파라다이스,21400,0,0
2018-09-13 오후 3:23:54,파라다이스,21400,0,0
2018-09-13 오후 3:23:55,파라다이스,21400,0,0
2018-09-13 오후 3:23:55,파라다이스,21400,0,0
2018-09-13 오후 3:23:56,파라다이스,21400,0,0
2018-09-13 오후 3:23:57,파라다이스,21400,0,0
2018-09-13 오후 3:23:57,파라다이스,21400,0,0
2018-09-13 오후 3:23:57,파라다이스,21400,0,0
2018-09-13 오후 3:23:58,파라다이스,21400,0,0
2018-09-13 오후 3:23:59,파라다이스,21400,0,0
2018-09-13 오후 3:23:59,파라다이스,21400,0,0
2018-09-13 오후 3:24:00,파라다이스,21400,0,0
2018-09-13 오후 3:24:03,파라다이스,21400,0,0
2018-09-13 오후 3:24:05,파라다이스,21400,0,0
2018-09-13 오후 3:24:05,파라다이스,21400,0,0
2018-09-13 오후 3:24:06,파라다이스,21400,0,0
2018-09-13 오후 3:24:10,파라다이스,21400,0,0
2018-09-13 오후 3:24:12,파라다이스,21400,0,0
2018-09-13 오후 3:24:13,파라다이스,21400,0,0
2018-09-13 오후 3:24:13,파라다이스,21400,0,0
2018-09-13 오후 3:24:14,파라다이스,21400,0,0
2018-09-13 오후 3:24:14,파라다이스,21400,0,0
2018-09-13 오후 3:24:17,파라다이스,21400,0,0
2018-09-13 오후 3:24:18,파라다이스,21400,0,0
2018-09-13 오후 3:24:19,파라다이스,21400,0,0
2018-09-13 오후 3:24:20,파라다이스,21400,0,0
2018-09-13 오후 3:24:21,파라다이스,21400,0,0
2018-09-13 오후 3:24:23,파라다이스,21400,0,0
2018-09-13 오후 3:24:25,파라다이스,21400,0,0
2018-09-13 오후 3:24:25,파라다이스,21400,0,0
2018-09-13 오후 3:24:27,파라다이스,21400,0,0
2018-09-13 오후 3:24:28,파라다이스,21400,0,0
2018-09-13 오후 3:24:28,파라다이스,21400,0,0
2018-09-13 오후 3:24:28,파라다이스,21400,0,0
2018-09-13 오후 3:24:28,파라다이스,21400,0,0
2018-09-13 오후 3:24:29,파라다이스,21400,0,0
2018-09-13 오후 3:24:29,파라다이스,21400,0,0
2018-09-13 오후 3:24:29,파라다이스,21400,0,0
2018-09-13 오후 3:24:32,파라다이스,21400,0,0
2018-09-13 오후 3:24:32,파라다이스,21400,0,0
2018-09-13 오후 3:24:33,파라다이스,21400,0,0
2018-09-13 오후 3:24:34,파라다이스,21400,0,0
2018-09-13 오후 3:24:35,파라다이스,21400,0,0
2018-09-13 오후 3:24:35,파라다이스,21400,0,0
2018-09-13 오후 3:24:35,파라다이스,21400,0,0
2018-09-13 오후 3:24:36,파라다이스,21400,0,0
2018-09-13 오후 3:24:36,파라다이스,21400,0,0
2018-09-13 오후 3:24:37,파라다이스,21400,0,0
2018-09-13 오후 3:24:37,파라다이스,21400,0,0
2018-09-13 오후 3:24:38,파라다이스,21400,0,0
2018-09-13 오후 3:24:40,파라다이스,21400,0,0
2018-09-13 오후 3:24:41,파라다이스,21400,0,0
2018-09-13 오후 3:24:42,파라다이스,21400,0,0
2018-09-13 오후 3:24:43,파라다이스,21400,0,0
2018-09-13 오후 3:24:45,파라다이스,21400,0,0
2018-09-13 오후 3:24:45,파라다이스,21400,0,0
2018-09-13 오후 3:24:46,파라다이스,21400,0,0
2018-09-13 오후 3:24:49,파라다이스,21400,0,0
2018-09-13 오후 3:24:50,파라다이스,21400,0,0
2018-09-13 오후 3:24:50,파라다이스,21400,0,0
2018-09-13 오후 3:24:52,파라다이스,21400,0,0
2018-09-13 오후 3:24:52,파라다이스,21400,0,0
2018-09-13 오후 3:24:52,파라다이스,21400,0,0
2018-09-13 오후 3:24:54,파라다이스,21400,0,0
2018-09-13 오후 3:24:56,파라다이스,21400,0,0
2018-09-13 오후 3:24:57,파라다이스,21400,0,0
2018-09-13 오후 3:24:58,파라다이스,21400,0,0
2018-09-13 오후 3:24:58,파라다이스,21400,0,0
2018-09-13 오후 3:24:59,파라다이스,21400,0,0
2018-09-13 오후 3:25:00,파라다이스,21400,0,0
2018-09-13 오후 3:25:04,파라다이스,21400,0,0
2018-09-13 오후 3:25:05,파라다이스,21400,0,0
2018-09-13 오후 3:25:06,파라다이스,21400,0,0
2018-09-13 오후 3:25:07,파라다이스,21400,0,0
2018-09-13 오후 3:25:07,파라다이스,21400,0,0
2018-09-13 오후 3:25:08,파라다이스,21400,0,0
2018-09-13 오후 3:25:11,파라다이스,21400,0,0
2018-09-13 오후 3:25:12,파라다이스,21400,0,0
2018-09-13 오후 3:25:14,파라다이스,21400,0,0
2018-09-13 오후 3:25:15,파라다이스,21400,0,0
2018-09-13 오후 3:25:17,파라다이스,21400,0,0
2018-09-13 오후 3:25:22,파라다이스,21400,0,0
2018-09-13 오후 3:25:23,파라다이스,21400,0,0
2018-09-13 오후 3:25:23,파라다이스,21400,0,0
2018-09-13 오후 3:25:23,파라다이스,21400,0,0
2018-09-13 오후 3:25:24,파라다이스,21400,0,0
2018-09-13 오후 3:25:24,파라다이스,21400,0,0
2018-09-13 오후 3:25:25,파라다이스,21400,0,0
2018-09-13 오후 3:25:25,파라다이스,21400,0,0
2018-09-13 오후 3:25:25,파라다이스,21400,0,0
2018-09-13 오후 3:25:26,파라다이스,21400,0,0
2018-09-13 오후 3:25:26,파라다이스,21400,0,0
2018-09-13 오후 3:25:26,파라다이스,21400,0,0
2018-09-13 오후 3:25:27,파라다이스,21400,0,0
2018-09-13 오후 3:25:27,파라다이스,21400,0,0
2018-09-13 오후 3:25:29,파라다이스,21400,0,0
2018-09-13 오후 3:25:29,파라다이스,21400,0,0
2018-09-13 오후 3:25:31,파라다이스,21400,0,0
2018-09-13 오후 3:25:32,파라다이스,21400,0,0
2018-09-13 오후 3:25:34,파라다이스,21400,0,0
2018-09-13 오후 3:25:35,파라다이스,21400,0,0
2018-09-13 오후 3:25:35,파라다이스,21400,0,0
2018-09-13 오후 3:25:36,파라다이스,21400,0,0
2018-09-13 오후 3:25:44,파라다이스,21400,0,0
2018-09-13 오후 3:25:44,파라다이스,21400,0,0
2018-09-13 오후 3:25:45,파라다이스,21400,0,0
2018-09-13 오후 3:25:49,파라다이스,21400,0,0
2018-09-13 오후 3:25:49,파라다이스,21400,0,0
2018-09-13 오후 3:25:50,파라다이스,21400,0,0
2018-09-13 오후 3:25:50,파라다이스,21400,0,0
2018-09-13 오후 3:25:54,파라다이스,21400,0,0
2018-09-13 오후 3:25:54,파라다이스,21400,0,0
2018-09-13 오후 3:25:57,파라다이스,21400,0,0
2018-09-13 오후 3:25:58,파라다이스,21400,0,0
2018-09-13 오후 3:25:59,파라다이스,21400,0,0
2018-09-13 오후 3:25:59,파라다이스,21400,0,0
2018-09-13 오후 3:25:59,파라다이스,21400,0,0
2018-09-13 오후 3:26:02,파라다이스,21400,0,0
2018-09-13 오후 3:26:02,파라다이스,21400,0,0
2018-09-13 오후 3:26:02,파라다이스,21400,0,0
2018-09-13 오후 3:26:02,파라다이스,21400,0,0
2018-09-13 오후 3:26:02,파라다이스,21400,0,0
2018-09-13 오후 3:26:03,파라다이스,21400,0,0
2018-09-13 오후 3:26:04,파라다이스,21400,0,0
2018-09-13 오후 3:26:05,파라다이스,21400,0,0
2018-09-13 오후 3:26:06,파라다이스,21400,0,0
2018-09-13 오후 3:26:06,파라다이스,21400,0,0
2018-09-13 오후 3:26:06,파라다이스,21400,0,0
2018-09-13 오후 3:26:07,파라다이스,21400,0,0
2018-09-13 오후 3:26:07,파라다이스,21400,0,0
2018-09-13 오후 3:26:07,파라다이스,21400,0,0
2018-09-13 오후 3:26:07,파라다이스,21400,0,0
2018-09-13 오후 3:26:07,파라다이스,21400,0,0
2018-09-13 오후 3:26:08,파라다이스,21400,0,0
2018-09-13 오후 3:26:11,파라다이스,21400,0,0
2018-09-13 오후 3:26:11,파라다이스,21400,0,0
2018-09-13 오후 3:26:12,파라다이스,21400,0,0
2018-09-13 오후 3:26:12,파라다이스,21400,0,0
2018-09-13 오후 3:26:12,파라다이스,21400,0,0
2018-09-13 오후 3:26:15,파라다이스,21400,0,0
2018-09-13 오후 3:26:16,파라다이스,21400,0,0
2018-09-13 오후 3:26:17,파라다이스,21400,0,0
2018-09-13 오후 3:26:17,파라다이스,21400,0,0
2018-09-13 오후 3:26:17,파라다이스,21400,0,0
2018-09-13 오후 3:26:17,파라다이스,21400,0,0
2018-09-13 오후 3:26:17,파라다이스,21400,0,0
2018-09-13 오후 3:26:18,파라다이스,21400,0,0
2018-09-13 오후 3:26:18,파라다이스,21400,0,0
2018-09-13 오후 3:26:18,파라다이스,21400,0,0
2018-09-13 오후 3:26:18,파라다이스,21400,0,0
2018-09-13 오후 3:26:18,파라다이스,21400,0,0
2018-09-13 오후 3:26:18,파라다이스,21400,0,0
2018-09-13 오후 3:26:18,파라다이스,21400,0,0
2018-09-13 오후 3:26:18,파라다이스,21400,0,0
2018-09-13 오후 3:26:18,파라다이스,21400,0,0
2018-09-13 오후 3:26:18,파라다이스,21400,0,0
2018-09-13 오후 3:26:18,파라다이스,21400,0,0
2018-09-13 오후 3:26:18,파라다이스,21400,0,0
2018-09-13 오후 3:26:18,파라다이스,21400,0,0
2018-09-13 오후 3:26:18,파라다이스,21400,0,0
2018-09-13 오후 3:26:18,파라다이스,21400,0,0
2018-09-13 오후 3:26:19,파라다이스,21400,0,0
2018-09-13 오후 3:26:20,파라다이스,21400,0,0
2018-09-13 오후 3:26:20,파라다이스,21400,0,0
2018-09-13 오후 3:26:20,파라다이스,21400,0,0
2018-09-13 오후 3:26:21,파라다이스,21400,0,0
2018-09-13 오후 3:26:21,파라다이스,21400,0,0
2018-09-13 오후 3:26:21,파라다이스,21400,0,0
2018-09-13 오후 3:26:21,파라다이스,21400,0,0
2018-09-13 오후 3:26:21,파라다이스,21400,0,0
2018-09-13 오후 3:26:21,파라다이스,21400,0,0
2018-09-13 오후 3:26:21,파라다이스,21400,0,0
2018-09-13 오후 3:26:21,파라다이스,21400,0,0
2018-09-13 오후 3:26:21,파라다이스,21400,0,0
2018-09-13 오후 3:26:21,파라다이스,21400,0,0
2018-09-13 오후 3:26:22,파라다이스,21400,0,0
2018-09-13 오후 3:26:23,파라다이스,21400,0,0
2018-09-13 오후 3:26:23,파라다이스,21400,0,0
2018-09-13 오후 3:26:24,파라다이스,21400,0,0
2018-09-13 오후 3:26:25,파라다이스,21400,0,0
2018-09-13 오후 3:26:25,파라다이스,21400,0,0
2018-09-13 오후 3:26:25,파라다이스,21400,0,0
2018-09-13 오후 3:26:25,파라다이스,21400,0,0
2018-09-13 오후 3:26:25,파라다이스,21400,0,0
2018-09-13 오후 3:26:25,파라다이스,21400,0,0
2018-09-13 오후 3:26:26,파라다이스,21400,0,0
2018-09-13 오후 3:26:27,파라다이스,21400,0,0
2018-09-13 오후 3:26:27,파라다이스,21400,0,0
2018-09-13 오후 3:26:28,파라다이스,21400,0,0
2018-09-13 오후 3:26:28,파라다이스,21400,0,0
2018-09-13 오후 3:26:29,파라다이스,21400,0,0
2018-09-13 오후 3:26:29,파라다이스,21400,0,0
2018-09-13 오후 3:26:30,파라다이스,21400,0,0
2018-09-13 오후 3:26:30,파라다이스,21400,0,0
2018-09-13 오후 3:26:30,파라다이스,21400,0,0
2018-09-13 오후 3:26:31,파라다이스,21400,0,0
2018-09-13 오후 3:26:31,파라다이스,21400,0,0
2018-09-13 오후 3:26:32,파라다이스,21400,0,0
2018-09-13 오후 3:26:32,파라다이스,21400,0,0
2018-09-13 오후 3:26:33,파라다이스,21400,0,0
2018-09-13 오후 3:26:36,파라다이스,21400,0,0
2018-09-13 오후 3:26:37,파라다이스,21400,0,0
2018-09-13 오후 3:26:37,파라다이스,21400,0,0
2018-09-13 오후 3:26:38,파라다이스,21400,0,0
2018-09-13 오후 3:26:38,파라다이스,21400,0,0
2018-09-13 오후 3:26:39,파라다이스,21400,0,0
2018-09-13 오후 3:26:39,파라다이스,21400,0,0
2018-09-13 오후 3:26:41,파라다이스,21400,0,0
2018-09-13 오후 3:26:42,파라다이스,21400,0,0
2018-09-13 오후 3:26:43,파라다이스,21400,0,0
2018-09-13 오후 3:26:43,파라다이스,21400,0,0
2018-09-13 오후 3:26:44,파라다이스,21400,0,0
2018-09-13 오후 3:26:44,파라다이스,21400,0,0
2018-09-13 오후 3:26:46,파라다이스,21400,0,0
2018-09-13 오후 3:26:47,파라다이스,21400,0,0
2018-09-13 오후 3:26:49,파라다이스,21400,0,0
2018-09-13 오후 3:26:51,파라다이스,21400,0,0
2018-09-13 오후 3:26:51,파라다이스,21400,0,0
2018-09-13 오후 3:26:51,파라다이스,21400,0,0
2018-09-13 오후 3:26:52,파라다이스,21400,0,0
2018-09-13 오후 3:26:53,파라다이스,21400,0,0
2018-09-13 오후 3:26:53,파라다이스,21400,0,0
2018-09-13 오후 3:26:54,파라다이스,21400,0,0
2018-09-13 오후 3:26:54,파라다이스,21400,0,0
2018-09-13 오후 3:26:54,파라다이스,21400,0,0
2018-09-13 오후 3:26:56,파라다이스,21400,0,0
2018-09-13 오후 3:26:57,파라다이스,21400,0,0
2018-09-13 오후 3:26:58,파라다이스,21400,0,0
2018-09-13 오후 3:26:58,파라다이스,21400,0,0
2018-09-13 오후 3:26:59,파라다이스,21400,0,0
2018-09-13 오후 3:26:59,파라다이스,21400,0,0
2018-09-13 오후 3:27:04,파라다이스,21400,0,0
2018-09-13 오후 3:27:04,파라다이스,21400,0,0
2018-09-13 오후 3:27:05,파라다이스,21400,0,0
2018-09-13 오후 3:27:06,파라다이스,21400,0,0
2018-09-13 오후 3:27:06,파라다이스,21400,0,0
2018-09-13 오후 3:27:08,파라다이스,21400,0,0
2018-09-13 오후 3:27:09,파라다이스,21400,0,0
2018-09-13 오후 3:27:10,파라다이스,21400,0,0
2018-09-13 오후 3:27:12,파라다이스,21400,0,0
2018-09-13 오후 3:27:13,파라다이스,21400,0,0
2018-09-13 오후 3:27:14,파라다이스,21400,0,0
2018-09-13 오후 3:27:16,파라다이스,21400,0,0
2018-09-13 오후 3:27:17,파라다이스,21400,0,0
2018-09-13 오후 3:27:17,파라다이스,21400,0,0
2018-09-13 오후 3:27:18,파라다이스,21400,0,0
2018-09-13 오후 3:27:19,파라다이스,21400,0,0
2018-09-13 오후 3:27:19,파라다이스,21400,0,0
2018-09-13 오후 3:27:19,파라다이스,21400,0,0
2018-09-13 오후 3:27:19,파라다이스,21400,0,0
2018-09-13 오후 3:27:19,파라다이스,21400,0,0
2018-09-13 오후 3:27:20,파라다이스,21400,0,0
2018-09-13 오후 3:27:20,파라다이스,21400,0,0
2018-09-13 오후 3:27:20,파라다이스,21400,0,0
2018-09-13 오후 3:27:21,파라다이스,21400,0,0
2018-09-13 오후 3:27:21,파라다이스,21400,0,0
2018-09-13 오후 3:27:22,파라다이스,21400,0,0
2018-09-13 오후 3:27:22,파라다이스,21400,0,0
2018-09-13 오후 3:27:22,파라다이스,21400,0,0
2018-09-13 오후 3:27:24,파라다이스,21400,0,0
2018-09-13 오후 3:27:25,파라다이스,21400,0,0
2018-09-13 오후 3:27:25,파라다이스,21400,0,0
2018-09-13 오후 3:27:26,파라다이스,21400,0,0
2018-09-13 오후 3:27:27,파라다이스,21400,0,0
2018-09-13 오후 3:27:27,파라다이스,21400,0,0
2018-09-13 오후 3:27:27,파라다이스,21400,0,0
2018-09-13 오후 3:27:27,파라다이스,21400,0,0
2018-09-13 오후 3:27:28,파라다이스,21400,0,0
2018-09-13 오후 3:27:30,파라다이스,21400,0,0
2018-09-13 오후 3:27:30,파라다이스,21400,0,0
2018-09-13 오후 3:27:31,파라다이스,21400,0,0
2018-09-13 오후 3:27:32,파라다이스,21400,0,0
2018-09-13 오후 3:27:34,파라다이스,21400,0,0
2018-09-13 오후 3:27:36,파라다이스,21400,0,0
2018-09-13 오후 3:27:37,파라다이스,21400,0,0
2018-09-13 오후 3:27:38,파라다이스,21400,0,0
2018-09-13 오후 3:27:39,파라다이스,21400,0,0
2018-09-13 오후 3:27:40,파라다이스,21400,0,0
2018-09-13 오후 3:27:41,파라다이스,21400,0,0
2018-09-13 오후 3:27:41,파라다이스,21400,0,0
2018-09-13 오후 3:27:42,파라다이스,21400,0,0
2018-09-13 오후 3:27:42,파라다이스,21400,0,0
2018-09-13 오후 3:27:42,파라다이스,21400,0,0
2018-09-13 오후 3:27:43,파라다이스,21400,0,0
2018-09-13 오후 3:27:43,파라다이스,21400,0,0
2018-09-13 오후 3:27:44,파라다이스,21400,0,0
2018-09-13 오후 3:27:46,파라다이스,21400,0,0
2018-09-13 오후 3:27:47,파라다이스,21400,0,0
2018-09-13 오후 3:27:50,파라다이스,21400,0,0
2018-09-13 오후 3:27:51,파라다이스,21400,0,0
2018-09-13 오후 3:27:53,파라다이스,21400,0,0
2018-09-13 오후 3:27:53,파라다이스,21400,0,0
2018-09-13 오후 3:27:53,파라다이스,21400,0,0
2018-09-13 오후 3:27:54,파라다이스,21400,0,0
2018-09-13 오후 3:27:54,파라다이스,21400,0,0
2018-09-13 오후 3:27:54,파라다이스,21400,0,0
2018-09-13 오후 3:27:54,파라다이스,21400,0,0
2018-09-13 오후 3:27:57,파라다이스,21400,0,0
2018-09-13 오후 3:27:57,파라다이스,21400,0,0
2018-09-13 오후 3:27:58,파라다이스,21400,0,0
2018-09-13 오후 3:27:59,파라다이스,21400,0,0
2018-09-13 오후 3:28:00,파라다이스,21400,0,0
2018-09-13 오후 3:28:00,파라다이스,21400,0,0
2018-09-13 오후 3:28:02,파라다이스,21400,0,0
2018-09-13 오후 3:28:03,파라다이스,21400,0,0
2018-09-13 오후 3:28:03,파라다이스,21400,0,0
2018-09-13 오후 3:28:07,파라다이스,21400,0,0
2018-09-13 오후 3:28:07,파라다이스,21400,0,0
2018-09-13 오후 3:28:09,파라다이스,21400,0,0
2018-09-13 오후 3:28:10,파라다이스,21350,0,0
2018-09-13 오후 3:28:11,파라다이스,21350,0,0
2018-09-13 오후 3:28:12,파라다이스,21350,0,0
2018-09-13 오후 3:28:13,파라다이스,21350,0,0
2018-09-13 오후 3:28:15,파라다이스,21350,0,0
2018-09-13 오후 3:28:15,파라다이스,21350,0,0
2018-09-13 오후 3:28:16,파라다이스,21350,0,0
2018-09-13 오후 3:28:20,파라다이스,21350,0,0
2018-09-13 오후 3:28:24,파라다이스,21350,0,0
2018-09-13 오후 3:28:26,파라다이스,21350,0,0
2018-09-13 오후 3:28:26,파라다이스,21350,0,0
2018-09-13 오후 3:28:26,파라다이스,21350,0,0
2018-09-13 오후 3:28:27,파라다이스,21350,0,0
2018-09-13 오후 3:28:28,파라다이스,21350,0,0
2018-09-13 오후 3:28:28,파라다이스,21350,0,0
2018-09-13 오후 3:28:29,파라다이스,21350,0,0
2018-09-13 오후 3:28:29,파라다이스,21350,0,0
2018-09-13 오후 3:28:30,파라다이스,21350,0,0
2018-09-13 오후 3:28:31,파라다이스,21350,0,0
2018-09-13 오후 3:28:31,파라다이스,21350,0,0
2018-09-13 오후 3:28:34,파라다이스,21350,0,0
2018-09-13 오후 3:28:35,파라다이스,21350,0,0
2018-09-13 오후 3:28:37,파라다이스,21350,0,0
2018-09-13 오후 3:28:37,파라다이스,21350,0,0
2018-09-13 오후 3:28:38,파라다이스,21350,0,0
2018-09-13 오후 3:28:39,파라다이스,21350,0,0
2018-09-13 오후 3:28:39,파라다이스,21350,0,0
2018-09-13 오후 3:28:39,파라다이스,21350,0,0
2018-09-13 오후 3:28:40,파라다이스,21350,0,0
2018-09-13 오후 3:28:42,파라다이스,21350,0,0
2018-09-13 오후 3:28:42,파라다이스,21350,0,0
2018-09-13 오후 3:28:43,파라다이스,21350,0,0
2018-09-13 오후 3:28:47,파라다이스,21350,0,0
2018-09-13 오후 3:28:48,파라다이스,21350,0,0
2018-09-13 오후 3:28:48,파라다이스,21350,0,0
2018-09-13 오후 3:28:48,파라다이스,21350,0,0
2018-09-13 오후 3:28:48,파라다이스,21350,0,0
2018-09-13 오후 3:28:48,파라다이스,21350,0,0
2018-09-13 오후 3:28:49,파라다이스,21350,0,0
2018-09-13 오후 3:28:50,파라다이스,21350,0,0
2018-09-13 오후 3:28:51,파라다이스,21350,0,0
2018-09-13 오후 3:28:51,파라다이스,21350,0,0
2018-09-13 오후 3:28:51,파라다이스,21350,0,0
2018-09-13 오후 3:28:52,파라다이스,21350,0,0
2018-09-13 오후 3:28:53,파라다이스,21350,0,0
2018-09-13 오후 3:28:54,파라다이스,21350,0,0
2018-09-13 오후 3:28:54,파라다이스,21350,0,0
2018-09-13 오후 3:28:56,파라다이스,21350,0,0
2018-09-13 오후 3:28:57,파라다이스,21350,0,0
2018-09-13 오후 3:28:57,파라다이스,21350,0,0
2018-09-13 오후 3:28:58,파라다이스,21350,0,0
2018-09-13 오후 3:28:59,파라다이스,21350,0,0
2018-09-13 오후 3:28:59,파라다이스,21350,0,0
2018-09-13 오후 3:28:59,파라다이스,21350,0,0
2018-09-13 오후 3:29:00,파라다이스,21350,0,0
2018-09-13 오후 3:29:01,파라다이스,21350,0,0
2018-09-13 오후 3:29:02,파라다이스,21350,0,0
2018-09-13 오후 3:29:02,파라다이스,21350,0,0
2018-09-13 오후 3:29:07,파라다이스,21350,0,0
2018-09-13 오후 3:29:07,파라다이스,21350,0,0
2018-09-13 오후 3:29:07,파라다이스,21350,0,0
2018-09-13 오후 3:29:08,파라다이스,21350,0,0
2018-09-13 오후 3:29:08,파라다이스,21350,0,0
2018-09-13 오후 3:29:09,파라다이스,21350,0,0
2018-09-13 오후 3:29:10,파라다이스,21350,0,0
2018-09-13 오후 3:29:11,파라다이스,21350,0,0
2018-09-13 오후 3:29:12,파라다이스,21350,0,0
2018-09-13 오후 3:29:13,파라다이스,21350,0,0
2018-09-13 오후 3:29:13,파라다이스,21350,0,0
2018-09-13 오후 3:29:13,파라다이스,21350,0,0
2018-09-13 오후 3:29:14,파라다이스,21350,0,0
2018-09-13 오후 3:29:14,파라다이스,21350,0,0
2018-09-13 오후 3:29:15,파라다이스,21350,0,0
2018-09-13 오후 3:29:16,파라다이스,21350,0,0
2018-09-13 오후 3:29:17,파라다이스,21350,0,0
2018-09-13 오후 3:29:17,파라다이스,21350,0,0
2018-09-13 오후 3:29:17,파라다이스,21350,0,0
2018-09-13 오후 3:29:17,파라다이스,21350,0,0
2018-09-13 오후 3:29:17,파라다이스,21350,0,0
2018-09-13 오후 3:29:18,파라다이스,21350,0,0
2018-09-13 오후 3:29:19,파라다이스,21350,0,0
2018-09-13 오후 3:29:20,파라다이스,21350,0,0
2018-09-13 오후 3:29:20,파라다이스,21350,0,0
2018-09-13 오후 3:29:21,파라다이스,21350,0,0
2018-09-13 오후 3:29:21,파라다이스,21350,0,0
2018-09-13 오후 3:29:21,파라다이스,21350,0,0
2018-09-13 오후 3:29:22,파라다이스,21350,0,0
2018-09-13 오후 3:29:22,파라다이스,21350,0,0
2018-09-13 오후 3:29:23,파라다이스,21350,0,0
2018-09-13 오후 3:29:23,파라다이스,21350,0,0
2018-09-13 오후 3:29:23,파라다이스,21350,0,0
2018-09-13 오후 3:29:23,파라다이스,21350,0,0
2018-09-13 오후 3:29:24,파라다이스,21350,0,0
2018-09-13 오후 3:29:24,파라다이스,21350,0,0
2018-09-13 오후 3:29:24,파라다이스,21350,0,0
2018-09-13 오후 3:29:24,파라다이스,21350,0,0
2018-09-13 오후 3:29:25,파라다이스,21350,0,0
2018-09-13 오후 3:29:25,파라다이스,21350,0,0
2018-09-13 오후 3:29:26,파라다이스,21350,0,0
2018-09-13 오후 3:29:27,파라다이스,21350,0,0
2018-09-13 오후 3:29:27,파라다이스,21350,0,0
2018-09-13 오후 3:29:27,파라다이스,21350,0,0
2018-09-13 오후 3:29:28,파라다이스,21350,0,0
2018-09-13 오후 3:29:30,파라다이스,21350,0,0
2018-09-13 오후 3:29:33,파라다이스,21350,0,0
2018-09-13 오후 3:29:33,파라다이스,21350,0,0
2018-09-13 오후 3:29:35,파라다이스,21350,0,0
2018-09-13 오후 3:29:35,파라다이스,21350,0,0
2018-09-13 오후 3:29:35,파라다이스,21350,0,0
2018-09-13 오후 3:29:37,파라다이스,21350,0,0
2018-09-13 오후 3:29:37,파라다이스,21350,0,0
2018-09-13 오후 3:29:37,파라다이스,21350,0,0
2018-09-13 오후 3:29:38,파라다이스,21350,0,0
2018-09-13 오후 3:29:38,파라다이스,21350,0,0
2018-09-13 오후 3:29:38,파라다이스,21350,0,0
2018-09-13 오후 3:29:38,파라다이스,21350,0,0
2018-09-13 오후 3:29:39,파라다이스,21350,0,0
2018-09-13 오후 3:29:40,파라다이스,21350,0,0
2018-09-13 오후 3:29:40,파라다이스,21350,0,0
2018-09-13 오후 3:29:41,파라다이스,21350,0,0
2018-09-13 오후 3:29:43,파라다이스,21350,0,0
2018-09-13 오후 3:29:44,파라다이스,21350,0,0
2018-09-13 오후 3:29:44,파라다이스,21350,0,0
2018-09-13 오후 3:29:45,파라다이스,21350,0,0
2018-09-13 오후 3:29:45,파라다이스,21350,0,0
2018-09-13 오후 3:29:47,파라다이스,21350,0,0
2018-09-13 오후 3:29:47,파라다이스,21350,0,0
2018-09-13 오후 3:29:47,파라다이스,21350,0,0
2018-09-13 오후 3:29:48,파라다이스,21350,0,0
2018-09-13 오후 3:29:48,파라다이스,21350,0,0
2018-09-13 오후 3:29:49,파라다이스,21350,0,0
2018-09-13 오후 3:29:50,파라다이스,21350,0,0
2018-09-13 오후 3:29:50,파라다이스,21350,0,0
2018-09-13 오후 3:29:50,파라다이스,21350,0,0
2018-09-13 오후 3:29:50,파라다이스,21350,0,0
2018-09-13 오후 3:29:51,파라다이스,21350,0,0
2018-09-13 오후 3:29:52,파라다이스,21350,0,0
2018-09-13 오후 3:29:54,파라다이스,21350,0,0
2018-09-13 오후 3:29:56,파라다이스,21350,0,0
2018-09-13 오후 3:29:57,파라다이스,21350,0,0
2018-09-13 오후 3:30:00,파라다이스,21350,0,0
2018-09-13 오후 3:30:00,파라다이스,21350,0,0
2018-09-13 오후 3:30:01,파라다이스,21350,0,0
2018-09-13 오후 3:30:02,파라다이스,21350,0,0
2018-09-13 오후 3:30:02,파라다이스,21350,0,0
2018-09-13 오후 3:30:03,파라다이스,21350,0,0
2018-09-13 오후 3:30:04,파라다이스,21350,0,0
2018-09-13 오후 3:30:05,파라다이스,21350,0,0
2018-09-13 오후 3:30:05,파라다이스,21350,0,0
2018-09-13 오후 3:30:06,파라다이스,21350,0,0
2018-09-13 오후 3:30:07,파라다이스,21350,0,0
2018-09-13 오후 3:30:07,파라다이스,21350,0,0
2018-09-13 오후 3:30:07,파라다이스,21350,0,0
2018-09-13 오후 3:30:09,파라다이스,21350,0,0
2018-09-13 오후 3:30:12,파라다이스,21350,0,0
2018-09-13 오후 3:30:13,파라다이스,21350,21450,20450
