2018-09-13 오전 9:07:45,쎄니트,3160,3185,2850
2018-09-13 오전 9:07:45,쎄니트,3160,3185,2850
2018-09-13 오전 9:07:45,쎄니트,3160,3185,2850
2018-09-13 오전 9:07:45,쎄니트,3160,3185,2850
2018-09-13 오전 9:07:45,쎄니트,3160,3185,2850
2018-09-13 오전 9:07:45,쎄니트,3160,3185,2850
2018-09-13 오전 9:07:45,쎄니트,3155,3185,2850
2018-09-13 오전 9:07:45,쎄니트,3160,3185,2850
2018-09-13 오전 9:07:45,쎄니트,3160,3185,2850
2018-09-13 오전 9:07:45,쎄니트,3160,3185,2850
2018-09-13 오전 9:07:45,쎄니트,3160,3185,2850
2018-09-13 오전 9:07:45,쎄니트,3160,3185,2850
2018-09-13 오전 9:07:45,쎄니트,3160,3185,2850
2018-09-13 오전 9:07:45,쎄니트,3155,3185,2850
2018-09-13 오전 9:07:45,쎄니트,3160,3185,2850
2018-09-13 오전 9:07:46,쎄니트,3160,3185,2850
2018-09-13 오전 9:07:46,쎄니트,3160,3185,2850
2018-09-13 오전 9:07:46,쎄니트,3165,3185,2850
2018-09-13 오전 9:07:46,쎄니트,3165,3185,2850
2018-09-13 오전 9:07:46,쎄니트,3165,3185,2850
2018-09-13 오전 9:07:46,쎄니트,3165,3185,2850
2018-09-13 오전 9:07:46,쎄니트,3160,3185,2850
2018-09-13 오전 9:07:46,쎄니트,3165,3185,2850
2018-09-13 오전 9:07:46,쎄니트,3165,3185,2850
2018-09-13 오전 9:07:46,쎄니트,3165,3185,2850
2018-09-13 오전 9:07:46,쎄니트,3165,3185,2850
2018-09-13 오전 9:07:46,쎄니트,3160,3185,2850
2018-09-13 오전 9:07:46,쎄니트,3165,3185,2850
2018-09-13 오전 9:07:46,쎄니트,3165,3185,2850
2018-09-13 오전 9:07:46,쎄니트,3165,3185,2850
2018-09-13 오전 9:07:46,쎄니트,3165,3185,2850
2018-09-13 오전 9:07:46,쎄니트,3165,3185,2850
2018-09-13 오전 9:07:46,쎄니트,3160,3185,2850
2018-09-13 오전 9:07:46,쎄니트,3160,3185,2850
2018-09-13 오전 9:07:46,쎄니트,3165,3185,2850
2018-09-13 오전 9:07:46,쎄니트,3165,3185,2850
2018-09-13 오전 9:07:47,쎄니트,3165,3185,2850
2018-09-13 오전 9:07:47,쎄니트,3165,3185,2850
2018-09-13 오전 9:07:47,쎄니트,3165,3185,2850
2018-09-13 오전 9:07:47,쎄니트,3165,3185,2850
2018-09-13 오전 9:07:47,쎄니트,3165,3185,2850
2018-09-13 오전 9:07:47,쎄니트,3160,3185,2850
2018-09-13 오전 9:07:47,쎄니트,3165,3185,2850
2018-09-13 오전 9:07:47,쎄니트,3165,3185,2850
2018-09-13 오전 9:07:47,쎄니트,3165,3185,2850
2018-09-13 오전 9:07:47,쎄니트,3165,3185,2850
2018-09-13 오전 9:07:47,쎄니트,3165,3185,2850
2018-09-13 오전 9:07:47,쎄니트,3165,3185,2850
2018-09-13 오전 9:07:47,쎄니트,3160,3185,2850
2018-09-13 오전 9:07:47,쎄니트,3165,3185,2850
2018-09-13 오전 9:07:47,쎄니트,3165,3185,2850
2018-09-13 오전 9:07:47,쎄니트,3165,3185,2850
2018-09-13 오전 9:07:47,쎄니트,3165,3185,2850
2018-09-13 오전 9:07:47,쎄니트,3165,3185,2850
2018-09-13 오전 9:07:47,쎄니트,3165,3185,2850
2018-09-13 오전 9:07:47,쎄니트,3165,3185,2850
2018-09-13 오전 9:07:47,쎄니트,3170,3185,2850
2018-09-13 오전 9:07:47,쎄니트,3170,3185,2850
2018-09-13 오전 9:07:47,쎄니트,3160,3185,2850
2018-09-13 오전 9:07:47,쎄니트,3170,3185,2850
2018-09-13 오전 9:07:47,쎄니트,3170,3185,2850
2018-09-13 오전 9:07:48,쎄니트,3165,3185,2850
2018-09-13 오전 9:07:48,쎄니트,3165,3185,2850
2018-09-13 오전 9:07:48,쎄니트,3170,3185,2850
2018-09-13 오전 9:07:48,쎄니트,3170,3185,2850
2018-09-13 오전 9:07:48,쎄니트,3170,3185,2850
2018-09-13 오전 9:07:48,쎄니트,3170,3185,2850
2018-09-13 오전 9:07:48,쎄니트,3165,3185,2850
2018-09-13 오전 9:07:48,쎄니트,3165,3185,2850
2018-09-13 오전 9:07:48,쎄니트,3165,3185,2850
2018-09-13 오전 9:07:48,쎄니트,3165,3185,2850
2018-09-13 오전 9:07:48,쎄니트,3165,3185,2850
2018-09-13 오전 9:07:48,쎄니트,3165,3185,2850
2018-09-13 오전 9:07:48,쎄니트,3165,3185,2850
2018-09-13 오전 9:07:48,쎄니트,3160,3185,2850
2018-09-13 오전 9:07:48,쎄니트,3165,3185,2850
2018-09-13 오전 9:07:48,쎄니트,3165,3185,2850
2018-09-13 오전 9:07:48,쎄니트,3165,3185,2850
2018-09-13 오전 9:07:48,쎄니트,3160,3185,2850
2018-09-13 오전 9:07:48,쎄니트,3165,3185,2850
2018-09-13 오전 9:07:48,쎄니트,3165,3185,2850
2018-09-13 오전 9:07:48,쎄니트,3170,3185,2850
2018-09-13 오전 9:07:48,쎄니트,3165,3185,2850
2018-09-13 오전 9:07:48,쎄니트,3160,3185,2850
2018-09-13 오전 9:07:48,쎄니트,3155,3185,2850
2018-09-13 오전 9:07:48,쎄니트,3150,3185,2850
2018-09-13 오전 9:07:48,쎄니트,3155,3185,2850
2018-09-13 오전 9:07:48,쎄니트,3170,3185,2850
2018-09-13 오전 9:07:49,쎄니트,3170,3185,2850
2018-09-13 오전 9:07:49,쎄니트,3165,3185,2850
2018-09-13 오전 9:07:49,쎄니트,3170,3185,2850
2018-09-13 오전 9:07:49,쎄니트,3170,3185,2850
2018-09-13 오전 9:07:49,쎄니트,3165,3185,2850
2018-09-13 오전 9:07:49,쎄니트,3170,3185,2850
2018-09-13 오전 9:07:49,쎄니트,3170,3185,2850
2018-09-13 오전 9:07:49,쎄니트,3170,3185,2850
2018-09-13 오전 9:07:49,쎄니트,3165,3185,2850
2018-09-13 오전 9:07:49,쎄니트,3170,3185,2850
2018-09-13 오전 9:07:49,쎄니트,3170,3185,2850
2018-09-13 오전 9:07:49,쎄니트,3170,3185,2850
2018-09-13 오전 9:07:49,쎄니트,3170,3185,2850
2018-09-13 오전 9:07:49,쎄니트,3175,3185,2850
2018-09-13 오전 9:07:49,쎄니트,3170,3185,2850
2018-09-13 오전 9:07:49,쎄니트,3175,3185,2850
2018-09-13 오전 9:07:49,쎄니트,3175,3185,2850
2018-09-13 오전 9:07:49,쎄니트,3170,3185,2850
2018-09-13 오전 9:07:49,쎄니트,3165,3185,2850
2018-09-13 오전 9:07:50,쎄니트,3175,3185,2850
2018-09-13 오전 9:07:50,쎄니트,3165,3185,2850
2018-09-13 오전 9:07:50,쎄니트,3175,3185,2850
2018-09-13 오전 9:07:50,쎄니트,3175,3185,2850
2018-09-13 오전 9:07:50,쎄니트,3170,3185,2850
2018-09-13 오전 9:07:50,쎄니트,3175,3185,2850
2018-09-13 오전 9:07:50,쎄니트,3175,3185,2850
2018-09-13 오전 9:07:50,쎄니트,3170,3185,2850
2018-09-13 오전 9:07:50,쎄니트,3175,3185,2850
2018-09-13 오전 9:07:50,쎄니트,3175,3185,2850
2018-09-13 오전 9:07:50,쎄니트,3170,3185,2850
2018-09-13 오전 9:07:50,쎄니트,3175,3185,2850
2018-09-13 오전 9:07:50,쎄니트,3170,3185,2850
2018-09-13 오전 9:07:50,쎄니트,3175,3185,2850
2018-09-13 오전 9:07:51,쎄니트,3175,3185,2850
2018-09-13 오전 9:07:51,쎄니트,3170,3185,2850
2018-09-13 오전 9:07:51,쎄니트,3170,3185,2850
2018-09-13 오전 9:07:51,쎄니트,3165,3185,2850
2018-09-13 오전 9:07:51,쎄니트,3165,3185,2850
2018-09-13 오전 9:07:51,쎄니트,3165,3185,2850
2018-09-13 오전 9:07:51,쎄니트,3170,3185,2850
2018-09-13 오전 9:07:51,쎄니트,3170,3185,2850
2018-09-13 오전 9:07:51,쎄니트,3170,3185,2850
2018-09-13 오전 9:07:51,쎄니트,3170,3185,2850
2018-09-13 오전 9:07:51,쎄니트,3170,3185,2850
2018-09-13 오전 9:07:51,쎄니트,3170,3185,2850
2018-09-13 오전 9:07:51,쎄니트,3170,3185,2850
2018-09-13 오전 9:07:51,쎄니트,3165,3185,2850
2018-09-13 오전 9:07:51,쎄니트,3170,3185,2850
2018-09-13 오전 9:07:51,쎄니트,3170,3185,2850
2018-09-13 오전 9:07:51,쎄니트,3170,3185,2850
2018-09-13 오전 9:07:51,쎄니트,3170,3185,2850
2018-09-13 오전 9:07:51,쎄니트,3165,3185,2850
2018-09-13 오전 9:07:52,쎄니트,3170,3185,2850
2018-09-13 오전 9:07:52,쎄니트,3170,3185,2850
2018-09-13 오전 9:07:52,쎄니트,3165,3185,2850
2018-09-13 오전 9:07:52,쎄니트,3165,3185,2850
2018-09-13 오전 9:07:52,쎄니트,3170,3185,2850
2018-09-13 오전 9:07:52,쎄니트,3170,3185,2850
2018-09-13 오전 9:07:52,쎄니트,3170,3185,2850
2018-09-13 오전 9:07:52,쎄니트,3170,3185,2850
2018-09-13 오전 9:07:52,쎄니트,3170,3185,2850
2018-09-13 오전 9:07:52,쎄니트,3170,3185,2850
2018-09-13 오전 9:07:52,쎄니트,3165,3185,2850
2018-09-13 오전 9:07:52,쎄니트,3170,3185,2850
2018-09-13 오전 9:07:52,쎄니트,3170,3185,2850
2018-09-13 오전 9:07:52,쎄니트,3170,3185,2850
2018-09-13 오전 9:07:52,쎄니트,3170,3185,2850
2018-09-13 오전 9:07:52,쎄니트,3170,3185,2850
2018-09-13 오전 9:07:52,쎄니트,3165,3185,2850
2018-09-13 오전 9:07:52,쎄니트,3170,3185,2850
2018-09-13 오전 9:07:52,쎄니트,3170,3185,2850
2018-09-13 오전 9:07:52,쎄니트,3170,3185,2850
2018-09-13 오전 9:07:52,쎄니트,3165,3185,2850
2018-09-13 오전 9:07:52,쎄니트,3165,3185,2850
2018-09-13 오전 9:07:52,쎄니트,3170,3185,2850
2018-09-13 오전 9:07:52,쎄니트,3170,3185,2850
2018-09-13 오전 9:07:52,쎄니트,3170,3185,2850
2018-09-13 오전 9:07:53,쎄니트,3170,3185,2850
2018-09-13 오전 9:07:53,쎄니트,3175,3185,2850
2018-09-13 오전 9:07:53,쎄니트,3175,3185,2850
2018-09-13 오전 9:07:53,쎄니트,3165,3185,2850
2018-09-13 오전 9:07:53,쎄니트,3175,3185,2850
2018-09-13 오전 9:07:53,쎄니트,3175,3185,2850
2018-09-13 오전 9:07:53,쎄니트,3175,3185,2850
2018-09-13 오전 9:07:53,쎄니트,3175,3185,2850
2018-09-13 오전 9:07:53,쎄니트,3175,3185,2850
2018-09-13 오전 9:07:53,쎄니트,3175,3185,2850
2018-09-13 오전 9:07:53,쎄니트,3170,3185,2850
2018-09-13 오전 9:07:53,쎄니트,3170,3185,2850
2018-09-13 오전 9:07:53,쎄니트,3170,3185,2850
2018-09-13 오전 9:07:53,쎄니트,3175,3185,2850
2018-09-13 오전 9:07:53,쎄니트,3175,3185,2850
2018-09-13 오전 9:07:53,쎄니트,3175,3185,2850
2018-09-13 오전 9:07:53,쎄니트,3170,3185,2850
2018-09-13 오전 9:07:53,쎄니트,3170,3185,2850
2018-09-13 오전 9:07:53,쎄니트,3170,3185,2850
2018-09-13 오전 9:07:53,쎄니트,3175,3185,2850
2018-09-13 오전 9:07:53,쎄니트,3175,3185,2850
2018-09-13 오전 9:07:53,쎄니트,3175,3185,2850
2018-09-13 오전 9:07:53,쎄니트,3175,3185,2850
2018-09-13 오전 9:07:53,쎄니트,3175,3185,2850
2018-09-13 오전 9:07:53,쎄니트,3170,3185,2850
2018-09-13 오전 9:07:53,쎄니트,3175,3185,2850
2018-09-13 오전 9:07:54,쎄니트,3175,3185,2850
2018-09-13 오전 9:07:54,쎄니트,3175,3185,2850
2018-09-13 오전 9:07:54,쎄니트,3170,3185,2850
2018-09-13 오전 9:07:54,쎄니트,3175,3185,2850
2018-09-13 오전 9:07:54,쎄니트,3170,3185,2850
2018-09-13 오전 9:07:54,쎄니트,3175,3185,2850
2018-09-13 오전 9:07:54,쎄니트,3175,3185,2850
2018-09-13 오전 9:07:54,쎄니트,3170,3185,2850
2018-09-13 오전 9:07:54,쎄니트,3175,3185,2850
2018-09-13 오전 9:07:54,쎄니트,3175,3185,2850
2018-09-13 오전 9:07:54,쎄니트,3175,3185,2850
2018-09-13 오전 9:07:54,쎄니트,3175,3185,2850
2018-09-13 오전 9:07:54,쎄니트,3175,3185,2850
2018-09-13 오전 9:07:54,쎄니트,3170,3185,2850
2018-09-13 오전 9:07:54,쎄니트,3170,3185,2850
2018-09-13 오전 9:07:54,쎄니트,3175,3185,2850
2018-09-13 오전 9:07:54,쎄니트,3175,3185,2850
2018-09-13 오전 9:07:54,쎄니트,3175,3185,2850
2018-09-13 오전 9:07:54,쎄니트,3175,3185,2850
2018-09-13 오전 9:07:54,쎄니트,3175,3185,2850
2018-09-13 오전 9:07:54,쎄니트,3175,3185,2850
2018-09-13 오전 9:07:54,쎄니트,3170,3185,2850
2018-09-13 오전 9:07:54,쎄니트,3175,3185,2850
2018-09-13 오전 9:07:54,쎄니트,3175,3185,2850
2018-09-13 오전 9:07:54,쎄니트,3170,3185,2850
2018-09-13 오전 9:07:55,쎄니트,3175,3185,2850
2018-09-13 오전 9:07:55,쎄니트,3175,3185,2850
2018-09-13 오전 9:07:55,쎄니트,3175,3185,2850
2018-09-13 오전 9:07:55,쎄니트,3175,3185,2850
2018-09-13 오전 9:07:55,쎄니트,3175,3185,2850
2018-09-13 오전 9:07:55,쎄니트,3175,3185,2850
2018-09-13 오전 9:07:55,쎄니트,3175,3185,2850
2018-09-13 오전 9:07:55,쎄니트,3170,3185,2850
2018-09-13 오전 9:07:55,쎄니트,3175,3185,2850
2018-09-13 오전 9:07:55,쎄니트,3175,3185,2850
2018-09-13 오전 9:07:55,쎄니트,3175,3185,2850
2018-09-13 오전 9:07:55,쎄니트,3170,3185,2850
2018-09-13 오전 9:07:55,쎄니트,3175,3185,2850
2018-09-13 오전 9:07:55,쎄니트,3175,3185,2850
2018-09-13 오전 9:07:55,쎄니트,3175,3185,2850
2018-09-13 오전 9:07:55,쎄니트,3175,3185,2850
2018-09-13 오전 9:07:55,쎄니트,3170,3185,2850
2018-09-13 오전 9:07:55,쎄니트,3165,3185,2850
2018-09-13 오전 9:07:55,쎄니트,3170,3185,2850
2018-09-13 오전 9:07:55,쎄니트,3170,3185,2850
2018-09-13 오전 9:07:55,쎄니트,3170,3185,2850
2018-09-13 오전 9:07:56,쎄니트,3170,3185,2850
2018-09-13 오전 9:07:56,쎄니트,3170,3185,2850
2018-09-13 오전 9:07:56,쎄니트,3165,3185,2850
2018-09-13 오전 9:07:56,쎄니트,3170,3185,2850
2018-09-13 오전 9:07:56,쎄니트,3170,3185,2850
2018-09-13 오전 9:07:56,쎄니트,3175,3185,2850
2018-09-13 오전 9:07:56,쎄니트,3170,3185,2850
2018-09-13 오전 9:07:56,쎄니트,3170,3185,2850
2018-09-13 오전 9:07:56,쎄니트,3170,3185,2850
2018-09-13 오전 9:07:56,쎄니트,3170,3185,2850
2018-09-13 오전 9:07:56,쎄니트,3170,3185,2850
2018-09-13 오전 9:07:56,쎄니트,3170,3185,2850
2018-09-13 오전 9:07:56,쎄니트,3170,3185,2850
2018-09-13 오전 9:07:56,쎄니트,3165,3185,2850
2018-09-13 오전 9:07:56,쎄니트,3170,3185,2850
2018-09-13 오전 9:07:56,쎄니트,3170,3185,2850
2018-09-13 오전 9:07:56,쎄니트,3170,3185,2850
2018-09-13 오전 9:07:56,쎄니트,3170,3185,2850
2018-09-13 오전 9:07:56,쎄니트,3170,3185,2850
2018-09-13 오전 9:07:56,쎄니트,3170,3185,2850
2018-09-13 오전 9:07:56,쎄니트,3170,3185,2850
2018-09-13 오전 9:07:56,쎄니트,3165,3185,2850
2018-09-13 오전 9:07:56,쎄니트,3170,3185,2850
2018-09-13 오전 9:07:56,쎄니트,3170,3185,2850
2018-09-13 오전 9:07:56,쎄니트,3170,3185,2850
2018-09-13 오전 9:07:56,쎄니트,3170,3185,2850
2018-09-13 오전 9:07:57,쎄니트,3170,3185,2850
2018-09-13 오전 9:07:57,쎄니트,3170,3185,2850
2018-09-13 오전 9:07:57,쎄니트,3170,3185,2850
2018-09-13 오전 9:07:57,쎄니트,3170,3185,2850
2018-09-13 오전 9:07:57,쎄니트,3170,3185,2850
2018-09-13 오전 9:07:57,쎄니트,3170,3185,2850
2018-09-13 오전 9:07:57,쎄니트,3170,3185,2850
2018-09-13 오전 9:07:57,쎄니트,3170,3185,2850
2018-09-13 오전 9:07:57,쎄니트,3170,3185,2850
2018-09-13 오전 9:07:57,쎄니트,3170,3185,2850
2018-09-13 오전 9:07:57,쎄니트,3170,3185,2850
2018-09-13 오전 9:07:57,쎄니트,3170,3185,2850
2018-09-13 오전 9:07:57,쎄니트,3165,3185,2850
2018-09-13 오전 9:07:57,쎄니트,3170,3185,2850
2018-09-13 오전 9:07:57,쎄니트,3170,3185,2850
2018-09-13 오전 9:07:57,쎄니트,3170,3185,2850
2018-09-13 오전 9:07:57,쎄니트,3170,3185,2850
2018-09-13 오전 9:07:57,쎄니트,3165,3185,2850
2018-09-13 오전 9:07:57,쎄니트,3170,3185,2850
2018-09-13 오전 9:07:57,쎄니트,3165,3185,2850
2018-09-13 오전 9:07:57,쎄니트,3165,3185,2850
2018-09-13 오전 9:07:57,쎄니트,3165,3185,2850
2018-09-13 오전 9:07:57,쎄니트,3160,3185,2850
2018-09-13 오전 9:07:57,쎄니트,3165,3185,2850
2018-09-13 오전 9:07:57,쎄니트,3160,3185,2850
2018-09-13 오전 9:07:58,쎄니트,3165,3185,2850
2018-09-13 오전 9:07:58,쎄니트,3165,3185,2850
2018-09-13 오전 9:07:58,쎄니트,3165,3185,2850
2018-09-13 오전 9:07:58,쎄니트,3160,3185,2850
2018-09-13 오전 9:07:58,쎄니트,3165,3185,2850
2018-09-13 오전 9:07:58,쎄니트,3165,3185,2850
2018-09-13 오전 9:07:58,쎄니트,3165,3185,2850
2018-09-13 오전 9:07:58,쎄니트,3165,3185,2850
2018-09-13 오전 9:07:58,쎄니트,3165,3185,2850
2018-09-13 오전 9:07:58,쎄니트,3160,3185,2850
2018-09-13 오전 9:07:58,쎄니트,3165,3185,2850
2018-09-13 오전 9:07:58,쎄니트,3165,3185,2850
2018-09-13 오전 9:07:58,쎄니트,3165,3185,2850
2018-09-13 오전 9:07:58,쎄니트,3165,3185,2850
2018-09-13 오전 9:07:58,쎄니트,3165,3185,2850
2018-09-13 오전 9:07:58,쎄니트,3165,3185,2850
2018-09-13 오전 9:07:58,쎄니트,3165,3185,2850
2018-09-13 오전 9:07:58,쎄니트,3160,3185,2850
2018-09-13 오전 9:07:58,쎄니트,3165,3185,2850
2018-09-13 오전 9:07:58,쎄니트,3165,3185,2850
2018-09-13 오전 9:07:58,쎄니트,3165,3185,2850
2018-09-13 오전 9:07:58,쎄니트,3160,3185,2850
2018-09-13 오전 9:07:58,쎄니트,3165,3185,2850
2018-09-13 오전 9:07:58,쎄니트,3165,3185,2850
2018-09-13 오전 9:07:58,쎄니트,3165,3185,2850
2018-09-13 오전 9:07:58,쎄니트,3165,3185,2850
2018-09-13 오전 9:07:58,쎄니트,3165,3185,2850
2018-09-13 오전 9:07:59,쎄니트,3160,3185,2850
2018-09-13 오전 9:07:59,쎄니트,3160,3185,2850
2018-09-13 오전 9:07:59,쎄니트,3165,3185,2850
2018-09-13 오전 9:07:59,쎄니트,3160,3185,2850
2018-09-13 오전 9:07:59,쎄니트,3165,3185,2850
2018-09-13 오전 9:07:59,쎄니트,3165,3185,2850
2018-09-13 오전 9:07:59,쎄니트,3165,3185,2850
2018-09-13 오전 9:07:59,쎄니트,3160,3185,2850
2018-09-13 오전 9:07:59,쎄니트,3165,3185,2850
2018-09-13 오전 9:07:59,쎄니트,3165,3185,2850
2018-09-13 오전 9:07:59,쎄니트,3160,3185,2850
2018-09-13 오전 9:07:59,쎄니트,3165,3185,2850
2018-09-13 오전 9:07:59,쎄니트,3165,3185,2850
2018-09-13 오전 9:07:59,쎄니트,3165,3185,2850
2018-09-13 오전 9:07:59,쎄니트,3165,3185,2850
2018-09-13 오전 9:07:59,쎄니트,3160,3185,2850
2018-09-13 오전 9:07:59,쎄니트,3165,3185,2850
2018-09-13 오전 9:07:59,쎄니트,3165,3185,2850
2018-09-13 오전 9:07:59,쎄니트,3165,3185,2850
2018-09-13 오전 9:07:59,쎄니트,3160,3185,2850
2018-09-13 오전 9:07:59,쎄니트,3165,3185,2850
2018-09-13 오전 9:07:59,쎄니트,3165,3185,2850
2018-09-13 오전 9:07:59,쎄니트,3165,3185,2850
2018-09-13 오전 9:08:00,쎄니트,3165,3185,2850
2018-09-13 오전 9:08:00,쎄니트,3165,3185,2850
2018-09-13 오전 9:08:00,쎄니트,3165,3185,2850
2018-09-13 오전 9:08:00,쎄니트,3165,3185,2850
2018-09-13 오전 9:08:00,쎄니트,3160,3185,2850
2018-09-13 오전 9:08:00,쎄니트,3155,3185,2850
2018-09-13 오전 9:08:00,쎄니트,3155,3185,2850
2018-09-13 오전 9:08:00,쎄니트,3160,3185,2850
2018-09-13 오전 9:08:00,쎄니트,3160,3185,2850
2018-09-13 오전 9:08:00,쎄니트,3160,3185,2850
2018-09-13 오전 9:08:00,쎄니트,3160,3185,2850
2018-09-13 오전 9:08:00,쎄니트,3155,3185,2850
2018-09-13 오전 9:08:00,쎄니트,3150,3185,2850
2018-09-13 오전 9:08:00,쎄니트,3160,3185,2850
2018-09-13 오전 9:08:00,쎄니트,3165,3185,2850
2018-09-13 오전 9:08:00,쎄니트,3155,3185,2850
2018-09-13 오전 9:08:00,쎄니트,3155,3185,2850
2018-09-13 오전 9:08:00,쎄니트,3150,3185,2850
2018-09-13 오전 9:08:00,쎄니트,3165,3185,2850
2018-09-13 오전 9:08:00,쎄니트,3160,3185,2850
2018-09-13 오전 9:08:00,쎄니트,3155,3185,2850
2018-09-13 오전 9:08:00,쎄니트,3155,3185,2850
2018-09-13 오전 9:08:00,쎄니트,3155,3185,2850
2018-09-13 오전 9:08:00,쎄니트,3150,3185,2850
2018-09-13 오전 9:08:00,쎄니트,3155,3185,2850
2018-09-13 오전 9:08:00,쎄니트,3155,3185,2850
2018-09-13 오전 9:08:01,쎄니트,3155,3185,2850
2018-09-13 오전 9:08:01,쎄니트,3165,3185,2850
2018-09-13 오전 9:08:01,쎄니트,3165,3185,2850
2018-09-13 오전 9:08:01,쎄니트,3165,3185,2850
2018-09-13 오전 9:08:01,쎄니트,3165,3185,2850
2018-09-13 오전 9:08:01,쎄니트,3165,3185,2850
2018-09-13 오전 9:08:01,쎄니트,3155,3185,2850
2018-09-13 오전 9:08:01,쎄니트,3165,3185,2850
2018-09-13 오전 9:08:01,쎄니트,3165,3185,2850
2018-09-13 오전 9:08:01,쎄니트,3165,3185,2850
2018-09-13 오전 9:08:01,쎄니트,3155,3185,2850
2018-09-13 오전 9:08:01,쎄니트,3150,3185,2850
2018-09-13 오전 9:08:01,쎄니트,3150,3185,2850
2018-09-13 오전 9:08:01,쎄니트,3165,3185,2850
2018-09-13 오전 9:08:01,쎄니트,3165,3185,2850
2018-09-13 오전 9:08:01,쎄니트,3160,3185,2850
2018-09-13 오전 9:08:01,쎄니트,3160,3185,2850
2018-09-13 오전 9:08:01,쎄니트,3160,3185,2850
2018-09-13 오전 9:08:01,쎄니트,3160,3185,2850
2018-09-13 오전 9:08:01,쎄니트,3160,3185,2850
2018-09-13 오전 9:08:01,쎄니트,3150,3185,2850
2018-09-13 오전 9:08:02,쎄니트,3160,3185,2850
2018-09-13 오전 9:08:02,쎄니트,3160,3185,2850
2018-09-13 오전 9:08:02,쎄니트,3160,3185,2850
2018-09-13 오전 9:08:02,쎄니트,3160,3185,2850
2018-09-13 오전 9:08:02,쎄니트,3160,3185,2850
2018-09-13 오전 9:08:02,쎄니트,3155,3185,2850
2018-09-13 오전 9:08:02,쎄니트,3160,3185,2850
2018-09-13 오전 9:08:02,쎄니트,3160,3185,2850
2018-09-13 오전 9:08:02,쎄니트,3160,3185,2850
2018-09-13 오전 9:08:02,쎄니트,3160,3185,2850
2018-09-13 오전 9:08:02,쎄니트,3160,3185,2850
2018-09-13 오전 9:08:02,쎄니트,3155,3185,2850
2018-09-13 오전 9:08:02,쎄니트,3160,3185,2850
2018-09-13 오전 9:08:02,쎄니트,3160,3185,2850
2018-09-13 오전 9:08:02,쎄니트,3160,3185,2850
2018-09-13 오전 9:08:02,쎄니트,3160,3185,2850
2018-09-13 오전 9:08:02,쎄니트,3155,3185,2850
2018-09-13 오전 9:08:02,쎄니트,3160,3185,2850
2018-09-13 오전 9:08:02,쎄니트,3160,3185,2850
2018-09-13 오전 9:08:02,쎄니트,3155,3185,2850
2018-09-13 오전 9:08:02,쎄니트,3160,3185,2850
2018-09-13 오전 9:08:02,쎄니트,3155,3185,2850
2018-09-13 오전 9:08:03,쎄니트,3160,3185,2850
2018-09-13 오전 9:08:03,쎄니트,3160,3185,2850
2018-09-13 오전 9:08:03,쎄니트,3160,3185,2850
2018-09-13 오전 9:08:03,쎄니트,3160,3185,2850
2018-09-13 오전 9:08:03,쎄니트,3160,3185,2850
2018-09-13 오전 9:08:03,쎄니트,3155,3185,2850
2018-09-13 오전 9:08:03,쎄니트,3155,3185,2850
2018-09-13 오전 9:08:03,쎄니트,3150,3185,2850
2018-09-13 오전 9:08:03,쎄니트,3150,3185,2850
2018-09-13 오전 9:08:03,쎄니트,3150,3185,2850
2018-09-13 오전 9:08:03,쎄니트,3160,3185,2850
2018-09-13 오전 9:08:03,쎄니트,3160,3185,2850
2018-09-13 오전 9:08:03,쎄니트,3160,3185,2850
2018-09-13 오전 9:08:03,쎄니트,3160,3185,2850
2018-09-13 오전 9:08:03,쎄니트,3150,3185,2850
2018-09-13 오전 9:08:03,쎄니트,3160,3185,2850
2018-09-13 오전 9:08:03,쎄니트,3160,3185,2850
2018-09-13 오전 9:08:03,쎄니트,3150,3185,2850
2018-09-13 오전 9:08:03,쎄니트,3155,3185,2850
2018-09-13 오전 9:08:04,쎄니트,3155,3185,2850
2018-09-13 오전 9:08:04,쎄니트,3150,3185,2850
2018-09-13 오전 9:08:04,쎄니트,3155,3185,2850
2018-09-13 오전 9:08:04,쎄니트,3150,3185,2850
2018-09-13 오전 9:08:04,쎄니트,3150,3185,2850
2018-09-13 오전 9:08:04,쎄니트,3145,3185,2850
2018-09-13 오전 9:08:04,쎄니트,3140,3185,2850
2018-09-13 오전 9:08:04,쎄니트,3135,3185,2850
2018-09-13 오전 9:08:04,쎄니트,3130,3185,2850
2018-09-13 오전 9:08:04,쎄니트,3125,3185,2850
2018-09-13 오전 9:08:04,쎄니트,3120,3185,2850
2018-09-13 오전 9:08:04,쎄니트,3120,3185,2850
2018-09-13 오전 9:08:04,쎄니트,3155,3185,2850
2018-09-13 오전 9:08:04,쎄니트,3125,3185,2850
2018-09-13 오전 9:08:04,쎄니트,3155,3185,2850
2018-09-13 오전 9:08:04,쎄니트,3150,3185,2850
2018-09-13 오전 9:08:04,쎄니트,3155,3185,2850
2018-09-13 오전 9:08:04,쎄니트,3155,3185,2850
2018-09-13 오전 9:08:04,쎄니트,3155,3185,2850
2018-09-13 오전 9:08:04,쎄니트,3125,3185,2850
2018-09-13 오전 9:08:04,쎄니트,3125,3185,2850
2018-09-13 오전 9:08:05,쎄니트,3155,3185,2850
2018-09-13 오전 9:08:05,쎄니트,3160,3185,2850
2018-09-13 오전 9:08:05,쎄니트,3160,3185,2850
2018-09-13 오전 9:08:05,쎄니트,3160,3185,2850
2018-09-13 오전 9:08:05,쎄니트,3130,3185,2850
2018-09-13 오전 9:08:05,쎄니트,3130,3185,2850
2018-09-13 오전 9:08:05,쎄니트,3130,3185,2850
2018-09-13 오전 9:08:05,쎄니트,3125,3185,2850
2018-09-13 오전 9:08:05,쎄니트,3120,3185,2850
2018-09-13 오전 9:08:05,쎄니트,3115,3185,2850
