2018-09-13 오후 1:57:48,이루온,2200,2200,1970
2018-09-13 오후 1:57:48,이루온,2200,2200,1970
2018-09-13 오후 1:57:48,이루온,2200,2200,1970
2018-09-13 오후 1:57:48,이루온,2200,2200,1970
2018-09-13 오후 1:57:48,이루온,2200,2200,1970
2018-09-13 오후 1:57:48,이루온,2200,2200,1970
2018-09-13 오후 1:57:49,이루온,2200,2200,1970
2018-09-13 오후 1:57:49,이루온,2200,2200,1970
2018-09-13 오후 1:57:49,이루온,2200,2200,1970
2018-09-13 오후 1:57:49,이루온,2205,2205,1970
2018-09-13 오후 1:57:49,이루온,2205,2205,1970
2018-09-13 오후 1:57:49,이루온,2210,2210,1970
2018-09-13 오후 1:57:49,이루온,2150,2210,1970
2018-09-13 오후 1:57:49,이루온,2210,2210,1970
2018-09-13 오후 1:57:49,이루온,2150,2210,1970
2018-09-13 오후 1:57:49,이루온,2205,2210,1970
2018-09-13 오후 1:57:49,이루온,2150,2210,1970
2018-09-13 오후 1:57:49,이루온,2200,2210,1970
2018-09-13 오후 1:57:49,이루온,2200,2210,1970
2018-09-13 오후 1:57:49,이루온,2195,2210,1970
2018-09-13 오후 1:57:49,이루온,2200,2210,1970
2018-09-13 오후 1:57:49,이루온,2210,2210,1970
2018-09-13 오후 1:57:49,이루온,2225,0,0
2018-09-13 오후 1:57:49,이루온,2220,0,0
2018-09-13 오후 1:57:49,이루온,2220,0,0
2018-09-13 오후 1:57:49,이루온,2220,0,0
2018-09-13 오후 1:57:49,이루온,2225,0,0
2018-09-13 오후 1:57:49,이루온,2225,0,0
2018-09-13 오후 1:57:49,이루온,2225,0,0
2018-09-13 오후 1:57:49,이루온,2225,0,0
2018-09-13 오후 1:57:49,이루온,2225,0,0
2018-09-13 오후 1:57:49,이루온,2225,0,0
2018-09-13 오후 1:57:49,이루온,2220,0,0
2018-09-13 오후 1:57:49,이루온,2220,0,0
2018-09-13 오후 1:57:50,이루온,2225,0,0
2018-09-13 오후 1:57:50,이루온,2225,0,0
2018-09-13 오후 1:57:50,이루온,2220,0,0
2018-09-13 오후 1:57:50,이루온,2220,0,0
2018-09-13 오후 1:57:50,이루온,2220,0,0
2018-09-13 오후 1:57:50,이루온,2220,0,0
2018-09-13 오후 1:57:50,이루온,2220,0,0
2018-09-13 오후 1:57:50,이루온,2220,0,0
2018-09-13 오후 1:57:50,이루온,2220,0,0
2018-09-13 오후 1:57:50,이루온,2220,0,0
2018-09-13 오후 1:57:51,이루온,2220,0,0
2018-09-13 오후 1:57:51,이루온,2220,0,0
2018-09-13 오후 1:57:51,이루온,2220,0,0
2018-09-13 오후 1:57:51,이루온,2220,0,0
2018-09-13 오후 1:57:51,이루온,2220,0,0
2018-09-13 오후 1:57:51,이루온,2220,0,0
2018-09-13 오후 1:57:51,이루온,2220,0,0
2018-09-13 오후 1:57:51,이루온,2220,0,0
2018-09-13 오후 1:57:51,이루온,2220,0,0
2018-09-13 오후 1:57:51,이루온,2220,0,0
2018-09-13 오후 1:57:51,이루온,2220,0,0
2018-09-13 오후 1:57:51,이루온,2220,0,0
2018-09-13 오후 1:57:51,이루온,2220,0,0
2018-09-13 오후 1:57:51,이루온,2220,0,0
2018-09-13 오후 1:57:51,이루온,2220,0,0
2018-09-13 오후 1:57:51,이루온,2220,0,0
2018-09-13 오후 1:57:51,이루온,2220,0,0
2018-09-13 오후 1:57:52,이루온,2220,0,0
2018-09-13 오후 1:57:52,이루온,2220,0,0
2018-09-13 오후 1:57:52,이루온,2220,0,0
2018-09-13 오후 1:57:52,이루온,2220,0,0
2018-09-13 오후 1:57:52,이루온,2220,0,0
2018-09-13 오후 1:57:53,이루온,2220,0,0
2018-09-13 오후 1:57:53,이루온,2220,0,0
2018-09-13 오후 1:57:53,이루온,2220,0,0
2018-09-13 오후 1:57:53,이루온,2220,0,0
2018-09-13 오후 1:57:53,이루온,2220,0,0
2018-09-13 오후 1:57:53,이루온,2220,0,0
2018-09-13 오후 1:57:54,이루온,2400,0,0
2018-09-13 오후 1:57:54,이루온,2400,0,0
2018-09-13 오후 1:57:55,이루온,2400,0,0
2018-09-13 오후 1:57:55,이루온,2400,0,0
2018-09-13 오후 1:57:55,이루온,2400,0,0
2018-09-13 오후 1:57:55,이루온,2400,0,0
2018-09-13 오후 1:57:55,이루온,2400,0,0
2018-09-13 오후 1:57:55,이루온,2400,0,0
2018-09-13 오후 1:57:55,이루온,2400,0,0
2018-09-13 오후 1:57:56,이루온,2400,0,0
2018-09-13 오후 1:57:56,이루온,2400,0,0
2018-09-13 오후 1:57:57,이루온,2400,0,0
2018-09-13 오후 1:57:57,이루온,2400,0,0
2018-09-13 오후 1:57:57,이루온,2400,0,0
2018-09-13 오후 1:57:57,이루온,2400,0,0
2018-09-13 오후 1:57:57,이루온,2400,0,0
2018-09-13 오후 1:57:57,이루온,2400,0,0
2018-09-13 오후 1:57:57,이루온,2380,0,0
2018-09-13 오후 1:57:58,이루온,2380,0,0
2018-09-13 오후 1:57:58,이루온,2380,0,0
2018-09-13 오후 1:57:58,이루온,2380,0,0
2018-09-13 오후 1:57:58,이루온,2380,0,0
2018-09-13 오후 1:57:59,이루온,2380,0,0
2018-09-13 오후 1:57:59,이루온,2380,0,0
2018-09-13 오후 1:58:00,이루온,2380,0,0
2018-09-13 오후 1:58:01,이루온,2380,0,0
2018-09-13 오후 1:58:01,이루온,2380,0,0
2018-09-13 오후 1:58:01,이루온,2380,0,0
2018-09-13 오후 1:58:02,이루온,2380,0,0
2018-09-13 오후 1:58:02,이루온,2380,0,0
2018-09-13 오후 1:58:02,이루온,2380,0,0
2018-09-13 오후 1:58:02,이루온,2380,0,0
2018-09-13 오후 1:58:03,이루온,2365,0,0
2018-09-13 오후 1:58:03,이루온,2365,0,0
2018-09-13 오후 1:58:03,이루온,2365,0,0
2018-09-13 오후 1:58:03,이루온,2365,0,0
2018-09-13 오후 1:58:03,이루온,2365,0,0
2018-09-13 오후 1:58:03,이루온,2375,0,0
2018-09-13 오후 1:58:03,이루온,2375,0,0
2018-09-13 오후 1:58:03,이루온,2375,0,0
2018-09-13 오후 1:58:04,이루온,2375,0,0
2018-09-13 오후 1:58:04,이루온,2375,0,0
2018-09-13 오후 1:58:04,이루온,2375,0,0
2018-09-13 오후 1:58:04,이루온,2375,0,0
2018-09-13 오후 1:58:05,이루온,2375,0,0
2018-09-13 오후 1:58:05,이루온,2375,0,0
2018-09-13 오후 1:58:05,이루온,2115,0,0
2018-09-13 오후 1:58:05,이루온,2115,0,0
2018-09-13 오후 1:58:05,이루온,2115,0,0
2018-09-13 오후 1:58:05,이루온,2120,0,0
2018-09-13 오후 1:58:05,이루온,2120,0,0
2018-09-13 오후 1:58:05,이루온,2120,0,0
2018-09-13 오후 1:58:06,이루온,2120,0,0
2018-09-13 오후 1:58:06,이루온,2120,0,0
2018-09-13 오후 1:58:06,이루온,2120,0,0
2018-09-13 오후 1:58:06,이루온,2120,0,0
2018-09-13 오후 1:58:06,이루온,2110,0,0
2018-09-13 오후 1:58:06,이루온,2115,0,0
2018-09-13 오후 1:58:06,이루온,2115,0,0
2018-09-13 오후 1:58:07,이루온,2115,0,0
2018-09-13 오후 1:58:07,이루온,2115,0,0
2018-09-13 오후 1:58:07,이루온,2115,0,0
2018-09-13 오후 1:58:07,이루온,2115,0,0
2018-09-13 오후 1:58:08,이루온,2115,0,0
2018-09-13 오후 1:58:08,이루온,2115,0,0
2018-09-13 오후 1:58:08,이루온,2115,0,0
2018-09-13 오후 1:58:08,이루온,2115,0,0
2018-09-13 오후 1:58:08,이루온,2115,0,0
2018-09-13 오후 1:58:08,이루온,2115,0,0
2018-09-13 오후 1:58:09,이루온,2115,0,0
2018-09-13 오후 1:58:09,이루온,2115,0,0
2018-09-13 오후 1:58:09,이루온,2115,0,0
2018-09-13 오후 1:58:09,이루온,2115,0,0
2018-09-13 오후 1:58:09,이루온,2115,0,0
2018-09-13 오후 1:58:09,이루온,2115,0,0
2018-09-13 오후 1:58:09,이루온,2115,0,0
2018-09-13 오후 1:58:09,이루온,2115,0,0
2018-09-13 오후 1:58:10,이루온,2115,0,0
2018-09-13 오후 1:58:10,이루온,2115,0,0
2018-09-13 오후 1:58:10,이루온,2115,0,0
2018-09-13 오후 1:58:10,이루온,2115,0,0
2018-09-13 오후 1:58:10,이루온,2115,0,0
2018-09-13 오후 1:58:11,이루온,2115,0,0
2018-09-13 오후 1:58:11,이루온,2115,0,0
2018-09-13 오후 1:58:11,이루온,2120,0,0
2018-09-13 오후 1:58:11,이루온,2120,0,0
2018-09-13 오후 1:58:11,이루온,2120,0,0
2018-09-13 오후 1:58:11,이루온,2220,0,0
2018-09-13 오후 1:58:11,이루온,2220,0,0
2018-09-13 오후 1:58:12,이루온,2220,0,0
2018-09-13 오후 1:58:12,이루온,2220,0,0
2018-09-13 오후 1:58:12,이루온,2220,0,0
2018-09-13 오후 1:58:12,이루온,2220,0,0
2018-09-13 오후 1:58:12,이루온,2220,0,0
2018-09-13 오후 1:58:12,이루온,2220,0,0
2018-09-13 오후 1:58:12,이루온,2220,0,0
2018-09-13 오후 1:58:13,이루온,2220,0,0
2018-09-13 오후 1:58:13,이루온,2220,0,0
2018-09-13 오후 1:58:13,이루온,2220,0,0
2018-09-13 오후 1:58:13,이루온,2220,0,0
2018-09-13 오후 1:58:13,이루온,2220,0,0
2018-09-13 오후 1:58:14,이루온,2220,0,0
2018-09-13 오후 1:58:14,이루온,2220,0,0
2018-09-13 오후 1:58:14,이루온,2220,0,0
2018-09-13 오후 1:58:14,이루온,2220,0,0
2018-09-13 오후 1:58:14,이루온,2220,0,0
2018-09-13 오후 1:58:14,이루온,2220,0,0
2018-09-13 오후 1:58:14,이루온,2220,0,0
2018-09-13 오후 1:58:14,이루온,2220,0,0
2018-09-13 오후 1:58:15,이루온,2220,0,0
2018-09-13 오후 1:58:15,이루온,2220,0,0
2018-09-13 오후 1:58:15,이루온,2215,0,0
2018-09-13 오후 1:58:15,이루온,2215,0,0
2018-09-13 오후 1:58:16,이루온,2215,0,0
2018-09-13 오후 1:58:16,이루온,2215,0,0
2018-09-13 오후 1:58:16,이루온,2215,0,0
2018-09-13 오후 1:58:16,이루온,2215,0,0
2018-09-13 오후 1:58:17,이루온,2215,0,0
2018-09-13 오후 1:58:18,이루온,2215,0,0
2018-09-13 오후 1:58:18,이루온,2215,0,0
2018-09-13 오후 1:58:18,이루온,2215,0,0
2018-09-13 오후 1:58:18,이루온,2215,0,0
2018-09-13 오후 1:58:18,이루온,2215,0,0
2018-09-13 오후 1:58:18,이루온,2215,0,0
2018-09-13 오후 1:58:18,이루온,2215,0,0
2018-09-13 오후 1:58:19,이루온,2215,0,0
2018-09-13 오후 1:58:19,이루온,2215,0,0
2018-09-13 오후 1:58:19,이루온,2215,0,0
2018-09-13 오후 1:58:19,이루온,2215,0,0
2018-09-13 오후 1:58:19,이루온,2215,0,0
2018-09-13 오후 1:58:20,이루온,2215,0,0
2018-09-13 오후 1:58:20,이루온,2215,0,0
2018-09-13 오후 1:58:20,이루온,2215,0,0
2018-09-13 오후 1:58:21,이루온,2215,0,0
2018-09-13 오후 1:58:21,이루온,2215,0,0
2018-09-13 오후 1:58:21,이루온,2215,0,0
2018-09-13 오후 1:58:22,이루온,2215,0,0
2018-09-13 오후 1:58:22,이루온,2215,0,0
2018-09-13 오후 1:58:22,이루온,2215,0,0
2018-09-13 오후 1:58:22,이루온,2215,0,0
2018-09-13 오후 1:58:22,이루온,2215,0,0
2018-09-13 오후 1:58:22,이루온,2215,0,0
2018-09-13 오후 1:58:23,이루온,2215,0,0
2018-09-13 오후 1:58:23,이루온,2215,0,0
2018-09-13 오후 1:58:23,이루온,2215,0,0
2018-09-13 오후 1:58:23,이루온,2215,0,0
2018-09-13 오후 1:58:24,이루온,2215,0,0
2018-09-13 오후 1:58:24,이루온,2215,0,0
2018-09-13 오후 1:58:25,이루온,2215,0,0
2018-09-13 오후 1:58:25,이루온,2215,0,0
2018-09-13 오후 1:58:25,이루온,2215,0,0
2018-09-13 오후 1:58:25,이루온,2215,0,0
2018-09-13 오후 1:58:25,이루온,2215,0,0
2018-09-13 오후 1:58:25,이루온,2215,0,0
2018-09-13 오후 1:58:25,이루온,2215,0,0
2018-09-13 오후 1:58:25,이루온,2215,0,0
2018-09-13 오후 1:58:25,이루온,2215,0,0
2018-09-13 오후 1:58:26,이루온,2215,0,0
2018-09-13 오후 1:58:26,이루온,2215,0,0
2018-09-13 오후 1:58:26,이루온,2215,0,0
2018-09-13 오후 1:58:27,이루온,2215,0,0
2018-09-13 오후 1:58:27,이루온,2215,0,0
2018-09-13 오후 1:58:27,이루온,2215,0,0
2018-09-13 오후 1:58:27,이루온,2215,0,0
2018-09-13 오후 1:58:27,이루온,2215,0,0
2018-09-13 오후 1:58:27,이루온,2215,0,0
2018-09-13 오후 1:58:28,이루온,2215,0,0
2018-09-13 오후 1:58:28,이루온,2215,0,0
2018-09-13 오후 1:58:28,이루온,2215,0,0
2018-09-13 오후 1:58:28,이루온,2215,0,0
2018-09-13 오후 1:58:28,이루온,2215,0,0
2018-09-13 오후 1:58:28,이루온,2215,0,0
2018-09-13 오후 1:58:29,이루온,2215,0,0
2018-09-13 오후 1:58:29,이루온,2215,0,0
2018-09-13 오후 1:58:29,이루온,2215,0,0
2018-09-13 오후 1:58:30,이루온,2215,0,0
2018-09-13 오후 1:58:30,이루온,2215,0,0
2018-09-13 오후 1:58:30,이루온,2215,0,0
2018-09-13 오후 1:58:31,이루온,2215,0,0
2018-09-13 오후 1:58:31,이루온,2215,0,0
2018-09-13 오후 1:58:31,이루온,2215,0,0
2018-09-13 오후 1:58:31,이루온,2215,0,0
2018-09-13 오후 1:58:31,이루온,2215,0,0
2018-09-13 오후 1:58:31,이루온,2215,0,0
2018-09-13 오후 1:58:32,이루온,2215,0,0
2018-09-13 오후 1:58:32,이루온,2215,0,0
2018-09-13 오후 1:58:32,이루온,2215,0,0
2018-09-13 오후 1:58:32,이루온,2215,0,0
2018-09-13 오후 1:58:33,이루온,2215,0,0
2018-09-13 오후 1:58:33,이루온,2215,0,0
2018-09-13 오후 1:58:33,이루온,2215,0,0
2018-09-13 오후 1:58:33,이루온,2215,0,0
2018-09-13 오후 1:58:33,이루온,2215,0,0
2018-09-13 오후 1:58:33,이루온,2215,0,0
2018-09-13 오후 1:58:33,이루온,2215,0,0
2018-09-13 오후 1:58:33,이루온,2215,0,0
2018-09-13 오후 1:58:34,이루온,2215,0,0
2018-09-13 오후 1:58:34,이루온,2215,0,0
2018-09-13 오후 1:58:34,이루온,2215,0,0
2018-09-13 오후 1:58:34,이루온,2215,0,0
2018-09-13 오후 1:58:34,이루온,2215,0,0
2018-09-13 오후 1:58:35,이루온,2215,0,0
2018-09-13 오후 1:58:35,이루온,2215,0,0
2018-09-13 오후 1:58:35,이루온,2215,0,0
2018-09-13 오후 1:58:35,이루온,2215,0,0
2018-09-13 오후 1:58:36,이루온,2215,0,0
2018-09-13 오후 1:58:36,이루온,2215,0,0
2018-09-13 오후 1:58:36,이루온,2215,0,0
2018-09-13 오후 1:58:36,이루온,2215,0,0
2018-09-13 오후 1:58:37,이루온,2215,0,0
2018-09-13 오후 1:58:37,이루온,2215,0,0
2018-09-13 오후 1:58:37,이루온,2215,0,0
2018-09-13 오후 1:58:37,이루온,2215,0,0
2018-09-13 오후 1:58:38,이루온,2215,0,0
2018-09-13 오후 1:58:38,이루온,2215,0,0
2018-09-13 오후 1:58:38,이루온,2215,0,0
2018-09-13 오후 1:58:38,이루온,2220,0,0
2018-09-13 오후 1:58:39,이루온,2220,0,0
2018-09-13 오후 1:58:39,이루온,2220,0,0
2018-09-13 오후 1:58:39,이루온,2220,0,0
2018-09-13 오후 1:58:39,이루온,2220,0,0
2018-09-13 오후 1:58:39,이루온,2220,0,0
2018-09-13 오후 1:58:40,이루온,2220,0,0
2018-09-13 오후 1:58:41,이루온,2220,0,0
2018-09-13 오후 1:58:41,이루온,2220,0,0
2018-09-13 오후 1:58:41,이루온,2220,0,0
2018-09-13 오후 1:58:41,이루온,2220,0,0
2018-09-13 오후 1:58:41,이루온,2220,0,0
2018-09-13 오후 1:58:42,이루온,2220,0,0
2018-09-13 오후 1:58:42,이루온,2220,0,0
2018-09-13 오후 1:58:42,이루온,2220,0,0
2018-09-13 오후 1:58:43,이루온,2220,0,0
2018-09-13 오후 1:58:43,이루온,2220,0,0
2018-09-13 오후 1:58:43,이루온,2215,0,0
2018-09-13 오후 1:58:43,이루온,2215,0,0
2018-09-13 오후 1:58:43,이루온,2215,0,0
2018-09-13 오후 1:58:43,이루온,2215,0,0
2018-09-13 오후 1:58:43,이루온,2215,0,0
2018-09-13 오후 1:58:43,이루온,2215,0,0
2018-09-13 오후 1:58:44,이루온,2215,0,0
2018-09-13 오후 1:58:44,이루온,2220,0,0
2018-09-13 오후 1:58:44,이루온,2220,0,0
2018-09-13 오후 1:58:44,이루온,2220,0,0
2018-09-13 오후 1:58:44,이루온,2220,0,0
2018-09-13 오후 1:58:44,이루온,2220,0,0
2018-09-13 오후 1:58:44,이루온,2220,0,0
2018-09-13 오후 1:58:45,이루온,2220,0,0
2018-09-13 오후 1:58:45,이루온,2220,0,0
2018-09-13 오후 1:58:45,이루온,2220,0,0
2018-09-13 오후 1:58:45,이루온,2220,0,0
2018-09-13 오후 1:58:45,이루온,2220,0,0
2018-09-13 오후 1:58:45,이루온,2220,0,0
2018-09-13 오후 1:58:46,이루온,2220,0,0
2018-09-13 오후 1:58:46,이루온,2215,0,0
2018-09-13 오후 1:58:46,이루온,2215,0,0
2018-09-13 오후 1:58:46,이루온,2215,0,0
2018-09-13 오후 1:58:46,이루온,2215,0,0
2018-09-13 오후 1:58:46,이루온,2215,0,0
2018-09-13 오후 1:58:46,이루온,2215,0,0
2018-09-13 오후 1:58:46,이루온,2215,0,0
2018-09-13 오후 1:58:46,이루온,2215,0,0
2018-09-13 오후 1:58:46,이루온,2215,0,0
2018-09-13 오후 1:58:47,이루온,2215,0,0
2018-09-13 오후 1:58:47,이루온,2215,0,0
2018-09-13 오후 1:58:47,이루온,2215,0,0
2018-09-13 오후 1:58:48,이루온,2215,0,0
2018-09-13 오후 1:58:48,이루온,2215,0,0
2018-09-13 오후 1:58:49,이루온,2215,0,0
2018-09-13 오후 1:58:49,이루온,2215,0,0
2018-09-13 오후 1:58:49,이루온,2215,0,0
2018-09-13 오후 1:58:49,이루온,2215,0,0
2018-09-13 오후 1:58:50,이루온,2215,0,0
2018-09-13 오후 1:58:50,이루온,2215,0,0
2018-09-13 오후 1:58:50,이루온,2215,0,0
2018-09-13 오후 1:58:50,이루온,2215,0,0
2018-09-13 오후 1:58:50,이루온,2215,0,0
2018-09-13 오후 1:58:50,이루온,2215,0,0
2018-09-13 오후 1:58:51,이루온,2215,0,0
2018-09-13 오후 1:58:51,이루온,2215,0,0
2018-09-13 오후 1:58:51,이루온,2215,0,0
2018-09-13 오후 1:58:51,이루온,2215,0,0
2018-09-13 오후 1:58:51,이루온,2215,0,0
2018-09-13 오후 1:58:51,이루온,2215,0,0
2018-09-13 오후 1:58:51,이루온,2215,0,0
2018-09-13 오후 1:58:51,이루온,2215,0,0
2018-09-13 오후 1:58:51,이루온,2215,0,0
2018-09-13 오후 1:58:51,이루온,2215,0,0
2018-09-13 오후 1:58:51,이루온,2215,0,0
2018-09-13 오후 1:58:52,이루온,2215,0,0
2018-09-13 오후 1:58:52,이루온,2215,0,0
2018-09-13 오후 1:58:52,이루온,2215,0,0
2018-09-13 오후 1:58:53,이루온,2215,0,0
2018-09-13 오후 1:58:53,이루온,2215,0,0
2018-09-13 오후 1:58:53,이루온,2215,0,0
2018-09-13 오후 1:58:54,이루온,2215,0,0
2018-09-13 오후 1:58:54,이루온,2215,0,0
2018-09-13 오후 1:58:54,이루온,2215,0,0
2018-09-13 오후 1:58:54,이루온,2215,0,0
2018-09-13 오후 1:58:54,이루온,2215,0,0
2018-09-13 오후 1:58:54,이루온,2215,0,0
2018-09-13 오후 1:58:54,이루온,2215,0,0
2018-09-13 오후 1:58:54,이루온,2215,0,0
2018-09-13 오후 1:58:55,이루온,2215,0,0
2018-09-13 오후 1:58:55,이루온,2215,0,0
2018-09-13 오후 1:58:55,이루온,2215,0,0
2018-09-13 오후 1:58:55,이루온,2215,0,0
2018-09-13 오후 1:58:55,이루온,2215,0,0
2018-09-13 오후 1:58:55,이루온,2215,0,0
2018-09-13 오후 1:58:55,이루온,2215,0,0
2018-09-13 오후 1:58:56,이루온,2215,0,0
2018-09-13 오후 1:58:56,이루온,2215,0,0
2018-09-13 오후 1:58:56,이루온,2215,0,0
2018-09-13 오후 1:58:56,이루온,2215,0,0
2018-09-13 오후 1:58:57,이루온,2215,0,0
2018-09-13 오후 1:58:57,이루온,2215,0,0
2018-09-13 오후 1:58:57,이루온,2215,0,0
2018-09-13 오후 1:58:57,이루온,2215,0,0
2018-09-13 오후 1:58:57,이루온,2215,0,0
2018-09-13 오후 1:58:57,이루온,2215,0,0
2018-09-13 오후 1:58:57,이루온,2215,0,0
2018-09-13 오후 1:58:57,이루온,2215,0,0
2018-09-13 오후 1:58:58,이루온,2215,0,0
2018-09-13 오후 1:58:58,이루온,2215,0,0
2018-09-13 오후 1:58:58,이루온,2215,0,0
2018-09-13 오후 1:58:58,이루온,2215,0,0
2018-09-13 오후 1:58:58,이루온,2215,0,0
2018-09-13 오후 1:58:58,이루온,2215,0,0
2018-09-13 오후 1:58:58,이루온,2215,0,0
2018-09-13 오후 1:58:59,이루온,2215,0,0
2018-09-13 오후 1:58:59,이루온,2215,0,0
2018-09-13 오후 1:58:59,이루온,2215,0,0
2018-09-13 오후 1:58:59,이루온,2215,0,0
2018-09-13 오후 1:58:59,이루온,2215,0,0
2018-09-13 오후 1:58:59,이루온,2215,0,0
2018-09-13 오후 1:58:59,이루온,2215,0,0
2018-09-13 오후 1:58:59,이루온,2215,0,0
2018-09-13 오후 1:59:00,이루온,2215,0,0
2018-09-13 오후 1:59:00,이루온,2215,0,0
2018-09-13 오후 1:59:00,이루온,2215,0,0
2018-09-13 오후 1:59:00,이루온,2215,0,0
2018-09-13 오후 1:59:00,이루온,2215,0,0
2018-09-13 오후 1:59:01,이루온,2215,0,0
2018-09-13 오후 1:59:01,이루온,2215,0,0
2018-09-13 오후 1:59:01,이루온,2215,0,0
2018-09-13 오후 1:59:01,이루온,2215,0,0
2018-09-13 오후 1:59:01,이루온,2215,0,0
2018-09-13 오후 1:59:01,이루온,2215,0,0
2018-09-13 오후 1:59:01,이루온,2215,0,0
2018-09-13 오후 1:59:01,이루온,2215,0,0
2018-09-13 오후 1:59:01,이루온,2215,0,0
2018-09-13 오후 1:59:02,이루온,2215,0,0
2018-09-13 오후 1:59:02,이루온,2215,0,0
2018-09-13 오후 1:59:02,이루온,2215,0,0
2018-09-13 오후 1:59:02,이루온,2215,0,0
2018-09-13 오후 1:59:02,이루온,2215,0,0
2018-09-13 오후 1:59:02,이루온,2215,0,0
2018-09-13 오후 1:59:02,이루온,2215,0,0
2018-09-13 오후 1:59:02,이루온,2215,0,0
2018-09-13 오후 1:59:03,이루온,2215,0,0
2018-09-13 오후 1:59:03,이루온,2215,0,0
2018-09-13 오후 1:59:03,이루온,2215,0,0
2018-09-13 오후 1:59:03,이루온,2215,0,0
2018-09-13 오후 1:59:03,이루온,2215,0,0
2018-09-13 오후 1:59:04,이루온,2215,0,0
2018-09-13 오후 1:59:04,이루온,2215,0,0
2018-09-13 오후 1:59:04,이루온,2215,0,0
2018-09-13 오후 1:59:04,이루온,2215,0,0
2018-09-13 오후 1:59:04,이루온,2215,0,0
2018-09-13 오후 1:59:04,이루온,2215,0,0
2018-09-13 오후 1:59:04,이루온,2215,0,0
2018-09-13 오후 1:59:04,이루온,2215,0,0
2018-09-13 오후 1:59:04,이루온,2215,0,0
2018-09-13 오후 1:59:05,이루온,2215,0,0
2018-09-13 오후 1:59:05,이루온,2215,0,0
2018-09-13 오후 1:59:05,이루온,2215,0,0
2018-09-13 오후 1:59:05,이루온,2215,0,0
2018-09-13 오후 1:59:05,이루온,2215,0,0
2018-09-13 오후 1:59:06,이루온,2215,0,0
2018-09-13 오후 1:59:06,이루온,2215,0,0
2018-09-13 오후 1:59:06,이루온,2215,0,0
2018-09-13 오후 1:59:06,이루온,2215,0,0
2018-09-13 오후 1:59:06,이루온,2215,0,0
2018-09-13 오후 1:59:06,이루온,2215,0,0
2018-09-13 오후 1:59:06,이루온,2215,0,0
2018-09-13 오후 1:59:06,이루온,2215,0,0
2018-09-13 오후 1:59:07,이루온,2215,0,0
2018-09-13 오후 1:59:07,이루온,2215,0,0
2018-09-13 오후 1:59:07,이루온,2215,0,0
2018-09-13 오후 1:59:07,이루온,2215,0,0
2018-09-13 오후 1:59:07,이루온,2215,0,0
2018-09-13 오후 1:59:07,이루온,2215,0,0
2018-09-13 오후 1:59:07,이루온,2215,0,0
2018-09-13 오후 1:59:08,이루온,2215,0,0
2018-09-13 오후 1:59:08,이루온,2215,0,0
2018-09-13 오후 1:59:08,이루온,2215,0,0
2018-09-13 오후 1:59:08,이루온,2215,0,0
2018-09-13 오후 1:59:09,이루온,2215,0,0
2018-09-13 오후 1:59:09,이루온,2215,0,0
2018-09-13 오후 1:59:09,이루온,2215,0,0
2018-09-13 오후 1:59:09,이루온,2215,0,0
2018-09-13 오후 1:59:10,이루온,2215,0,0
2018-09-13 오후 1:59:10,이루온,2215,0,0
2018-09-13 오후 1:59:10,이루온,2215,0,0
2018-09-13 오후 1:59:10,이루온,2215,0,0
2018-09-13 오후 1:59:10,이루온,2215,0,0
2018-09-13 오후 1:59:11,이루온,2215,0,0
2018-09-13 오후 1:59:11,이루온,2215,0,0
2018-09-13 오후 1:59:11,이루온,2215,0,0
2018-09-13 오후 1:59:11,이루온,2215,0,0
2018-09-13 오후 1:59:12,이루온,2215,0,0
2018-09-13 오후 1:59:12,이루온,2215,0,0
2018-09-13 오후 1:59:12,이루온,2215,0,0
2018-09-13 오후 1:59:12,이루온,2215,0,0
2018-09-13 오후 1:59:12,이루온,2215,0,0
2018-09-13 오후 1:59:13,이루온,2215,0,0
2018-09-13 오후 1:59:13,이루온,2215,0,0
2018-09-13 오후 1:59:13,이루온,2215,0,0
2018-09-13 오후 1:59:13,이루온,2215,0,0
2018-09-13 오후 1:59:13,이루온,2215,0,0
2018-09-13 오후 1:59:14,이루온,2215,0,0
2018-09-13 오후 1:59:14,이루온,2215,0,0
2018-09-13 오후 1:59:14,이루온,2215,0,0
2018-09-13 오후 1:59:15,이루온,2215,0,0
2018-09-13 오후 1:59:15,이루온,2215,0,0
2018-09-13 오후 1:59:15,이루온,2215,0,0
2018-09-13 오후 1:59:15,이루온,2215,0,0
2018-09-13 오후 1:59:16,이루온,2215,0,0
2018-09-13 오후 1:59:16,이루온,2215,0,0
2018-09-13 오후 1:59:16,이루온,2215,0,0
2018-09-13 오후 1:59:16,이루온,2215,0,0
2018-09-13 오후 1:59:17,이루온,2215,0,0
2018-09-13 오후 1:59:17,이루온,2215,0,0
2018-09-13 오후 1:59:17,이루온,2215,0,0
2018-09-13 오후 1:59:17,이루온,2215,0,0
2018-09-13 오후 1:59:17,이루온,2215,0,0
2018-09-13 오후 1:59:18,이루온,2215,0,0
2018-09-13 오후 1:59:18,이루온,2215,0,0
2018-09-13 오후 1:59:18,이루온,2215,0,0
2018-09-13 오후 1:59:18,이루온,2215,0,0
2018-09-13 오후 1:59:19,이루온,2215,0,0
2018-09-13 오후 1:59:19,이루온,2215,0,0
2018-09-13 오후 1:59:19,이루온,2215,0,0
2018-09-13 오후 1:59:19,이루온,2215,0,0
2018-09-13 오후 1:59:19,이루온,2215,0,0
2018-09-13 오후 1:59:20,이루온,2215,0,0
2018-09-13 오후 1:59:20,이루온,2215,0,0
2018-09-13 오후 1:59:20,이루온,2215,0,0
2018-09-13 오후 1:59:20,이루온,2215,0,0
2018-09-13 오후 1:59:20,이루온,2215,0,0
2018-09-13 오후 1:59:20,이루온,2215,0,0
2018-09-13 오후 1:59:20,이루온,2215,0,0
2018-09-13 오후 1:59:20,이루온,2215,0,0
2018-09-13 오후 1:59:21,이루온,2215,0,0
2018-09-13 오후 1:59:21,이루온,2215,0,0
2018-09-13 오후 1:59:21,이루온,2215,0,0
2018-09-13 오후 1:59:21,이루온,2215,0,0
2018-09-13 오후 1:59:22,이루온,2215,0,0
2018-09-13 오후 1:59:22,이루온,2215,0,0
2018-09-13 오후 1:59:22,이루온,2215,0,0
2018-09-13 오후 1:59:22,이루온,2215,0,0
2018-09-13 오후 1:59:22,이루온,2215,0,0
2018-09-13 오후 1:59:22,이루온,2215,0,0
2018-09-13 오후 1:59:22,이루온,2215,0,0
2018-09-13 오후 1:59:22,이루온,2215,0,0
2018-09-13 오후 1:59:22,이루온,2215,0,0
2018-09-13 오후 1:59:22,이루온,2215,0,0
2018-09-13 오후 1:59:22,이루온,2215,0,0
2018-09-13 오후 1:59:22,이루온,2215,0,0
2018-09-13 오후 1:59:23,이루온,2215,0,0
2018-09-13 오후 1:59:23,이루온,2215,0,0
2018-09-13 오후 1:59:23,이루온,2215,0,0
2018-09-13 오후 1:59:23,이루온,2215,0,0
2018-09-13 오후 1:59:23,이루온,2215,0,0
2018-09-13 오후 1:59:23,이루온,2215,0,0
2018-09-13 오후 1:59:24,이루온,2215,0,0
2018-09-13 오후 1:59:24,이루온,2185,0,0
2018-09-13 오후 1:59:24,이루온,2170,0,0
2018-09-13 오후 1:59:24,이루온,2170,0,0
2018-09-13 오후 1:59:25,이루온,2170,0,0
2018-09-13 오후 1:59:25,이루온,2170,0,0
2018-09-13 오후 1:59:25,이루온,2170,0,0
2018-09-13 오후 1:59:25,이루온,2160,0,0
2018-09-13 오후 1:59:25,이루온,2160,0,0
2018-09-13 오후 1:59:26,이루온,2160,0,0
2018-09-13 오후 1:59:27,이루온,2160,0,0
2018-09-13 오후 1:59:27,이루온,2160,0,0
2018-09-13 오후 1:59:27,이루온,2160,0,0
2018-09-13 오후 1:59:27,이루온,2160,0,0
2018-09-13 오후 1:59:28,이루온,2155,0,0
2018-09-13 오후 1:59:28,이루온,2155,0,0
2018-09-13 오후 1:59:28,이루온,2155,0,0
2018-09-13 오후 1:59:28,이루온,2155,0,0
2018-09-13 오후 1:59:29,이루온,2155,0,0
2018-09-13 오후 1:59:29,이루온,2155,0,0
2018-09-13 오후 1:59:29,이루온,2155,0,0
2018-09-13 오후 1:59:29,이루온,2155,0,0
2018-09-13 오후 1:59:29,이루온,2155,0,0
2018-09-13 오후 1:59:29,이루온,2155,0,0
2018-09-13 오후 1:59:29,이루온,2155,0,0
2018-09-13 오후 1:59:29,이루온,2155,0,0
2018-09-13 오후 1:59:29,이루온,2155,0,0
2018-09-13 오후 1:59:30,이루온,2150,0,0
2018-09-13 오후 1:59:30,이루온,2150,0,0
2018-09-13 오후 1:59:30,이루온,2150,0,0
2018-09-13 오후 1:59:31,이루온,2150,0,0
2018-09-13 오후 1:59:31,이루온,2150,0,0
2018-09-13 오후 1:59:31,이루온,2150,0,0
2018-09-13 오후 1:59:31,이루온,2150,0,0
2018-09-13 오후 1:59:32,이루온,2150,0,0
2018-09-13 오후 1:59:32,이루온,2150,0,0
2018-09-13 오후 1:59:32,이루온,2150,0,0
2018-09-13 오후 1:59:32,이루온,2155,0,0
2018-09-13 오후 1:59:32,이루온,2155,0,0
2018-09-13 오후 1:59:32,이루온,2155,0,0
2018-09-13 오후 1:59:32,이루온,2155,0,0
2018-09-13 오후 1:59:32,이루온,2155,0,0
2018-09-13 오후 1:59:32,이루온,2155,0,0
2018-09-13 오후 1:59:33,이루온,2150,0,0
2018-09-13 오후 1:59:33,이루온,2150,0,0
2018-09-13 오후 1:59:33,이루온,2150,0,0
2018-09-13 오후 1:59:33,이루온,2150,0,0
2018-09-13 오후 1:59:33,이루온,2155,0,0
2018-09-13 오후 1:59:33,이루온,2155,0,0
2018-09-13 오후 1:59:33,이루온,2160,0,0
2018-09-13 오후 1:59:34,이루온,2160,0,0
2018-09-13 오후 1:59:34,이루온,2160,0,0
2018-09-13 오후 1:59:34,이루온,2160,0,0
2018-09-13 오후 1:59:34,이루온,2160,0,0
2018-09-13 오후 1:59:34,이루온,2160,0,0
2018-09-13 오후 1:59:34,이루온,2160,0,0
2018-09-13 오후 1:59:35,이루온,2160,0,0
2018-09-13 오후 1:59:35,이루온,2160,0,0
2018-09-13 오후 1:59:35,이루온,2160,0,0
2018-09-13 오후 1:59:35,이루온,2160,0,0
2018-09-13 오후 1:59:35,이루온,2160,0,0
2018-09-13 오후 1:59:35,이루온,2160,0,0
2018-09-13 오후 1:59:35,이루온,2160,0,0
2018-09-13 오후 1:59:35,이루온,2160,0,0
2018-09-13 오후 1:59:36,이루온,2160,0,0
2018-09-13 오후 1:59:36,이루온,2160,0,0
2018-09-13 오후 1:59:36,이루온,2160,0,0
2018-09-13 오후 1:59:36,이루온,2160,0,0
2018-09-13 오후 1:59:36,이루온,2160,0,0
2018-09-13 오후 1:59:36,이루온,2160,0,0
2018-09-13 오후 1:59:36,이루온,2160,0,0
2018-09-13 오후 1:59:36,이루온,2160,0,0
2018-09-13 오후 1:59:36,이루온,2160,0,0
2018-09-13 오후 1:59:37,이루온,2155,0,0
2018-09-13 오후 1:59:37,이루온,2155,0,0
2018-09-13 오후 1:59:37,이루온,2155,0,0
2018-09-13 오후 1:59:37,이루온,2155,0,0
2018-09-13 오후 1:59:37,이루온,2155,0,0
2018-09-13 오후 1:59:37,이루온,2155,0,0
2018-09-13 오후 1:59:38,이루온,2160,0,0
2018-09-13 오후 1:59:38,이루온,2160,0,0
2018-09-13 오후 1:59:38,이루온,2160,0,0
2018-09-13 오후 1:59:39,이루온,2160,0,0
2018-09-13 오후 1:59:39,이루온,2160,0,0
2018-09-13 오후 1:59:39,이루온,2160,0,0
2018-09-13 오후 1:59:39,이루온,2160,0,0
2018-09-13 오후 1:59:39,이루온,2160,0,0
2018-09-13 오후 1:59:39,이루온,2160,0,0
2018-09-13 오후 1:59:39,이루온,2160,0,0
2018-09-13 오후 1:59:40,이루온,2160,0,0
2018-09-13 오후 1:59:40,이루온,2160,0,0
2018-09-13 오후 1:59:40,이루온,2160,0,0
2018-09-13 오후 1:59:40,이루온,2160,0,0
2018-09-13 오후 1:59:40,이루온,2160,0,0
2018-09-13 오후 1:59:40,이루온,2160,0,0
2018-09-13 오후 1:59:40,이루온,2160,0,0
2018-09-13 오후 1:59:40,이루온,2160,0,0
2018-09-13 오후 1:59:40,이루온,2160,0,0
2018-09-13 오후 1:59:41,이루온,2160,0,0
2018-09-13 오후 1:59:41,이루온,2160,0,0
2018-09-13 오후 1:59:41,이루온,2160,0,0
2018-09-13 오후 1:59:41,이루온,2160,0,0
2018-09-13 오후 1:59:41,이루온,2160,0,0
2018-09-13 오후 1:59:41,이루온,2160,0,0
2018-09-13 오후 1:59:42,이루온,2160,0,0
2018-09-13 오후 1:59:42,이루온,2160,0,0
2018-09-13 오후 1:59:42,이루온,2160,0,0
2018-09-13 오후 1:59:42,이루온,2160,0,0
2018-09-13 오후 1:59:42,이루온,2160,0,0
2018-09-13 오후 1:59:42,이루온,2160,0,0
2018-09-13 오후 1:59:42,이루온,2160,0,0
2018-09-13 오후 1:59:43,이루온,2160,0,0
2018-09-13 오후 1:59:43,이루온,2160,0,0
2018-09-13 오후 1:59:43,이루온,2160,0,0
2018-09-13 오후 1:59:43,이루온,2160,0,0
2018-09-13 오후 1:59:43,이루온,2160,0,0
2018-09-13 오후 1:59:43,이루온,2160,0,0
2018-09-13 오후 1:59:44,이루온,2160,0,0
2018-09-13 오후 1:59:44,이루온,2160,0,0
2018-09-13 오후 1:59:44,이루온,2160,0,0
2018-09-13 오후 1:59:44,이루온,2160,0,0
2018-09-13 오후 1:59:44,이루온,2160,0,0
2018-09-13 오후 1:59:45,이루온,2160,0,0
2018-09-13 오후 1:59:45,이루온,2160,0,0
2018-09-13 오후 1:59:46,이루온,2160,0,0
2018-09-13 오후 1:59:46,이루온,2160,0,0
2018-09-13 오후 1:59:46,이루온,2160,0,0
2018-09-13 오후 1:59:46,이루온,2170,0,0
2018-09-13 오후 1:59:46,이루온,2170,0,0
2018-09-13 오후 1:59:46,이루온,2170,0,0
2018-09-13 오후 1:59:47,이루온,2170,0,0
2018-09-13 오후 1:59:47,이루온,2170,0,0
2018-09-13 오후 1:59:48,이루온,2170,0,0
2018-09-13 오후 1:59:48,이루온,2170,0,0
2018-09-13 오후 1:59:48,이루온,2170,0,0
2018-09-13 오후 1:59:48,이루온,2180,0,0
2018-09-13 오후 1:59:48,이루온,2180,0,0
2018-09-13 오후 1:59:49,이루온,2180,0,0
2018-09-13 오후 1:59:49,이루온,2170,0,0
2018-09-13 오후 1:59:49,이루온,2180,0,0
2018-09-13 오후 1:59:49,이루온,2180,0,0
2018-09-13 오후 1:59:50,이루온,2170,0,0
2018-09-13 오후 1:59:50,이루온,2170,0,0
2018-09-13 오후 1:59:50,이루온,2170,0,0
2018-09-13 오후 1:59:50,이루온,2170,0,0
2018-09-13 오후 1:59:50,이루온,2180,0,0
2018-09-13 오후 1:59:50,이루온,2180,2210,1970
2018-09-13 오후 1:59:50,이루온,2175,2210,1970
2018-09-13 오후 1:59:50,이루온,2170,2210,1970
2018-09-13 오후 1:59:50,이루온,2165,2210,1970
2018-09-13 오후 1:59:51,이루온,2165,2210,1970
2018-09-13 오후 1:59:51,이루온,2180,2210,1970
2018-09-13 오후 1:59:51,이루온,2180,2210,1970
2018-09-13 오후 1:59:51,이루온,2180,2210,1970
2018-09-13 오후 1:59:51,이루온,2185,2210,1970
2018-09-13 오후 1:59:51,이루온,2165,2210,1970
2018-09-13 오후 1:59:51,이루온,2165,2210,1970
2018-09-13 오후 1:59:51,이루온,2165,2210,1970
2018-09-13 오후 1:59:51,이루온,2185,2210,1970
2018-09-13 오후 1:59:51,이루온,2160,2210,1970
2018-09-13 오후 1:59:51,이루온,2160,2210,1970
2018-09-13 오후 1:59:51,이루온,2155,2210,1970
2018-09-13 오후 1:59:51,이루온,2155,2210,1970
2018-09-13 오후 1:59:51,이루온,2180,2210,1970
2018-09-13 오후 1:59:51,이루온,2180,2210,1970
2018-09-13 오후 1:59:51,이루온,2180,2210,1970
2018-09-13 오후 1:59:52,이루온,2180,2210,1970
2018-09-13 오후 1:59:52,이루온,2180,2210,1970
2018-09-13 오후 1:59:52,이루온,2175,2210,1970
2018-09-13 오후 1:59:52,이루온,2175,2210,1970
2018-09-13 오후 1:59:52,이루온,2160,2210,1970
2018-09-13 오후 1:59:52,이루온,2155,2210,1970
2018-09-13 오후 1:59:52,이루온,2150,2210,1970
2018-09-13 오후 1:59:52,이루온,2160,2210,1970
2018-09-13 오후 1:59:52,이루온,2160,2210,1970
2018-09-13 오후 1:59:52,이루온,2160,2210,1970
2018-09-13 오후 1:59:52,이루온,2160,2210,1970
2018-09-13 오후 1:59:52,이루온,2160,2210,1970
2018-09-13 오후 1:59:52,이루온,2150,2210,1970
2018-09-13 오후 1:59:53,이루온,2150,2210,1970
2018-09-13 오후 1:59:53,이루온,2145,2210,1970
2018-09-13 오후 1:59:53,이루온,2145,2210,1970
2018-09-13 오후 1:59:53,이루온,2160,2210,1970
2018-09-13 오후 1:59:53,이루온,2160,2210,1970
2018-09-13 오후 1:59:53,이루온,2160,2210,1970
2018-09-13 오후 1:59:53,이루온,2160,2210,1970
2018-09-13 오후 1:59:53,이루온,2160,2210,1970
2018-09-13 오후 1:59:53,이루온,2155,2210,1970
2018-09-13 오후 1:59:53,이루온,2155,2210,1970
2018-09-13 오후 1:59:53,이루온,2155,2210,1970
2018-09-13 오후 1:59:53,이루온,2150,2210,1970
2018-09-13 오후 1:59:53,이루온,2155,2210,1970
2018-09-13 오후 1:59:54,이루온,2155,2210,1970
2018-09-13 오후 1:59:54,이루온,2155,2210,1970
2018-09-13 오후 1:59:54,이루온,2150,2210,1970
2018-09-13 오후 1:59:54,이루온,2150,2210,1970
2018-09-13 오후 1:59:54,이루온,2150,2210,1970
2018-09-13 오후 1:59:54,이루온,2150,2210,1970
2018-09-13 오후 1:59:54,이루온,2150,2210,1970
2018-09-13 오후 1:59:54,이루온,2160,2210,1970
2018-09-13 오후 1:59:54,이루온,2155,2210,1970
2018-09-13 오후 1:59:55,이루온,2150,2210,1970
2018-09-13 오후 1:59:55,이루온,2155,2210,1970
2018-09-13 오후 1:59:55,이루온,2155,2210,1970
2018-09-13 오후 1:59:55,이루온,2155,2210,1970
2018-09-13 오후 1:59:55,이루온,2155,2210,1970
2018-09-13 오후 1:59:55,이루온,2150,2210,1970
2018-09-13 오후 1:59:55,이루온,2150,2210,1970
2018-09-13 오후 1:59:56,이루온,2150,2210,1970
2018-09-13 오후 1:59:56,이루온,2150,2210,1970
2018-09-13 오후 1:59:56,이루온,2150,2210,1970
2018-09-13 오후 1:59:56,이루온,2155,2210,1970
2018-09-13 오후 1:59:56,이루온,2160,2210,1970
2018-09-13 오후 1:59:56,이루온,2170,2210,1970
2018-09-13 오후 1:59:56,이루온,2170,2210,1970
2018-09-13 오후 1:59:56,이루온,2170,2210,1970
2018-09-13 오후 1:59:56,이루온,2160,2210,1970
2018-09-13 오후 1:59:56,이루온,2160,2210,1970
2018-09-13 오후 1:59:56,이루온,2160,2210,1970
2018-09-13 오후 1:59:56,이루온,2160,2210,1970
2018-09-13 오후 1:59:56,이루온,2160,2210,1970
2018-09-13 오후 1:59:56,이루온,2160,2210,1970
2018-09-13 오후 1:59:57,이루온,2160,2210,1970
2018-09-13 오후 1:59:57,이루온,2160,2210,1970
2018-09-13 오후 1:59:57,이루온,2155,2210,1970
2018-09-13 오후 1:59:57,이루온,2155,2210,1970
2018-09-13 오후 1:59:57,이루온,2155,2210,1970
2018-09-13 오후 1:59:57,이루온,2155,2210,1970
2018-09-13 오후 1:59:57,이루온,2150,2210,1970
2018-09-13 오후 1:59:57,이루온,2155,2210,1970
2018-09-13 오후 1:59:57,이루온,2155,2210,1970
2018-09-13 오후 1:59:57,이루온,2155,2210,1970
2018-09-13 오후 1:59:58,이루온,2150,2210,1970
2018-09-13 오후 1:59:58,이루온,2150,2210,1970
2018-09-13 오후 1:59:58,이루온,2155,2210,1970
2018-09-13 오후 1:59:58,이루온,2160,2210,1970
2018-09-13 오후 1:59:58,이루온,2160,2210,1970
2018-09-13 오후 1:59:58,이루온,2150,2210,1970
2018-09-13 오후 1:59:58,이루온,2150,2210,1970
2018-09-13 오후 1:59:58,이루온,2150,2210,1970
2018-09-13 오후 1:59:58,이루온,2150,2210,1970
2018-09-13 오후 1:59:58,이루온,2150,2210,1970
2018-09-13 오후 1:59:58,이루온,2145,2210,1970
2018-09-13 오후 1:59:59,이루온,2150,2210,1970
2018-09-13 오후 1:59:59,이루온,2150,2210,1970
2018-09-13 오후 1:59:59,이루온,2145,2210,1970
2018-09-13 오후 1:59:59,이루온,2145,2210,1970
2018-09-13 오후 1:59:59,이루온,2145,2210,1970
2018-09-13 오후 1:59:59,이루온,2145,2210,1970
2018-09-13 오후 1:59:59,이루온,2145,2210,1970
2018-09-13 오후 1:59:59,이루온,2145,2210,1970
2018-09-13 오후 1:59:59,이루온,2150,2210,1970
2018-09-13 오후 1:59:59,이루온,2150,2210,1970
2018-09-13 오후 2:00:00,이루온,2145,2210,1970
2018-09-13 오후 2:00:00,이루온,2140,2210,1970
2018-09-13 오후 2:00:00,이루온,2150,2210,1970
2018-09-13 오후 2:00:00,이루온,2145,2210,1970
2018-09-13 오후 2:00:00,이루온,2140,2210,1970
2018-09-13 오후 2:00:00,이루온,2140,2210,1970
2018-09-13 오후 2:00:01,이루온,2135,2210,1970
2018-09-13 오후 2:00:01,이루온,2140,2210,1970
2018-09-13 오후 2:00:01,이루온,2140,2210,1970
2018-09-13 오후 2:00:01,이루온,2140,2210,1970
2018-09-13 오후 2:00:01,이루온,2140,2210,1970
2018-09-13 오후 2:00:01,이루온,2135,2210,1970
2018-09-13 오후 2:00:01,이루온,2130,2210,1970
2018-09-13 오후 2:00:01,이루온,2125,2210,1970
2018-09-13 오후 2:00:01,이루온,2120,2210,1970
2018-09-13 오후 2:00:02,이루온,2140,2210,1970
2018-09-13 오후 2:00:02,이루온,2130,2210,1970
2018-09-13 오후 2:00:02,이루온,2135,2210,1970
2018-09-13 오후 2:00:02,이루온,2140,2210,1970
2018-09-13 오후 2:00:02,이루온,2130,2210,1970
2018-09-13 오후 2:00:02,이루온,2120,2210,1970
2018-09-13 오후 2:00:02,이루온,2140,2210,1970
2018-09-13 오후 2:00:03,이루온,2135,2210,1970
2018-09-13 오후 2:00:03,이루온,2135,2210,1970
2018-09-13 오후 2:00:03,이루온,2135,2210,1970
2018-09-13 오후 2:00:03,이루온,2135,2210,1970
2018-09-13 오후 2:00:03,이루온,2135,2210,1970
2018-09-13 오후 2:00:03,이루온,2135,2210,1970
2018-09-13 오후 2:00:03,이루온,2125,2210,1970
2018-09-13 오후 2:00:03,이루온,2135,2210,1970
2018-09-13 오후 2:00:03,이루온,2135,2210,1970
2018-09-13 오후 2:00:03,이루온,2130,2210,1970
2018-09-13 오후 2:00:04,이루온,2130,2210,1970
2018-09-13 오후 2:00:04,이루온,2125,2210,1970
2018-09-13 오후 2:00:04,이루온,2125,2210,1970
2018-09-13 오후 2:00:04,이루온,2130,2210,1970
2018-09-13 오후 2:00:04,이루온,2130,2210,1970
2018-09-13 오후 2:00:04,이루온,2130,2210,1970
2018-09-13 오후 2:00:05,이루온,2130,2210,1970
2018-09-13 오후 2:00:05,이루온,2130,2210,1970
2018-09-13 오후 2:00:05,이루온,2130,2210,1970
2018-09-13 오후 2:00:05,이루온,2125,2210,1970
2018-09-13 오후 2:00:05,이루온,2130,2210,1970
2018-09-13 오후 2:00:05,이루온,2130,2210,1970
2018-09-13 오후 2:00:05,이루온,2130,2210,1970
2018-09-13 오후 2:00:05,이루온,2130,2210,1970
2018-09-13 오후 2:00:05,이루온,2130,2210,1970
2018-09-13 오후 2:00:05,이루온,2125,2210,1970
2018-09-13 오후 2:00:05,이루온,2120,2210,1970
2018-09-13 오후 2:00:05,이루온,2115,2210,1970
2018-09-13 오후 2:00:05,이루온,2110,2210,1970
