2018-09-13 오후 1:47:42,네오디안테크놀로지,2400,2410,2205
2018-09-13 오후 1:47:42,네오디안테크놀로지,2410,2410,2205
2018-09-13 오후 1:47:42,네오디안테크놀로지,2410,2410,2205
2018-09-13 오후 1:47:42,네오디안테크놀로지,2410,2410,2205
2018-09-13 오후 1:47:46,네오디안테크놀로지,2410,2410,2205
2018-09-13 오후 1:47:47,네오디안테크놀로지,2410,2410,2205
2018-09-13 오후 1:47:51,네오디안테크놀로지,2410,2410,2205
2018-09-13 오후 1:48:00,네오디안테크놀로지,2410,2410,2205
2018-09-13 오후 1:48:05,네오디안테크놀로지,2410,2410,2205
2018-09-13 오후 1:48:06,네오디안테크놀로지,2410,2410,2205
2018-09-13 오후 1:48:07,네오디안테크놀로지,2410,2410,2205
2018-09-13 오후 1:48:15,네오디안테크놀로지,2410,2410,2205
2018-09-13 오후 1:48:20,네오디안테크놀로지,2410,2410,2205
2018-09-13 오후 1:48:20,네오디안테크놀로지,2410,2410,2205
2018-09-13 오후 1:48:21,네오디안테크놀로지,2415,2415,2205
2018-09-13 오후 1:48:24,네오디안테크놀로지,2415,2415,2205
2018-09-13 오후 1:48:25,네오디안테크놀로지,2415,2415,2205
2018-09-13 오후 1:48:25,네오디안테크놀로지,2410,2415,2205
2018-09-13 오후 1:48:25,네오디안테크놀로지,2410,2415,2205
2018-09-13 오후 1:48:27,네오디안테크놀로지,2410,2415,2205
2018-09-13 오후 1:48:37,네오디안테크놀로지,2410,2415,2205
2018-09-13 오후 1:48:41,네오디안테크놀로지,2410,2415,2205
2018-09-13 오후 1:48:43,네오디안테크놀로지,2410,2415,2205
2018-09-13 오후 1:48:49,네오디안테크놀로지,2410,2415,2205
2018-09-13 오후 1:48:49,네오디안테크놀로지,2415,2415,2205
2018-09-13 오후 1:48:49,네오디안테크놀로지,2420,2420,2205
2018-09-13 오후 1:48:53,네오디안테크놀로지,2415,2420,2205
2018-09-13 오후 1:48:54,네오디안테크놀로지,2415,2420,2205
2018-09-13 오후 1:49:03,네오디안테크놀로지,2415,2420,2205
2018-09-13 오후 1:49:03,네오디안테크놀로지,2415,2420,2205
2018-09-13 오후 1:49:04,네오디안테크놀로지,2410,2420,2205
2018-09-13 오후 1:49:12,네오디안테크놀로지,2415,2420,2205
2018-09-13 오후 1:49:14,네오디안테크놀로지,2410,2420,2205
2018-09-13 오후 1:49:15,네오디안테크놀로지,2415,2420,2205
2018-09-13 오후 1:49:17,네오디안테크놀로지,2415,2420,2205
2018-09-13 오후 1:49:17,네오디안테크놀로지,2420,2420,2205
2018-09-13 오후 1:49:18,네오디안테크놀로지,2415,2420,2205
2018-09-13 오후 1:49:19,네오디안테크놀로지,2410,2420,2205
2018-09-13 오후 1:49:19,네오디안테크놀로지,2415,2420,2205
2018-09-13 오후 1:49:26,네오디안테크놀로지,2410,2420,2205
2018-09-13 오후 1:49:27,네오디안테크놀로지,2410,2420,2205
2018-09-13 오후 1:49:32,네오디안테크놀로지,2410,2420,2205
2018-09-13 오후 1:49:32,네오디안테크놀로지,2415,2420,2205
2018-09-13 오후 1:49:35,네오디안테크놀로지,2405,2420,2205
2018-09-13 오후 1:49:36,네오디안테크놀로지,2410,2420,2205
2018-09-13 오후 1:49:37,네오디안테크놀로지,2410,2420,2205
2018-09-13 오후 1:49:52,네오디안테크놀로지,2410,2420,2205
2018-09-13 오후 1:49:55,네오디안테크놀로지,2405,2420,2205
2018-09-13 오후 1:49:56,네오디안테크놀로지,2405,2420,2205
2018-09-13 오후 1:49:56,네오디안테크놀로지,2410,2420,2205
2018-09-13 오후 1:49:56,네오디안테크놀로지,2405,2420,2205
2018-09-13 오후 1:49:56,네오디안테크놀로지,2405,2420,2205
2018-09-13 오후 1:50:01,네오디안테크놀로지,2405,2420,2205
2018-09-13 오후 1:50:04,네오디안테크놀로지,2405,2420,2205
2018-09-13 오후 1:50:04,네오디안테크놀로지,2400,2420,2205
2018-09-13 오후 1:50:05,네오디안테크놀로지,2400,2420,2205
2018-09-13 오후 1:50:06,네오디안테크놀로지,2400,2420,2205
2018-09-13 오후 1:50:07,네오디안테크놀로지,2400,2420,2205
2018-09-13 오후 1:50:10,네오디안테크놀로지,2400,2420,2205
2018-09-13 오후 1:50:14,네오디안테크놀로지,2400,2420,2205
2018-09-13 오후 1:50:16,네오디안테크놀로지,2400,2420,2205
2018-09-13 오후 1:50:17,네오디안테크놀로지,2400,2420,2205
2018-09-13 오후 1:50:20,네오디안테크놀로지,2400,2420,2205
2018-09-13 오후 1:50:25,네오디안테크놀로지,2405,2420,2205
2018-09-13 오후 1:50:26,네오디안테크놀로지,2405,2420,2205
2018-09-13 오후 1:50:29,네오디안테크놀로지,2405,2420,2205
2018-09-13 오후 1:50:29,네오디안테크놀로지,2405,2420,2205
2018-09-13 오후 1:50:29,네오디안테크놀로지,2405,2420,2205
2018-09-13 오후 1:50:31,네오디안테크놀로지,2405,2420,2205
2018-09-13 오후 1:50:31,네오디안테크놀로지,2405,2420,2205
2018-09-13 오후 1:50:32,네오디안테크놀로지,2405,2420,2205
2018-09-13 오후 1:50:32,네오디안테크놀로지,2405,2420,2205
2018-09-13 오후 1:50:32,네오디안테크놀로지,2405,2420,2205
2018-09-13 오후 1:50:32,네오디안테크놀로지,2405,2420,2205
2018-09-13 오후 1:50:32,네오디안테크놀로지,2405,2420,2205
2018-09-13 오후 1:50:47,네오디안테크놀로지,2400,2420,2205
2018-09-13 오후 1:50:49,네오디안테크놀로지,2405,2420,2205
2018-09-13 오후 1:50:51,네오디안테크놀로지,2405,2420,2205
2018-09-13 오후 1:50:51,네오디안테크놀로지,2405,2420,2205
2018-09-13 오후 1:50:56,네오디안테크놀로지,2405,2420,2205
2018-09-13 오후 1:50:57,네오디안테크놀로지,2400,2420,2205
2018-09-13 오후 1:50:57,네오디안테크놀로지,2395,2420,2205
2018-09-13 오후 1:50:57,네오디안테크놀로지,2390,2420,2205
2018-09-13 오후 1:50:58,네오디안테크놀로지,2400,2420,2205
2018-09-13 오후 1:50:58,네오디안테크놀로지,2405,2420,2205
2018-09-13 오후 1:51:17,네오디안테크놀로지,2405,2420,2205
2018-09-13 오후 1:51:17,네오디안테크놀로지,2405,2420,2205
2018-09-13 오후 1:51:21,네오디안테크놀로지,2410,2420,2205
2018-09-13 오후 1:51:22,네오디안테크놀로지,2410,2420,2205
2018-09-13 오후 1:51:23,네오디안테크놀로지,2410,2420,2205
2018-09-13 오후 1:51:25,네오디안테크놀로지,2410,2420,2205
2018-09-13 오후 1:51:26,네오디안테크놀로지,2410,2420,2205
2018-09-13 오후 1:51:28,네오디안테크놀로지,2410,2420,2205
2018-09-13 오후 1:51:38,네오디안테크놀로지,2410,2420,2205
2018-09-13 오후 1:52:00,네오디안테크놀로지,2400,2420,2205
2018-09-13 오후 1:52:05,네오디안테크놀로지,2405,2420,2205
2018-09-13 오후 1:52:08,네오디안테크놀로지,2405,2420,2205
2018-09-13 오후 1:52:12,네오디안테크놀로지,2405,2420,2205
2018-09-13 오후 1:52:13,네오디안테크놀로지,2405,2420,2205
2018-09-13 오후 1:52:35,네오디안테크놀로지,2405,2420,2205
2018-09-13 오후 1:52:40,네오디안테크놀로지,2405,2420,2205
2018-09-13 오후 1:52:43,네오디안테크놀로지,2405,2420,2205
2018-09-13 오후 1:52:51,네오디안테크놀로지,2405,2420,2205
2018-09-13 오후 1:52:54,네오디안테크놀로지,2405,2420,2205
2018-09-13 오후 1:53:02,네오디안테크놀로지,2400,2420,2205
2018-09-13 오후 1:53:05,네오디안테크놀로지,2400,2420,2205
2018-09-13 오후 1:53:32,네오디안테크놀로지,2400,2420,2205
2018-09-13 오후 1:53:51,네오디안테크놀로지,2400,2420,2205
2018-09-13 오후 1:54:10,네오디안테크놀로지,2400,2420,2205
2018-09-13 오후 1:54:13,네오디안테크놀로지,2390,2420,2205
2018-09-13 오후 1:54:17,네오디안테크놀로지,2390,2420,2205
2018-09-13 오후 1:54:23,네오디안테크놀로지,2390,2420,2205
2018-09-13 오후 1:54:27,네오디안테크놀로지,2390,2420,2205
2018-09-13 오후 1:54:29,네오디안테크놀로지,2400,2420,2205
2018-09-13 오후 1:54:38,네오디안테크놀로지,2400,2420,2205
2018-09-13 오후 1:54:38,네오디안테크놀로지,2400,2420,2205
2018-09-13 오후 1:54:39,네오디안테크놀로지,2400,2420,2205
2018-09-13 오후 1:54:39,네오디안테크놀로지,2400,2420,2205
2018-09-13 오후 1:54:39,네오디안테크놀로지,2400,2420,2205
2018-09-13 오후 1:54:40,네오디안테크놀로지,2400,2420,2205
2018-09-13 오후 1:54:40,네오디안테크놀로지,2400,2420,2205
2018-09-13 오후 1:54:40,네오디안테크놀로지,2400,2420,2205
2018-09-13 오후 1:54:41,네오디안테크놀로지,2400,2420,2205
2018-09-13 오후 1:54:41,네오디안테크놀로지,2400,2420,2205
2018-09-13 오후 1:54:41,네오디안테크놀로지,2400,2420,2205
2018-09-13 오후 1:54:42,네오디안테크놀로지,2400,2420,2205
2018-09-13 오후 1:54:42,네오디안테크놀로지,2400,2420,2205
2018-09-13 오후 1:54:42,네오디안테크놀로지,2400,2420,2205
2018-09-13 오후 1:54:42,네오디안테크놀로지,2400,2420,2205
2018-09-13 오후 1:54:43,네오디안테크놀로지,2400,2420,2205
2018-09-13 오후 1:54:43,네오디안테크놀로지,2400,2420,2205
2018-09-13 오후 1:54:43,네오디안테크놀로지,2390,2420,2205
2018-09-13 오후 1:54:43,네오디안테크놀로지,2400,2420,2205
2018-09-13 오후 1:54:44,네오디안테크놀로지,2400,2420,2205
2018-09-13 오후 1:54:44,네오디안테크놀로지,2400,2420,2205
2018-09-13 오후 1:54:44,네오디안테크놀로지,2400,2420,2205
2018-09-13 오후 1:54:44,네오디안테크놀로지,2400,2420,2205
2018-09-13 오후 1:54:45,네오디안테크놀로지,2400,2420,2205
2018-09-13 오후 1:54:45,네오디안테크놀로지,2400,2420,2205
2018-09-13 오후 1:54:45,네오디안테크놀로지,2400,2420,2205
2018-09-13 오후 1:54:46,네오디안테크놀로지,2400,2420,2205
2018-09-13 오후 1:54:46,네오디안테크놀로지,2400,2420,2205
2018-09-13 오후 1:54:46,네오디안테크놀로지,2400,2420,2205
2018-09-13 오후 1:54:47,네오디안테크놀로지,2400,2420,2205
2018-09-13 오후 1:54:47,네오디안테크놀로지,2400,2420,2205
2018-09-13 오후 1:54:48,네오디안테크놀로지,2400,2420,2205
2018-09-13 오후 1:54:48,네오디안테크놀로지,2400,2420,2205
2018-09-13 오후 1:54:49,네오디안테크놀로지,2400,2420,2205
2018-09-13 오후 1:54:49,네오디안테크놀로지,2400,2420,2205
2018-09-13 오후 1:54:49,네오디안테크놀로지,2400,2420,2205
2018-09-13 오후 1:54:49,네오디안테크놀로지,2400,2420,2205
2018-09-13 오후 1:54:49,네오디안테크놀로지,2400,2420,2205
2018-09-13 오후 1:54:50,네오디안테크놀로지,2400,2420,2205
2018-09-13 오후 1:54:50,네오디안테크놀로지,2400,2420,2205
2018-09-13 오후 1:54:51,네오디안테크놀로지,2400,2420,2205
2018-09-13 오후 1:54:52,네오디안테크놀로지,2400,2420,2205
2018-09-13 오후 1:54:53,네오디안테크놀로지,2400,2420,2205
2018-09-13 오후 1:54:53,네오디안테크놀로지,2400,2420,2205
2018-09-13 오후 1:54:53,네오디안테크놀로지,2400,2420,2205
2018-09-13 오후 1:54:54,네오디안테크놀로지,2400,2420,2205
2018-09-13 오후 1:54:55,네오디안테크놀로지,2400,2420,2205
2018-09-13 오후 1:54:56,네오디안테크놀로지,2400,2420,2205
2018-09-13 오후 1:54:56,네오디안테크놀로지,2400,2420,2205
2018-09-13 오후 1:55:03,네오디안테크놀로지,2400,2420,2205
2018-09-13 오후 1:55:03,네오디안테크놀로지,2400,2420,2205
2018-09-13 오후 1:55:04,네오디안테크놀로지,2400,2420,2205
2018-09-13 오후 1:55:04,네오디안테크놀로지,2400,2420,2205
2018-09-13 오후 1:55:05,네오디안테크놀로지,2400,2420,2205
2018-09-13 오후 1:55:05,네오디안테크놀로지,2400,2420,2205
2018-09-13 오후 1:55:06,네오디안테크놀로지,2400,2420,2205
2018-09-13 오후 1:55:07,네오디안테크놀로지,2400,2420,2205
2018-09-13 오후 1:55:15,네오디안테크놀로지,2400,2420,2205
2018-09-13 오후 1:55:19,네오디안테크놀로지,2400,2420,2205
2018-09-13 오후 1:55:21,네오디안테크놀로지,2400,2420,2205
2018-09-13 오후 1:55:21,네오디안테크놀로지,2400,2420,2205
2018-09-13 오후 1:55:22,네오디안테크놀로지,2405,2420,2205
2018-09-13 오후 1:55:38,네오디안테크놀로지,2400,2420,2205
2018-09-13 오후 1:55:38,네오디안테크놀로지,2405,2420,2205
2018-09-13 오후 1:55:56,네오디안테크놀로지,2405,2420,2205
2018-09-13 오후 1:55:59,네오디안테크놀로지,2405,2420,2205
2018-09-13 오후 1:56:03,네오디안테크놀로지,2390,2420,2205
2018-09-13 오후 1:56:06,네오디안테크놀로지,2405,2420,2205
2018-09-13 오후 1:56:42,네오디안테크놀로지,2400,2420,2205
2018-09-13 오후 1:56:59,네오디안테크놀로지,2400,2420,2205
2018-09-13 오후 1:56:59,네오디안테크놀로지,2400,2420,2205
2018-09-13 오후 1:57:01,네오디안테크놀로지,2395,2420,2205
2018-09-13 오후 1:57:01,네오디안테크놀로지,2390,2420,2205
2018-09-13 오후 1:57:04,네오디안테크놀로지,2400,2420,2205
2018-09-13 오후 1:57:05,네오디안테크놀로지,2390,2420,2205
2018-09-13 오후 1:57:06,네오디안테크놀로지,2400,2420,2205
2018-09-13 오후 1:57:12,네오디안테크놀로지,2400,2420,2205
2018-09-13 오후 1:57:19,네오디안테크놀로지,2400,2420,2205
2018-09-13 오후 1:57:31,네오디안테크놀로지,2400,2420,2205
2018-09-13 오후 1:57:44,네오디안테크놀로지,2400,2420,2205
2018-09-13 오후 1:57:50,네오디안테크놀로지,2400,2420,2205
2018-09-13 오후 1:57:55,네오디안테크놀로지,2400,2420,2205
2018-09-13 오후 1:58:02,네오디안테크놀로지,2400,2420,2205
2018-09-13 오후 1:58:02,네오디안테크놀로지,2400,2420,2205
2018-09-13 오후 1:58:03,네오디안테크놀로지,2400,2420,2205
2018-09-13 오후 1:58:04,네오디안테크놀로지,2405,2420,2205
2018-09-13 오후 1:58:15,네오디안테크놀로지,2400,2420,2205
2018-09-13 오후 1:58:17,네오디안테크놀로지,2400,2420,2205
2018-09-13 오후 1:58:41,네오디안테크놀로지,2395,2420,2205
2018-09-13 오후 1:58:44,네오디안테크놀로지,2400,2420,2205
2018-09-13 오후 1:58:49,네오디안테크놀로지,2400,2420,2205
2018-09-13 오후 1:59:09,네오디안테크놀로지,2400,2420,2205
2018-09-13 오후 1:59:24,네오디안테크놀로지,2400,2420,2205
2018-09-13 오후 1:59:27,네오디안테크놀로지,2400,2420,2205
2018-09-13 오후 1:59:34,네오디안테크놀로지,2395,2420,2205
2018-09-13 오후 1:59:43,네오디안테크놀로지,2400,2420,2205
2018-09-13 오후 1:59:46,네오디안테크놀로지,2395,2420,2205
2018-09-13 오후 1:59:47,네오디안테크놀로지,2400,2420,2205
2018-09-13 오후 1:59:53,네오디안테크놀로지,2400,2420,2205
2018-09-13 오후 1:59:55,네오디안테크놀로지,2395,2420,2205
2018-09-13 오후 1:59:57,네오디안테크놀로지,2400,2420,2205
2018-09-13 오후 1:59:57,네오디안테크놀로지,2390,2420,2205
2018-09-13 오후 1:59:58,네오디안테크놀로지,2400,2420,2205
2018-09-13 오후 2:00:02,네오디안테크놀로지,2400,2420,2205
2018-09-13 오후 2:00:08,네오디안테크놀로지,2400,2420,2205
2018-09-13 오후 2:00:10,네오디안테크놀로지,2390,2420,2205
2018-09-13 오후 2:00:10,네오디안테크놀로지,2385,2420,2205
2018-09-13 오후 2:00:10,네오디안테크놀로지,2385,2420,2205
2018-09-13 오후 2:00:18,네오디안테크놀로지,2395,2420,2205
2018-09-13 오후 2:00:18,네오디안테크놀로지,2380,2420,2205
2018-09-13 오후 2:00:18,네오디안테크놀로지,2375,2420,2205
2018-09-13 오후 2:00:18,네오디안테크놀로지,2370,2420,2205
2018-09-13 오후 2:00:19,네오디안테크놀로지,2395,2420,2205
2018-09-13 오후 2:00:21,네오디안테크놀로지,2395,2420,2205
2018-09-13 오후 2:00:32,네오디안테크놀로지,2370,2420,2205
2018-09-13 오후 2:01:03,네오디안테크놀로지,2385,2420,2205
2018-09-13 오후 2:01:04,네오디안테크놀로지,2385,2420,2205
2018-09-13 오후 2:01:05,네오디안테크놀로지,2385,2420,2205
2018-09-13 오후 2:01:12,네오디안테크놀로지,2370,2420,2205
2018-09-13 오후 2:01:19,네오디안테크놀로지,2385,2420,2205
2018-09-13 오후 2:01:33,네오디안테크놀로지,2370,2420,2205
2018-09-13 오후 2:01:42,네오디안테크놀로지,2385,2420,2205
2018-09-13 오후 2:01:53,네오디안테크놀로지,2370,2420,2205
2018-09-13 오후 2:02:00,네오디안테크놀로지,2385,2420,2205
2018-09-13 오후 2:02:00,네오디안테크놀로지,2385,2420,2205
2018-09-13 오후 2:02:02,네오디안테크놀로지,2385,2420,2205
2018-09-13 오후 2:02:02,네오디안테크놀로지,2385,2420,2205
2018-09-13 오후 2:02:03,네오디안테크놀로지,2385,2420,2205
2018-09-13 오후 2:02:04,네오디안테크놀로지,2385,2420,2205
2018-09-13 오후 2:02:05,네오디안테크놀로지,2385,2420,2205
2018-09-13 오후 2:02:06,네오디안테크놀로지,2385,2420,2205
2018-09-13 오후 2:02:07,네오디안테크놀로지,2385,2420,2205
2018-09-13 오후 2:02:08,네오디안테크놀로지,2385,2420,2205
2018-09-13 오후 2:02:17,네오디안테크놀로지,2385,2420,2205
2018-09-13 오후 2:02:18,네오디안테크놀로지,2385,2420,2205
2018-09-13 오후 2:02:36,네오디안테크놀로지,2385,2420,2205
2018-09-13 오후 2:02:41,네오디안테크놀로지,2370,2420,2205
2018-09-13 오후 2:02:43,네오디안테크놀로지,2385,2420,2205
2018-09-13 오후 2:02:52,네오디안테크놀로지,2385,2420,2205
2018-09-13 오후 2:02:52,네오디안테크놀로지,2385,2420,2205
2018-09-13 오후 2:02:58,네오디안테크놀로지,2370,2420,2205
2018-09-13 오후 2:03:03,네오디안테크놀로지,2385,2420,2205
2018-09-13 오후 2:03:03,네오디안테크놀로지,2385,2420,2205
2018-09-13 오후 2:03:09,네오디안테크놀로지,2385,2420,2205
2018-09-13 오후 2:03:19,네오디안테크놀로지,2385,2420,2205
2018-09-13 오후 2:03:31,네오디안테크놀로지,2380,2420,2205
2018-09-13 오후 2:03:44,네오디안테크놀로지,2380,2420,2205
2018-09-13 오후 2:03:47,네오디안테크놀로지,2375,2420,2205
2018-09-13 오후 2:03:51,네오디안테크놀로지,2375,2420,2205
2018-09-13 오후 2:03:53,네오디안테크놀로지,2375,2420,2205
2018-09-13 오후 2:03:54,네오디안테크놀로지,2370,2420,2205
2018-09-13 오후 2:03:55,네오디안테크놀로지,2370,2420,2205
2018-09-13 오후 2:03:55,네오디안테크놀로지,2375,2420,2205
2018-09-13 오후 2:03:59,네오디안테크놀로지,2375,2420,2205
2018-09-13 오후 2:04:05,네오디안테크놀로지,2375,2420,2205
2018-09-13 오후 2:04:07,네오디안테크놀로지,2375,2420,2205
2018-09-13 오후 2:04:14,네오디안테크놀로지,2375,2420,2205
2018-09-13 오후 2:04:19,네오디안테크놀로지,2375,2420,2205
2018-09-13 오후 2:04:37,네오디안테크놀로지,2370,2420,2205
2018-09-13 오후 2:04:37,네오디안테크놀로지,2370,2420,2205
2018-09-13 오후 2:04:40,네오디안테크놀로지,2365,2420,2205
2018-09-13 오후 2:04:43,네오디안테크놀로지,2365,2420,2205
2018-09-13 오후 2:04:45,네오디안테크놀로지,2365,2420,2205
2018-09-13 오후 2:04:49,네오디안테크놀로지,2375,2420,2205
2018-09-13 오후 2:04:59,네오디안테크놀로지,2375,2420,2205
2018-09-13 오후 2:05:21,네오디안테크놀로지,2370,2420,2205
2018-09-13 오후 2:05:21,네오디안테크놀로지,2365,2420,2205
2018-09-13 오후 2:05:27,네오디안테크놀로지,2375,2420,2205
2018-09-13 오후 2:05:43,네오디안테크놀로지,2375,2420,2205
2018-09-13 오후 2:05:44,네오디안테크놀로지,2375,2420,2205
2018-09-13 오후 2:05:46,네오디안테크놀로지,2375,2420,2205
2018-09-13 오후 2:05:47,네오디안테크놀로지,2375,2420,2205
2018-09-13 오후 2:05:49,네오디안테크놀로지,2375,2420,2205
2018-09-13 오후 2:05:49,네오디안테크놀로지,2365,2420,2205
2018-09-13 오후 2:05:54,네오디안테크놀로지,2375,2420,2205
2018-09-13 오후 2:05:59,네오디안테크놀로지,2365,2420,2205
2018-09-13 오후 2:06:01,네오디안테크놀로지,2375,2420,2205
2018-09-13 오후 2:06:05,네오디안테크놀로지,2370,2420,2205
2018-09-13 오후 2:06:07,네오디안테크놀로지,2375,2420,2205
2018-09-13 오후 2:06:49,네오디안테크놀로지,2365,2420,2205
2018-09-13 오후 2:06:52,네오디안테크놀로지,2365,2420,2205
2018-09-13 오후 2:06:52,네오디안테크놀로지,2375,2420,2205
2018-09-13 오후 2:07:10,네오디안테크놀로지,2365,2420,2205
2018-09-13 오후 2:07:10,네오디안테크놀로지,2360,2420,2205
2018-09-13 오후 2:07:12,네오디안테크놀로지,2365,2420,2205
2018-09-13 오후 2:07:12,네오디안테크놀로지,2360,2420,2205
2018-09-13 오후 2:07:13,네오디안테크놀로지,2365,2420,2205
2018-09-13 오후 2:07:20,네오디안테크놀로지,2365,2420,2205
2018-09-13 오후 2:07:21,네오디안테크놀로지,2365,2420,2205
2018-09-13 오후 2:07:27,네오디안테크놀로지,2365,2420,2205
2018-09-13 오후 2:07:28,네오디안테크놀로지,2365,2420,2205
2018-09-13 오후 2:07:30,네오디안테크놀로지,2370,2420,2205
2018-09-13 오후 2:07:31,네오디안테크놀로지,2370,2420,2205
2018-09-13 오후 2:07:34,네오디안테크놀로지,2360,2420,2205
2018-09-13 오후 2:07:35,네오디안테크놀로지,2370,2420,2205
2018-09-13 오후 2:08:35,네오디안테크놀로지,2370,2420,2205
2018-09-13 오후 2:08:38,네오디안테크놀로지,2370,2420,2205
2018-09-13 오후 2:08:39,네오디안테크놀로지,2370,2420,2205
2018-09-13 오후 2:08:39,네오디안테크놀로지,2370,2420,2205
2018-09-13 오후 2:08:54,네오디안테크놀로지,2365,2420,2205
2018-09-13 오후 2:08:54,네오디안테크놀로지,2360,2420,2205
2018-09-13 오후 2:08:56,네오디안테크놀로지,2370,2420,2205
2018-09-13 오후 2:09:14,네오디안테크놀로지,2365,2420,2205
2018-09-13 오후 2:09:22,네오디안테크놀로지,2365,2420,2205
2018-09-13 오후 2:09:23,네오디안테크놀로지,2365,2420,2205
2018-09-13 오후 2:09:30,네오디안테크놀로지,2370,2420,2205
2018-09-13 오후 2:09:30,네오디안테크놀로지,2370,2420,2205
2018-09-13 오후 2:09:33,네오디안테크놀로지,2370,2420,2205
2018-09-13 오후 2:09:37,네오디안테크놀로지,2370,2420,2205
2018-09-13 오후 2:09:41,네오디안테크놀로지,2370,2420,2205
2018-09-13 오후 2:09:42,네오디안테크놀로지,2370,2420,2205
2018-09-13 오후 2:09:43,네오디안테크놀로지,2375,2420,2205
2018-09-13 오후 2:09:46,네오디안테크놀로지,2375,2420,2205
2018-09-13 오후 2:09:52,네오디안테크놀로지,2375,2420,2205
2018-09-13 오후 2:09:59,네오디안테크놀로지,2375,2420,2205
2018-09-13 오후 2:10:02,네오디안테크놀로지,2370,2420,2205
2018-09-13 오후 2:10:03,네오디안테크놀로지,2375,2420,2205
2018-09-13 오후 2:10:15,네오디안테크놀로지,2375,2420,2205
2018-09-13 오후 2:10:23,네오디안테크놀로지,2375,2420,2205
2018-09-13 오후 2:10:27,네오디안테크놀로지,2375,2420,2205
2018-09-13 오후 2:10:27,네오디안테크놀로지,2380,2420,2205
2018-09-13 오후 2:10:32,네오디안테크놀로지,2380,2420,2205
2018-09-13 오후 2:10:37,네오디안테크놀로지,2380,2420,2205
2018-09-13 오후 2:10:39,네오디안테크놀로지,2380,2420,2205
2018-09-13 오후 2:10:41,네오디안테크놀로지,2380,2420,2205
2018-09-13 오후 2:10:45,네오디안테크놀로지,2385,2420,2205
2018-09-13 오후 2:10:50,네오디안테크놀로지,2385,2420,2205
2018-09-13 오후 2:11:33,네오디안테크놀로지,2380,2420,2205
2018-09-13 오후 2:11:33,네오디안테크놀로지,2380,2420,2205
2018-09-13 오후 2:11:38,네오디안테크놀로지,2380,2420,2205
2018-09-13 오후 2:11:39,네오디안테크놀로지,2385,2420,2205
2018-09-13 오후 2:11:50,네오디안테크놀로지,2385,2420,2205
2018-09-13 오후 2:12:40,네오디안테크놀로지,2380,2420,2205
2018-09-13 오후 2:12:41,네오디안테크놀로지,2385,2420,2205
2018-09-13 오후 2:12:44,네오디안테크놀로지,2385,2420,2205
2018-09-13 오후 2:12:47,네오디안테크놀로지,2385,2420,2205
2018-09-13 오후 2:12:47,네오디안테크놀로지,2385,2420,2205
2018-09-13 오후 2:12:48,네오디안테크놀로지,2385,2420,2205
2018-09-13 오후 2:12:48,네오디안테크놀로지,2385,2420,2205
2018-09-13 오후 2:12:50,네오디안테크놀로지,2385,2420,2205
2018-09-13 오후 2:12:50,네오디안테크놀로지,2385,2420,2205
2018-09-13 오후 2:12:52,네오디안테크놀로지,2390,2420,2205
2018-09-13 오후 2:12:53,네오디안테크놀로지,2385,2420,2205
2018-09-13 오후 2:12:53,네오디안테크놀로지,2385,2420,2205
2018-09-13 오후 2:12:55,네오디안테크놀로지,2390,2420,2205
2018-09-13 오후 2:13:00,네오디안테크놀로지,2385,2420,2205
2018-09-13 오후 2:13:01,네오디안테크놀로지,2385,2420,2205
2018-09-13 오후 2:13:09,네오디안테크놀로지,2385,2420,2205
2018-09-13 오후 2:13:26,네오디안테크놀로지,2385,2420,2205
2018-09-13 오후 2:13:29,네오디안테크놀로지,2390,2420,2205
2018-09-13 오후 2:13:30,네오디안테크놀로지,2385,2420,2205
2018-09-13 오후 2:13:31,네오디안테크놀로지,2390,2420,2205
2018-09-13 오후 2:13:39,네오디안테크놀로지,2385,2420,2205
2018-09-13 오후 2:13:48,네오디안테크놀로지,2385,2420,2205
2018-09-13 오후 2:13:49,네오디안테크놀로지,2390,2420,2205
2018-09-13 오후 2:13:57,네오디안테크놀로지,2385,2420,2205
2018-09-13 오후 2:13:58,네오디안테크놀로지,2385,2420,2205
2018-09-13 오후 2:13:59,네오디안테크놀로지,2390,2420,2205
2018-09-13 오후 2:14:02,네오디안테크놀로지,2385,2420,2205
2018-09-13 오후 2:14:02,네오디안테크놀로지,2385,2420,2205
2018-09-13 오후 2:14:04,네오디안테크놀로지,2390,2420,2205
2018-09-13 오후 2:14:51,네오디안테크놀로지,2390,2420,2205
2018-09-13 오후 2:14:53,네오디안테크놀로지,2390,2420,2205
2018-09-13 오후 2:15:39,네오디안테크놀로지,2390,2420,2205
2018-09-13 오후 2:15:42,네오디안테크놀로지,2390,2420,2205
2018-09-13 오후 2:15:45,네오디안테크놀로지,2390,2420,2205
2018-09-13 오후 2:15:49,네오디안테크놀로지,2390,2420,2205
2018-09-13 오후 2:15:52,네오디안테크놀로지,2390,2420,2205
2018-09-13 오후 2:15:53,네오디안테크놀로지,2390,2420,2205
2018-09-13 오후 2:16:01,네오디안테크놀로지,2390,2420,2205
2018-09-13 오후 2:16:05,네오디안테크놀로지,2390,2420,2205
2018-09-13 오후 2:16:08,네오디안테크놀로지,2390,2420,2205
2018-09-13 오후 2:16:40,네오디안테크놀로지,2390,2420,2205
2018-09-13 오후 2:16:52,네오디안테크놀로지,2390,2420,2205
2018-09-13 오후 2:17:31,네오디안테크놀로지,2390,2420,2205
2018-09-13 오후 2:17:50,네오디안테크놀로지,2390,2420,2205
2018-09-13 오후 2:17:53,네오디안테크놀로지,2390,2420,2205
2018-09-13 오후 2:18:02,네오디안테크놀로지,2380,2420,2205
2018-09-13 오후 2:18:04,네오디안테크놀로지,2380,2420,2205
2018-09-13 오후 2:18:04,네오디안테크놀로지,2380,2420,2205
2018-09-13 오후 2:18:06,네오디안테크놀로지,2385,2420,2205
2018-09-13 오후 2:18:29,네오디안테크놀로지,2385,2420,2205
2018-09-13 오후 2:18:44,네오디안테크놀로지,2390,2420,2205
2018-09-13 오후 2:19:41,네오디안테크놀로지,2380,2420,2205
2018-09-13 오후 2:19:49,네오디안테크놀로지,2390,2420,2205
2018-09-13 오후 2:20:15,네오디안테크놀로지,2380,2420,2205
2018-09-13 오후 2:20:18,네오디안테크놀로지,2380,2420,2205
2018-09-13 오후 2:20:21,네오디안테크놀로지,2390,2420,2205
2018-09-13 오후 2:20:54,네오디안테크놀로지,2390,2420,2205
2018-09-13 오후 2:21:00,네오디안테크놀로지,2390,2420,2205
2018-09-13 오후 2:21:23,네오디안테크놀로지,2385,2420,2205
2018-09-13 오후 2:21:34,네오디안테크놀로지,2385,2420,2205
2018-09-13 오후 2:21:46,네오디안테크놀로지,2375,2420,2205
2018-09-13 오후 2:21:50,네오디안테크놀로지,2385,2420,2205
2018-09-13 오후 2:21:54,네오디안테크놀로지,2385,2420,2205
2018-09-13 오후 2:21:59,네오디안테크놀로지,2385,2420,2205
2018-09-13 오후 2:22:12,네오디안테크놀로지,2385,2420,2205
2018-09-13 오후 2:22:30,네오디안테크놀로지,2375,2420,2205
2018-09-13 오후 2:22:31,네오디안테크놀로지,2385,2420,2205
2018-09-13 오후 2:22:38,네오디안테크놀로지,2385,2420,2205
2018-09-13 오후 2:22:50,네오디안테크놀로지,2385,2420,2205
2018-09-13 오후 2:24:39,네오디안테크놀로지,2375,2420,2205
2018-09-13 오후 2:24:39,네오디안테크놀로지,2370,2420,2205
2018-09-13 오후 2:24:49,네오디안테크놀로지,2385,2420,2205
2018-09-13 오후 2:24:55,네오디안테크놀로지,2385,2420,2205
2018-09-13 오후 2:24:57,네오디안테크놀로지,2370,2420,2205
2018-09-13 오후 2:24:59,네오디안테크놀로지,2385,2420,2205
2018-09-13 오후 2:25:05,네오디안테크놀로지,2385,2420,2205
2018-09-13 오후 2:25:06,네오디안테크놀로지,2385,2420,2205
2018-09-13 오후 2:25:08,네오디안테크놀로지,2390,2420,2205
2018-09-13 오후 2:25:14,네오디안테크놀로지,2390,2420,2205
2018-09-13 오후 2:25:41,네오디안테크놀로지,2390,2420,2205
2018-09-13 오후 2:25:47,네오디안테크놀로지,2390,2420,2205
2018-09-13 오후 2:25:50,네오디안테크놀로지,2390,2420,2205
2018-09-13 오후 2:25:51,네오디안테크놀로지,2385,2420,2205
2018-09-13 오후 2:25:52,네오디안테크놀로지,2390,2420,2205
2018-09-13 오후 2:25:56,네오디안테크놀로지,2385,2420,2205
2018-09-13 오후 2:26:06,네오디안테크놀로지,2385,2420,2205
2018-09-13 오후 2:26:28,네오디안테크놀로지,2370,2420,2205
2018-09-13 오후 2:26:32,네오디안테크놀로지,2385,2420,2205
2018-09-13 오후 2:26:37,네오디안테크놀로지,2385,2420,2205
2018-09-13 오후 2:26:48,네오디안테크놀로지,2370,2420,2205
2018-09-13 오후 2:26:49,네오디안테크놀로지,2385,2420,2205
2018-09-13 오후 2:26:54,네오디안테크놀로지,2385,2420,2205
2018-09-13 오후 2:27:01,네오디안테크놀로지,2370,2420,2205
2018-09-13 오후 2:27:01,네오디안테크놀로지,2365,2420,2205
2018-09-13 오후 2:27:01,네오디안테크놀로지,2365,2420,2205
2018-09-13 오후 2:27:01,네오디안테크놀로지,2365,2420,2205
2018-09-13 오후 2:27:03,네오디안테크놀로지,2385,2420,2205
2018-09-13 오후 2:27:16,네오디안테크놀로지,2385,2420,2205
2018-09-13 오후 2:27:30,네오디안테크놀로지,2385,2420,2205
2018-09-13 오후 2:27:39,네오디안테크놀로지,2360,2420,2205
2018-09-13 오후 2:27:41,네오디안테크놀로지,2385,2420,2205
2018-09-13 오후 2:27:49,네오디안테크놀로지,2385,2420,2205
2018-09-13 오후 2:27:57,네오디안테크놀로지,2385,2420,2205
2018-09-13 오후 2:28:37,네오디안테크놀로지,2385,2420,2205
2018-09-13 오후 2:28:40,네오디안테크놀로지,2385,2420,2205
2018-09-13 오후 2:28:53,네오디안테크놀로지,2385,2420,2205
2018-09-13 오후 2:29:01,네오디안테크놀로지,2385,2420,2205
2018-09-13 오후 2:29:22,네오디안테크놀로지,2385,2420,2205
2018-09-13 오후 2:29:42,네오디안테크놀로지,2385,2420,2205
2018-09-13 오후 2:29:49,네오디안테크놀로지,2385,2420,2205
2018-09-13 오후 2:29:58,네오디안테크놀로지,2385,2420,2205
2018-09-13 오후 2:30:00,네오디안테크놀로지,2385,2420,2205
2018-09-13 오후 2:30:23,네오디안테크놀로지,2385,2420,2205
2018-09-13 오후 2:31:04,네오디안테크놀로지,2380,2420,2205
2018-09-13 오후 2:31:29,네오디안테크놀로지,2380,2420,2205
2018-09-13 오후 2:31:30,네오디안테크놀로지,2380,2420,2205
2018-09-13 오후 2:31:31,네오디안테크놀로지,2380,2420,2205
2018-09-13 오후 2:32:01,네오디안테크놀로지,2380,2420,2205
2018-09-13 오후 2:32:04,네오디안테크놀로지,2380,2420,2205
2018-09-13 오후 2:32:07,네오디안테크놀로지,2380,2420,2205
2018-09-13 오후 2:32:10,네오디안테크놀로지,2380,2420,2205
2018-09-13 오후 2:32:12,네오디안테크놀로지,2380,2420,2205
2018-09-13 오후 2:32:13,네오디안테크놀로지,2380,2420,2205
2018-09-13 오후 2:32:15,네오디안테크놀로지,2380,2420,2205
2018-09-13 오후 2:32:18,네오디안테크놀로지,2380,2420,2205
2018-09-13 오후 2:32:38,네오디안테크놀로지,2375,2420,2205
2018-09-13 오후 2:33:05,네오디안테크놀로지,2375,2420,2205
2018-09-13 오후 2:33:09,네오디안테크놀로지,2380,2420,2205
2018-09-13 오후 2:33:13,네오디안테크놀로지,2375,2420,2205
2018-09-13 오후 2:33:13,네오디안테크놀로지,2365,2420,2205
2018-09-13 오후 2:33:13,네오디안테크놀로지,2360,2420,2205
2018-09-13 오후 2:33:14,네오디안테크놀로지,2380,2420,2205
2018-09-13 오후 2:33:17,네오디안테크놀로지,2380,2420,2205
2018-09-13 오후 2:33:53,네오디안테크놀로지,2375,2420,2205
2018-09-13 오후 2:33:53,네오디안테크놀로지,2375,2420,2205
2018-09-13 오후 2:34:14,네오디안테크놀로지,2375,2420,2205
2018-09-13 오후 2:34:42,네오디안테크놀로지,2375,2420,2205
2018-09-13 오후 2:34:44,네오디안테크놀로지,2375,2420,2205
2018-09-13 오후 2:34:55,네오디안테크놀로지,2375,2420,2205
2018-09-13 오후 2:35:02,네오디안테크놀로지,2375,2420,2205
2018-09-13 오후 2:35:06,네오디안테크놀로지,2380,2420,2205
2018-09-13 오후 2:35:24,네오디안테크놀로지,2380,2420,2205
2018-09-13 오후 2:35:28,네오디안테크놀로지,2385,2420,2205
2018-09-13 오후 2:35:36,네오디안테크놀로지,2380,2420,2205
2018-09-13 오후 2:35:39,네오디안테크놀로지,2385,2420,2205
2018-09-13 오후 2:35:45,네오디안테크놀로지,2385,2420,2205
2018-09-13 오후 2:36:10,네오디안테크놀로지,2385,2420,2205
2018-09-13 오후 2:36:25,네오디안테크놀로지,2380,2420,2205
2018-09-13 오후 2:36:40,네오디안테크놀로지,2380,2420,2205
2018-09-13 오후 2:37:06,네오디안테크놀로지,2375,2420,2205
2018-09-13 오후 2:38:15,네오디안테크놀로지,2375,2420,2205
2018-09-13 오후 2:38:30,네오디안테크놀로지,2375,2420,2205
2018-09-13 오후 2:38:34,네오디안테크놀로지,2375,2420,2205
2018-09-13 오후 2:38:37,네오디안테크놀로지,2375,2420,2205
2018-09-13 오후 2:38:53,네오디안테크놀로지,2370,2420,2205
2018-09-13 오후 2:38:53,네오디안테크놀로지,2365,2420,2205
2018-09-13 오후 2:39:00,네오디안테크놀로지,2365,2420,2205
2018-09-13 오후 2:39:03,네오디안테크놀로지,2375,2420,2205
2018-09-13 오후 2:39:07,네오디안테크놀로지,2375,2420,2205
2018-09-13 오후 2:39:12,네오디안테크놀로지,2375,2420,2205
2018-09-13 오후 2:39:27,네오디안테크놀로지,2375,2420,2205
2018-09-13 오후 2:39:55,네오디안테크놀로지,2375,2420,2205
2018-09-13 오후 2:39:56,네오디안테크놀로지,2370,2420,2205
2018-09-13 오후 2:40:05,네오디안테크놀로지,2370,2420,2205
2018-09-13 오후 2:40:10,네오디안테크놀로지,2375,2420,2205
2018-09-13 오후 2:40:21,네오디안테크놀로지,2375,2420,2205
2018-09-13 오후 2:40:22,네오디안테크놀로지,2375,2420,2205
2018-09-13 오후 2:40:24,네오디안테크놀로지,2375,2420,2205
2018-09-13 오후 2:40:24,네오디안테크놀로지,2370,2420,2205
2018-09-13 오후 2:40:25,네오디안테크놀로지,2370,2420,2205
2018-09-13 오후 2:40:31,네오디안테크놀로지,2370,2420,2205
2018-09-13 오후 2:41:24,네오디안테크놀로지,2370,2420,2205
2018-09-13 오후 2:41:28,네오디안테크놀로지,2365,2420,2205
2018-09-13 오후 2:41:29,네오디안테크놀로지,2365,2420,2205
2018-09-13 오후 2:41:29,네오디안테크놀로지,2360,2420,2205
2018-09-13 오후 2:41:34,네오디안테크놀로지,2370,2420,2205
2018-09-13 오후 2:41:42,네오디안테크놀로지,2360,2420,2205
2018-09-13 오후 2:41:51,네오디안테크놀로지,2370,2420,2205
2018-09-13 오후 2:41:51,네오디안테크놀로지,2370,2420,2205
2018-09-13 오후 2:41:59,네오디안테크놀로지,2370,2420,2205
2018-09-13 오후 2:42:00,네오디안테크놀로지,2375,2420,2205
2018-09-13 오후 2:42:06,네오디안테크놀로지,2375,2420,2205
2018-09-13 오후 2:42:06,네오디안테크놀로지,2375,2420,2205
2018-09-13 오후 2:42:10,네오디안테크놀로지,2380,2420,2205
2018-09-13 오후 2:42:32,네오디안테크놀로지,2380,2420,2205
2018-09-13 오후 2:43:11,네오디안테크놀로지,2380,2420,2205
2018-09-13 오후 2:43:28,네오디안테크놀로지,2380,2420,2205
2018-09-13 오후 2:43:30,네오디안테크놀로지,2380,2420,2205
2018-09-13 오후 2:43:47,네오디안테크놀로지,2380,2420,2205
2018-09-13 오후 2:43:47,네오디안테크놀로지,2380,2420,2205
2018-09-13 오후 2:43:52,네오디안테크놀로지,2385,2420,2205
2018-09-13 오후 2:44:09,네오디안테크놀로지,2385,2420,2205
2018-09-13 오후 2:44:42,네오디안테크놀로지,2385,2420,2205
2018-09-13 오후 2:44:44,네오디안테크놀로지,2385,2420,2205
2018-09-13 오후 2:44:45,네오디안테크놀로지,2385,2420,2205
2018-09-13 오후 2:44:45,네오디안테크놀로지,2385,2420,2205
2018-09-13 오후 2:44:52,네오디안테크놀로지,2390,2420,2205
2018-09-13 오후 2:44:52,네오디안테크놀로지,2390,2420,2205
2018-09-13 오후 2:45:00,네오디안테크놀로지,2395,2420,2205
2018-09-13 오후 2:45:00,네오디안테크놀로지,2395,2420,2205
2018-09-13 오후 2:45:34,네오디안테크놀로지,2390,2420,2205
2018-09-13 오후 2:45:35,네오디안테크놀로지,2395,2420,2205
2018-09-13 오후 2:45:35,네오디안테크놀로지,2395,2420,2205
2018-09-13 오후 2:45:38,네오디안테크놀로지,2400,2420,2205
2018-09-13 오후 2:45:38,네오디안테크놀로지,2400,2420,2205
2018-09-13 오후 2:45:40,네오디안테크놀로지,2405,2420,2205
2018-09-13 오후 2:45:46,네오디안테크놀로지,2405,2420,2205
2018-09-13 오후 2:45:46,네오디안테크놀로지,2405,2420,2205
2018-09-13 오후 2:45:50,네오디안테크놀로지,2405,2420,2205
2018-09-13 오후 2:46:32,네오디안테크놀로지,2405,2420,2205
2018-09-13 오후 2:47:17,네오디안테크놀로지,2400,2420,2205
2018-09-13 오후 2:47:19,네오디안테크놀로지,2405,2420,2205
2018-09-13 오후 2:47:19,네오디안테크놀로지,2405,2420,2205
2018-09-13 오후 2:47:21,네오디안테크놀로지,2410,2420,2205
2018-09-13 오후 2:47:24,네오디안테크놀로지,2410,2420,2205
2018-09-13 오후 2:47:27,네오디안테크놀로지,2410,2420,2205
2018-09-13 오후 2:47:34,네오디안테크놀로지,2410,2420,2205
2018-09-13 오후 2:47:49,네오디안테크놀로지,2410,2420,2205
2018-09-13 오후 2:47:50,네오디안테크놀로지,2410,2420,2205
2018-09-13 오후 2:48:03,네오디안테크놀로지,2410,2420,2205
2018-09-13 오후 2:48:32,네오디안테크놀로지,2405,2420,2205
2018-09-13 오후 2:48:33,네오디안테크놀로지,2410,2420,2205
2018-09-13 오후 2:48:36,네오디안테크놀로지,2410,2420,2205
2018-09-13 오후 2:48:39,네오디안테크놀로지,2410,2420,2205
2018-09-13 오후 2:48:42,네오디안테크놀로지,2410,2420,2205
2018-09-13 오후 2:48:49,네오디안테크놀로지,2405,2420,2205
2018-09-13 오후 2:49:13,네오디안테크놀로지,2400,2420,2205
2018-09-13 오후 2:49:13,네오디안테크놀로지,2400,2420,2205
2018-09-13 오후 2:49:17,네오디안테크놀로지,2400,2420,2205
2018-09-13 오후 2:49:17,네오디안테크놀로지,2405,2420,2205
2018-09-13 오후 2:49:34,네오디안테크놀로지,2400,2420,2205
2018-09-13 오후 2:49:40,네오디안테크놀로지,2405,2420,2205
2018-09-13 오후 2:49:48,네오디안테크놀로지,2405,2420,2205
2018-09-13 오후 2:49:53,네오디안테크놀로지,2405,2420,2205
2018-09-13 오후 2:49:57,네오디안테크놀로지,2405,2420,2205
2018-09-13 오후 2:50:00,네오디안테크놀로지,2405,2420,2205
2018-09-13 오후 2:50:05,네오디안테크놀로지,2405,2420,2205
2018-09-13 오후 2:50:09,네오디안테크놀로지,2405,2420,2205
2018-09-13 오후 2:50:24,네오디안테크놀로지,2405,2420,2205
2018-09-13 오후 2:50:40,네오디안테크놀로지,2405,2420,2205
2018-09-13 오후 2:50:52,네오디안테크놀로지,2405,2420,2205
2018-09-13 오후 2:51:19,네오디안테크놀로지,2405,2420,2205
2018-09-13 오후 2:51:22,네오디안테크놀로지,2400,2420,2205
2018-09-13 오후 2:51:30,네오디안테크놀로지,2400,2420,2205
2018-09-13 오후 2:51:53,네오디안테크놀로지,2395,2420,2205
2018-09-13 오후 2:52:09,네오디안테크놀로지,2395,2420,2205
2018-09-13 오후 2:52:12,네오디안테크놀로지,2390,2420,2205
2018-09-13 오후 2:52:16,네오디안테크놀로지,2395,2420,2205
2018-09-13 오후 2:52:39,네오디안테크놀로지,2390,2420,2205
2018-09-13 오후 2:52:43,네오디안테크놀로지,2395,2420,2205
2018-09-13 오후 2:52:44,네오디안테크놀로지,2400,2420,2205
2018-09-13 오후 2:52:47,네오디안테크놀로지,2400,2420,2205
2018-09-13 오후 2:52:49,네오디안테크놀로지,2400,2420,2205
2018-09-13 오후 2:53:21,네오디안테크놀로지,2400,2420,2205
2018-09-13 오후 2:53:30,네오디안테크놀로지,2400,2420,2205
2018-09-13 오후 2:53:49,네오디안테크놀로지,2400,2420,2205
2018-09-13 오후 2:54:08,네오디안테크놀로지,2400,2420,2205
2018-09-13 오후 2:54:13,네오디안테크놀로지,2400,2420,2205
2018-09-13 오후 2:54:16,네오디안테크놀로지,2400,2420,2205
2018-09-13 오후 2:54:25,네오디안테크놀로지,2390,2420,2205
2018-09-13 오후 2:54:28,네오디안테크놀로지,2400,2420,2205
2018-09-13 오후 2:54:41,네오디안테크놀로지,2400,2420,2205
2018-09-13 오후 2:54:54,네오디안테크놀로지,2400,2420,2205
2018-09-13 오후 2:55:14,네오디안테크놀로지,2400,2420,2205
2018-09-13 오후 2:55:36,네오디안테크놀로지,2400,2420,2205
2018-09-13 오후 2:55:42,네오디안테크놀로지,2400,2420,2205
2018-09-13 오후 2:55:52,네오디안테크놀로지,2400,2420,2205
2018-09-13 오후 2:56:05,네오디안테크놀로지,2400,2420,2205
2018-09-13 오후 2:56:19,네오디안테크놀로지,2400,2420,2205
2018-09-13 오후 2:56:22,네오디안테크놀로지,2400,2420,2205
2018-09-13 오후 2:56:37,네오디안테크놀로지,2400,2420,2205
2018-09-13 오후 2:56:51,네오디안테크놀로지,2400,2420,2205
2018-09-13 오후 2:56:54,네오디안테크놀로지,2400,2420,2205
2018-09-13 오후 2:56:58,네오디안테크놀로지,2400,2420,2205
2018-09-13 오후 2:57:04,네오디안테크놀로지,2400,2420,2205
2018-09-13 오후 2:57:09,네오디안테크놀로지,2405,2420,2205
2018-09-13 오후 2:57:14,네오디안테크놀로지,2400,2420,2205
2018-09-13 오후 2:57:22,네오디안테크놀로지,2400,2420,2205
2018-09-13 오후 2:57:23,네오디안테크놀로지,2400,2420,2205
2018-09-13 오후 2:57:40,네오디안테크놀로지,2395,2420,2205
2018-09-13 오후 2:57:42,네오디안테크놀로지,2400,2420,2205
2018-09-13 오후 2:57:43,네오디안테크놀로지,2400,2420,2205
2018-09-13 오후 2:57:54,네오디안테크놀로지,2400,2420,2205
2018-09-13 오후 2:58:09,네오디안테크놀로지,2395,2420,2205
2018-09-13 오후 2:58:09,네오디안테크놀로지,2390,2420,2205
2018-09-13 오후 2:58:10,네오디안테크놀로지,2400,2420,2205
2018-09-13 오후 2:58:51,네오디안테크놀로지,2400,2420,2205
2018-09-13 오후 2:59:41,네오디안테크놀로지,2400,2420,2205
2018-09-13 오후 2:59:49,네오디안테크놀로지,2400,2420,2205
2018-09-13 오후 2:59:57,네오디안테크놀로지,2400,2420,2205
2018-09-13 오후 2:59:59,네오디안테크놀로지,2400,2420,2205
2018-09-13 오후 3:00:27,네오디안테크놀로지,2400,2420,2205
2018-09-13 오후 3:00:35,네오디안테크놀로지,2400,2420,2205
2018-09-13 오후 3:00:55,네오디안테크놀로지,2400,2420,2205
2018-09-13 오후 3:00:57,네오디안테크놀로지,2400,2420,2205
2018-09-13 오후 3:00:59,네오디안테크놀로지,2400,2420,2205
2018-09-13 오후 3:01:07,네오디안테크놀로지,2400,2420,2205
2018-09-13 오후 3:01:50,네오디안테크놀로지,2400,2420,2205
2018-09-13 오후 3:02:52,네오디안테크놀로지,2400,2420,2205
2018-09-13 오후 3:03:28,네오디안테크놀로지,2400,2420,2205
2018-09-13 오후 3:04:06,네오디안테크놀로지,2400,2420,2205
2018-09-13 오후 3:04:07,네오디안테크놀로지,2395,2420,2205
2018-09-13 오후 3:04:10,네오디안테크놀로지,2395,2420,2205
2018-09-13 오후 3:04:16,네오디안테크놀로지,2400,2420,2205
2018-09-13 오후 3:04:57,네오디안테크놀로지,2395,2420,2205
2018-09-13 오후 3:05:00,네오디안테크놀로지,2400,2420,2205
2018-09-13 오후 3:05:20,네오디안테크놀로지,2395,2420,2205
2018-09-13 오후 3:05:20,네오디안테크놀로지,2395,2420,2205
2018-09-13 오후 3:05:21,네오디안테크놀로지,2395,2420,2205
2018-09-13 오후 3:05:23,네오디안테크놀로지,2390,2420,2205
2018-09-13 오후 3:05:30,네오디안테크놀로지,2390,2420,2205
2018-09-13 오후 3:05:30,네오디안테크놀로지,2390,2420,2205
2018-09-13 오후 3:06:11,네오디안테크놀로지,2390,2420,2205
2018-09-13 오후 3:06:11,네오디안테크놀로지,2385,2420,2205
2018-09-13 오후 3:06:27,네오디안테크놀로지,2385,2420,2205
2018-09-13 오후 3:06:38,네오디안테크놀로지,2385,2420,2205
2018-09-13 오후 3:06:44,네오디안테크놀로지,2380,2420,2205
2018-09-13 오후 3:06:44,네오디안테크놀로지,2385,2420,2205
2018-09-13 오후 3:06:44,네오디안테크놀로지,2380,2420,2205
2018-09-13 오후 3:06:59,네오디안테크놀로지,2380,2420,2205
2018-09-13 오후 3:07:04,네오디안테크놀로지,2380,2420,2205
2018-09-13 오후 3:07:08,네오디안테크놀로지,2380,2420,2205
2018-09-13 오후 3:07:09,네오디안테크놀로지,2380,2420,2205
2018-09-13 오후 3:08:03,네오디안테크놀로지,2385,2420,2205
2018-09-13 오후 3:08:06,네오디안테크놀로지,2385,2420,2205
2018-09-13 오후 3:08:10,네오디안테크놀로지,2385,2420,2205
2018-09-13 오후 3:08:19,네오디안테크놀로지,2380,2420,2205
2018-09-13 오후 3:08:36,네오디안테크놀로지,2380,2420,2205
2018-09-13 오후 3:08:37,네오디안테크놀로지,2380,2420,2205
2018-09-13 오후 3:08:37,네오디안테크놀로지,2380,2420,2205
2018-09-13 오후 3:08:45,네오디안테크놀로지,2380,2420,2205
2018-09-13 오후 3:09:30,네오디안테크놀로지,2385,2420,2205
2018-09-13 오후 3:09:44,네오디안테크놀로지,2380,2420,2205
2018-09-13 오후 3:09:56,네오디안테크놀로지,2385,2420,2205
2018-09-13 오후 3:10:49,네오디안테크놀로지,2380,2420,2205
2018-09-13 오후 3:10:55,네오디안테크놀로지,2385,2420,2205
2018-09-13 오후 3:11:32,네오디안테크놀로지,2385,2420,2205
2018-09-13 오후 3:11:35,네오디안테크놀로지,2385,2420,2205
2018-09-13 오후 3:11:35,네오디안테크놀로지,2380,2420,2205
2018-09-13 오후 3:11:37,네오디안테크놀로지,2395,2420,2205
2018-09-13 오후 3:12:13,네오디안테크놀로지,2395,2420,2205
2018-09-13 오후 3:12:16,네오디안테크놀로지,2385,2420,2205
2018-09-13 오후 3:12:20,네오디안테크놀로지,2385,2420,2205
2018-09-13 오후 3:12:22,네오디안테크놀로지,2395,2420,2205
2018-09-13 오후 3:12:26,네오디안테크놀로지,2385,2420,2205
2018-09-13 오후 3:12:36,네오디안테크놀로지,2385,2420,2205
2018-09-13 오후 3:12:37,네오디안테크놀로지,2395,2420,2205
2018-09-13 오후 3:12:44,네오디안테크놀로지,2385,2420,2205
2018-09-13 오후 3:13:11,네오디안테크놀로지,2385,2420,2205
2018-09-13 오후 3:13:31,네오디안테크놀로지,2395,2420,2205
2018-09-13 오후 3:13:37,네오디안테크놀로지,2395,2420,2205
2018-09-13 오후 3:13:43,네오디안테크놀로지,2385,2420,2205
2018-09-13 오후 3:14:11,네오디안테크놀로지,2390,2420,2205
2018-09-13 오후 3:14:14,네오디안테크놀로지,2395,2420,2205
2018-09-13 오후 3:14:19,네오디안테크놀로지,2395,2420,2205
2018-09-13 오후 3:14:30,네오디안테크놀로지,2390,2420,2205
2018-09-13 오후 3:14:36,네오디안테크놀로지,2390,2420,2205
2018-09-13 오후 3:14:40,네오디안테크놀로지,2390,2420,2205
2018-09-13 오후 3:14:46,네오디안테크놀로지,2390,2420,2205
2018-09-13 오후 3:15:17,네오디안테크놀로지,2390,2420,2205
2018-09-13 오후 3:15:21,네오디안테크놀로지,2390,2420,2205
2018-09-13 오후 3:15:39,네오디안테크놀로지,2385,2420,2205
2018-09-13 오후 3:15:46,네오디안테크놀로지,2390,2420,2205
2018-09-13 오후 3:15:48,네오디안테크놀로지,2390,2420,2205
2018-09-13 오후 3:15:52,네오디안테크놀로지,2390,2420,2205
2018-09-13 오후 3:16:01,네오디안테크놀로지,2390,2420,2205
2018-09-13 오후 3:16:05,네오디안테크놀로지,2390,2420,2205
2018-09-13 오후 3:16:17,네오디안테크놀로지,2390,2420,2205
2018-09-13 오후 3:16:24,네오디안테크놀로지,2390,2420,2205
2018-09-13 오후 3:16:57,네오디안테크놀로지,2385,2420,2205
2018-09-13 오후 3:17:02,네오디안테크놀로지,2385,2420,2205
2018-09-13 오후 3:17:05,네오디안테크놀로지,2390,2420,2205
2018-09-13 오후 3:17:13,네오디안테크놀로지,2395,2420,2205
2018-09-13 오후 3:17:36,네오디안테크놀로지,2390,2420,2205
2018-09-13 오후 3:17:37,네오디안테크놀로지,2390,2420,2205
2018-09-13 오후 3:18:01,네오디안테크놀로지,2385,2420,2205
2018-09-13 오후 3:18:01,네오디안테크놀로지,2380,2420,2205
2018-09-13 오후 3:18:06,네오디안테크놀로지,2380,2420,2205
2018-09-13 오후 3:18:26,네오디안테크놀로지,2380,2420,2205
2018-09-13 오후 3:18:32,네오디안테크놀로지,2380,2420,2205
2018-09-13 오후 3:18:32,네오디안테크놀로지,2380,2420,2205
2018-09-13 오후 3:18:36,네오디안테크놀로지,2380,2420,2205
2018-09-13 오후 3:18:40,네오디안테크놀로지,2375,2420,2205
2018-09-13 오후 3:18:40,네오디안테크놀로지,2370,2420,2205
