2018-09-13 오전 9:26:01,새론오토모티브,5540,6470,5300
2018-09-13 오전 9:26:03,새론오토모티브,5530,6470,5300
2018-09-13 오전 9:26:07,새론오토모티브,5540,6470,5300
2018-09-13 오전 9:26:11,새론오토모티브,5540,6470,5300
2018-09-13 오전 9:26:19,새론오토모티브,5530,6470,5300
2018-09-13 오전 9:26:20,새론오토모티브,5540,6470,5300
2018-09-13 오전 9:26:21,새론오토모티브,5540,6470,5300
2018-09-13 오전 9:26:21,새론오토모티브,5530,6470,5300
2018-09-13 오전 9:26:23,새론오토모티브,5540,6470,5300
2018-09-13 오전 9:26:24,새론오토모티브,5540,6470,5300
2018-09-13 오전 9:26:25,새론오토모티브,5530,6470,5300
2018-09-13 오전 9:26:25,새론오토모티브,5530,6470,5300
2018-09-13 오전 9:26:26,새론오토모티브,5540,6470,5300
2018-09-13 오전 9:26:28,새론오토모티브,5530,6470,5300
2018-09-13 오전 9:26:28,새론오토모티브,5530,6470,5300
2018-09-13 오전 9:26:29,새론오토모티브,5530,6470,5300
2018-09-13 오전 9:26:30,새론오토모티브,5530,6470,5300
2018-09-13 오전 9:26:30,새론오토모티브,5520,6470,5300
2018-09-13 오전 9:26:35,새론오토모티브,5530,6470,5300
2018-09-13 오전 9:26:35,새론오토모티브,5520,6470,5300
2018-09-13 오전 9:26:35,새론오토모티브,5520,6470,5300
2018-09-13 오전 9:26:35,새론오토모티브,5520,6470,5300
2018-09-13 오전 9:26:39,새론오토모티브,5520,6470,5300
2018-09-13 오전 9:26:40,새론오토모티브,5520,6470,5300
2018-09-13 오전 9:26:45,새론오토모티브,5530,6470,5300
2018-09-13 오전 9:26:46,새론오토모티브,5530,6470,5300
2018-09-13 오전 9:26:48,새론오토모티브,5530,6470,5300
2018-09-13 오전 9:26:48,새론오토모티브,5530,6470,5300
2018-09-13 오전 9:26:50,새론오토모티브,5520,6470,5300
2018-09-13 오전 9:26:52,새론오토모티브,5520,6470,5300
2018-09-13 오전 9:26:52,새론오토모티브,5520,6470,5300
2018-09-13 오전 9:26:53,새론오토모티브,5520,6470,5300
2018-09-13 오전 9:26:55,새론오토모티브,5520,6470,5300
2018-09-13 오전 9:26:56,새론오토모티브,5530,6470,5300
2018-09-13 오전 9:26:57,새론오토모티브,5520,6470,5300
2018-09-13 오전 9:27:01,새론오토모티브,5520,6470,5300
2018-09-13 오전 9:27:03,새론오토모티브,5520,6470,5300
2018-09-13 오전 9:27:07,새론오토모티브,5520,6470,5300
2018-09-13 오전 9:27:09,새론오토모티브,5520,6470,5300
2018-09-13 오전 9:27:09,새론오토모티브,5520,6470,5300
2018-09-13 오전 9:27:11,새론오토모티브,5520,6470,5300
2018-09-13 오전 9:27:11,새론오토모티브,5520,6470,5300
2018-09-13 오전 9:27:12,새론오토모티브,5520,6470,5300
2018-09-13 오전 9:27:15,새론오토모티브,5520,6470,5300
2018-09-13 오전 9:27:15,새론오토모티브,5510,6470,5300
2018-09-13 오전 9:27:22,새론오토모티브,5510,6470,5300
2018-09-13 오전 9:27:22,새론오토모티브,5510,6470,5300
2018-09-13 오전 9:27:24,새론오토모티브,5510,6470,5300
2018-09-13 오전 9:27:24,새론오토모티브,5510,6470,5300
2018-09-13 오전 9:27:24,새론오토모티브,5510,6470,5300
2018-09-13 오전 9:27:27,새론오토모티브,5510,6470,5300
2018-09-13 오전 9:27:29,새론오토모티브,5520,6470,5300
2018-09-13 오전 9:27:32,새론오토모티브,5520,6470,5300
2018-09-13 오전 9:27:33,새론오토모티브,5520,6470,5300
2018-09-13 오전 9:27:33,새론오토모티브,5520,6470,5300
2018-09-13 오전 9:27:33,새론오토모티브,5510,6470,5300
2018-09-13 오전 9:27:33,새론오토모티브,5520,6470,5300
2018-09-13 오전 9:27:36,새론오토모티브,5510,6470,5300
2018-09-13 오전 9:27:39,새론오토모티브,5520,6470,5300
2018-09-13 오전 9:27:40,새론오토모티브,5510,6470,5300
2018-09-13 오전 9:27:41,새론오토모티브,5520,6470,5300
2018-09-13 오전 9:27:44,새론오토모티브,5520,6470,5300
2018-09-13 오전 9:27:49,새론오토모티브,5520,6470,5300
2018-09-13 오전 9:27:49,새론오토모티브,5520,6470,5300
2018-09-13 오전 9:27:50,새론오토모티브,5520,6470,5300
2018-09-13 오전 9:27:50,새론오토모티브,5520,6470,5300
2018-09-13 오전 9:27:51,새론오토모티브,5510,6470,5300
2018-09-13 오전 9:27:51,새론오토모티브,5510,6470,5300
2018-09-13 오전 9:27:52,새론오토모티브,5510,6470,5300
2018-09-13 오전 9:28:04,새론오토모티브,5510,6470,5300
2018-09-13 오전 9:28:07,새론오토모티브,5520,6470,5300
2018-09-13 오전 9:28:08,새론오토모티브,5520,6470,5300
2018-09-13 오전 9:28:09,새론오토모티브,5510,6470,5300
2018-09-13 오전 9:28:14,새론오토모티브,5510,6470,5300
2018-09-13 오전 9:28:14,새론오토모티브,5520,6470,5300
2018-09-13 오전 9:28:15,새론오토모티브,5510,6470,5300
2018-09-13 오전 9:28:27,새론오토모티브,5510,6470,5300
2018-09-13 오전 9:28:27,새론오토모티브,5510,6470,5300
2018-09-13 오전 9:28:27,새론오토모티브,5510,6470,5300
2018-09-13 오전 9:28:32,새론오토모티브,5520,6470,5300
2018-09-13 오전 9:28:39,새론오토모티브,5510,6470,5300
2018-09-13 오전 9:28:43,새론오토모티브,5520,6470,5300
2018-09-13 오전 9:28:45,새론오토모티브,5510,6470,5300
2018-09-13 오전 9:28:45,새론오토모티브,5510,6470,5300
2018-09-13 오전 9:28:46,새론오토모티브,5520,6470,5300
2018-09-13 오전 9:28:47,새론오토모티브,5520,6470,5300
2018-09-13 오전 9:28:49,새론오토모티브,5520,6470,5300
2018-09-13 오전 9:28:50,새론오토모티브,5520,6470,5300
2018-09-13 오전 9:28:51,새론오토모티브,5520,6470,5300
2018-09-13 오전 9:28:54,새론오토모티브,5520,6470,5300
2018-09-13 오전 9:28:57,새론오토모티브,5520,6470,5300
2018-09-13 오전 9:28:59,새론오토모티브,5520,6470,5300
2018-09-13 오전 9:29:00,새론오토모티브,5520,6470,5300
2018-09-13 오전 9:29:03,새론오토모티브,5520,6470,5300
2018-09-13 오전 9:29:03,새론오토모티브,5520,6470,5300
2018-09-13 오전 9:29:11,새론오토모티브,5530,6470,5300
2018-09-13 오전 9:29:14,새론오토모티브,5530,6470,5300
2018-09-13 오전 9:29:15,새론오토모티브,5540,6470,5300
2018-09-13 오전 9:29:21,새론오토모티브,5530,6470,5300
2018-09-13 오전 9:29:22,새론오토모티브,5530,6470,5300
2018-09-13 오전 9:29:24,새론오토모티브,5530,6470,5300
2018-09-13 오전 9:29:25,새론오토모티브,5530,6470,5300
2018-09-13 오전 9:29:26,새론오토모티브,5530,6470,5300
2018-09-13 오전 9:29:26,새론오토모티브,5520,6470,5300
2018-09-13 오전 9:29:38,새론오토모티브,5520,6470,5300
2018-09-13 오전 9:29:39,새론오토모티브,5520,6470,5300
2018-09-13 오전 9:29:48,새론오토모티브,5520,6470,5300
2018-09-13 오전 9:29:51,새론오토모티브,5520,6470,5300
2018-09-13 오전 9:29:55,새론오토모티브,5520,6470,5300
2018-09-13 오전 9:29:56,새론오토모티브,5520,6470,5300
2018-09-13 오전 9:29:58,새론오토모티브,5530,6470,5300
2018-09-13 오전 9:30:03,새론오토모티브,5530,6470,5300
2018-09-13 오전 9:30:03,새론오토모티브,5520,6470,5300
2018-09-13 오전 9:30:05,새론오토모티브,5520,6470,5300
2018-09-13 오전 9:30:08,새론오토모티브,5530,6470,5300
2018-09-13 오전 9:30:13,새론오토모티브,5530,6470,5300
2018-09-13 오전 9:30:14,새론오토모티브,5520,6470,5300
2018-09-13 오전 9:30:15,새론오토모티브,5530,6470,5300
2018-09-13 오전 9:30:20,새론오토모티브,5530,6470,5300
2018-09-13 오전 9:30:32,새론오토모티브,5520,6470,5300
2018-09-13 오전 9:30:33,새론오토모티브,5530,6470,5300
2018-09-13 오전 9:30:39,새론오토모티브,5530,6470,5300
2018-09-13 오전 9:30:50,새론오토모티브,5520,6470,5300
2018-09-13 오전 9:31:03,새론오토모티브,5510,6470,5300
2018-09-13 오전 9:31:03,새론오토모티브,5510,6470,5300
2018-09-13 오전 9:31:08,새론오토모티브,5520,6470,5300
2018-09-13 오전 9:31:08,새론오토모티브,5510,6470,5300
2018-09-13 오전 9:31:12,새론오토모티브,5510,6470,5300
2018-09-13 오전 9:31:13,새론오토모티브,5510,6470,5300
2018-09-13 오전 9:31:17,새론오토모티브,5520,6470,5300
2018-09-13 오전 9:31:25,새론오토모티브,5510,6470,5300
2018-09-13 오전 9:31:26,새론오토모티브,5510,6470,5300
2018-09-13 오전 9:31:33,새론오토모티브,5520,6470,5300
2018-09-13 오전 9:31:36,새론오토모티브,5520,6470,5300
2018-09-13 오전 9:31:44,새론오토모티브,5520,6470,5300
2018-09-13 오전 9:31:45,새론오토모티브,5520,6470,5300
2018-09-13 오전 9:31:45,새론오토모티브,5520,6470,5300
2018-09-13 오전 9:31:47,새론오토모티브,5520,6470,5300
2018-09-13 오전 9:31:48,새론오토모티브,5520,6470,5300
2018-09-13 오전 9:31:54,새론오토모티브,5520,6470,5300
2018-09-13 오전 9:31:54,새론오토모티브,5530,6470,5300
2018-09-13 오전 9:31:57,새론오토모티브,5530,6470,5300
2018-09-13 오전 9:32:02,새론오토모티브,5520,6470,5300
2018-09-13 오전 9:32:05,새론오토모티브,5520,6470,5300
2018-09-13 오전 9:32:07,새론오토모티브,5520,6470,5300
2018-09-13 오전 9:32:09,새론오토모티브,5520,6470,5300
2018-09-13 오전 9:32:12,새론오토모티브,5520,6470,5300
2018-09-13 오전 9:32:13,새론오토모티브,5520,6470,5300
2018-09-13 오전 9:32:15,새론오토모티브,5520,6470,5300
2018-09-13 오전 9:32:17,새론오토모티브,5520,6470,5300
2018-09-13 오전 9:32:20,새론오토모티브,5510,6470,5300
2018-09-13 오전 9:32:21,새론오토모티브,5510,6470,5300
2018-09-13 오전 9:32:25,새론오토모티브,5510,6470,5300
2018-09-13 오전 9:32:38,새론오토모티브,5510,6470,5300
2018-09-13 오전 9:32:43,새론오토모티브,5520,6470,5300
2018-09-13 오전 9:32:56,새론오토모티브,5510,6470,5300
2018-09-13 오전 9:33:14,새론오토모티브,5510,6470,5300
2018-09-13 오전 9:33:14,새론오토모티브,5510,6470,5300
2018-09-13 오전 9:33:18,새론오토모티브,5520,6470,5300
2018-09-13 오전 9:33:29,새론오토모티브,5520,6470,5300
2018-09-13 오전 9:33:30,새론오토모티브,5510,6470,5300
2018-09-13 오전 9:33:31,새론오토모티브,5510,6470,5300
2018-09-13 오전 9:33:32,새론오토모티브,5510,6470,5300
2018-09-13 오전 9:33:32,새론오토모티브,5510,6470,5300
2018-09-13 오전 9:33:44,새론오토모티브,5510,6470,5300
2018-09-13 오전 9:33:49,새론오토모티브,5510,6470,5300
2018-09-13 오전 9:33:52,새론오토모티브,5510,6470,5300
2018-09-13 오전 9:33:57,새론오토모티브,5510,6470,5300
2018-09-13 오전 9:34:01,새론오토모티브,5510,6470,5300
2018-09-13 오전 9:34:01,새론오토모티브,5500,6470,5300
2018-09-13 오전 9:34:07,새론오토모티브,5510,6470,5300
2018-09-13 오전 9:34:17,새론오토모티브,5510,6470,5300
2018-09-13 오전 9:34:18,새론오토모티브,5500,6470,5300
2018-09-13 오전 9:34:25,새론오토모티브,5510,6470,5300
2018-09-13 오전 9:34:25,새론오토모티브,5500,6470,5300
2018-09-13 오전 9:34:27,새론오토모티브,5500,6470,5300
2018-09-13 오전 9:34:30,새론오토모티브,5500,6470,5300
2018-09-13 오전 9:34:35,새론오토모티브,5510,6470,5300
2018-09-13 오전 9:34:36,새론오토모티브,5510,6470,5300
2018-09-13 오전 9:34:36,새론오토모티브,5510,6470,5300
2018-09-13 오전 9:34:36,새론오토모티브,5500,6470,5300
2018-09-13 오전 9:34:43,새론오토모티브,5510,6470,5300
2018-09-13 오전 9:34:44,새론오토모티브,5500,6470,5300
2018-09-13 오전 9:34:46,새론오토모티브,5510,6470,5300
2018-09-13 오전 9:34:51,새론오토모티브,5510,6470,5300
2018-09-13 오전 9:34:52,새론오토모티브,5510,6470,5300
2018-09-13 오전 9:34:53,새론오토모티브,5510,6470,5300
2018-09-13 오전 9:34:53,새론오토모티브,5510,6470,5300
2018-09-13 오전 9:34:54,새론오토모티브,5510,6470,5300
2018-09-13 오전 9:34:56,새론오토모티브,5510,6470,5300
2018-09-13 오전 9:34:58,새론오토모티브,5510,6470,5300
2018-09-13 오전 9:35:01,새론오토모티브,5500,6470,5300
2018-09-13 오전 9:35:02,새론오토모티브,5510,6470,5300
2018-09-13 오전 9:35:03,새론오토모티브,5500,6470,5300
2018-09-13 오전 9:35:09,새론오토모티브,5500,6470,5300
2018-09-13 오전 9:35:14,새론오토모티브,5510,6470,5300
2018-09-13 오전 9:35:19,새론오토모티브,5510,6470,5300
2018-09-13 오전 9:35:20,새론오토모티브,5510,6470,5300
2018-09-13 오전 9:35:22,새론오토모티브,5510,6470,5300
2018-09-13 오전 9:35:25,새론오토모티브,5500,6470,5300
2018-09-13 오전 9:35:37,새론오토모티브,5500,6470,5300
2018-09-13 오전 9:35:38,새론오토모티브,5500,6470,5300
2018-09-13 오전 9:35:47,새론오토모티브,5500,6470,5300
2018-09-13 오전 9:35:50,새론오토모티브,5500,6470,5300
2018-09-13 오전 9:35:50,새론오토모티브,5500,6470,5300
2018-09-13 오전 9:35:55,새론오토모티브,5500,6470,5300
2018-09-13 오전 9:35:55,새론오토모티브,5500,6470,5300
2018-09-13 오전 9:36:06,새론오토모티브,5490,6470,5300
2018-09-13 오전 9:36:10,새론오토모티브,5500,6470,5300
2018-09-13 오전 9:36:13,새론오토모티브,5500,6470,5300
2018-09-13 오전 9:36:13,새론오토모티브,5490,6470,5300
2018-09-13 오전 9:36:23,새론오토모티브,5500,6470,5300
2018-09-13 오전 9:36:25,새론오토모티브,5490,6470,5300
2018-09-13 오전 9:36:27,새론오토모티브,5490,6470,5300
2018-09-13 오전 9:36:27,새론오토모티브,5490,6470,5300
2018-09-13 오전 9:36:27,새론오토모티브,5490,6470,5300
2018-09-13 오전 9:36:31,새론오토모티브,5480,6470,5300
2018-09-13 오전 9:36:31,새론오토모티브,5480,6470,5300
2018-09-13 오전 9:36:32,새론오토모티브,5490,6470,5300
2018-09-13 오전 9:36:32,새론오토모티브,5480,6470,5300
2018-09-13 오전 9:36:41,새론오토모티브,5490,6470,5300
2018-09-13 오전 9:36:48,새론오토모티브,5490,6470,5300
2018-09-13 오전 9:36:49,새론오토모티브,5480,6470,5300
2018-09-13 오전 9:36:52,새론오토모티브,5480,6470,5300
2018-09-13 오전 9:36:58,새론오토모티브,5480,6470,5300
2018-09-13 오전 9:37:02,새론오토모티브,5490,6470,5300
2018-09-13 오전 9:37:07,새론오토모티브,5480,6470,5300
2018-09-13 오전 9:37:08,새론오토모티브,5490,6470,5300
2018-09-13 오전 9:37:12,새론오토모티브,5490,6470,5300
2018-09-13 오전 9:37:14,새론오토모티브,5480,6470,5300
2018-09-13 오전 9:37:18,새론오토모티브,5480,6470,5300
2018-09-13 오전 9:37:25,새론오토모티브,5480,6470,5300
2018-09-13 오전 9:37:25,새론오토모티브,5480,6470,5300
2018-09-13 오전 9:37:28,새론오토모티브,5480,6470,5300
2018-09-13 오전 9:37:30,새론오토모티브,5480,6470,5300
2018-09-13 오전 9:37:32,새론오토모티브,5480,6470,5300
2018-09-13 오전 9:37:32,새론오토모티브,5480,6470,5300
2018-09-13 오전 9:37:36,새론오토모티브,5490,6470,5300
2018-09-13 오전 9:37:38,새론오토모티브,5490,6470,5300
2018-09-13 오전 9:37:43,새론오토모티브,5490,6470,5300
2018-09-13 오전 9:37:43,새론오토모티브,5480,6470,5300
2018-09-13 오전 9:37:44,새론오토모티브,5480,6470,5300
2018-09-13 오전 9:37:46,새론오토모티브,5480,6470,5300
2018-09-13 오전 9:37:47,새론오토모티브,5480,6470,5300
2018-09-13 오전 9:37:50,새론오토모티브,5490,6470,5300
2018-09-13 오전 9:37:51,새론오토모티브,5490,6470,5300
2018-09-13 오전 9:37:51,새론오토모티브,5500,6470,5300
2018-09-13 오전 9:38:01,새론오토모티브,5500,6470,5300
2018-09-13 오전 9:38:03,새론오토모티브,5510,6470,5300
2018-09-13 오전 9:38:09,새론오토모티브,5510,6470,5300
2018-09-13 오전 9:38:09,새론오토모티브,5510,6470,5300
2018-09-13 오전 9:38:15,새론오토모티브,5510,6470,5300
2018-09-13 오전 9:38:18,새론오토모티브,5520,6470,5300
2018-09-13 오전 9:38:18,새론오토모티브,5510,6470,5300
2018-09-13 오전 9:38:21,새론오토모티브,5520,6470,5300
2018-09-13 오전 9:38:34,새론오토모티브,5510,6470,5300
2018-09-13 오전 9:38:36,새론오토모티브,5500,6470,5300
2018-09-13 오전 9:38:45,새론오토모티브,5510,6470,5300
2018-09-13 오전 9:38:48,새론오토모티브,5510,6470,5300
2018-09-13 오전 9:38:50,새론오토모티브,5510,6470,5300
2018-09-13 오전 9:38:54,새론오토모티브,5500,6470,5300
2018-09-13 오전 9:38:57,새론오토모티브,5500,6470,5300
2018-09-13 오전 9:38:59,새론오토모티브,5500,6470,5300
2018-09-13 오전 9:39:06,새론오토모티브,5500,6470,5300
2018-09-13 오전 9:39:12,새론오토모티브,5510,6470,5300
2018-09-13 오전 9:39:12,새론오토모티브,5500,6470,5300
2018-09-13 오전 9:39:17,새론오토모티브,5500,6470,5300
2018-09-13 오전 9:39:21,새론오토모티브,5500,6470,5300
2018-09-13 오전 9:39:22,새론오토모티브,5500,6470,5300
2018-09-13 오전 9:39:23,새론오토모티브,5500,6470,5300
2018-09-13 오전 9:39:28,새론오토모티브,5500,6470,5300
2018-09-13 오전 9:39:30,새론오토모티브,5490,6470,5300
2018-09-13 오전 9:39:34,새론오토모티브,5490,6470,5300
2018-09-13 오전 9:39:36,새론오토모티브,5490,6470,5300
2018-09-13 오전 9:39:36,새론오토모티브,5490,6470,5300
2018-09-13 오전 9:39:38,새론오토모티브,5480,6470,5300
2018-09-13 오전 9:39:43,새론오토모티브,5480,6470,5300
2018-09-13 오전 9:39:45,새론오토모티브,5490,6470,5300
2018-09-13 오전 9:39:45,새론오토모티브,5480,6470,5300
2018-09-13 오전 9:39:46,새론오토모티브,5480,6470,5300
2018-09-13 오전 9:39:48,새론오토모티브,5490,6470,5300
2018-09-13 오전 9:39:48,새론오토모티브,5480,6470,5300
2018-09-13 오전 9:39:54,새론오토모티브,5490,6470,5300
2018-09-13 오전 9:39:57,새론오토모티브,5490,6470,5300
2018-09-13 오전 9:40:00,새론오토모티브,5490,6470,5300
2018-09-13 오전 9:40:01,새론오토모티브,5490,6470,5300
2018-09-13 오전 9:40:06,새론오토모티브,5490,6470,5300
2018-09-13 오전 9:40:11,새론오토모티브,5490,6470,5300
2018-09-13 오전 9:40:14,새론오토모티브,5490,6470,5300
2018-09-13 오전 9:40:36,새론오토모티브,5480,6470,5300
2018-09-13 오전 9:40:39,새론오토모티브,5490,6470,5300
2018-09-13 오전 9:40:46,새론오토모티브,5480,6470,5300
2018-09-13 오전 9:40:46,새론오토모티브,5470,6470,5300
2018-09-13 오전 9:40:50,새론오토모티브,5490,6470,5300
2018-09-13 오전 9:41:02,새론오토모티브,5490,6470,5300
2018-09-13 오전 9:41:06,새론오토모티브,5490,6470,5300
2018-09-13 오전 9:41:07,새론오토모티브,5490,6470,5300
2018-09-13 오전 9:41:38,새론오토모티브,5490,6470,5300
2018-09-13 오전 9:41:41,새론오토모티브,5480,6470,5300
2018-09-13 오전 9:41:44,새론오토모티브,5490,6470,5300
2018-09-13 오전 9:42:07,새론오토모티브,5490,6470,5300
2018-09-13 오전 9:42:15,새론오토모티브,5490,6470,5300
2018-09-13 오전 9:42:15,새론오토모티브,5500,6470,5300
2018-09-13 오전 9:42:35,새론오토모티브,5500,6470,5300
2018-09-13 오전 9:42:37,새론오토모티브,5500,6470,5300
2018-09-13 오전 9:42:40,새론오토모티브,5500,6470,5300
2018-09-13 오전 9:42:43,새론오토모티브,5500,6470,5300
2018-09-13 오전 9:43:06,새론오토모티브,5490,6470,5300
2018-09-13 오전 9:43:06,새론오토모티브,5500,6470,5300
2018-09-13 오전 9:43:13,새론오토모티브,5500,6470,5300
2018-09-13 오전 9:43:25,새론오토모티브,5480,6470,5300
2018-09-13 오전 9:43:28,새론오토모티브,5490,6470,5300
2018-09-13 오전 9:43:45,새론오토모티브,5490,6470,5300
2018-09-13 오전 9:43:47,새론오토모티브,5490,6470,5300
2018-09-13 오전 9:43:47,새론오토모티브,5490,6470,5300
2018-09-13 오전 9:43:49,새론오토모티브,5490,6470,5300
2018-09-13 오전 9:43:50,새론오토모티브,5490,6470,5300
2018-09-13 오전 9:43:50,새론오토모티브,5490,6470,5300
2018-09-13 오전 9:43:51,새론오토모티브,5490,6470,5300
2018-09-13 오전 9:44:07,새론오토모티브,5490,6470,5300
2018-09-13 오전 9:44:13,새론오토모티브,5490,6470,5300
2018-09-13 오전 9:44:24,새론오토모티브,5490,6470,5300
2018-09-13 오전 9:44:35,새론오토모티브,5500,6470,5300
2018-09-13 오전 9:44:47,새론오토모티브,5500,6470,5300
2018-09-13 오전 9:44:52,새론오토모티브,5500,6470,5300
2018-09-13 오전 9:44:53,새론오토모티브,5500,6470,5300
2018-09-13 오전 9:44:57,새론오토모티브,5500,6470,5300
2018-09-13 오전 9:45:12,새론오토모티브,5500,6470,5300
2018-09-13 오전 9:45:28,새론오토모티브,5490,6470,5300
2018-09-13 오전 9:45:29,새론오토모티브,5500,6470,5300
2018-09-13 오전 9:45:34,새론오토모티브,5490,6470,5300
2018-09-13 오전 9:45:50,새론오토모티브,5490,6470,5300
2018-09-13 오전 9:45:50,새론오토모티브,5480,6470,5300
2018-09-13 오전 9:45:58,새론오토모티브,5500,6470,5300
2018-09-13 오전 9:47:17,새론오토모티브,5500,6470,5300
2018-09-13 오전 9:47:20,새론오토모티브,5500,6470,5300
2018-09-13 오전 9:47:22,새론오토모티브,5500,6470,5300
2018-09-13 오전 9:47:50,새론오토모티브,5500,6470,5300
2018-09-13 오전 9:47:57,새론오토모티브,5500,6470,5300
2018-09-13 오전 9:47:58,새론오토모티브,5500,6470,5300
2018-09-13 오전 9:48:00,새론오토모티브,5500,6470,5300
2018-09-13 오전 9:48:06,새론오토모티브,5500,6470,5300
2018-09-13 오전 9:48:08,새론오토모티브,5500,6470,5300
2018-09-13 오전 9:48:13,새론오토모티브,5500,6470,5300
2018-09-13 오전 9:48:14,새론오토모티브,5500,6470,5300
2018-09-13 오전 9:48:58,새론오토모티브,5500,6470,5300
2018-09-13 오전 9:49:02,새론오토모티브,5500,6470,5300
2018-09-13 오전 9:49:11,새론오토모티브,5500,6470,5300
2018-09-13 오전 9:49:21,새론오토모티브,5500,6470,5300
2018-09-13 오전 9:49:29,새론오토모티브,5500,6470,5300
2018-09-13 오전 9:49:41,새론오토모티브,5500,6470,5300
2018-09-13 오전 9:49:58,새론오토모티브,5500,6470,5300
2018-09-13 오전 9:50:02,새론오토모티브,5500,6470,5300
2018-09-13 오전 9:50:26,새론오토모티브,5490,6470,5300
2018-09-13 오전 9:50:57,새론오토모티브,5500,6470,5300
2018-09-13 오전 9:51:08,새론오토모티브,5500,6470,5300
2018-09-13 오전 9:51:27,새론오토모티브,5500,6470,5300
2018-09-13 오전 9:51:27,새론오토모티브,5490,6470,5300
2018-09-13 오전 9:51:47,새론오토모티브,5490,6470,5300
2018-09-13 오전 9:52:14,새론오토모티브,5490,6470,5300
2018-09-13 오전 9:52:15,새론오토모티브,5490,6470,5300
2018-09-13 오전 9:52:20,새론오토모티브,5490,6470,5300
2018-09-13 오전 9:52:24,새론오토모티브,5490,6470,5300
2018-09-13 오전 9:52:27,새론오토모티브,5490,6470,5300
2018-09-13 오전 9:52:35,새론오토모티브,5510,6470,5300
2018-09-13 오전 9:52:45,새론오토모티브,5510,6470,5300
2018-09-13 오전 9:52:48,새론오토모티브,5510,6470,5300
2018-09-13 오전 9:53:01,새론오토모티브,5510,6470,5300
2018-09-13 오전 9:53:05,새론오토모티브,5510,6470,5300
2018-09-13 오전 9:53:17,새론오토모티브,5510,6470,5300
2018-09-13 오전 9:53:21,새론오토모티브,5520,6470,5300
2018-09-13 오전 9:53:36,새론오토모티브,5520,6470,5300
2018-09-13 오전 9:53:54,새론오토모티브,5510,6470,5300
2018-09-13 오전 9:53:54,새론오토모티브,5500,6470,5300
2018-09-13 오전 9:54:07,새론오토모티브,5520,6470,5300
2018-09-13 오전 9:54:12,새론오토모티브,5520,6470,5300
2018-09-13 오전 9:54:28,새론오토모티브,5520,6470,5300
2018-09-13 오전 9:54:35,새론오토모티브,5520,6470,5300
2018-09-13 오전 9:54:37,새론오토모티브,5520,6470,5300
2018-09-13 오전 9:54:37,새론오토모티브,5530,6470,5300
2018-09-13 오전 9:54:37,새론오토모티브,5540,6470,5300
2018-09-13 오전 9:54:49,새론오토모티브,5540,6470,5300
2018-09-13 오전 9:54:51,새론오토모티브,5530,6470,5300
2018-09-13 오전 9:54:51,새론오토모티브,5540,6470,5300
2018-09-13 오전 9:54:54,새론오토모티브,5530,6470,5300
2018-09-13 오전 9:54:55,새론오토모티브,5530,6470,5300
2018-09-13 오전 9:54:58,새론오토모티브,5520,6470,5300
2018-09-13 오전 9:55:20,새론오토모티브,5510,6470,5300
2018-09-13 오전 9:55:35,새론오토모티브,5510,6470,5300
2018-09-13 오전 9:55:35,새론오토모티브,5500,6470,5300
2018-09-13 오전 9:55:40,새론오토모티브,5500,6470,5300
2018-09-13 오전 9:55:44,새론오토모티브,5500,6470,5300
2018-09-13 오전 9:55:44,새론오토모티브,5490,6470,5300
2018-09-13 오전 9:55:46,새론오토모티브,5490,6470,5300
2018-09-13 오전 9:55:46,새론오토모티브,5490,6470,5300
2018-09-13 오전 9:55:52,새론오토모티브,5510,6470,5300
2018-09-13 오전 9:56:01,새론오토모티브,5510,6470,5300
2018-09-13 오전 9:56:16,새론오토모티브,5510,6470,5300
2018-09-13 오전 9:56:29,새론오토모티브,5510,6470,5300
2018-09-13 오전 9:56:45,새론오토모티브,5500,6470,5300
2018-09-13 오전 9:56:49,새론오토모티브,5510,6470,5300
2018-09-13 오전 9:56:52,새론오토모티브,5500,6470,5300
2018-09-13 오전 9:56:52,새론오토모티브,5490,6470,5300
2018-09-13 오전 9:56:57,새론오토모티브,5490,6470,5300
2018-09-13 오전 9:57:09,새론오토모티브,5500,6470,5300
2018-09-13 오전 9:57:50,새론오토모티브,5500,6470,5300
2018-09-13 오전 9:57:56,새론오토모티브,5500,6470,5300
2018-09-13 오전 9:58:55,새론오토모티브,5500,6470,5300
2018-09-13 오전 9:58:56,새론오토모티브,5500,6470,5300
2018-09-13 오전 9:59:12,새론오토모티브,5500,6470,5300
2018-09-13 오전 9:59:20,새론오토모티브,5500,6470,5300
2018-09-13 오전 9:59:26,새론오토모티브,5490,6470,5300
2018-09-13 오전 9:59:27,새론오토모티브,5490,6470,5300
2018-09-13 오전 9:59:35,새론오토모티브,5490,6470,5300
2018-09-13 오전 9:59:50,새론오토모티브,5500,6470,5300
2018-09-13 오전 9:59:50,새론오토모티브,5500,6470,5300
2018-09-13 오전 10:00:24,새론오토모티브,5500,6470,5300
2018-09-13 오전 10:00:49,새론오토모티브,5500,6470,5300
2018-09-13 오전 10:01:09,새론오토모티브,5500,6470,5300
2018-09-13 오전 10:01:10,새론오토모티브,5500,6470,5300
2018-09-13 오전 10:01:12,새론오토모티브,5500,6470,5300
2018-09-13 오전 10:01:22,새론오토모티브,5500,6470,5300
2018-09-13 오전 10:01:25,새론오토모티브,5500,6470,5300
2018-09-13 오전 10:01:28,새론오토모티브,5500,6470,5300
2018-09-13 오전 10:01:34,새론오토모티브,5500,6470,5300
2018-09-13 오전 10:01:36,새론오토모티브,5500,6470,5300
2018-09-13 오전 10:01:56,새론오토모티브,5500,6470,5300
2018-09-13 오전 10:02:10,새론오토모티브,5500,6470,5300
2018-09-13 오전 10:02:10,새론오토모티브,5500,6470,5300
2018-09-13 오전 10:02:12,새론오토모티브,5500,6470,5300
2018-09-13 오전 10:02:15,새론오토모티브,5500,6470,5300
2018-09-13 오전 10:02:18,새론오토모티브,5490,6470,5300
2018-09-13 오전 10:02:24,새론오토모티브,5500,6470,5300
2018-09-13 오전 10:02:41,새론오토모티브,5500,6470,5300
2018-09-13 오전 10:02:41,새론오토모티브,5510,6470,5300
2018-09-13 오전 10:02:41,새론오토모티브,5520,6470,5300
2018-09-13 오전 10:03:13,새론오토모티브,5520,6470,5300
2018-09-13 오전 10:03:16,새론오토모티브,5520,6470,5300
2018-09-13 오전 10:03:17,새론오토모티브,5520,6470,5300
2018-09-13 오전 10:03:17,새론오토모티브,5530,6470,5300
2018-09-13 오전 10:03:23,새론오토모티브,5540,6470,5300
2018-09-13 오전 10:03:49,새론오토모티브,5540,6470,5300
2018-09-13 오전 10:03:59,새론오토모티브,5540,6470,5300
2018-09-13 오전 10:04:02,새론오토모티브,5540,6470,5300
2018-09-13 오전 10:04:02,새론오토모티브,5550,6470,5300
2018-09-13 오전 10:04:03,새론오토모티브,5540,6470,5300
2018-09-13 오전 10:04:09,새론오토모티브,5550,6470,5300
2018-09-13 오전 10:04:11,새론오토모티브,5550,6470,5300
2018-09-13 오전 10:04:12,새론오토모티브,5540,6470,5300
2018-09-13 오전 10:04:13,새론오토모티브,5550,6470,5300
2018-09-13 오전 10:04:15,새론오토모티브,5550,6470,5300
2018-09-13 오전 10:04:18,새론오토모티브,5550,6470,5300
2018-09-13 오전 10:04:24,새론오토모티브,5540,6470,5300
2018-09-13 오전 10:04:29,새론오토모티브,5550,6470,5300
2018-09-13 오전 10:04:41,새론오토모티브,5540,6470,5300
2018-09-13 오전 10:04:43,새론오토모티브,5540,6470,5300
2018-09-13 오전 10:04:49,새론오토모티브,5540,6470,5300
2018-09-13 오전 10:05:29,새론오토모티브,5520,6470,5300
2018-09-13 오전 10:05:29,새론오토모티브,5510,6470,5300
2018-09-13 오전 10:05:33,새론오토모티브,5540,6470,5300
2018-09-13 오전 10:05:53,새론오토모티브,5540,6470,5300
2018-09-13 오전 10:05:54,새론오토모티브,5540,6470,5300
2018-09-13 오전 10:07:02,새론오토모티브,5540,6470,5300
2018-09-13 오전 10:07:38,새론오토모티브,5540,6470,5300
2018-09-13 오전 10:07:58,새론오토모티브,5530,6470,5300
2018-09-13 오전 10:08:06,새론오토모티브,5540,6470,5300
2018-09-13 오전 10:08:29,새론오토모티브,5540,6470,5300
2018-09-13 오전 10:09:12,새론오토모티브,5520,6470,5300
2018-09-13 오전 10:09:20,새론오토모티브,5520,6470,5300
2018-09-13 오전 10:09:35,새론오토모티브,5520,6470,5300
2018-09-13 오전 10:09:35,새론오토모티브,5510,6470,5300
2018-09-13 오전 10:09:47,새론오토모티브,5530,6470,5300
2018-09-13 오전 10:09:53,새론오토모티브,5510,6470,5300
2018-09-13 오전 10:09:53,새론오토모티브,5500,6470,5300
2018-09-13 오전 10:09:53,새론오토모티브,5490,6470,5300
2018-09-13 오전 10:10:03,새론오토모티브,5530,6470,5300
2018-09-13 오전 10:10:10,새론오토모티브,5490,6470,5300
2018-09-13 오전 10:10:10,새론오토모티브,5480,6470,5300
2018-09-13 오전 10:10:11,새론오토모티브,5480,6470,5300
2018-09-13 오전 10:10:17,새론오토모티브,5530,6470,5300
2018-09-13 오전 10:10:25,새론오토모티브,5530,6470,5300
2018-09-13 오전 10:10:40,새론오토모티브,5530,6470,5300
2018-09-13 오전 10:11:23,새론오토모티브,5520,6470,5300
2018-09-13 오전 10:11:34,새론오토모티브,5520,6470,5300
2018-09-13 오전 10:11:56,새론오토모티브,5510,6470,5300
2018-09-13 오전 10:12:06,새론오토모티브,5510,6470,5300
2018-09-13 오전 10:12:12,새론오토모티브,5500,6470,5300
2018-09-13 오전 10:12:12,새론오토모티브,5500,6470,5300
2018-09-13 오전 10:12:33,새론오토모티브,5480,6470,5300
2018-09-13 오전 10:12:50,새론오토모티브,5470,6470,5300
2018-09-13 오전 10:12:52,새론오토모티브,5470,6470,5300
2018-09-13 오전 10:12:53,새론오토모티브,5460,6470,5300
2018-09-13 오전 10:12:53,새론오토모티브,5460,6470,5300
2018-09-13 오전 10:12:53,새론오토모티브,5470,6470,5300
2018-09-13 오전 10:13:03,새론오토모티브,5480,6470,5300
2018-09-13 오전 10:13:04,새론오토모티브,5480,6470,5300
2018-09-13 오전 10:13:08,새론오토모티브,5470,6470,5300
2018-09-13 오전 10:13:09,새론오토모티브,5470,6470,5300
2018-09-13 오전 10:13:11,새론오토모티브,5480,6470,5300
2018-09-13 오전 10:13:22,새론오토모티브,5480,6470,5300
2018-09-13 오전 10:13:45,새론오토모티브,5500,6470,5300
2018-09-13 오전 10:13:54,새론오토모티브,5500,6470,5300
2018-09-13 오전 10:14:07,새론오토모티브,5500,6470,5300
2018-09-13 오전 10:14:10,새론오토모티브,5500,6470,5300
2018-09-13 오전 10:14:19,새론오토모티브,5500,6470,5300
2018-09-13 오전 10:14:24,새론오토모티브,5510,6470,5300
2018-09-13 오전 10:14:53,새론오토모티브,5500,6470,5300
2018-09-13 오전 10:14:59,새론오토모티브,5500,6470,5300
2018-09-13 오전 10:15:02,새론오토모티브,5500,6470,5300
2018-09-13 오전 10:15:07,새론오토모티브,5500,6470,5300
2018-09-13 오전 10:15:08,새론오토모티브,5500,6470,5300
2018-09-13 오전 10:15:17,새론오토모티브,5500,6470,5300
2018-09-13 오전 10:15:41,새론오토모티브,5500,6470,5300
2018-09-13 오전 10:16:10,새론오토모티브,5500,6470,5300
2018-09-13 오전 10:16:10,새론오토모티브,5500,6470,5300
2018-09-13 오전 10:16:32,새론오토모티브,5500,6470,5300
2018-09-13 오전 10:16:51,새론오토모티브,5490,6470,5300
2018-09-13 오전 10:16:51,새론오토모티브,5480,6470,5300
2018-09-13 오전 10:16:51,새론오토모티브,5470,6470,5300
2018-09-13 오전 10:17:06,새론오토모티브,5480,6470,5300
2018-09-13 오전 10:17:06,새론오토모티브,5470,6470,5300
2018-09-13 오전 10:17:39,새론오토모티브,5470,6470,5300
2018-09-13 오전 10:17:44,새론오토모티브,5480,6470,5300
2018-09-13 오전 10:17:54,새론오토모티브,5480,6470,5300
2018-09-13 오전 10:18:04,새론오토모티브,5480,6470,5300
2018-09-13 오전 10:18:38,새론오토모티브,5480,6470,5300
2018-09-13 오전 10:18:47,새론오토모티브,5470,6470,5300
2018-09-13 오전 10:18:48,새론오토모티브,5480,6470,5300
2018-09-13 오전 10:18:52,새론오토모티브,5470,6470,5300
2018-09-13 오전 10:19:07,새론오토모티브,5480,6470,5300
2018-09-13 오전 10:19:13,새론오토모티브,5480,6470,5300
2018-09-13 오전 10:19:15,새론오토모티브,5480,6470,5300
2018-09-13 오전 10:19:16,새론오토모티브,5480,6470,5300
2018-09-13 오전 10:19:16,새론오토모티브,5480,6470,5300
2018-09-13 오전 10:19:18,새론오토모티브,5480,6470,5300
2018-09-13 오전 10:19:19,새론오토모티브,5480,6470,5300
2018-09-13 오전 10:19:31,새론오토모티브,5480,6470,5300
2018-09-13 오전 10:19:33,새론오토모티브,5480,6470,5300
2018-09-13 오전 10:19:42,새론오토모티브,5480,6470,5300
2018-09-13 오전 10:19:48,새론오토모티브,5480,6470,5300
2018-09-13 오전 10:19:55,새론오토모티브,5480,6470,5300
2018-09-13 오전 10:20:00,새론오토모티브,5480,6470,5300
2018-09-13 오전 10:20:05,새론오토모티브,5480,6470,5300
2018-09-13 오전 10:20:08,새론오토모티브,5480,6470,5300
2018-09-13 오전 10:20:13,새론오토모티브,5490,6470,5300
2018-09-13 오전 10:20:22,새론오토모티브,5480,6470,5300
2018-09-13 오전 10:20:41,새론오토모티브,5480,6470,5300
2018-09-13 오전 10:20:43,새론오토모티브,5480,6470,5300
2018-09-13 오전 10:20:45,새론오토모티브,5480,6470,5300
2018-09-13 오전 10:21:01,새론오토모티브,5480,6470,5300
2018-09-13 오전 10:21:02,새론오토모티브,5480,6470,5300
2018-09-13 오전 10:21:22,새론오토모티브,5480,6470,5300
2018-09-13 오전 10:22:37,새론오토모티브,5480,6470,5300
2018-09-13 오전 10:22:48,새론오토모티브,5480,6470,5300
2018-09-13 오전 10:22:55,새론오토모티브,5470,6470,5300
2018-09-13 오전 10:23:01,새론오토모티브,5480,6470,5300
2018-09-13 오전 10:23:11,새론오토모티브,5480,6470,5300
2018-09-13 오전 10:23:28,새론오토모티브,5470,6470,5300
2018-09-13 오전 10:23:42,새론오토모티브,5480,6470,5300
2018-09-13 오전 10:24:20,새론오토모티브,5480,6470,5300
2018-09-13 오전 10:24:26,새론오토모티브,5480,6470,5300
2018-09-13 오전 10:24:27,새론오토모티브,5480,6470,5300
2018-09-13 오전 10:25:04,새론오토모티브,5480,6470,5300
2018-09-13 오전 10:25:53,새론오토모티브,5480,6470,5300
2018-09-13 오전 10:26:17,새론오토모티브,5470,6470,5300
2018-09-13 오전 10:26:25,새론오토모티브,5470,6470,5300
2018-09-13 오전 10:26:28,새론오토모티브,5470,6470,5300
2018-09-13 오전 10:26:47,새론오토모티브,5470,6470,5300
2018-09-13 오전 10:26:56,새론오토모티브,5470,6470,5300
2018-09-13 오전 10:27:00,새론오토모티브,5460,6470,5300
2018-09-13 오후 12:06:05,새론오토모티브,5520,6470,5300
2018-09-13 오후 12:06:27,새론오토모티브,5520,6470,5300
2018-09-13 오후 12:06:39,새론오토모티브,5520,6470,5300
2018-09-13 오후 12:07:30,새론오토모티브,5520,6470,5300
2018-09-13 오후 12:07:33,새론오토모티브,5520,6470,5300
2018-09-13 오후 12:07:54,새론오토모티브,5520,6470,5300
2018-09-13 오후 12:09:28,새론오토모티브,5510,6470,5300
2018-09-13 오후 12:09:47,새론오토모티브,5520,6470,5300
2018-09-13 오후 12:09:58,새론오토모티브,5520,6470,5300
2018-09-13 오후 12:10:17,새론오토모티브,5520,6470,5300
2018-09-13 오후 12:10:18,새론오토모티브,5520,6470,5300
2018-09-13 오후 12:10:31,새론오토모티브,5510,6470,5300
2018-09-13 오후 12:10:39,새론오토모티브,5510,6470,5300
2018-09-13 오후 12:10:42,새론오토모티브,5500,6470,5300
2018-09-13 오후 12:10:48,새론오토모티브,5510,6470,5300
2018-09-13 오후 12:10:52,새론오토모티브,5510,6470,5300
2018-09-13 오후 12:10:53,새론오토모티브,5510,6470,5300
2018-09-13 오후 12:11:13,새론오토모티브,5510,6470,5300
2018-09-13 오후 12:11:26,새론오토모티브,5510,6470,5300
2018-09-13 오후 12:11:48,새론오토모티브,5510,6470,5300
2018-09-13 오후 12:11:49,새론오토모티브,5510,6470,5300
2018-09-13 오후 12:11:52,새론오토모티브,5500,6470,5300
2018-09-13 오후 12:12:04,새론오토모티브,5500,6470,5300
2018-09-13 오후 12:12:41,새론오토모티브,5500,6470,5300
2018-09-13 오후 12:12:54,새론오토모티브,5490,6470,5300
2018-09-13 오후 12:13:06,새론오토모티브,5480,6470,5300
2018-09-13 오후 12:13:45,새론오토모티브,5480,6470,5300
2018-09-13 오후 12:14:00,새론오토모티브,5470,6470,5300
2018-09-13 오후 12:14:11,새론오토모티브,5470,6470,5300
2018-09-13 오후 12:14:14,새론오토모티브,5460,6470,5300
2018-09-13 오후 12:14:16,새론오토모티브,5450,6470,5300
2018-09-13 오후 12:14:20,새론오토모티브,5460,6470,5300
2018-09-13 오후 12:14:27,새론오토모티브,5460,6470,5300
2018-09-13 오후 12:14:29,새론오토모티브,5460,6470,5300
2018-09-13 오후 12:14:44,새론오토모티브,5460,6470,5300
2018-09-13 오후 12:14:48,새론오토모티브,5460,6470,5300
2018-09-13 오후 12:14:56,새론오토모티브,5460,6470,5300
2018-09-13 오후 12:15:07,새론오토모티브,5460,6470,5300
2018-09-13 오후 12:15:14,새론오토모티브,5460,6470,5300
2018-09-13 오후 12:15:38,새론오토모티브,5470,6470,5300
2018-09-13 오후 12:16:13,새론오토모티브,5470,6470,5300
2018-09-13 오후 12:16:26,새론오토모티브,5470,6470,5300
2018-09-13 오후 12:17:03,새론오토모티브,5470,6470,5300
2018-09-13 오후 12:17:19,새론오토모티브,5460,6470,5300
2018-09-13 오후 12:17:44,새론오토모티브,5460,6470,5300
2018-09-13 오후 12:17:51,새론오토모티브,5460,6470,5300
2018-09-13 오후 12:18:01,새론오토모티브,5450,6470,5300
2018-09-13 오후 12:18:02,새론오토모티브,5460,6470,5300
2018-09-13 오후 12:18:25,새론오토모티브,5450,6470,5300
2018-09-13 오후 12:18:41,새론오토모티브,5450,6470,5300
2018-09-13 오후 12:18:44,새론오토모티브,5450,6470,5300
2018-09-13 오후 12:18:47,새론오토모티브,5450,6470,5300
2018-09-13 오후 12:19:07,새론오토모티브,5450,6470,5300
2018-09-13 오후 12:19:29,새론오토모티브,5450,6470,5300
2018-09-13 오후 12:19:31,새론오토모티브,5450,6470,5300
2018-09-13 오후 12:19:47,새론오토모티브,5460,6470,5300
2018-09-13 오후 12:19:49,새론오토모티브,5460,6470,5300
2018-09-13 오후 12:20:37,새론오토모티브,5460,6470,5300
2018-09-13 오후 12:21:12,새론오토모티브,5470,6470,5300
2018-09-13 오후 12:21:18,새론오토모티브,5470,6470,5300
2018-09-13 오후 12:21:20,새론오토모티브,5470,6470,5300
2018-09-13 오후 12:21:23,새론오토모티브,5470,6470,5300
2018-09-13 오후 12:21:24,새론오토모티브,5470,6470,5300
2018-09-13 오후 12:21:26,새론오토모티브,5470,6470,5300
2018-09-13 오후 12:21:29,새론오토모티브,5470,6470,5300
2018-09-13 오후 12:21:31,새론오토모티브,5470,6470,5300
2018-09-13 오후 12:21:32,새론오토모티브,5470,6470,5300
2018-09-13 오후 12:21:33,새론오토모티브,5470,6470,5300
2018-09-13 오후 12:21:38,새론오토모티브,5470,6470,5300
2018-09-13 오후 12:21:43,새론오토모티브,5470,6470,5300
2018-09-13 오후 12:22:15,새론오토모티브,5470,6470,5300
2018-09-13 오후 12:22:49,새론오토모티브,5470,6470,5300
2018-09-13 오후 12:23:19,새론오토모티브,5470,6470,5300
2018-09-13 오후 12:23:56,새론오토모티브,5460,6470,5300
2018-09-13 오후 12:23:58,새론오토모티브,5460,6470,5300
2018-09-13 오후 12:24:13,새론오토모티브,5450,6470,5300
2018-09-13 오후 12:24:20,새론오토모티브,5460,6470,5300
2018-09-13 오후 12:24:22,새론오토모티브,5460,6470,5300
2018-09-13 오후 12:24:23,새론오토모티브,5460,6470,5300
2018-09-13 오후 12:24:25,새론오토모티브,5460,6470,5300
2018-09-13 오후 12:24:27,새론오토모티브,5460,6470,5300
2018-09-13 오후 12:24:29,새론오토모티브,5460,6470,5300
2018-09-13 오후 12:24:33,새론오토모티브,5460,6470,5300
2018-09-13 오후 12:24:55,새론오토모티브,5460,6470,5300
2018-09-13 오후 12:25:02,새론오토모티브,5450,6470,5300
2018-09-13 오후 12:25:12,새론오토모티브,5460,6470,5300
2018-09-13 오후 12:25:18,새론오토모티브,5460,6470,5300
2018-09-13 오후 12:25:36,새론오토모티브,5450,6470,5300
2018-09-13 오후 12:25:52,새론오토모티브,5450,6470,5300
2018-09-13 오후 12:26:08,새론오토모티브,5450,6470,5300
2018-09-13 오후 12:26:46,새론오토모티브,5460,6470,5300
2018-09-13 오후 12:26:57,새론오토모티브,5460,6470,5300
2018-09-13 오후 12:27:04,새론오토모티브,5460,6470,5300
2018-09-13 오후 12:27:14,새론오토모티브,5450,6470,5300
2018-09-13 오후 12:27:17,새론오토모티브,5460,6470,5300
2018-09-13 오후 12:27:20,새론오토모티브,5460,6470,5300
2018-09-13 오후 12:28:20,새론오토모티브,5450,6470,5300
2018-09-13 오후 12:28:24,새론오토모티브,5460,6470,5300
2018-09-13 오후 12:28:47,새론오토모티브,5450,6470,5300
2018-09-13 오후 12:28:55,새론오토모티브,5460,6470,5300
2018-09-13 오후 12:29:20,새론오토모티브,5450,6470,5300
2018-09-13 오후 12:29:26,새론오토모티브,5450,6470,5300
2018-09-13 오후 12:29:28,새론오토모티브,5460,6470,5300
2018-09-13 오후 12:30:28,새론오토모티브,5460,6470,5300
2018-09-13 오후 12:30:32,새론오토모티브,5450,6470,5300
2018-09-13 오후 12:30:57,새론오토모티브,5450,6470,5300
2018-09-13 오후 12:31:04,새론오토모티브,5460,6470,5300
2018-09-13 오후 12:31:16,새론오토모티브,5460,6470,5300
2018-09-13 오후 12:31:21,새론오토모티브,5460,6470,5300
2018-09-13 오후 12:31:38,새론오토모티브,5450,6470,5300
2018-09-13 오후 12:31:39,새론오토모티브,5450,6470,5300
2018-09-13 오후 12:32:08,새론오토모티브,5460,6470,5300
2018-09-13 오후 12:32:45,새론오토모티브,5450,6470,5300
2018-09-13 오후 12:32:54,새론오토모티브,5450,6470,5300
2018-09-13 오후 12:33:49,새론오토모티브,5450,6470,5300
2018-09-13 오후 12:33:51,새론오토모티브,5450,6470,5300
2018-09-13 오후 12:34:27,새론오토모티브,5450,6470,5300
2018-09-13 오후 12:34:33,새론오토모티브,5450,6470,5300
2018-09-13 오후 12:34:44,새론오토모티브,5450,6470,5300
2018-09-13 오후 12:34:56,새론오토모티브,5450,6470,5300
2018-09-13 오후 12:34:57,새론오토모티브,5450,6470,5300
2018-09-13 오후 12:35:05,새론오토모티브,5460,6470,5300
2018-09-13 오후 12:35:56,새론오토모티브,5460,6470,5300
2018-09-13 오후 12:36:03,새론오토모티브,5450,6470,5300
2018-09-13 오후 12:36:07,새론오토모티브,5450,6470,5300
2018-09-13 오후 12:36:07,새론오토모티브,5460,6470,5300
2018-09-13 오후 12:37:40,새론오토모티브,5450,6470,5300
2018-09-13 오후 12:38:15,새론오토모티브,5440,6470,5300
2018-09-13 오후 12:38:57,새론오토모티브,5440,6470,5300
2018-09-13 오후 12:39:21,새론오토모티브,5440,6470,5300
2018-09-13 오후 12:39:30,새론오토모티브,5440,6470,5300
2018-09-13 오후 12:39:32,새론오토모티브,5450,6470,5300
2018-09-13 오후 12:39:57,새론오토모티브,5450,6470,5300
2018-09-13 오후 12:40:02,새론오토모티브,5450,6470,5300
2018-09-13 오후 12:40:03,새론오토모티브,5450,6470,5300
2018-09-13 오후 12:40:05,새론오토모티브,5450,6470,5300
2018-09-13 오후 12:40:07,새론오토모티브,5450,6470,5300
2018-09-13 오후 12:40:09,새론오토모티브,5450,6470,5300
2018-09-13 오후 12:40:10,새론오토모티브,5450,6470,5300
2018-09-13 오후 12:40:11,새론오토모티브,5450,6470,5300
2018-09-13 오후 12:40:13,새론오토모티브,5450,6470,5300
2018-09-13 오후 12:40:15,새론오토모티브,5450,6470,5300
2018-09-13 오후 12:40:17,새론오토모티브,5450,6470,5300
2018-09-13 오후 12:40:19,새론오토모티브,5450,6470,5300
2018-09-13 오후 12:40:21,새론오토모티브,5450,6470,5300
2018-09-13 오후 12:40:23,새론오토모티브,5450,6470,5300
2018-09-13 오후 12:40:25,새론오토모티브,5450,6470,5300
2018-09-13 오후 12:40:27,새론오토모티브,5450,6470,5300
2018-09-13 오후 12:40:28,새론오토모티브,5440,6470,5300
2018-09-13 오후 12:40:29,새론오토모티브,5450,6470,5300
2018-09-13 오후 12:40:31,새론오토모티브,5450,6470,5300
2018-09-13 오후 12:40:33,새론오토모티브,5450,6470,5300
2018-09-13 오후 12:40:35,새론오토모티브,5450,6470,5300
2018-09-13 오후 12:40:37,새론오토모티브,5450,6470,5300
2018-09-13 오후 12:40:39,새론오토모티브,5450,6470,5300
2018-09-13 오후 12:40:41,새론오토모티브,5450,6470,5300
2018-09-13 오후 12:40:55,새론오토모티브,5450,6470,5300
2018-09-13 오후 12:41:00,새론오토모티브,5450,6470,5300
2018-09-13 오후 12:41:06,새론오토모티브,5450,6470,5300
2018-09-13 오후 12:41:08,새론오토모티브,5450,6470,5300
2018-09-13 오후 12:41:16,새론오토모티브,5450,6470,5300
2018-09-13 오후 12:41:17,새론오토모티브,5440,6470,5300
2018-09-13 오후 12:41:22,새론오토모티브,5450,6470,5300
2018-09-13 오후 12:41:34,새론오토모티브,5440,6470,5300
2018-09-13 오후 12:41:34,새론오토모티브,5450,6470,5300
2018-09-13 오후 12:41:52,새론오토모티브,5440,6470,5300
2018-09-13 오후 12:41:52,새론오토모티브,5450,6470,5300
2018-09-13 오후 12:41:56,새론오토모티브,5450,6470,5300
2018-09-13 오후 12:42:00,새론오토모티브,5450,6470,5300
2018-09-13 오후 12:42:15,새론오토모티브,5450,6470,5300
2018-09-13 오후 12:42:18,새론오토모티브,5450,6470,5300
2018-09-13 오후 12:42:20,새론오토모티브,5450,6470,5300
2018-09-13 오후 12:42:22,새론오토모티브,5450,6470,5300
2018-09-13 오후 12:42:28,새론오토모티브,5450,6470,5300
2018-09-13 오후 12:42:31,새론오토모티브,5450,6470,5300
2018-09-13 오후 12:42:39,새론오토모티브,5450,6470,5300
2018-09-13 오후 12:42:40,새론오토모티브,5440,6470,5300
2018-09-13 오후 12:42:47,새론오토모티브,5450,6470,5300
2018-09-13 오후 12:43:04,새론오토모티브,5450,6470,5300
2018-09-13 오후 12:43:46,새론오토모티브,5440,6470,5300
2018-09-13 오후 12:43:58,새론오토모티브,5440,6470,5300
2018-09-13 오후 12:44:24,새론오토모티브,5440,6470,5300
2018-09-13 오후 12:44:34,새론오토모티브,5440,6470,5300
2018-09-13 오후 12:44:46,새론오토모티브,5440,6470,5300
2018-09-13 오후 12:44:46,새론오토모티브,5430,6470,5300
2018-09-13 오후 12:44:46,새론오토모티브,5430,6470,5300
2018-09-13 오후 12:44:52,새론오토모티브,5440,6470,5300
2018-09-13 오후 12:45:07,새론오토모티브,5440,6470,5300
2018-09-13 오후 12:45:25,새론오토모티브,5440,6470,5300
2018-09-13 오후 12:45:30,새론오토모티브,5440,6470,5300
2018-09-13 오후 12:45:36,새론오토모티브,5440,6470,5300
2018-09-13 오후 12:45:58,새론오토모티브,5430,6470,5300
2018-09-13 오후 12:46:21,새론오토모티브,5440,6470,5300
2018-09-13 오후 12:47:04,새론오토모티브,5430,6470,5300
2018-09-13 오후 12:47:20,새론오토모티브,5440,6470,5300
2018-09-13 오후 12:48:10,새론오토모티브,5440,6470,5300
2018-09-13 오후 12:49:17,새론오토모티브,5430,6470,5300
2018-09-13 오후 12:50:05,새론오토모티브,5440,6470,5300
2018-09-13 오후 12:50:09,새론오토모티브,5440,6470,5300
2018-09-13 오후 12:50:17,새론오토모티브,5440,6470,5300
2018-09-13 오후 12:50:23,새론오토모티브,5430,6470,5300
2018-09-13 오후 12:50:24,새론오토모티브,5440,6470,5300
2018-09-13 오후 12:50:35,새론오토모티브,5450,6470,5300
2018-09-13 오후 12:50:52,새론오토모티브,5450,6470,5300
2018-09-13 오후 12:51:07,새론오토모티브,5450,6470,5300
2018-09-13 오후 12:51:29,새론오토모티브,5440,6470,5300
2018-09-13 오후 12:52:35,새론오토모티브,5440,6470,5300
2018-09-13 오후 12:52:44,새론오토모티브,5440,6470,5300
2018-09-13 오후 12:52:58,새론오토모티브,5440,6470,5300
2018-09-13 오후 12:53:41,새론오토모티브,5440,6470,5300
2018-09-13 오후 12:53:54,새론오토모티브,5440,6470,5300
2018-09-13 오후 12:54:08,새론오토모티브,5440,6470,5300
2018-09-13 오후 12:54:22,새론오토모티브,5450,6470,5300
2018-09-13 오후 12:54:35,새론오토모티브,5450,6470,5300
2018-09-13 오후 12:54:40,새론오토모티브,5460,6470,5300
2018-09-13 오후 12:54:45,새론오토모티브,5460,6470,5300
2018-09-13 오후 12:54:47,새론오토모티브,5450,6470,5300
2018-09-13 오후 12:54:50,새론오토모티브,5460,6470,5300
2018-09-13 오후 12:55:15,새론오토모티브,5460,6470,5300
2018-09-13 오후 12:55:24,새론오토모티브,5460,6470,5300
2018-09-13 오후 12:55:53,새론오토모티브,5450,6470,5300
2018-09-13 오후 12:55:55,새론오토모티브,5460,6470,5300
2018-09-13 오후 12:56:16,새론오토모티브,5460,6470,5300
2018-09-13 오후 12:56:28,새론오토모티브,5460,6470,5300
2018-09-13 오후 12:56:36,새론오토모티브,5450,6470,5300
2018-09-13 오후 12:56:41,새론오토모티브,5460,6470,5300
2018-09-13 오후 12:56:59,새론오토모티브,5460,6470,5300
2018-09-13 오후 12:57:00,새론오토모티브,5450,6470,5300
2018-09-13 오후 12:57:00,새론오토모티브,5450,6470,5300
2018-09-13 오후 12:57:04,새론오토모티브,5460,6470,5300
2018-09-13 오후 12:58:06,새론오토모티브,5450,6470,5300
2018-09-13 오후 12:58:13,새론오토모티브,5450,6470,5300
2018-09-13 오후 12:58:35,새론오토모티브,5460,6470,5300
2018-09-13 오후 12:59:12,새론오토모티브,5450,6470,5300
2018-09-13 오후 12:59:19,새론오토모티브,5450,6470,5300
2018-09-13 오후 12:59:29,새론오토모티브,5450,6470,5300
2018-09-13 오후 12:59:36,새론오토모티브,5460,6470,5300
2018-09-13 오후 1:00:18,새론오토모티브,5450,6470,5300
2018-09-13 오후 1:00:49,새론오토모티브,5460,6470,5300
2018-09-13 오후 1:01:00,새론오토모티브,5450,6470,5300
2018-09-13 오후 1:01:03,새론오토모티브,5460,6470,5300
2018-09-13 오후 1:01:24,새론오토모티브,5450,6470,5300
2018-09-13 오후 1:01:37,새론오토모티브,5450,6470,5300
2018-09-13 오후 1:02:30,새론오토모티브,5440,6470,5300
2018-09-13 오후 1:02:44,새론오토모티브,5450,6470,5300
2018-09-13 오후 1:03:26,새론오토모티브,5450,6470,5300
2018-09-13 오후 1:03:36,새론오토모티브,5440,6470,5300
2018-09-13 오후 1:03:52,새론오토모티브,5450,6470,5300
2018-09-13 오후 1:04:42,새론오토모티브,5440,6470,5300
2018-09-13 오후 1:04:49,새론오토모티브,5440,6470,5300
2018-09-13 오후 1:04:59,새론오토모티브,5450,6470,5300
2018-09-13 오후 1:05:02,새론오토모티브,5450,6470,5300
2018-09-13 오후 1:05:13,새론오토모티브,5450,6470,5300
2018-09-13 오후 1:05:16,새론오토모티브,5450,6470,5300
2018-09-13 오후 1:05:21,새론오토모티브,5450,6470,5300
2018-09-13 오후 1:05:28,새론오토모티브,5450,6470,5300
2018-09-13 오후 1:05:49,새론오토모티브,5440,6470,5300
2018-09-13 오후 1:06:00,새론오토모티브,5450,6470,5300
2018-09-13 오후 1:06:17,새론오토모티브,5450,6470,5300
2018-09-13 오후 1:06:18,새론오토모티브,5450,6470,5300
2018-09-13 오후 1:06:20,새론오토모티브,5450,6470,5300
2018-09-13 오후 1:06:45,새론오토모티브,5440,6470,5300
2018-09-13 오후 1:06:55,새론오토모티브,5440,6470,5300
2018-09-13 오후 1:07:07,새론오토모티브,5450,6470,5300
2018-09-13 오후 1:07:55,새론오토모티브,5450,6470,5300
2018-09-13 오후 1:08:01,새론오토모티브,5440,6470,5300
2018-09-13 오후 1:08:05,새론오토모티브,5450,6470,5300
2018-09-13 오후 1:08:07,새론오토모티브,5450,6470,5300
2018-09-13 오후 1:08:18,새론오토모티브,5450,6470,5300
2018-09-13 오후 1:09:07,새론오토모티브,5440,6470,5300
2018-09-13 오후 1:10:13,새론오토모티브,5440,6470,5300
2018-09-13 오후 1:10:26,새론오토모티브,5450,6470,5300
2018-09-13 오후 1:10:57,새론오토모티브,5440,6470,5300
2018-09-13 오후 1:10:57,새론오토모티브,5430,6470,5300
2018-09-13 오후 1:11:24,새론오토모티브,5440,6470,5300
2018-09-13 오후 1:11:30,새론오토모티브,5440,6470,5300
2018-09-13 오후 1:11:35,새론오토모티브,5440,6470,5300
2018-09-13 오후 1:11:36,새론오토모티브,5440,6470,5300
2018-09-13 오후 1:11:43,새론오토모티브,5450,6470,5300
2018-09-13 오후 1:12:25,새론오토모티브,5440,6470,5300
2018-09-13 오후 1:12:35,새론오토모티브,5440,6470,5300
2018-09-13 오후 1:12:42,새론오토모티브,5450,6470,5300
2018-09-13 오후 1:12:45,새론오토모티브,5430,6470,5300
2018-09-13 오후 1:12:55,새론오토모티브,5430,6470,5300
2018-09-13 오후 1:13:17,새론오토모티브,5450,6470,5300
2018-09-13 오후 1:13:49,새론오토모티브,5440,6470,5300
2018-09-13 오후 1:14:09,새론오토모티브,5440,6470,5300
2018-09-13 오후 1:14:38,새론오토모티브,5440,6470,5300
2018-09-13 오후 1:14:51,새론오토모티브,5440,6470,5300
2018-09-13 오후 1:14:54,새론오토모티브,5440,6470,5300
2018-09-13 오후 1:14:55,새론오토모티브,5440,6470,5300
2018-09-13 오후 1:15:10,새론오토모티브,5440,6470,5300
2018-09-13 오후 1:15:44,새론오토모티브,5430,6470,5300
2018-09-13 오후 1:15:46,새론오토모티브,5440,6470,5300
2018-09-13 오후 1:16:40,새론오토모티브,5440,6470,5300
2018-09-13 오후 1:16:47,새론오토모티브,5440,6470,5300
2018-09-13 오후 1:16:49,새론오토모티브,5440,6470,5300
2018-09-13 오후 1:16:50,새론오토모티브,5430,6470,5300
2018-09-13 오후 1:16:51,새론오토모티브,5440,6470,5300
2018-09-13 오후 1:16:53,새론오토모티브,5440,6470,5300
2018-09-13 오후 1:16:55,새론오토모티브,5440,6470,5300
2018-09-13 오후 1:16:57,새론오토모티브,5440,6470,5300
2018-09-13 오후 1:16:57,새론오토모티브,5430,6470,5300
2018-09-13 오후 1:16:58,새론오토모티브,5440,6470,5300
2018-09-13 오후 1:17:01,새론오토모티브,5440,6470,5300
2018-09-13 오후 1:17:03,새론오토모티브,5440,6470,5300
2018-09-13 오후 1:17:05,새론오토모티브,5440,6470,5300
2018-09-13 오후 1:17:09,새론오토모티브,5440,6470,5300
2018-09-13 오후 1:17:17,새론오토모티브,5440,6470,5300
2018-09-13 오후 1:17:40,새론오토모티브,5430,6470,5300
2018-09-13 오후 1:17:45,새론오토모티브,5430,6470,5300
2018-09-13 오후 1:17:56,새론오토모티브,5430,6470,5300
2018-09-13 오후 1:18:11,새론오토모티브,5430,6470,5300
2018-09-13 오후 1:18:28,새론오토모티브,5430,6470,5300
2018-09-13 오후 1:18:37,새론오토모티브,5430,6470,5300
2018-09-13 오후 1:18:47,새론오토모티브,5440,6470,5300
2018-09-13 오후 1:19:02,새론오토모티브,5430,6470,5300
2018-09-13 오후 1:19:14,새론오토모티브,5440,6470,5300
2018-09-13 오후 1:19:15,새론오토모티브,5430,6470,5300
2018-09-13 오후 1:19:23,새론오토모티브,5430,6470,5300
2018-09-13 오후 1:19:34,새론오토모티브,5440,6470,5300
2018-09-13 오후 1:19:36,새론오토모티브,5440,6470,5300
2018-09-13 오후 1:19:37,새론오토모티브,5440,6470,5300
2018-09-13 오후 1:19:39,새론오토모티브,5440,6470,5300
2018-09-13 오후 1:19:41,새론오토모티브,5440,6470,5300
2018-09-13 오후 1:19:42,새론오토모티브,5440,6470,5300
2018-09-13 오후 1:19:44,새론오토모티브,5440,6470,5300
2018-09-13 오후 1:19:46,새론오토모티브,5440,6470,5300
2018-09-13 오후 1:19:48,새론오토모티브,5440,6470,5300
2018-09-13 오후 1:20:06,새론오토모티브,5440,6470,5300
2018-09-13 오후 1:20:08,새론오토모티브,5430,6470,5300
2018-09-13 오후 1:20:22,새론오토모티브,5430,6470,5300
2018-09-13 오후 1:20:38,새론오토모티브,5440,6470,5300
2018-09-13 오후 1:21:00,새론오토모티브,5430,6470,5300
2018-09-13 오후 1:21:00,새론오토모티브,5420,6470,5300
2018-09-13 오후 1:21:01,새론오토모티브,5420,6470,5300
2018-09-13 오후 1:21:33,새론오토모티브,5430,6470,5300
2018-09-13 오후 1:21:58,새론오토모티브,5430,6470,5300
2018-09-13 오후 1:22:14,새론오토모티브,5430,6470,5300
2018-09-13 오후 1:22:14,새론오토모티브,5440,6470,5300
2018-09-13 오후 1:22:23,새론오토모티브,5430,6470,5300
2018-09-13 오후 1:22:56,새론오토모티브,5430,6470,5300
2018-09-13 오후 1:22:58,새론오토모티브,5430,6470,5300
2018-09-13 오후 1:23:06,새론오토모티브,5430,6470,5300
2018-09-13 오후 1:23:10,새론오토모티브,5440,6470,5300
2018-09-13 오후 1:23:19,새론오토모티브,5430,6470,5300
2018-09-13 오후 1:23:25,새론오토모티브,5440,6470,5300
2018-09-13 오후 1:23:27,새론오토모티브,5430,6470,5300
2018-09-13 오후 1:23:39,새론오토모티브,5440,6470,5300
2018-09-13 오후 1:23:50,새론오토모티브,5440,6470,5300
2018-09-13 오후 1:24:06,새론오토모티브,5440,6470,5300
2018-09-13 오후 1:24:06,새론오토모티브,5450,6470,5300
2018-09-13 오후 1:24:06,새론오토모티브,5460,6470,5300
2018-09-13 오후 1:25:06,새론오토모티브,5450,6470,5300
2018-09-13 오후 1:25:13,새론오토모티브,5450,6470,5300
2018-09-13 오후 1:25:13,새론오토모티브,5460,6470,5300
2018-09-13 오후 1:26:02,새론오토모티브,5450,6470,5300
2018-09-13 오후 1:27:18,새론오토모티브,5430,6470,5300
2018-09-13 오후 1:27:22,새론오토모티브,5440,6470,5300
2018-09-13 오후 1:27:51,새론오토모티브,5430,6470,5300
2018-09-13 오후 1:28:05,새론오토모티브,5440,6470,5300
2018-09-13 오후 1:28:09,새론오토모티브,5440,6470,5300
2018-09-13 오후 1:28:12,새론오토모티브,5440,6470,5300
2018-09-13 오후 1:28:19,새론오토모티브,5430,6470,5300
2018-09-13 오후 1:28:24,새론오토모티브,5440,6470,5300
2018-09-13 오후 1:28:57,새론오토모티브,5430,6470,5300
2018-09-13 오후 1:29:02,새론오토모티브,5440,6470,5300
2018-09-13 오후 1:29:10,새론오토모티브,5440,6470,5300
2018-09-13 오후 1:30:03,새론오토모티브,5430,6470,5300
2018-09-13 오후 1:30:23,새론오토모티브,5440,6470,5300
2018-09-13 오후 1:30:23,새론오토모티브,5440,6470,5300
2018-09-13 오후 1:30:35,새론오토모티브,5440,6470,5300
2018-09-13 오후 1:30:35,새론오토모티브,5450,6470,5300
2018-09-13 오후 1:31:44,새론오토모티브,5430,6470,5300
2018-09-13 오후 1:31:46,새론오토모티브,5440,6470,5300
2018-09-13 오후 1:32:14,새론오토모티브,5430,6470,5300
2018-09-13 오후 1:32:14,새론오토모티브,5420,6470,5300
2018-09-13 오후 1:32:25,새론오토모티브,5430,6470,5300
2018-09-13 오후 1:33:18,새론오토모티브,5430,6470,5300
2018-09-13 오후 1:33:19,새론오토모티브,5430,6470,5300
2018-09-13 오후 1:33:22,새론오토모티브,5430,6470,5300
2018-09-13 오후 1:33:24,새론오토모티브,5440,6470,5300
2018-09-13 오후 1:33:28,새론오토모티브,5440,6470,5300
2018-09-13 오후 1:33:40,새론오토모티브,5430,6470,5300
2018-09-13 오후 1:33:42,새론오토모티브,5440,6470,5300
2018-09-13 오후 1:33:51,새론오토모티브,5440,6470,5300
2018-09-13 오후 1:34:28,새론오토모티브,5430,6470,5300
2018-09-13 오후 1:34:56,새론오토모티브,5440,6470,5300
2018-09-13 오후 1:35:00,새론오토모티브,5440,6470,5300
2018-09-13 오후 1:35:34,새론오토모티브,5430,6470,5300
2018-09-13 오후 1:35:39,새론오토모티브,5440,6470,5300
2018-09-13 오후 1:36:11,새론오토모티브,5440,6470,5300
2018-09-13 오후 1:36:29,새론오토모티브,5440,6470,5300
2018-09-13 오후 1:36:37,새론오토모티브,5440,6470,5300
2018-09-13 오후 1:36:40,새론오토모티브,5430,6470,5300
2018-09-13 오후 1:36:44,새론오토모티브,5440,6470,5300
2018-09-13 오후 1:37:02,새론오토모티브,5440,6470,5300
2018-09-13 오후 1:37:46,새론오토모티브,5430,6470,5300
2018-09-13 오후 1:37:56,새론오토모티브,5440,6470,5300
2018-09-13 오후 1:38:12,새론오토모티브,5430,6470,5300
2018-09-13 오후 1:38:20,새론오토모티브,5440,6470,5300
2018-09-13 오후 1:38:26,새론오토모티브,5440,6470,5300
2018-09-13 오후 1:38:28,새론오토모티브,5440,6470,5300
2018-09-13 오후 1:38:29,새론오토모티브,5440,6470,5300
2018-09-13 오후 1:38:30,새론오토모티브,5440,6470,5300
2018-09-13 오후 1:38:32,새론오토모티브,5440,6470,5300
2018-09-13 오후 1:38:34,새론오토모티브,5440,6470,5300
2018-09-13 오후 1:38:36,새론오토모티브,5440,6470,5300
2018-09-13 오후 1:38:38,새론오토모티브,5440,6470,5300
2018-09-13 오후 1:38:40,새론오토모티브,5440,6470,5300
2018-09-13 오후 1:38:40,새론오토모티브,5440,6470,5300
2018-09-13 오후 1:38:43,새론오토모티브,5440,6470,5300
2018-09-13 오후 1:38:44,새론오토모티브,5440,6470,5300
2018-09-13 오후 1:38:47,새론오토모티브,5440,6470,5300
2018-09-13 오후 1:38:49,새론오토모티브,5440,6470,5300
2018-09-13 오후 1:38:51,새론오토모티브,5440,6470,5300
2018-09-13 오후 1:38:53,새론오토모티브,5430,6470,5300
2018-09-13 오후 1:38:53,새론오토모티브,5440,6470,5300
2018-09-13 오후 1:38:55,새론오토모티브,5440,6470,5300
2018-09-13 오후 1:38:57,새론오토모티브,5440,6470,5300
2018-09-13 오후 1:38:59,새론오토모티브,5440,6470,5300
2018-09-13 오후 1:39:01,새론오토모티브,5440,6470,5300
2018-09-13 오후 1:39:04,새론오토모티브,5440,6470,5300
2018-09-13 오후 1:39:06,새론오토모티브,5440,6470,5300
2018-09-13 오후 1:39:08,새론오토모티브,5440,6470,5300
2018-09-13 오후 1:39:10,새론오토모티브,5440,6470,5300
2018-09-13 오후 1:39:26,새론오토모티브,5440,6470,5300
2018-09-13 오후 1:39:31,새론오토모티브,5440,6470,5300
2018-09-13 오후 1:39:33,새론오토모티브,5440,6470,5300
2018-09-13 오후 1:39:44,새론오토모티브,5450,6470,5300
2018-09-13 오후 1:39:53,새론오토모티브,5450,6470,5300
2018-09-13 오후 1:39:57,새론오토모티브,5450,6470,5300
2018-09-13 오후 1:39:59,새론오토모티브,5440,6470,5300
2018-09-13 오후 1:40:03,새론오토모티브,5440,6470,5300
2018-09-13 오후 1:40:06,새론오토모티브,5440,6470,5300
2018-09-13 오후 1:40:15,새론오토모티브,5440,6470,5300
2018-09-13 오후 1:40:15,새론오토모티브,5450,6470,5300
2018-09-13 오후 1:40:21,새론오토모티브,5450,6470,5300
2018-09-13 오후 1:40:33,새론오토모티브,5450,6470,5300
2018-09-13 오후 1:40:44,새론오토모티브,5440,6470,5300
2018-09-13 오후 1:40:44,새론오토모티브,5440,6470,5300
2018-09-13 오후 1:40:51,새론오토모티브,5440,6470,5300
2018-09-13 오후 1:40:54,새론오토모티브,5440,6470,5300
2018-09-13 오후 1:41:01,새론오토모티브,5430,6470,5300
2018-09-13 오후 1:41:03,새론오토모티브,5440,6470,5300
2018-09-13 오후 1:41:03,새론오토모티브,5450,6470,5300
2018-09-13 오후 1:41:13,새론오토모티브,5430,6470,5300
2018-09-13 오후 1:41:13,새론오토모티브,5420,6470,5300
2018-09-13 오후 1:41:13,새론오토모티브,5440,6470,5300
2018-09-13 오후 1:41:22,새론오토모티브,5440,6470,5300
2018-09-13 오후 1:41:30,새론오토모티브,5440,6470,5300
2018-09-13 오후 1:41:35,새론오토모티브,5450,6470,5300
2018-09-13 오후 1:41:37,새론오토모티브,5450,6470,5300
2018-09-13 오후 1:41:50,새론오토모티브,5450,6470,5300
2018-09-13 오후 1:41:58,새론오토모티브,5450,6470,5300
2018-09-13 오후 1:42:06,새론오토모티브,5450,6470,5300
2018-09-13 오후 1:42:11,새론오토모티브,5440,6470,5300
2018-09-13 오후 1:42:25,새론오토모티브,5420,6470,5300
2018-09-13 오후 1:42:32,새론오토모티브,5440,6470,5300
2018-09-13 오후 1:42:36,새론오토모티브,5440,6470,5300
2018-09-13 오후 1:43:00,새론오토모티브,5440,6470,5300
2018-09-13 오후 1:43:24,새론오토모티브,5430,6470,5300
2018-09-13 오후 1:43:27,새론오토모티브,5430,6470,5300
2018-09-13 오후 1:43:36,새론오토모티브,5440,6470,5300
2018-09-13 오후 1:43:43,새론오토모티브,5440,6470,5300
2018-09-13 오후 1:44:13,새론오토모티브,5440,6470,5300
2018-09-13 오후 1:44:23,새론오토모티브,5430,6470,5300
2018-09-13 오후 1:44:32,새론오토모티브,5430,6470,5300
2018-09-13 오후 1:44:39,새론오토모티브,5430,6470,5300
2018-09-13 오후 1:44:40,새론오토모티브,5420,6470,5300
2018-09-13 오후 1:44:44,새론오토모티브,5430,6470,5300
2018-09-13 오후 1:44:48,새론오토모티브,5430,6470,5300
2018-09-13 오후 1:45:03,새론오토모티브,5430,6470,5300
2018-09-13 오후 1:45:07,새론오토모티브,5430,6470,5300
2018-09-13 오후 1:45:07,새론오토모티브,5440,6470,5300
2018-09-13 오후 1:45:17,새론오토모티브,5440,6470,5300
2018-09-13 오후 1:45:27,새론오토모티브,5440,6470,5300
2018-09-13 오후 1:45:29,새론오토모티브,5430,6470,5300
2018-09-13 오후 1:45:44,새론오토모티브,5430,6470,5300
2018-09-13 오후 1:46:02,새론오토모티브,5430,6470,5300
2018-09-13 오후 1:46:35,새론오토모티브,5420,6470,5300
2018-09-13 오후 1:46:38,새론오토모티브,5420,6470,5300
2018-09-13 오후 1:46:41,새론오토모티브,5430,6470,5300
2018-09-13 오후 1:47:19,새론오토모티브,5430,6470,5300
2018-09-13 오후 1:47:19,새론오토모티브,5430,6470,5300
2018-09-13 오후 1:47:20,새론오토모티브,5430,6470,5300
2018-09-13 오후 1:47:27,새론오토모티브,5430,6470,5300
2018-09-13 오후 1:47:33,새론오토모티브,5440,6470,5300
2018-09-13 오후 1:47:41,새론오토모티브,5440,6470,5300
2018-09-13 오후 1:47:42,새론오토모티브,5430,6470,5300
2018-09-13 오후 1:47:45,새론오토모티브,5430,6470,5300
2018-09-13 오후 1:47:51,새론오토모티브,5430,6470,5300
2018-09-13 오후 1:48:01,새론오토모티브,5430,6470,5300
2018-09-13 오후 1:48:02,새론오토모티브,5420,6470,5300
2018-09-13 오후 1:48:05,새론오토모티브,5430,6470,5300
2018-09-13 오후 1:48:13,새론오토모티브,5420,6470,5300
2018-09-13 오후 1:48:19,새론오토모티브,5430,6470,5300
2018-09-13 오후 1:48:25,새론오토모티브,5430,6470,5300
2018-09-13 오후 1:48:26,새론오토모티브,5420,6470,5300
2018-09-13 오후 1:48:33,새론오토모티브,5430,6470,5300
2018-09-13 오후 1:48:34,새론오토모티브,5430,6470,5300
2018-09-13 오후 1:48:41,새론오토모티브,5430,6470,5300
2018-09-13 오후 1:48:48,새론오토모티브,5430,6470,5300
2018-09-13 오후 1:48:48,새론오토모티브,5430,6470,5300
2018-09-13 오후 1:48:49,새론오토모티브,5430,6470,5300
2018-09-13 오후 1:49:09,새론오토모티브,5430,6470,5300
2018-09-13 오후 1:49:19,새론오토모티브,5430,6470,5300
2018-09-13 오후 1:49:54,새론오토모티브,5420,6470,5300
2018-09-13 오후 1:50:02,새론오토모티브,5430,6470,5300
2018-09-13 오후 1:50:02,새론오토모티브,5430,6470,5300
2018-09-13 오후 1:50:18,새론오토모티브,5430,6470,5300
2018-09-13 오후 1:50:18,새론오토모티브,5440,6470,5300
2018-09-13 오후 1:50:24,새론오토모티브,5440,6470,5300
2018-09-13 오후 1:50:29,새론오토모티브,5450,6470,5300
2018-09-13 오후 1:51:00,새론오토모티브,5440,6470,5300
2018-09-13 오후 1:51:23,새론오토모티브,5430,6470,5300
2018-09-13 오후 1:51:30,새론오토모티브,5420,6470,5300
2018-09-13 오후 1:51:35,새론오토모티브,5430,6470,5300
2018-09-13 오후 1:51:47,새론오토모티브,5430,6470,5300
2018-09-13 오후 1:51:49,새론오토모티브,5440,6470,5300
2018-09-13 오후 1:51:58,새론오토모티브,5440,6470,5300
2018-09-13 오후 1:52:06,새론오토모티브,5430,6470,5300
2018-09-13 오후 1:52:13,새론오토모티브,5430,6470,5300
2018-09-13 오후 1:52:18,새론오토모티브,5440,6470,5300
2018-09-13 오후 1:52:23,새론오토모티브,5440,6470,5300
2018-09-13 오후 1:52:44,새론오토모티브,5440,6470,5300
2018-09-13 오후 1:52:45,새론오토모티브,5440,6470,5300
2018-09-13 오후 1:53:06,새론오토모티브,5440,6470,5300
2018-09-13 오후 1:53:11,새론오토모티브,5430,6470,5300
2018-09-13 오후 1:53:12,새론오토모티브,5430,6470,5300
2018-09-13 오후 1:53:15,새론오토모티브,5430,6470,5300
2018-09-13 오후 1:53:18,새론오토모티브,5440,6470,5300
2018-09-13 오후 1:53:25,새론오토모티브,5440,6470,5300
2018-09-13 오후 1:53:31,새론오토모티브,5440,6470,5300
2018-09-13 오후 1:53:32,새론오토모티브,5440,6470,5300
2018-09-13 오후 1:53:38,새론오토모티브,5460,6470,5300
2018-09-13 오후 1:53:38,새론오토모티브,5470,6470,5300
2018-09-13 오후 1:53:38,새론오토모티브,5480,6470,5300
2018-09-13 오후 1:53:47,새론오토모티브,5480,6470,5300
2018-09-13 오후 1:53:47,새론오토모티브,5490,6470,5300
2018-09-13 오후 1:53:49,새론오토모티브,5500,6470,5300
2018-09-13 오후 1:53:58,새론오토모티브,5490,6470,5300
2018-09-13 오후 1:54:05,새론오토모티브,5490,6470,5300
2018-09-13 오후 1:54:12,새론오토모티브,5490,6470,5300
2018-09-13 오후 1:54:25,새론오토모티브,5480,6470,5300
2018-09-13 오후 1:54:50,새론오토모티브,5470,6470,5300
2018-09-13 오후 1:55:40,새론오토모티브,5460,6470,5300
2018-09-13 오후 1:55:43,새론오토모티브,5440,6470,5300
2018-09-13 오후 1:55:57,새론오토모티브,5440,6470,5300
2018-09-13 오후 1:56:03,새론오토모티브,5440,6470,5300
2018-09-13 오후 1:56:16,새론오토모티브,5450,6470,5300
2018-09-13 오후 1:56:22,새론오토모티브,5450,6470,5300
2018-09-13 오후 1:56:31,새론오토모티브,5440,6470,5300
2018-09-13 오후 1:56:45,새론오토모티브,5450,6470,5300
2018-09-13 오후 1:57:16,새론오토모티브,5440,6470,5300
2018-09-13 오후 1:57:28,새론오토모티브,5440,6470,5300
2018-09-13 오후 1:57:53,새론오토모티브,5440,6470,5300
2018-09-13 오후 1:57:57,새론오토모티브,5440,6470,5300
2018-09-13 오후 1:58:02,새론오토모티브,5430,6470,5300
2018-09-13 오후 1:58:18,새론오토모티브,5440,6470,5300
2018-09-13 오후 1:58:22,새론오토모티브,5440,6470,5300
2018-09-13 오후 1:58:34,새론오토모티브,5440,6470,5300
2018-09-13 오후 1:58:46,새론오토모티브,5440,6470,5300
2018-09-13 오후 1:58:54,새론오토모티브,5430,6470,5300
2018-09-13 오후 1:59:04,새론오토모티브,5440,6470,5300
2018-09-13 오후 1:59:15,새론오토모티브,5430,6470,5300
2018-09-13 오후 1:59:19,새론오토모티브,5430,6470,5300
2018-09-13 오후 1:59:49,새론오토모티브,5420,6470,5300
2018-09-13 오후 2:00:11,새론오토모티브,5440,6470,5300
2018-09-13 오후 2:00:17,새론오토모티브,5420,6470,5300
2018-09-13 오후 2:00:23,새론오토모티브,5420,6470,5300
2018-09-13 오후 2:00:23,새론오토모티브,5420,6470,5300
2018-09-13 오후 2:00:29,새론오토모티브,5440,6470,5300
2018-09-13 오후 2:00:32,새론오토모티브,5420,6470,5300
2018-09-13 오후 2:00:43,새론오토모티브,5440,6470,5300
2018-09-13 오후 2:00:43,새론오토모티브,5440,6470,5300
2018-09-13 오후 2:01:01,새론오토모티브,5430,6470,5300
2018-09-13 오후 2:01:14,새론오토모티브,5430,6470,5300
2018-09-13 오후 2:01:14,새론오토모티브,5440,6470,5300
2018-09-13 오후 2:02:52,새론오토모티브,5430,6470,5300
2018-09-13 오후 2:02:58,새론오토모티브,5420,6470,5300
2018-09-13 오후 2:02:58,새론오토모티브,5420,6470,5300
2018-09-13 오후 2:02:58,새론오토모티브,5420,6470,5300
2018-09-13 오후 2:03:01,새론오토모티브,5470,6470,5300
2018-09-13 오후 2:03:16,새론오토모티브,5470,6470,5300
2018-09-13 오후 2:04:51,새론오토모티브,5470,6470,5300
2018-09-13 오후 2:04:59,새론오토모티브,5470,6470,5300
2018-09-13 오후 2:05:22,새론오토모티브,5470,6470,5300
2018-09-13 오후 2:05:23,새론오토모티브,5470,6470,5300
2018-09-13 오후 2:06:56,새론오토모티브,5470,6470,5300
2018-09-13 오후 2:07:02,새론오토모티브,5470,6470,5300
2018-09-13 오후 2:07:06,새론오토모티브,5470,6470,5300
2018-09-13 오후 2:07:10,새론오토모티브,5470,6470,5300
2018-09-13 오후 2:07:11,새론오토모티브,5480,6470,5300
2018-09-13 오후 2:07:19,새론오토모티브,5480,6470,5300
2018-09-13 오후 2:07:26,새론오토모티브,5480,6470,5300
2018-09-13 오후 2:07:31,새론오토모티브,5480,6470,5300
2018-09-13 오후 2:07:37,새론오토모티브,5480,6470,5300
2018-09-13 오후 2:07:48,새론오토모티브,5490,6470,5300
2018-09-13 오후 2:08:16,새론오토모티브,5490,6470,5300
2018-09-13 오후 2:08:19,새론오토모티브,5490,6470,5300
2018-09-13 오후 2:08:23,새론오토모티브,5490,6470,5300
2018-09-13 오후 2:08:24,새론오토모티브,5490,6470,5300
2018-09-13 오후 2:08:34,새론오토모티브,5490,6470,5300
2018-09-13 오후 2:08:37,새론오토모티브,5490,6470,5300
2018-09-13 오후 2:08:37,새론오토모티브,5490,6470,5300
2018-09-13 오후 2:08:38,새론오토모티브,5480,6470,5300
2018-09-13 오후 2:08:38,새론오토모티브,5470,6470,5300
2018-09-13 오후 2:08:38,새론오토모티브,5460,6470,5300
2018-09-13 오후 2:08:43,새론오토모티브,5460,6470,5300
2018-09-13 오후 2:08:43,새론오토모티브,5450,6470,5300
2018-09-13 오후 2:08:48,새론오토모티브,5490,6470,5300
2018-09-13 오후 2:08:49,새론오토모티브,5490,6470,5300
2018-09-13 오후 2:09:06,새론오토모티브,5460,6470,5300
2018-09-13 오후 2:09:06,새론오토모티브,5450,6470,5300
2018-09-13 오후 2:09:06,새론오토모티브,5440,6470,5300
2018-09-13 오후 2:09:57,새론오토모티브,5470,6470,5300
2018-09-13 오후 2:10:34,새론오토모티브,5480,6470,5300
2018-09-13 오후 2:11:33,새론오토모티브,5480,6470,5300
2018-09-13 오후 2:11:50,새론오토모티브,5480,6470,5300
2018-09-13 오후 2:11:55,새론오토모티브,5460,6470,5300
2018-09-13 오후 2:12:10,새론오토모티브,5480,6470,5300
2018-09-13 오후 2:12:58,새론오토모티브,5460,6470,5300
2018-09-13 오후 2:13:52,새론오토모티브,5470,6470,5300
2018-09-13 오후 2:14:05,새론오토모티브,5480,6470,5300
2018-09-13 오후 2:15:03,새론오토모티브,5480,6470,5300
2018-09-13 오후 2:15:52,새론오토모티브,5480,6470,5300
2018-09-13 오후 2:16:15,새론오토모티브,5470,6470,5300
2018-09-13 오후 2:16:32,새론오토모티브,5480,6470,5300
2018-09-13 오후 2:17:33,새론오토모티브,5460,6470,5300
2018-09-13 오후 2:17:46,새론오토모티브,5450,6470,5300
2018-09-13 오후 2:17:56,새론오토모티브,5450,6470,5300
2018-09-13 오후 2:18:06,새론오토모티브,5450,6470,5300
2018-09-13 오후 2:18:17,새론오토모티브,5450,6470,5300
2018-09-13 오후 2:18:29,새론오토모티브,5460,6470,5300
2018-09-13 오후 2:18:32,새론오토모티브,5460,6470,5300
2018-09-13 오후 2:20:22,새론오토모티브,5440,6470,5300
2018-09-13 오후 2:23:33,새론오토모티브,5450,6470,5300
2018-09-13 오후 2:23:48,새론오토모티브,5450,6470,5300
2018-09-13 오후 2:23:58,새론오토모티브,5450,6470,5300
2018-09-13 오후 2:24:14,새론오토모티브,5450,6470,5300
2018-09-13 오후 2:24:20,새론오토모티브,5450,6470,5300
2018-09-13 오후 2:24:27,새론오토모티브,5450,6470,5300
2018-09-13 오후 2:24:34,새론오토모티브,5450,6470,5300
2018-09-13 오후 2:24:38,새론오토모티브,5450,6470,5300
2018-09-13 오후 2:24:38,새론오토모티브,5440,6470,5300
2018-09-13 오후 2:24:47,새론오토모티브,5450,6470,5300
2018-09-13 오후 2:24:54,새론오토모티브,5450,6470,5300
2018-09-13 오후 2:25:09,새론오토모티브,5450,6470,5300
2018-09-13 오후 2:25:45,새론오토모티브,5460,6470,5300
2018-09-13 오후 2:25:53,새론오토모티브,5450,6470,5300
2018-09-13 오후 2:26:00,새론오토모티브,5450,6470,5300
2018-09-13 오후 2:26:06,새론오토모티브,5450,6470,5300
2018-09-13 오후 2:26:09,새론오토모티브,5450,6470,5300
2018-09-13 오후 2:26:12,새론오토모티브,5450,6470,5300
2018-09-13 오후 2:26:17,새론오토모티브,5450,6470,5300
2018-09-13 오후 2:26:22,새론오토모티브,5450,6470,5300
2018-09-13 오후 2:26:36,새론오토모티브,5450,6470,5300
2018-09-13 오후 2:26:59,새론오토모티브,5450,6470,5300
2018-09-13 오후 2:27:02,새론오토모티브,5450,6470,5300
2018-09-13 오후 2:27:05,새론오토모티브,5450,6470,5300
2018-09-13 오후 2:27:08,새론오토모티브,5450,6470,5300
2018-09-13 오후 2:27:11,새론오토모티브,5450,6470,5300
2018-09-13 오후 2:27:17,새론오토모티브,5450,6470,5300
2018-09-13 오후 2:28:05,새론오토모티브,5450,6470,5300
2018-09-13 오후 2:28:07,새론오토모티브,5450,6470,5300
2018-09-13 오후 2:28:38,새론오토모티브,5440,6470,5300
2018-09-13 오후 2:28:40,새론오토모티브,5450,6470,5300
2018-09-13 오후 2:28:48,새론오토모티브,5440,6470,5300
2018-09-13 오후 2:29:07,새론오토모티브,5440,6470,5300
2018-09-13 오후 2:29:35,새론오토모티브,5450,6470,5300
2018-09-13 오후 2:29:48,새론오토모티브,5440,6470,5300
2018-09-13 오후 2:29:56,새론오토모티브,5440,6470,5300
2018-09-13 오후 2:30:50,새론오토모티브,5440,6470,5300
2018-09-13 오후 2:31:48,새론오토모티브,5450,6470,5300
2018-09-13 오후 2:32:26,새론오토모티브,5450,6470,5300
2018-09-13 오후 2:33:02,새론오토모티브,5450,6470,5300
2018-09-13 오후 2:33:07,새론오토모티브,5460,6470,5300
2018-09-13 오후 2:33:19,새론오토모티브,5460,6470,5300
2018-09-13 오후 2:33:22,새론오토모티브,5460,6470,5300
2018-09-13 오후 2:33:24,새론오토모티브,5460,6470,5300
2018-09-13 오후 2:33:38,새론오토모티브,5460,6470,5300
2018-09-13 오후 2:33:41,새론오토모티브,5460,6470,5300
2018-09-13 오후 2:33:43,새론오토모티브,5460,6470,5300
2018-09-13 오후 2:33:55,새론오토모티브,5460,6470,5300
2018-09-13 오후 2:33:57,새론오토모티브,5460,6470,5300
2018-09-13 오후 2:33:58,새론오토모티브,5450,6470,5300
2018-09-13 오후 2:34:14,새론오토모티브,5450,6470,5300
2018-09-13 오후 2:34:17,새론오토모티브,5450,6470,5300
2018-09-13 오후 2:34:19,새론오토모티브,5450,6470,5300
2018-09-13 오후 2:34:27,새론오토모티브,5450,6470,5300
2018-09-13 오후 2:34:36,새론오토모티브,5450,6470,5300
2018-09-13 오후 2:34:38,새론오토모티브,5450,6470,5300
2018-09-13 오후 2:35:27,새론오토모티브,5450,6470,5300
2018-09-13 오후 2:35:43,새론오토모티브,5450,6470,5300
2018-09-13 오후 2:35:46,새론오토모티브,5450,6470,5300
2018-09-13 오후 2:35:50,새론오토모티브,5450,6470,5300
2018-09-13 오후 2:35:51,새론오토모티브,5450,6470,5300
2018-09-13 오후 2:35:52,새론오토모티브,5450,6470,5300
2018-09-13 오후 2:35:54,새론오토모티브,5450,6470,5300
2018-09-13 오후 2:35:56,새론오토모티브,5450,6470,5300
2018-09-13 오후 2:36:09,새론오토모티브,5450,6470,5300
2018-09-13 오후 2:36:21,새론오토모티브,5450,6470,5300
2018-09-13 오후 2:36:37,새론오토모티브,5450,6470,5300
2018-09-13 오후 2:36:40,새론오토모티브,5450,6470,5300
2018-09-13 오후 2:36:42,새론오토모티브,5450,6470,5300
2018-09-13 오후 2:36:46,새론오토모티브,5450,6470,5300
2018-09-13 오후 2:36:53,새론오토모티브,5450,6470,5300
2018-09-13 오후 2:36:57,새론오토모티브,5450,6470,5300
2018-09-13 오후 2:37:12,새론오토모티브,5450,6470,5300
2018-09-13 오후 2:37:13,새론오토모티브,5450,6470,5300
2018-09-13 오후 2:37:15,새론오토모티브,5450,6470,5300
2018-09-13 오후 2:37:21,새론오토모티브,5450,6470,5300
2018-09-13 오후 2:37:26,새론오토모티브,5450,6470,5300
2018-09-13 오후 2:37:34,새론오토모티브,5450,6470,5300
2018-09-13 오후 2:37:40,새론오토모티브,5450,6470,5300
2018-09-13 오후 2:37:46,새론오토모티브,5450,6470,5300
2018-09-13 오후 2:37:54,새론오토모티브,5450,6470,5300
2018-09-13 오후 2:37:56,새론오토모티브,5450,6470,5300
2018-09-13 오후 2:38:39,새론오토모티브,5450,6470,5300
2018-09-13 오후 2:38:41,새론오토모티브,5450,6470,5300
2018-09-13 오후 2:38:43,새론오토모티브,5450,6470,5300
2018-09-13 오후 2:38:45,새론오토모티브,5450,6470,5300
2018-09-13 오후 2:38:51,새론오토모티브,5450,6470,5300
2018-09-13 오후 2:39:03,새론오토모티브,5450,6470,5300
2018-09-13 오후 2:39:06,새론오토모티브,5450,6470,5300
2018-09-13 오후 2:39:08,새론오토모티브,5450,6470,5300
2018-09-13 오후 2:39:16,새론오토모티브,5450,6470,5300
2018-09-13 오후 2:40:22,새론오토모티브,5450,6470,5300
2018-09-13 오후 2:40:44,새론오토모티브,5450,6470,5300
2018-09-13 오후 2:40:56,새론오토모티브,5450,6470,5300
2018-09-13 오후 2:41:00,새론오토모티브,5450,6470,5300
2018-09-13 오후 2:41:06,새론오토모티브,5450,6470,5300
2018-09-13 오후 2:41:12,새론오토모티브,5450,6470,5300
2018-09-13 오후 2:41:17,새론오토모티브,5450,6470,5300
2018-09-13 오후 2:41:23,새론오토모티브,5450,6470,5300
2018-09-13 오후 2:41:29,새론오토모티브,5450,6470,5300
2018-09-13 오후 2:41:34,새론오토모티브,5450,6470,5300
2018-09-13 오후 2:42:59,새론오토모티브,5460,6470,5300
2018-09-13 오후 2:42:59,새론오토모티브,5470,6470,5300
2018-09-13 오후 2:43:16,새론오토모티브,5470,6470,5300
2018-09-13 오후 2:43:25,새론오토모티브,5450,6470,5300
2018-09-13 오후 2:43:55,새론오토모티브,5450,6470,5300
2018-09-13 오후 2:44:36,새론오토모티브,5450,6470,5300
2018-09-13 오후 2:44:40,새론오토모티브,5450,6470,5300
2018-09-13 오후 2:44:46,새론오토모티브,5450,6470,5300
2018-09-13 오후 2:44:53,새론오토모티브,5450,6470,5300
2018-09-13 오후 2:44:59,새론오토모티브,5450,6470,5300
2018-09-13 오후 2:45:00,새론오토모티브,5450,6470,5300
2018-09-13 오후 2:47:03,새론오토모티브,5450,6470,5300
2018-09-13 오후 2:47:03,새론오토모티브,5450,6470,5300
2018-09-13 오후 2:47:33,새론오토모티브,5450,6470,5300
2018-09-13 오후 2:48:30,새론오토모티브,5460,6470,5300
2018-09-13 오후 2:50:27,새론오토모티브,5460,6470,5300
2018-09-13 오후 2:50:27,새론오토모티브,5470,6470,5300
2018-09-13 오후 2:50:27,새론오토모티브,5480,6470,5300
2018-09-13 오후 2:51:17,새론오토모티브,5480,6470,5300
2018-09-13 오후 2:51:31,새론오토모티브,5480,6470,5300
2018-09-13 오후 2:51:52,새론오토모티브,5480,6470,5300
2018-09-13 오후 2:52:33,새론오토모티브,5480,6470,5300
2018-09-13 오후 2:52:51,새론오토모티브,5480,6470,5300
2018-09-13 오후 2:52:56,새론오토모티브,5480,6470,5300
2018-09-13 오후 2:53:41,새론오토모티브,5480,6470,5300
2018-09-13 오후 2:53:43,새론오토모티브,5480,6470,5300
2018-09-13 오후 2:53:50,새론오토모티브,5480,6470,5300
2018-09-13 오후 2:54:47,새론오토모티브,5470,6470,5300
2018-09-13 오후 2:54:53,새론오토모티브,5480,6470,5300
2018-09-13 오후 2:54:55,새론오토모티브,5480,6470,5300
2018-09-13 오후 2:55:00,새론오토모티브,5480,6470,5300
2018-09-13 오후 2:55:12,새론오토모티브,5480,6470,5300
2018-09-13 오후 2:55:16,새론오토모티브,5480,6470,5300
2018-09-13 오후 2:55:19,새론오토모티브,5480,6470,5300
2018-09-13 오후 2:55:19,새론오토모티브,5490,6470,5300
2018-09-13 오후 2:55:19,새론오토모티브,5500,6470,5300
2018-09-13 오후 2:55:30,새론오토모티브,5500,6470,5300
2018-09-13 오후 2:55:35,새론오토모티브,5490,6470,5300
2018-09-13 오후 2:55:39,새론오토모티브,5490,6470,5300
2018-09-13 오후 2:55:39,새론오토모티브,5500,6470,5300
2018-09-13 오후 2:55:52,새론오토모티브,5500,6470,5300
2018-09-13 오후 2:55:55,새론오토모티브,5490,6470,5300
2018-09-13 오후 2:56:00,새론오토모티브,5490,6470,5300
2018-09-13 오후 2:56:15,새론오토모티브,5490,6470,5300
2018-09-13 오후 2:56:32,새론오토모티브,5490,6470,5300
2018-09-13 오후 2:56:45,새론오토모티브,5490,6470,5300
2018-09-13 오후 2:56:46,새론오토모티브,5480,6470,5300
2018-09-13 오후 2:56:46,새론오토모티브,5480,6470,5300
2018-09-13 오후 2:56:52,새론오토모티브,5480,6470,5300
2018-09-13 오후 2:57:07,새론오토모티브,5480,6470,5300
2018-09-13 오후 2:57:21,새론오토모티브,5480,6470,5300
2018-09-13 오후 2:58:36,새론오토모티브,5460,6470,5300
2018-09-13 오후 2:58:36,새론오토모티브,5450,6470,5300
2018-09-13 오후 2:58:36,새론오토모티브,5440,6470,5300
2018-09-13 오후 2:58:36,새론오토모티브,5480,6470,5300
2018-09-13 오후 2:59:00,새론오토모티브,5480,6470,5300
2018-09-13 오후 2:59:30,새론오토모티브,5480,6470,5300
2018-09-13 오후 2:59:35,새론오토모티브,5480,6470,5300
2018-09-13 오후 2:59:50,새론오토모티브,5490,6470,5300
2018-09-13 오후 3:00:01,새론오토모티브,5480,6470,5300
2018-09-13 오후 3:00:01,새론오토모티브,5460,6470,5300
2018-09-13 오후 3:00:14,새론오토모티브,5450,6470,5300
2018-09-13 오후 3:02:17,새론오토모티브,5450,6470,5300
2018-09-13 오후 3:02:28,새론오토모티브,5450,6470,5300
2018-09-13 오후 3:02:28,새론오토모티브,5440,6470,5300
2018-09-13 오후 3:03:20,새론오토모티브,5450,6470,5300
2018-09-13 오후 3:03:37,새론오토모티브,5450,6470,5300
2018-09-13 오후 3:05:56,새론오토모티브,5460,6470,5300
2018-09-13 오후 3:06:19,새론오토모티브,5460,6470,5300
2018-09-13 오후 3:07:16,새론오토모티브,5460,6470,5300
2018-09-13 오후 3:08:20,새론오토모티브,5460,6470,5300
2018-09-13 오후 3:09:14,새론오토모티브,5460,6470,5300
2018-09-13 오후 3:09:37,새론오토모티브,5460,6470,5300
2018-09-13 오후 3:09:51,새론오토모티브,5450,6470,5300
2018-09-13 오후 3:09:58,새론오토모티브,5440,6470,5300
2018-09-13 오후 3:11:37,새론오토모티브,5440,6470,5300
2018-09-13 오후 3:11:37,새론오토모티브,5430,6470,5300
2018-09-13 오후 3:11:58,새론오토모티브,5440,6470,5300
2018-09-13 오후 3:12:05,새론오토모티브,5460,6470,5300
2018-09-13 오후 3:12:40,새론오토모티브,5450,6470,5300
2018-09-13 오후 3:12:40,새론오토모티브,5460,6470,5300
2018-09-13 오후 3:13:55,새론오토모티브,5440,6470,5300
2018-09-13 오후 3:14:07,새론오토모티브,5450,6470,5300
2018-09-13 오후 3:15:04,새론오토모티브,5450,6470,5300
2018-09-13 오후 3:15:05,새론오토모티브,5450,6470,5300
2018-09-13 오후 3:15:50,새론오토모티브,5450,6470,5300
2018-09-13 오후 3:15:56,새론오토모티브,5450,6470,5300
2018-09-13 오후 3:16:07,새론오토모티브,5460,6470,5300
2018-09-13 오후 3:16:21,새론오토모티브,5460,6470,5300
2018-09-13 오후 3:16:29,새론오토모티브,5450,6470,5300
2018-09-13 오후 3:16:44,새론오토모티브,5440,6470,5300
2018-09-13 오후 3:17:22,새론오토모티브,5430,6470,5300
2018-09-13 오후 3:17:28,새론오토모티브,5430,6470,5300
2018-09-13 오후 3:17:43,새론오토모티브,5440,6470,5300
2018-09-13 오후 3:18:09,새론오토모티브,5440,6470,5300
2018-09-13 오후 3:18:43,새론오토모티브,5430,6470,5300
2018-09-13 오후 3:19:00,새론오토모티브,5430,6470,5300
2018-09-13 오후 3:19:03,새론오토모티브,5430,6470,5300
2018-09-13 오후 3:19:03,새론오토모티브,5420,6470,5300
2018-09-13 오후 3:19:05,새론오토모티브,5420,6470,5300
2018-09-13 오후 3:19:20,새론오토모티브,5430,6470,5300
2018-09-13 오후 3:19:27,새론오토모티브,5430,6470,5300
2018-09-13 오후 3:19:29,새론오토모티브,5430,6470,5300
2018-09-13 오후 3:19:36,새론오토모티브,5430,6470,5300
2018-09-13 오후 3:19:42,새론오토모티브,5440,6470,5300
2018-09-13 오후 3:19:48,새론오토모티브,5450,6470,5300
2018-09-13 오후 3:19:52,새론오토모티브,5510,0,0
2018-09-13 오후 3:19:55,새론오토모티브,5510,0,0
2018-09-13 오후 3:19:56,새론오토모티브,5510,0,0
2018-09-13 오후 3:20:01,새론오토모티브,5510,0,0
2018-09-13 오후 3:20:01,새론오토모티브,5510,0,0
2018-09-13 오후 3:20:02,새론오토모티브,5510,0,0
2018-09-13 오후 3:20:02,새론오토모티브,5420,0,0
2018-09-13 오후 3:20:07,새론오토모티브,5420,0,0
2018-09-13 오후 3:20:08,새론오토모티브,5420,0,0
2018-09-13 오후 3:20:10,새론오토모티브,5420,0,0
2018-09-13 오후 3:20:11,새론오토모티브,5410,0,0
2018-09-13 오후 3:20:14,새론오토모티브,5410,0,0
2018-09-13 오후 3:20:15,새론오토모티브,5410,0,0
2018-09-13 오후 3:20:22,새론오토모티브,5420,0,0
2018-09-13 오후 3:20:23,새론오토모티브,5420,0,0
2018-09-13 오후 3:20:24,새론오토모티브,5420,0,0
2018-09-13 오후 3:20:25,새론오토모티브,5500,0,0
2018-09-13 오후 3:20:34,새론오토모티브,5500,0,0
2018-09-13 오후 3:20:35,새론오토모티브,5500,0,0
2018-09-13 오후 3:20:36,새론오토모티브,5500,0,0
2018-09-13 오후 3:20:38,새론오토모티브,5500,0,0
2018-09-13 오후 3:20:42,새론오토모티브,5500,0,0
2018-09-13 오후 3:20:43,새론오토모티브,5510,0,0
2018-09-13 오후 3:20:48,새론오토모티브,5510,0,0
2018-09-13 오후 3:20:49,새론오토모티브,5510,0,0
2018-09-13 오후 3:20:50,새론오토모티브,5510,0,0
2018-09-13 오후 3:20:51,새론오토모티브,5510,0,0
2018-09-13 오후 3:20:53,새론오토모티브,5510,0,0
2018-09-13 오후 3:20:58,새론오토모티브,5500,0,0
2018-09-13 오후 3:20:58,새론오토모티브,5500,0,0
2018-09-13 오후 3:21:11,새론오토모티브,5500,0,0
2018-09-13 오후 3:21:12,새론오토모티브,5500,0,0
2018-09-13 오후 3:21:21,새론오토모티브,5500,0,0
2018-09-13 오후 3:21:26,새론오토모티브,5500,0,0
2018-09-13 오후 3:21:38,새론오토모티브,5500,0,0
2018-09-13 오후 3:21:42,새론오토모티브,5500,0,0
2018-09-13 오후 3:21:51,새론오토모티브,5500,0,0
2018-09-13 오후 3:21:53,새론오토모티브,5500,0,0
2018-09-13 오후 3:22:00,새론오토모티브,5500,0,0
2018-09-13 오후 3:22:01,새론오토모티브,5500,0,0
2018-09-13 오후 3:22:01,새론오토모티브,5500,0,0
2018-09-13 오후 3:22:02,새론오토모티브,5500,0,0
2018-09-13 오후 3:22:10,새론오토모티브,5500,0,0
2018-09-13 오후 3:22:15,새론오토모티브,5500,0,0
2018-09-13 오후 3:22:22,새론오토모티브,5500,0,0
2018-09-13 오후 3:22:25,새론오토모티브,5500,0,0
2018-09-13 오후 3:22:27,새론오토모티브,5500,0,0
2018-09-13 오후 3:22:33,새론오토모티브,5500,0,0
2018-09-13 오후 3:22:45,새론오토모티브,5500,0,0
2018-09-13 오후 3:22:46,새론오토모티브,5500,0,0
2018-09-13 오후 3:22:49,새론오토모티브,5500,0,0
2018-09-13 오후 3:22:51,새론오토모티브,5500,0,0
2018-09-13 오후 3:23:06,새론오토모티브,5500,0,0
2018-09-13 오후 3:23:16,새론오토모티브,5500,0,0
2018-09-13 오후 3:23:22,새론오토모티브,5500,0,0
2018-09-13 오후 3:23:28,새론오토모티브,5500,0,0
2018-09-13 오후 3:23:29,새론오토모티브,5510,0,0
2018-09-13 오후 3:23:31,새론오토모티브,5510,0,0
2018-09-13 오후 3:23:39,새론오토모티브,5500,0,0
2018-09-13 오후 3:23:39,새론오토모티브,5500,0,0
2018-09-13 오후 3:23:44,새론오토모티브,5500,0,0
2018-09-13 오후 3:23:47,새론오토모티브,5500,0,0
2018-09-13 오후 3:23:48,새론오토모티브,5500,0,0
2018-09-13 오후 3:23:51,새론오토모티브,5520,0,0
2018-09-13 오후 3:24:03,새론오토모티브,5520,0,0
2018-09-13 오후 3:24:04,새론오토모티브,5520,0,0
2018-09-13 오후 3:24:09,새론오토모티브,5520,0,0
2018-09-13 오후 3:24:11,새론오토모티브,5520,0,0
2018-09-13 오후 3:24:17,새론오토모티브,5520,0,0
2018-09-13 오후 3:24:22,새론오토모티브,5520,0,0
2018-09-13 오후 3:24:26,새론오토모티브,5510,0,0
2018-09-13 오후 3:24:41,새론오토모티브,5510,0,0
2018-09-13 오후 3:25:00,새론오토모티브,5510,0,0
2018-09-13 오후 3:25:00,새론오토모티브,5510,0,0
2018-09-13 오후 3:25:10,새론오토모티브,5510,0,0
2018-09-13 오후 3:25:15,새론오토모티브,5510,0,0
2018-09-13 오후 3:25:28,새론오토모티브,5510,0,0
2018-09-13 오후 3:25:36,새론오토모티브,5500,0,0
2018-09-13 오후 3:25:45,새론오토모티브,5500,0,0
2018-09-13 오후 3:25:48,새론오토모티브,5500,0,0
2018-09-13 오후 3:25:52,새론오토모티브,5500,0,0
2018-09-13 오후 3:25:56,새론오토모티브,5500,0,0
2018-09-13 오후 3:26:14,새론오토모티브,5500,0,0
2018-09-13 오후 3:26:16,새론오토모티브,5500,0,0
2018-09-13 오후 3:26:33,새론오토모티브,5500,0,0
2018-09-13 오후 3:26:34,새론오토모티브,5500,0,0
2018-09-13 오후 3:26:42,새론오토모티브,5500,0,0
2018-09-13 오후 3:26:52,새론오토모티브,5500,0,0
2018-09-13 오후 3:26:53,새론오토모티브,5500,0,0
2018-09-13 오후 3:26:57,새론오토모티브,5500,0,0
2018-09-13 오후 3:27:01,새론오토모티브,5500,0,0
2018-09-13 오후 3:27:01,새론오토모티브,5500,0,0
2018-09-13 오후 3:27:12,새론오토모티브,5500,0,0
2018-09-13 오후 3:27:47,새론오토모티브,5500,0,0
2018-09-13 오후 3:27:58,새론오토모티브,5500,0,0
2018-09-13 오후 3:27:59,새론오토모티브,5500,0,0
2018-09-13 오후 3:28:02,새론오토모티브,5500,0,0
2018-09-13 오후 3:28:10,새론오토모티브,5500,0,0
2018-09-13 오후 3:28:12,새론오토모티브,5500,0,0
2018-09-13 오후 3:28:19,새론오토모티브,5500,0,0
2018-09-13 오후 3:28:21,새론오토모티브,5500,0,0
2018-09-13 오후 3:28:24,새론오토모티브,5500,0,0
2018-09-13 오후 3:28:30,새론오토모티브,5500,0,0
2018-09-13 오후 3:28:42,새론오토모티브,5500,0,0
2018-09-13 오후 3:28:43,새론오토모티브,5500,0,0
2018-09-13 오후 3:28:44,새론오토모티브,5500,0,0
2018-09-13 오후 3:29:08,새론오토모티브,5470,0,0
2018-09-13 오후 3:29:17,새론오토모티브,5470,0,0
2018-09-13 오후 3:29:19,새론오토모티브,5470,0,0
2018-09-13 오후 3:29:21,새론오토모티브,5470,0,0
2018-09-13 오후 3:29:25,새론오토모티브,5470,0,0
2018-09-13 오후 3:29:28,새론오토모티브,5500,0,0
2018-09-13 오후 3:29:32,새론오토모티브,5500,0,0
2018-09-13 오후 3:29:36,새론오토모티브,5490,0,0
2018-09-13 오후 3:29:40,새론오토모티브,5490,0,0
2018-09-13 오후 3:29:44,새론오토모티브,5490,0,0
2018-09-13 오후 3:29:47,새론오토모티브,5450,0,0
2018-09-13 오후 3:29:52,새론오토모티브,5450,0,0
2018-09-13 오후 3:29:53,새론오토모티브,5450,0,0
2018-09-13 오후 3:29:54,새론오토모티브,5450,0,0
2018-09-13 오후 3:30:14,새론오토모티브,5450,6470,5300
