2018-09-13 오전 9:48:18,대성파인텍,2475,2480,2235
2018-09-13 오전 9:48:18,대성파인텍,2470,2480,2235
2018-09-13 오전 9:48:18,대성파인텍,2470,2480,2235
2018-09-13 오전 9:48:18,대성파인텍,2470,2480,2235
2018-09-13 오전 9:48:18,대성파인텍,2470,2480,2235
2018-09-13 오전 9:48:18,대성파인텍,2475,2480,2235
2018-09-13 오전 9:48:18,대성파인텍,2480,2480,2235
2018-09-13 오전 9:48:18,대성파인텍,2480,2480,2235
2018-09-13 오전 9:48:18,대성파인텍,2480,2480,2235
2018-09-13 오전 9:48:18,대성파인텍,2480,2480,2235
2018-09-13 오전 9:48:18,대성파인텍,2470,2480,2235
2018-09-13 오전 9:48:18,대성파인텍,2470,2480,2235
2018-09-13 오전 9:48:18,대성파인텍,2480,2480,2235
2018-09-13 오전 9:48:18,대성파인텍,2480,2480,2235
2018-09-13 오전 9:48:18,대성파인텍,2480,2480,2235
2018-09-13 오전 9:48:19,대성파인텍,2480,2480,2235
2018-09-13 오전 9:48:19,대성파인텍,2470,2480,2235
2018-09-13 오전 9:48:19,대성파인텍,2470,2480,2235
2018-09-13 오전 9:48:19,대성파인텍,2470,2480,2235
2018-09-13 오전 9:48:19,대성파인텍,2480,2480,2235
2018-09-13 오전 9:48:19,대성파인텍,2470,2480,2235
2018-09-13 오전 9:48:19,대성파인텍,2470,2480,2235
2018-09-13 오전 9:48:19,대성파인텍,2480,2480,2235
2018-09-13 오전 9:48:19,대성파인텍,2470,2480,2235
2018-09-13 오전 9:48:19,대성파인텍,2470,2480,2235
2018-09-13 오전 9:48:19,대성파인텍,2480,2480,2235
2018-09-13 오전 9:48:19,대성파인텍,2485,2485,2235
2018-09-13 오전 9:48:19,대성파인텍,2480,2485,2235
2018-09-13 오전 9:48:20,대성파인텍,2480,2485,2235
2018-09-13 오전 9:48:20,대성파인텍,2480,2485,2235
2018-09-13 오전 9:48:20,대성파인텍,2480,2485,2235
2018-09-13 오전 9:48:20,대성파인텍,2480,2485,2235
2018-09-13 오전 9:48:20,대성파인텍,2485,2485,2235
2018-09-13 오전 9:48:20,대성파인텍,2480,2485,2235
2018-09-13 오전 9:48:20,대성파인텍,2485,2485,2235
2018-09-13 오전 9:48:20,대성파인텍,2480,2485,2235
2018-09-13 오전 9:48:20,대성파인텍,2480,2485,2235
2018-09-13 오전 9:48:20,대성파인텍,2480,2485,2235
2018-09-13 오전 9:48:20,대성파인텍,2485,2485,2235
2018-09-13 오전 9:48:21,대성파인텍,2480,2485,2235
2018-09-13 오전 9:48:21,대성파인텍,2480,2485,2235
2018-09-13 오전 9:48:21,대성파인텍,2480,2485,2235
2018-09-13 오전 9:48:21,대성파인텍,2485,2485,2235
2018-09-13 오전 9:48:21,대성파인텍,2485,2485,2235
2018-09-13 오전 9:48:21,대성파인텍,2485,2485,2235
2018-09-13 오전 9:48:21,대성파인텍,2480,2485,2235
2018-09-13 오전 9:48:21,대성파인텍,2480,2485,2235
2018-09-13 오전 9:48:21,대성파인텍,2480,2485,2235
2018-09-13 오전 9:48:21,대성파인텍,2480,2485,2235
2018-09-13 오전 9:48:21,대성파인텍,2485,2485,2235
2018-09-13 오전 9:48:21,대성파인텍,2480,2485,2235
2018-09-13 오전 9:48:21,대성파인텍,2480,2485,2235
2018-09-13 오전 9:48:21,대성파인텍,2485,2485,2235
2018-09-13 오전 9:48:21,대성파인텍,2480,2485,2235
2018-09-13 오전 9:48:21,대성파인텍,2485,2485,2235
2018-09-13 오전 9:48:21,대성파인텍,2485,2485,2235
2018-09-13 오전 9:48:22,대성파인텍,2485,2485,2235
2018-09-13 오전 9:48:22,대성파인텍,2480,2485,2235
2018-09-13 오전 9:48:22,대성파인텍,2485,2485,2235
2018-09-13 오전 9:48:22,대성파인텍,2480,2485,2235
2018-09-13 오전 9:48:22,대성파인텍,2485,2485,2235
2018-09-13 오전 9:48:22,대성파인텍,2485,2485,2235
2018-09-13 오전 9:48:22,대성파인텍,2485,2485,2235
2018-09-13 오전 9:48:22,대성파인텍,2480,2485,2235
2018-09-13 오전 9:48:22,대성파인텍,2480,2485,2235
2018-09-13 오전 9:48:22,대성파인텍,2480,2485,2235
2018-09-13 오전 9:48:22,대성파인텍,2480,2485,2235
2018-09-13 오전 9:48:22,대성파인텍,2480,2485,2235
2018-09-13 오전 9:48:23,대성파인텍,2485,2485,2235
2018-09-13 오전 9:48:23,대성파인텍,2485,2485,2235
2018-09-13 오전 9:48:23,대성파인텍,2480,2485,2235
2018-09-13 오전 9:48:23,대성파인텍,2480,2485,2235
2018-09-13 오전 9:48:23,대성파인텍,2480,2485,2235
2018-09-13 오전 9:48:23,대성파인텍,2485,2485,2235
2018-09-13 오전 9:48:23,대성파인텍,2485,2485,2235
2018-09-13 오전 9:48:23,대성파인텍,2480,2485,2235
2018-09-13 오전 9:48:23,대성파인텍,2485,2485,2235
2018-09-13 오전 9:48:23,대성파인텍,2485,2485,2235
2018-09-13 오전 9:48:23,대성파인텍,2480,2485,2235
2018-09-13 오전 9:48:23,대성파인텍,2485,2485,2235
2018-09-13 오전 9:48:23,대성파인텍,2480,2485,2235
2018-09-13 오전 9:48:23,대성파인텍,2480,2485,2235
2018-09-13 오전 9:48:24,대성파인텍,2485,2485,2235
2018-09-13 오전 9:48:24,대성파인텍,2480,2485,2235
2018-09-13 오전 9:48:24,대성파인텍,2485,2485,2235
2018-09-13 오전 9:48:24,대성파인텍,2485,2485,2235
2018-09-13 오전 9:48:24,대성파인텍,2485,2485,2235
2018-09-13 오전 9:48:24,대성파인텍,2485,2485,2235
2018-09-13 오전 9:48:24,대성파인텍,2480,2485,2235
2018-09-13 오전 9:48:24,대성파인텍,2485,2485,2235
2018-09-13 오전 9:48:24,대성파인텍,2485,2485,2235
2018-09-13 오전 9:48:24,대성파인텍,2480,2485,2235
2018-09-13 오전 9:48:24,대성파인텍,2480,2485,2235
2018-09-13 오전 9:48:25,대성파인텍,2485,2485,2235
2018-09-13 오전 9:48:25,대성파인텍,2480,2485,2235
2018-09-13 오전 9:48:25,대성파인텍,2485,2485,2235
2018-09-13 오전 9:48:25,대성파인텍,2480,2485,2235
2018-09-13 오전 9:48:25,대성파인텍,2485,2485,2235
2018-09-13 오전 9:48:25,대성파인텍,2485,2485,2235
2018-09-13 오전 9:48:25,대성파인텍,2485,2485,2235
2018-09-13 오전 9:48:25,대성파인텍,2485,2485,2235
2018-09-13 오전 9:48:25,대성파인텍,2480,2485,2235
2018-09-13 오전 9:48:25,대성파인텍,2485,2485,2235
2018-09-13 오전 9:48:25,대성파인텍,2480,2485,2235
2018-09-13 오전 9:48:25,대성파인텍,2480,2485,2235
2018-09-13 오전 9:48:25,대성파인텍,2480,2485,2235
2018-09-13 오전 9:48:25,대성파인텍,2480,2485,2235
2018-09-13 오전 9:48:25,대성파인텍,2485,2485,2235
2018-09-13 오전 9:48:25,대성파인텍,2480,2485,2235
2018-09-13 오전 9:48:25,대성파인텍,2485,2485,2235
2018-09-13 오전 9:48:25,대성파인텍,2485,2485,2235
2018-09-13 오전 9:48:25,대성파인텍,2480,2485,2235
2018-09-13 오전 9:48:25,대성파인텍,2485,2485,2235
2018-09-13 오전 9:48:26,대성파인텍,2485,2485,2235
2018-09-13 오전 9:48:26,대성파인텍,2485,2485,2235
2018-09-13 오전 9:48:26,대성파인텍,2480,2485,2235
2018-09-13 오전 9:48:26,대성파인텍,2480,2485,2235
2018-09-13 오전 9:48:26,대성파인텍,2485,2485,2235
2018-09-13 오전 9:48:26,대성파인텍,2485,2485,2235
2018-09-13 오전 9:48:26,대성파인텍,2485,2485,2235
2018-09-13 오전 9:48:26,대성파인텍,2480,2485,2235
2018-09-13 오전 9:48:26,대성파인텍,2480,2485,2235
2018-09-13 오전 9:48:27,대성파인텍,2480,2485,2235
2018-09-13 오전 9:48:27,대성파인텍,2480,2485,2235
2018-09-13 오전 9:48:27,대성파인텍,2485,2485,2235
2018-09-13 오전 9:48:27,대성파인텍,2485,2485,2235
2018-09-13 오전 9:48:27,대성파인텍,2480,2485,2235
2018-09-13 오전 9:48:27,대성파인텍,2485,2485,2235
2018-09-13 오전 9:48:27,대성파인텍,2485,2485,2235
2018-09-13 오전 9:48:27,대성파인텍,2480,2485,2235
2018-09-13 오전 9:48:27,대성파인텍,2480,2485,2235
2018-09-13 오전 9:48:27,대성파인텍,2485,2485,2235
2018-09-13 오전 9:48:27,대성파인텍,2485,2485,2235
2018-09-13 오전 9:48:27,대성파인텍,2480,2485,2235
2018-09-13 오전 9:48:27,대성파인텍,2480,2485,2235
2018-09-13 오전 9:48:27,대성파인텍,2480,2485,2235
2018-09-13 오전 9:48:27,대성파인텍,2480,2485,2235
2018-09-13 오전 9:48:27,대성파인텍,2480,2485,2235
2018-09-13 오전 9:48:27,대성파인텍,2480,2485,2235
2018-09-13 오전 9:48:27,대성파인텍,2485,2485,2235
2018-09-13 오전 9:48:27,대성파인텍,2475,2485,2235
2018-09-13 오전 9:48:28,대성파인텍,2480,2485,2235
2018-09-13 오전 9:48:28,대성파인텍,2480,2485,2235
2018-09-13 오전 9:48:28,대성파인텍,2475,2485,2235
2018-09-13 오전 9:48:28,대성파인텍,2480,2485,2235
2018-09-13 오전 9:48:28,대성파인텍,2480,2485,2235
2018-09-13 오전 9:48:28,대성파인텍,2485,2485,2235
2018-09-13 오전 9:48:28,대성파인텍,2480,2485,2235
2018-09-13 오전 9:48:28,대성파인텍,2475,2485,2235
2018-09-13 오전 9:48:28,대성파인텍,2470,2485,2235
2018-09-13 오전 9:48:28,대성파인텍,2485,2485,2235
2018-09-13 오전 9:48:28,대성파인텍,2480,2485,2235
2018-09-13 오전 9:48:28,대성파인텍,2470,2485,2235
2018-09-13 오전 9:48:28,대성파인텍,2470,2485,2235
2018-09-13 오전 9:48:28,대성파인텍,2480,2485,2235
2018-09-13 오전 9:48:28,대성파인텍,2485,2485,2235
2018-09-13 오전 9:48:28,대성파인텍,2485,2485,2235
2018-09-13 오전 9:48:28,대성파인텍,2480,2485,2235
2018-09-13 오전 9:48:28,대성파인텍,2480,2485,2235
2018-09-13 오전 9:48:28,대성파인텍,2480,2485,2235
2018-09-13 오전 9:48:29,대성파인텍,2480,2485,2235
2018-09-13 오전 9:48:29,대성파인텍,2470,2485,2235
2018-09-13 오전 9:48:29,대성파인텍,2480,2485,2235
2018-09-13 오전 9:48:29,대성파인텍,2480,2485,2235
2018-09-13 오전 9:48:29,대성파인텍,2480,2485,2235
2018-09-13 오전 9:48:29,대성파인텍,2480,2485,2235
2018-09-13 오전 9:48:29,대성파인텍,2485,2485,2235
2018-09-13 오전 9:48:30,대성파인텍,2480,2485,2235
2018-09-13 오전 9:48:30,대성파인텍,2480,2485,2235
2018-09-13 오전 9:48:30,대성파인텍,2480,2485,2235
2018-09-13 오전 9:48:30,대성파인텍,2485,2485,2235
2018-09-13 오전 9:48:30,대성파인텍,2480,2485,2235
2018-09-13 오전 9:48:30,대성파인텍,2480,2485,2235
2018-09-13 오전 9:48:30,대성파인텍,2480,2485,2235
2018-09-13 오전 9:48:30,대성파인텍,2480,2485,2235
2018-09-13 오전 9:48:30,대성파인텍,2480,2485,2235
2018-09-13 오전 9:48:30,대성파인텍,2480,2485,2235
2018-09-13 오전 9:48:30,대성파인텍,2480,2485,2235
2018-09-13 오전 9:48:30,대성파인텍,2480,2485,2235
2018-09-13 오전 9:48:30,대성파인텍,2480,2485,2235
2018-09-13 오전 9:48:30,대성파인텍,2480,2485,2235
2018-09-13 오전 9:48:30,대성파인텍,2480,2485,2235
2018-09-13 오전 9:48:30,대성파인텍,2480,2485,2235
2018-09-13 오전 9:48:31,대성파인텍,2485,2485,2235
2018-09-13 오전 9:48:31,대성파인텍,2480,2485,2235
2018-09-13 오전 9:48:31,대성파인텍,2480,2485,2235
2018-09-13 오전 9:48:31,대성파인텍,2485,2485,2235
2018-09-13 오전 9:48:31,대성파인텍,2485,2485,2235
2018-09-13 오전 9:48:31,대성파인텍,2480,2485,2235
2018-09-13 오전 9:48:31,대성파인텍,2480,2485,2235
2018-09-13 오전 9:48:31,대성파인텍,2480,2485,2235
2018-09-13 오전 9:48:31,대성파인텍,2480,2485,2235
2018-09-13 오전 9:48:31,대성파인텍,2480,2485,2235
2018-09-13 오전 9:48:31,대성파인텍,2485,2485,2235
2018-09-13 오전 9:48:31,대성파인텍,2480,2485,2235
2018-09-13 오전 9:48:31,대성파인텍,2480,2485,2235
2018-09-13 오전 9:48:31,대성파인텍,2480,2485,2235
2018-09-13 오전 9:48:31,대성파인텍,2485,2485,2235
2018-09-13 오전 9:48:31,대성파인텍,2480,2485,2235
2018-09-13 오전 9:48:31,대성파인텍,2485,2485,2235
2018-09-13 오전 9:48:31,대성파인텍,2485,2485,2235
2018-09-13 오전 9:48:31,대성파인텍,2485,2485,2235
2018-09-13 오전 9:48:31,대성파인텍,2485,2485,2235
2018-09-13 오전 9:48:31,대성파인텍,2480,2485,2235
2018-09-13 오전 9:48:31,대성파인텍,2485,2485,2235
2018-09-13 오전 9:48:32,대성파인텍,2485,2485,2235
2018-09-13 오전 9:48:32,대성파인텍,2480,2485,2235
2018-09-13 오전 9:48:32,대성파인텍,2485,2485,2235
2018-09-13 오전 9:48:32,대성파인텍,2480,2485,2235
2018-09-13 오전 9:48:32,대성파인텍,2485,2485,2235
2018-09-13 오전 9:48:32,대성파인텍,2480,2485,2235
2018-09-13 오전 9:48:32,대성파인텍,2485,2485,2235
2018-09-13 오전 9:48:32,대성파인텍,2485,2485,2235
2018-09-13 오전 9:48:32,대성파인텍,2480,2485,2235
2018-09-13 오전 9:48:32,대성파인텍,2485,2485,2235
2018-09-13 오전 9:48:32,대성파인텍,2485,2485,2235
2018-09-13 오전 9:48:32,대성파인텍,2480,2485,2235
2018-09-13 오전 9:48:33,대성파인텍,2485,2485,2235
2018-09-13 오전 9:48:33,대성파인텍,2485,2485,2235
2018-09-13 오전 9:48:33,대성파인텍,2485,2485,2235
2018-09-13 오전 9:48:33,대성파인텍,2490,2490,2235
2018-09-13 오전 9:48:33,대성파인텍,2480,2490,2235
2018-09-13 오전 9:48:33,대성파인텍,2490,2490,2235
2018-09-13 오전 9:48:33,대성파인텍,2485,2490,2235
2018-09-13 오전 9:48:33,대성파인텍,2485,2490,2235
2018-09-13 오전 9:48:33,대성파인텍,2490,2490,2235
2018-09-13 오전 9:48:33,대성파인텍,2485,2490,2235
2018-09-13 오전 9:48:33,대성파인텍,2485,2490,2235
2018-09-13 오전 9:48:33,대성파인텍,2485,2490,2235
2018-09-13 오전 9:48:33,대성파인텍,2485,2490,2235
2018-09-13 오전 9:48:33,대성파인텍,2485,2490,2235
2018-09-13 오전 9:48:33,대성파인텍,2490,2490,2235
2018-09-13 오전 9:48:33,대성파인텍,2490,2490,2235
2018-09-13 오전 9:48:33,대성파인텍,2485,2490,2235
2018-09-13 오전 9:48:33,대성파인텍,2490,2490,2235
2018-09-13 오전 9:48:33,대성파인텍,2485,2490,2235
2018-09-13 오전 9:48:33,대성파인텍,2490,2490,2235
2018-09-13 오전 9:48:33,대성파인텍,2490,2490,2235
2018-09-13 오전 9:48:33,대성파인텍,2485,2490,2235
2018-09-13 오전 9:48:33,대성파인텍,2490,2490,2235
2018-09-13 오전 9:48:33,대성파인텍,2485,2490,2235
2018-09-13 오전 9:48:33,대성파인텍,2485,2490,2235
2018-09-13 오전 9:48:33,대성파인텍,2485,2490,2235
2018-09-13 오전 9:48:33,대성파인텍,2485,2490,2235
2018-09-13 오전 9:48:33,대성파인텍,2490,2490,2235
2018-09-13 오전 9:48:33,대성파인텍,2490,2490,2235
2018-09-13 오전 9:48:33,대성파인텍,2490,2490,2235
2018-09-13 오전 9:48:33,대성파인텍,2485,2490,2235
2018-09-13 오전 9:48:34,대성파인텍,2490,2490,2235
2018-09-13 오전 9:48:34,대성파인텍,2485,2490,2235
2018-09-13 오전 9:48:34,대성파인텍,2490,2490,2235
2018-09-13 오전 9:48:34,대성파인텍,2490,2490,2235
2018-09-13 오전 9:48:34,대성파인텍,2485,2490,2235
2018-09-13 오전 9:48:34,대성파인텍,2490,2490,2235
2018-09-13 오전 9:48:34,대성파인텍,2490,2490,2235
2018-09-13 오전 9:48:34,대성파인텍,2490,2490,2235
2018-09-13 오전 9:48:34,대성파인텍,2490,2490,2235
2018-09-13 오전 9:48:34,대성파인텍,2490,2490,2235
2018-09-13 오전 9:48:34,대성파인텍,2490,2490,2235
2018-09-13 오전 9:48:34,대성파인텍,2490,2490,2235
2018-09-13 오전 9:48:34,대성파인텍,2490,2490,2235
2018-09-13 오전 9:48:34,대성파인텍,2490,2490,2235
2018-09-13 오전 9:48:34,대성파인텍,2490,2490,2235
2018-09-13 오전 9:48:34,대성파인텍,2490,2490,2235
2018-09-13 오전 9:48:34,대성파인텍,2490,2490,2235
2018-09-13 오전 9:48:34,대성파인텍,2490,2490,2235
2018-09-13 오전 9:48:34,대성파인텍,2490,2490,2235
2018-09-13 오전 9:48:34,대성파인텍,2490,2490,2235
2018-09-13 오전 9:48:34,대성파인텍,2490,2490,2235
2018-09-13 오전 9:48:34,대성파인텍,2485,2490,2235
2018-09-13 오전 9:48:34,대성파인텍,2490,2490,2235
2018-09-13 오전 9:48:34,대성파인텍,2490,2490,2235
2018-09-13 오전 9:48:34,대성파인텍,2490,2490,2235
2018-09-13 오전 9:48:34,대성파인텍,2490,2490,2235
2018-09-13 오전 9:48:34,대성파인텍,2490,2490,2235
2018-09-13 오전 9:48:35,대성파인텍,2490,2490,2235
2018-09-13 오전 9:48:35,대성파인텍,2490,2490,2235
2018-09-13 오전 9:48:35,대성파인텍,2485,2490,2235
2018-09-13 오전 9:48:35,대성파인텍,2485,2490,2235
2018-09-13 오전 9:48:35,대성파인텍,2490,2490,2235
2018-09-13 오전 9:48:35,대성파인텍,2490,2490,2235
2018-09-13 오전 9:48:35,대성파인텍,2490,2490,2235
2018-09-13 오전 9:48:35,대성파인텍,2490,2490,2235
2018-09-13 오전 9:48:35,대성파인텍,2490,2490,2235
2018-09-13 오전 9:48:35,대성파인텍,2490,2490,2235
2018-09-13 오전 9:48:35,대성파인텍,2490,2490,2235
2018-09-13 오전 9:48:35,대성파인텍,2490,2490,2235
2018-09-13 오전 9:48:35,대성파인텍,2490,2490,2235
2018-09-13 오전 9:48:35,대성파인텍,2495,2495,2235
2018-09-13 오전 9:48:35,대성파인텍,2490,2495,2235
2018-09-13 오전 9:48:35,대성파인텍,2490,2495,2235
2018-09-13 오전 9:48:35,대성파인텍,2490,2495,2235
2018-09-13 오전 9:48:35,대성파인텍,2490,2495,2235
2018-09-13 오전 9:48:35,대성파인텍,2485,2495,2235
2018-09-13 오전 9:48:35,대성파인텍,2490,2495,2235
2018-09-13 오전 9:48:35,대성파인텍,2490,2495,2235
2018-09-13 오전 9:48:35,대성파인텍,2490,2495,2235
2018-09-13 오전 9:48:35,대성파인텍,2495,2495,2235
2018-09-13 오전 9:48:35,대성파인텍,2495,2495,2235
2018-09-13 오전 9:48:35,대성파인텍,2495,2495,2235
2018-09-13 오전 9:48:35,대성파인텍,2495,2495,2235
2018-09-13 오전 9:48:35,대성파인텍,2490,2495,2235
2018-09-13 오전 9:48:35,대성파인텍,2490,2495,2235
2018-09-13 오전 9:48:35,대성파인텍,2485,2495,2235
2018-09-13 오전 9:48:36,대성파인텍,2495,2495,2235
2018-09-13 오전 9:48:36,대성파인텍,2495,2495,2235
2018-09-13 오전 9:48:36,대성파인텍,2495,2495,2235
2018-09-13 오전 9:48:36,대성파인텍,2495,2495,2235
2018-09-13 오전 9:48:36,대성파인텍,2495,2495,2235
2018-09-13 오전 9:48:36,대성파인텍,2490,2495,2235
2018-09-13 오전 9:48:36,대성파인텍,2490,2495,2235
2018-09-13 오전 9:48:36,대성파인텍,2485,2495,2235
2018-09-13 오전 9:48:36,대성파인텍,2485,2495,2235
2018-09-13 오전 9:48:37,대성파인텍,2490,2495,2235
2018-09-13 오전 9:48:37,대성파인텍,2485,2495,2235
2018-09-13 오전 9:48:37,대성파인텍,2490,2495,2235
2018-09-13 오전 9:48:37,대성파인텍,2495,2495,2235
2018-09-13 오전 9:48:37,대성파인텍,2490,2495,2235
2018-09-13 오전 9:48:37,대성파인텍,2490,2495,2235
2018-09-13 오전 9:48:37,대성파인텍,2485,2495,2235
2018-09-13 오전 9:48:37,대성파인텍,2490,2495,2235
2018-09-13 오전 9:48:37,대성파인텍,2485,2495,2235
2018-09-13 오전 9:48:37,대성파인텍,2495,2495,2235
2018-09-13 오전 9:48:37,대성파인텍,2495,2495,2235
2018-09-13 오전 9:48:37,대성파인텍,2490,2495,2235
2018-09-13 오전 9:48:37,대성파인텍,2490,2495,2235
2018-09-13 오전 9:48:37,대성파인텍,2490,2495,2235
2018-09-13 오전 9:48:37,대성파인텍,2490,2495,2235
2018-09-13 오전 9:48:38,대성파인텍,2490,2495,2235
2018-09-13 오전 9:48:38,대성파인텍,2490,2495,2235
2018-09-13 오전 9:48:38,대성파인텍,2490,2495,2235
2018-09-13 오전 9:48:38,대성파인텍,2490,2495,2235
2018-09-13 오전 9:48:38,대성파인텍,2490,2495,2235
2018-09-13 오전 9:48:38,대성파인텍,2485,2495,2235
2018-09-13 오전 9:48:38,대성파인텍,2490,2495,2235
2018-09-13 오전 9:48:38,대성파인텍,2490,2495,2235
2018-09-13 오전 9:48:38,대성파인텍,2490,2495,2235
2018-09-13 오전 9:48:38,대성파인텍,2490,2495,2235
2018-09-13 오전 9:48:38,대성파인텍,2490,2495,2235
2018-09-13 오전 9:48:38,대성파인텍,2485,2495,2235
2018-09-13 오전 9:48:38,대성파인텍,2485,2495,2235
2018-09-13 오전 9:48:38,대성파인텍,2485,2495,2235
2018-09-13 오전 9:48:38,대성파인텍,2490,2495,2235
2018-09-13 오전 9:48:38,대성파인텍,2490,2495,2235
2018-09-13 오전 9:48:39,대성파인텍,2490,2495,2235
2018-09-13 오전 9:48:39,대성파인텍,2485,2495,2235
2018-09-13 오전 9:48:39,대성파인텍,2485,2495,2235
2018-09-13 오전 9:48:39,대성파인텍,2485,2495,2235
2018-09-13 오전 9:48:39,대성파인텍,2490,2495,2235
2018-09-13 오전 9:48:39,대성파인텍,2490,2495,2235
2018-09-13 오전 9:48:39,대성파인텍,2480,2495,2235
2018-09-13 오전 9:48:39,대성파인텍,2485,2495,2235
2018-09-13 오전 9:48:39,대성파인텍,2480,2495,2235
2018-09-13 오전 9:48:39,대성파인텍,2485,2495,2235
2018-09-13 오전 9:48:39,대성파인텍,2480,2495,2235
2018-09-13 오전 9:48:40,대성파인텍,2485,2495,2235
2018-09-13 오전 9:48:40,대성파인텍,2480,2495,2235
2018-09-13 오전 9:48:40,대성파인텍,2485,2495,2235
2018-09-13 오전 9:48:40,대성파인텍,2480,2495,2235
2018-09-13 오전 9:48:40,대성파인텍,2480,2495,2235
2018-09-13 오전 9:48:40,대성파인텍,2485,2495,2235
2018-09-13 오전 9:48:41,대성파인텍,2485,2495,2235
2018-09-13 오전 9:48:41,대성파인텍,2480,2495,2235
2018-09-13 오전 9:48:41,대성파인텍,2485,2495,2235
2018-09-13 오전 9:48:41,대성파인텍,2485,2495,2235
2018-09-13 오전 9:48:41,대성파인텍,2485,2495,2235
2018-09-13 오전 9:48:41,대성파인텍,2490,2495,2235
2018-09-13 오전 9:48:41,대성파인텍,2485,2495,2235
2018-09-13 오전 9:48:41,대성파인텍,2480,2495,2235
2018-09-13 오전 9:48:41,대성파인텍,2480,2495,2235
2018-09-13 오전 9:48:41,대성파인텍,2480,2495,2235
2018-09-13 오전 9:48:41,대성파인텍,2485,2495,2235
2018-09-13 오전 9:48:41,대성파인텍,2485,2495,2235
2018-09-13 오전 9:48:41,대성파인텍,2485,2495,2235
2018-09-13 오전 9:48:41,대성파인텍,2490,2495,2235
2018-09-13 오전 9:48:41,대성파인텍,2490,2495,2235
2018-09-13 오전 9:48:41,대성파인텍,2480,2495,2235
2018-09-13 오전 9:48:41,대성파인텍,2480,2495,2235
2018-09-13 오전 9:48:41,대성파인텍,2485,2495,2235
2018-09-13 오전 9:48:41,대성파인텍,2490,2495,2235
2018-09-13 오전 9:48:42,대성파인텍,2485,2495,2235
2018-09-13 오전 9:48:42,대성파인텍,2480,2495,2235
2018-09-13 오전 9:48:42,대성파인텍,2485,2495,2235
2018-09-13 오전 9:48:42,대성파인텍,2485,2495,2235
2018-09-13 오전 9:48:42,대성파인텍,2485,2495,2235
2018-09-13 오전 9:48:42,대성파인텍,2485,2495,2235
2018-09-13 오전 9:48:42,대성파인텍,2480,2495,2235
2018-09-13 오전 9:48:42,대성파인텍,2480,2495,2235
2018-09-13 오전 9:48:43,대성파인텍,2480,2495,2235
2018-09-13 오전 9:48:43,대성파인텍,2480,2495,2235
2018-09-13 오전 9:48:43,대성파인텍,2485,2495,2235
2018-09-13 오전 9:48:43,대성파인텍,2485,2495,2235
2018-09-13 오전 9:48:43,대성파인텍,2490,2495,2235
2018-09-13 오전 9:48:44,대성파인텍,2480,2495,2235
2018-09-13 오전 9:48:44,대성파인텍,2480,2495,2235
2018-09-13 오전 9:48:44,대성파인텍,2480,2495,2235
2018-09-13 오전 9:48:44,대성파인텍,2485,2495,2235
2018-09-13 오전 9:48:45,대성파인텍,2485,2495,2235
2018-09-13 오전 9:48:45,대성파인텍,2485,2495,2235
2018-09-13 오전 9:48:45,대성파인텍,2485,2495,2235
2018-09-13 오전 9:48:45,대성파인텍,2480,2495,2235
2018-09-13 오전 9:48:45,대성파인텍,2480,2495,2235
2018-09-13 오전 9:48:45,대성파인텍,2480,2495,2235
2018-09-13 오전 9:48:45,대성파인텍,2475,2495,2235
2018-09-13 오전 9:48:45,대성파인텍,2475,2495,2235
2018-09-13 오전 9:48:45,대성파인텍,2480,2495,2235
2018-09-13 오전 9:48:46,대성파인텍,2475,2495,2235
2018-09-13 오전 9:48:46,대성파인텍,2480,2495,2235
2018-09-13 오전 9:48:46,대성파인텍,2480,2495,2235
2018-09-13 오전 9:48:46,대성파인텍,2480,2495,2235
2018-09-13 오전 9:48:46,대성파인텍,2480,2495,2235
2018-09-13 오전 9:48:46,대성파인텍,2485,2495,2235
2018-09-13 오전 9:48:46,대성파인텍,2485,2495,2235
2018-09-13 오전 9:48:47,대성파인텍,2480,2495,2235
2018-09-13 오전 9:48:47,대성파인텍,2480,2495,2235
2018-09-13 오전 9:48:47,대성파인텍,2480,2495,2235
2018-09-13 오전 9:48:47,대성파인텍,2480,2495,2235
2018-09-13 오전 9:48:47,대성파인텍,2480,2495,2235
2018-09-13 오전 9:48:47,대성파인텍,2485,2495,2235
2018-09-13 오전 9:48:47,대성파인텍,2485,2495,2235
2018-09-13 오전 9:48:47,대성파인텍,2485,2495,2235
2018-09-13 오전 9:48:47,대성파인텍,2480,2495,2235
2018-09-13 오전 9:48:48,대성파인텍,2485,2495,2235
2018-09-13 오전 9:48:48,대성파인텍,2480,2495,2235
2018-09-13 오전 9:48:48,대성파인텍,2480,2495,2235
2018-09-13 오전 9:48:48,대성파인텍,2485,2495,2235
2018-09-13 오전 9:48:48,대성파인텍,2480,2495,2235
2018-09-13 오전 9:48:48,대성파인텍,2485,2495,2235
2018-09-13 오전 9:48:48,대성파인텍,2480,2495,2235
2018-09-13 오전 9:48:48,대성파인텍,2485,2495,2235
2018-09-13 오전 9:48:48,대성파인텍,2480,2495,2235
2018-09-13 오전 9:48:48,대성파인텍,2480,2495,2235
2018-09-13 오전 9:48:48,대성파인텍,2485,2495,2235
2018-09-13 오전 9:48:48,대성파인텍,2480,2495,2235
2018-09-13 오전 9:48:49,대성파인텍,2480,2495,2235
2018-09-13 오전 9:48:49,대성파인텍,2480,2495,2235
2018-09-13 오전 9:48:49,대성파인텍,2485,2495,2235
2018-09-13 오전 9:48:49,대성파인텍,2480,2495,2235
2018-09-13 오전 9:48:49,대성파인텍,2485,2495,2235
2018-09-13 오전 9:48:49,대성파인텍,2480,2495,2235
2018-09-13 오전 9:48:49,대성파인텍,2485,2495,2235
2018-09-13 오전 9:48:49,대성파인텍,2485,2495,2235
2018-09-13 오전 9:48:49,대성파인텍,2480,2495,2235
2018-09-13 오전 9:48:49,대성파인텍,2480,2495,2235
2018-09-13 오전 9:48:49,대성파인텍,2485,2495,2235
2018-09-13 오전 9:48:50,대성파인텍,2480,2495,2235
2018-09-13 오전 9:48:50,대성파인텍,2475,2495,2235
2018-09-13 오전 9:48:50,대성파인텍,2480,2495,2235
2018-09-13 오전 9:48:50,대성파인텍,2480,2495,2235
2018-09-13 오전 9:48:50,대성파인텍,2480,2495,2235
2018-09-13 오전 9:48:50,대성파인텍,2480,2495,2235
2018-09-13 오전 9:48:50,대성파인텍,2475,2495,2235
2018-09-13 오전 9:48:50,대성파인텍,2470,2495,2235
2018-09-13 오전 9:48:50,대성파인텍,2480,2495,2235
2018-09-13 오전 9:48:50,대성파인텍,2480,2495,2235
2018-09-13 오전 9:48:50,대성파인텍,2470,2495,2235
2018-09-13 오전 9:48:50,대성파인텍,2480,2495,2235
2018-09-13 오전 9:48:50,대성파인텍,2475,2495,2235
2018-09-13 오전 9:48:50,대성파인텍,2475,2495,2235
2018-09-13 오전 9:48:50,대성파인텍,2480,2495,2235
2018-09-13 오전 9:48:51,대성파인텍,2475,2495,2235
2018-09-13 오전 9:48:51,대성파인텍,2480,2495,2235
2018-09-13 오전 9:48:51,대성파인텍,2475,2495,2235
2018-09-13 오전 9:48:51,대성파인텍,2480,2495,2235
2018-09-13 오전 9:48:51,대성파인텍,2475,2495,2235
2018-09-13 오전 9:48:51,대성파인텍,2470,2495,2235
2018-09-13 오전 9:48:51,대성파인텍,2480,2495,2235
2018-09-13 오전 9:48:51,대성파인텍,2480,2495,2235
2018-09-13 오전 9:48:51,대성파인텍,2475,2495,2235
2018-09-13 오전 9:48:51,대성파인텍,2475,2495,2235
2018-09-13 오전 9:48:51,대성파인텍,2480,2495,2235
2018-09-13 오전 9:48:51,대성파인텍,2475,2495,2235
2018-09-13 오전 9:48:51,대성파인텍,2480,2495,2235
2018-09-13 오전 9:48:51,대성파인텍,2475,2495,2235
2018-09-13 오전 9:48:51,대성파인텍,2480,2495,2235
2018-09-13 오전 9:48:52,대성파인텍,2480,2495,2235
2018-09-13 오전 9:48:52,대성파인텍,2480,2495,2235
2018-09-13 오전 9:48:52,대성파인텍,2475,2495,2235
2018-09-13 오전 9:48:52,대성파인텍,2480,2495,2235
2018-09-13 오전 9:48:52,대성파인텍,2475,2495,2235
2018-09-13 오전 9:48:52,대성파인텍,2475,2495,2235
2018-09-13 오전 9:48:52,대성파인텍,2480,2495,2235
2018-09-13 오전 9:48:52,대성파인텍,2475,2495,2235
2018-09-13 오전 9:48:52,대성파인텍,2475,2495,2235
2018-09-13 오전 9:48:52,대성파인텍,2475,2495,2235
2018-09-13 오전 9:48:53,대성파인텍,2475,2495,2235
2018-09-13 오전 9:48:53,대성파인텍,2475,2495,2235
2018-09-13 오전 9:48:53,대성파인텍,2480,2495,2235
2018-09-13 오전 9:48:53,대성파인텍,2475,2495,2235
2018-09-13 오전 9:48:53,대성파인텍,2480,2495,2235
2018-09-13 오전 9:48:53,대성파인텍,2475,2495,2235
2018-09-13 오전 9:48:53,대성파인텍,2480,2495,2235
2018-09-13 오전 9:48:53,대성파인텍,2475,2495,2235
2018-09-13 오전 9:48:53,대성파인텍,2475,2495,2235
2018-09-13 오전 9:48:53,대성파인텍,2470,2495,2235
2018-09-13 오전 9:48:53,대성파인텍,2480,2495,2235
2018-09-13 오전 9:48:53,대성파인텍,2470,2495,2235
2018-09-13 오전 9:48:53,대성파인텍,2480,2495,2235
2018-09-13 오전 9:48:54,대성파인텍,2475,2495,2235
2018-09-13 오전 9:48:54,대성파인텍,2470,2495,2235
2018-09-13 오전 9:48:54,대성파인텍,2470,2495,2235
2018-09-13 오전 9:48:54,대성파인텍,2475,2495,2235
2018-09-13 오전 9:48:54,대성파인텍,2470,2495,2235
2018-09-13 오전 9:48:54,대성파인텍,2475,2495,2235
2018-09-13 오전 9:48:54,대성파인텍,2475,2495,2235
2018-09-13 오전 9:48:54,대성파인텍,2475,2495,2235
2018-09-13 오전 9:48:54,대성파인텍,2475,2495,2235
2018-09-13 오전 9:48:54,대성파인텍,2475,2495,2235
2018-09-13 오전 9:48:54,대성파인텍,2475,2495,2235
2018-09-13 오전 9:48:54,대성파인텍,2475,2495,2235
2018-09-13 오전 9:48:54,대성파인텍,2475,2495,2235
2018-09-13 오전 9:48:55,대성파인텍,2470,2495,2235
2018-09-13 오전 9:48:55,대성파인텍,2470,2495,2235
2018-09-13 오전 9:48:55,대성파인텍,2470,2495,2235
2018-09-13 오전 9:48:55,대성파인텍,2470,2495,2235
2018-09-13 오전 9:48:55,대성파인텍,2475,2495,2235
2018-09-13 오전 9:48:56,대성파인텍,2475,2495,2235
2018-09-13 오전 9:48:56,대성파인텍,2470,2495,2235
2018-09-13 오전 9:48:56,대성파인텍,2475,2495,2235
2018-09-13 오전 9:48:56,대성파인텍,2475,2495,2235
2018-09-13 오전 9:48:56,대성파인텍,2470,2495,2235
2018-09-13 오전 9:48:56,대성파인텍,2475,2495,2235
2018-09-13 오전 9:48:56,대성파인텍,2470,2495,2235
2018-09-13 오전 9:48:56,대성파인텍,2470,2495,2235
2018-09-13 오전 9:48:56,대성파인텍,2475,2495,2235
2018-09-13 오전 9:48:56,대성파인텍,2475,2495,2235
2018-09-13 오전 9:48:56,대성파인텍,2470,2495,2235
2018-09-13 오전 9:48:57,대성파인텍,2470,2495,2235
2018-09-13 오전 9:48:57,대성파인텍,2475,2495,2235
2018-09-13 오전 9:48:57,대성파인텍,2470,2495,2235
2018-09-13 오전 9:48:57,대성파인텍,2475,2495,2235
2018-09-13 오전 9:48:57,대성파인텍,2470,2495,2235
2018-09-13 오전 9:48:57,대성파인텍,2470,2495,2235
2018-09-13 오전 9:48:57,대성파인텍,2470,2495,2235
2018-09-13 오전 9:48:58,대성파인텍,2465,2495,2235
2018-09-13 오전 9:48:58,대성파인텍,2470,2495,2235
2018-09-13 오전 9:48:58,대성파인텍,2465,2495,2235
2018-09-13 오전 9:48:58,대성파인텍,2465,2495,2235
2018-09-13 오전 9:48:58,대성파인텍,2470,2495,2235
2018-09-13 오전 9:48:58,대성파인텍,2470,2495,2235
2018-09-13 오전 9:48:58,대성파인텍,2465,2495,2235
2018-09-13 오전 9:48:58,대성파인텍,2465,2495,2235
2018-09-13 오전 9:48:58,대성파인텍,2465,2495,2235
2018-09-13 오전 9:48:58,대성파인텍,2460,2495,2235
2018-09-13 오전 9:48:58,대성파인텍,2460,2495,2235
2018-09-13 오전 9:48:58,대성파인텍,2465,2495,2235
2018-09-13 오전 9:48:59,대성파인텍,2460,2495,2235
2018-09-13 오전 9:48:59,대성파인텍,2460,2495,2235
2018-09-13 오전 9:48:59,대성파인텍,2460,2495,2235
2018-09-13 오전 9:48:59,대성파인텍,2460,2495,2235
2018-09-13 오전 9:48:59,대성파인텍,2465,2495,2235
2018-09-13 오전 9:48:59,대성파인텍,2470,2495,2235
2018-09-13 오전 9:48:59,대성파인텍,2475,2495,2235
2018-09-13 오전 9:49:00,대성파인텍,2470,2495,2235
2018-09-13 오전 9:49:00,대성파인텍,2470,2495,2235
2018-09-13 오전 9:49:00,대성파인텍,2470,2495,2235
2018-09-13 오전 9:49:00,대성파인텍,2470,2495,2235
2018-09-13 오전 9:49:00,대성파인텍,2470,2495,2235
2018-09-13 오전 9:49:00,대성파인텍,2475,2495,2235
2018-09-13 오전 9:49:00,대성파인텍,2475,2495,2235
2018-09-13 오전 9:49:00,대성파인텍,2470,2495,2235
2018-09-13 오전 9:49:01,대성파인텍,2475,2495,2235
2018-09-13 오전 9:49:01,대성파인텍,2470,2495,2235
2018-09-13 오전 9:49:01,대성파인텍,2470,2495,2235
2018-09-13 오전 9:49:01,대성파인텍,2475,2495,2235
2018-09-13 오전 9:49:02,대성파인텍,2470,2495,2235
2018-09-13 오전 9:49:02,대성파인텍,2465,2495,2235
2018-09-13 오전 9:49:02,대성파인텍,2470,2495,2235
2018-09-13 오전 9:49:02,대성파인텍,2470,2495,2235
2018-09-13 오전 9:49:02,대성파인텍,2465,2495,2235
2018-09-13 오전 9:49:02,대성파인텍,2470,2495,2235
2018-09-13 오전 9:49:02,대성파인텍,2470,2495,2235
2018-09-13 오전 9:49:03,대성파인텍,2470,2495,2235
2018-09-13 오전 9:49:03,대성파인텍,2470,2495,2235
2018-09-13 오전 9:49:03,대성파인텍,2465,2495,2235
2018-09-13 오전 9:49:03,대성파인텍,2470,2495,2235
2018-09-13 오전 9:49:03,대성파인텍,2470,2495,2235
2018-09-13 오전 9:49:04,대성파인텍,2465,2495,2235
2018-09-13 오전 9:49:04,대성파인텍,2470,2495,2235
2018-09-13 오전 9:49:04,대성파인텍,2470,2495,2235
2018-09-13 오전 9:49:04,대성파인텍,2470,2495,2235
2018-09-13 오전 9:49:04,대성파인텍,2465,2495,2235
2018-09-13 오전 9:49:04,대성파인텍,2470,2495,2235
2018-09-13 오전 9:49:04,대성파인텍,2465,2495,2235
2018-09-13 오전 9:49:04,대성파인텍,2465,2495,2235
2018-09-13 오전 9:49:04,대성파인텍,2470,2495,2235
2018-09-13 오전 9:49:05,대성파인텍,2465,2495,2235
2018-09-13 오전 9:49:05,대성파인텍,2470,2495,2235
2018-09-13 오전 9:49:05,대성파인텍,2470,2495,2235
2018-09-13 오전 9:49:05,대성파인텍,2470,2495,2235
2018-09-13 오전 9:49:05,대성파인텍,2470,2495,2235
2018-09-13 오전 9:49:05,대성파인텍,2470,2495,2235
2018-09-13 오전 9:49:05,대성파인텍,2470,2495,2235
2018-09-13 오전 9:49:05,대성파인텍,2470,2495,2235
2018-09-13 오전 9:49:05,대성파인텍,2470,2495,2235
2018-09-13 오전 9:49:05,대성파인텍,2470,2495,2235
2018-09-13 오전 9:49:05,대성파인텍,2470,2495,2235
2018-09-13 오전 9:49:05,대성파인텍,2470,2495,2235
2018-09-13 오전 9:49:05,대성파인텍,2470,2495,2235
2018-09-13 오전 9:49:05,대성파인텍,2470,2495,2235
2018-09-13 오전 9:49:05,대성파인텍,2470,2495,2235
2018-09-13 오전 9:49:06,대성파인텍,2475,2495,2235
2018-09-13 오전 9:49:06,대성파인텍,2470,2495,2235
2018-09-13 오전 9:49:06,대성파인텍,2470,2495,2235
2018-09-13 오전 9:49:06,대성파인텍,2470,2495,2235
2018-09-13 오전 9:49:06,대성파인텍,2470,2495,2235
2018-09-13 오전 9:49:06,대성파인텍,2470,2495,2235
2018-09-13 오전 9:49:06,대성파인텍,2475,2495,2235
2018-09-13 오전 9:49:06,대성파인텍,2470,2495,2235
2018-09-13 오전 9:49:07,대성파인텍,2470,2495,2235
2018-09-13 오전 9:49:07,대성파인텍,2470,2495,2235
2018-09-13 오전 9:49:07,대성파인텍,2470,2495,2235
2018-09-13 오전 9:49:07,대성파인텍,2470,2495,2235
2018-09-13 오전 9:49:07,대성파인텍,2470,2495,2235
2018-09-13 오전 9:49:07,대성파인텍,2470,2495,2235
2018-09-13 오전 9:49:07,대성파인텍,2470,2495,2235
2018-09-13 오전 9:49:08,대성파인텍,2470,2495,2235
2018-09-13 오전 9:49:08,대성파인텍,2470,2495,2235
2018-09-13 오전 9:49:08,대성파인텍,2470,2495,2235
2018-09-13 오전 9:49:08,대성파인텍,2475,2495,2235
2018-09-13 오전 9:49:08,대성파인텍,2475,2495,2235
2018-09-13 오전 9:49:08,대성파인텍,2475,2495,2235
2018-09-13 오전 9:49:09,대성파인텍,2470,2495,2235
2018-09-13 오전 9:49:09,대성파인텍,2470,2495,2235
2018-09-13 오전 9:49:09,대성파인텍,2470,2495,2235
2018-09-13 오전 9:49:09,대성파인텍,2470,2495,2235
2018-09-13 오전 9:49:09,대성파인텍,2470,2495,2235
2018-09-13 오전 9:49:09,대성파인텍,2470,2495,2235
2018-09-13 오전 9:49:10,대성파인텍,2470,2495,2235
2018-09-13 오전 9:49:10,대성파인텍,2470,2495,2235
2018-09-13 오전 9:49:10,대성파인텍,2470,2495,2235
2018-09-13 오전 9:49:10,대성파인텍,2470,2495,2235
2018-09-13 오전 9:49:10,대성파인텍,2470,2495,2235
2018-09-13 오전 9:49:10,대성파인텍,2470,2495,2235
2018-09-13 오전 9:49:10,대성파인텍,2465,2495,2235
2018-09-13 오전 9:49:10,대성파인텍,2465,2495,2235
2018-09-13 오전 9:49:10,대성파인텍,2470,2495,2235
2018-09-13 오전 9:49:11,대성파인텍,2470,2495,2235
2018-09-13 오전 9:49:11,대성파인텍,2470,2495,2235
2018-09-13 오전 9:49:11,대성파인텍,2470,2495,2235
2018-09-13 오전 9:49:11,대성파인텍,2470,2495,2235
2018-09-13 오전 9:49:11,대성파인텍,2470,2495,2235
2018-09-13 오전 9:49:11,대성파인텍,2470,2495,2235
2018-09-13 오전 9:49:11,대성파인텍,2470,2495,2235
2018-09-13 오전 9:49:11,대성파인텍,2470,2495,2235
2018-09-13 오전 9:49:11,대성파인텍,2470,2495,2235
2018-09-13 오전 9:49:11,대성파인텍,2470,2495,2235
2018-09-13 오전 9:49:12,대성파인텍,2470,2495,2235
2018-09-13 오전 9:49:12,대성파인텍,2470,2495,2235
2018-09-13 오전 9:49:12,대성파인텍,2470,2495,2235
2018-09-13 오전 9:49:12,대성파인텍,2470,2495,2235
2018-09-13 오전 9:49:12,대성파인텍,2470,2495,2235
2018-09-13 오전 9:49:12,대성파인텍,2470,2495,2235
2018-09-13 오전 9:49:12,대성파인텍,2470,2495,2235
2018-09-13 오전 9:49:12,대성파인텍,2470,2495,2235
2018-09-13 오전 9:49:12,대성파인텍,2475,2495,2235
2018-09-13 오전 9:49:12,대성파인텍,2470,2495,2235
2018-09-13 오전 9:49:12,대성파인텍,2470,2495,2235
2018-09-13 오전 9:49:13,대성파인텍,2470,2495,2235
2018-09-13 오전 9:49:13,대성파인텍,2470,2495,2235
2018-09-13 오전 9:49:13,대성파인텍,2470,2495,2235
2018-09-13 오전 9:49:13,대성파인텍,2470,2495,2235
2018-09-13 오전 9:49:13,대성파인텍,2470,2495,2235
2018-09-13 오전 9:49:13,대성파인텍,2470,2495,2235
2018-09-13 오전 9:49:13,대성파인텍,2470,2495,2235
2018-09-13 오전 9:49:13,대성파인텍,2470,2495,2235
2018-09-13 오전 9:49:13,대성파인텍,2470,2495,2235
2018-09-13 오전 9:49:13,대성파인텍,2470,2495,2235
2018-09-13 오전 9:49:13,대성파인텍,2470,2495,2235
2018-09-13 오전 9:49:13,대성파인텍,2470,2495,2235
2018-09-13 오전 9:49:13,대성파인텍,2470,2495,2235
2018-09-13 오전 9:49:13,대성파인텍,2470,2495,2235
2018-09-13 오전 9:49:13,대성파인텍,2470,2495,2235
2018-09-13 오전 9:49:13,대성파인텍,2470,2495,2235
2018-09-13 오전 9:49:13,대성파인텍,2470,2495,2235
2018-09-13 오전 9:49:13,대성파인텍,2465,2495,2235
2018-09-13 오전 9:49:13,대성파인텍,2465,2495,2235
2018-09-13 오전 9:49:14,대성파인텍,2465,2495,2235
2018-09-13 오전 9:49:14,대성파인텍,2470,2495,2235
2018-09-13 오전 9:49:14,대성파인텍,2470,2495,2235
2018-09-13 오전 9:49:14,대성파인텍,2470,2495,2235
2018-09-13 오전 9:49:14,대성파인텍,2465,2495,2235
2018-09-13 오전 9:49:14,대성파인텍,2470,2495,2235
2018-09-13 오전 9:49:14,대성파인텍,2470,2495,2235
2018-09-13 오전 9:49:14,대성파인텍,2470,2495,2235
2018-09-13 오전 9:49:14,대성파인텍,2470,2495,2235
2018-09-13 오전 9:49:14,대성파인텍,2470,2495,2235
2018-09-13 오전 9:49:14,대성파인텍,2470,2495,2235
2018-09-13 오전 9:49:14,대성파인텍,2470,2495,2235
2018-09-13 오전 9:49:15,대성파인텍,2475,2495,2235
2018-09-13 오전 9:49:15,대성파인텍,2470,2495,2235
2018-09-13 오전 9:49:15,대성파인텍,2470,2495,2235
2018-09-13 오전 9:49:15,대성파인텍,2470,2495,2235
2018-09-13 오전 9:49:15,대성파인텍,2470,2495,2235
2018-09-13 오전 9:49:15,대성파인텍,2470,2495,2235
2018-09-13 오전 9:49:15,대성파인텍,2470,2495,2235
2018-09-13 오전 9:49:16,대성파인텍,2470,2495,2235
2018-09-13 오전 9:49:16,대성파인텍,2470,2495,2235
2018-09-13 오전 9:49:16,대성파인텍,2470,2495,2235
2018-09-13 오전 9:49:16,대성파인텍,2475,2495,2235
2018-09-13 오전 9:49:16,대성파인텍,2470,2495,2235
2018-09-13 오전 9:49:16,대성파인텍,2470,2495,2235
2018-09-13 오전 9:49:16,대성파인텍,2475,2495,2235
2018-09-13 오전 9:49:16,대성파인텍,2475,2495,2235
2018-09-13 오전 9:49:16,대성파인텍,2470,2495,2235
2018-09-13 오전 9:49:17,대성파인텍,2470,2495,2235
2018-09-13 오전 9:49:17,대성파인텍,2475,2495,2235
2018-09-13 오전 9:49:17,대성파인텍,2470,2495,2235
2018-09-13 오전 9:49:17,대성파인텍,2475,2495,2235
2018-09-13 오전 9:49:18,대성파인텍,2470,2495,2235
2018-09-13 오전 9:49:18,대성파인텍,2470,2495,2235
2018-09-13 오전 9:49:18,대성파인텍,2470,2495,2235
2018-09-13 오전 9:49:18,대성파인텍,2475,2495,2235
2018-09-13 오전 9:49:18,대성파인텍,2475,2495,2235
2018-09-13 오전 9:49:18,대성파인텍,2475,2495,2235
2018-09-13 오전 9:49:19,대성파인텍,2475,2495,2235
2018-09-13 오전 9:49:19,대성파인텍,2475,2495,2235
2018-09-13 오전 9:49:19,대성파인텍,2470,2495,2235
2018-09-13 오전 9:49:19,대성파인텍,2475,2495,2235
2018-09-13 오전 9:49:19,대성파인텍,2475,2495,2235
2018-09-13 오전 9:49:19,대성파인텍,2475,2495,2235
2018-09-13 오전 9:49:19,대성파인텍,2475,2495,2235
2018-09-13 오전 9:49:19,대성파인텍,2475,2495,2235
2018-09-13 오전 9:49:19,대성파인텍,2475,2495,2235
2018-09-13 오전 9:49:20,대성파인텍,2475,2495,2235
2018-09-13 오전 9:49:20,대성파인텍,2470,2495,2235
2018-09-13 오전 9:49:20,대성파인텍,2475,2495,2235
2018-09-13 오전 9:49:20,대성파인텍,2475,2495,2235
2018-09-13 오전 9:49:20,대성파인텍,2480,2495,2235
2018-09-13 오전 9:49:20,대성파인텍,2480,2495,2235
2018-09-13 오전 9:49:21,대성파인텍,2475,2495,2235
2018-09-13 오전 9:49:21,대성파인텍,2480,2495,2235
2018-09-13 오전 9:49:21,대성파인텍,2480,2495,2235
2018-09-13 오전 9:49:21,대성파인텍,2480,2495,2235
2018-09-13 오전 9:49:21,대성파인텍,2475,2495,2235
2018-09-13 오전 9:49:21,대성파인텍,2475,2495,2235
2018-09-13 오전 9:49:22,대성파인텍,2475,2495,2235
2018-09-13 오전 9:49:22,대성파인텍,2480,2495,2235
2018-09-13 오전 9:49:22,대성파인텍,2480,2495,2235
2018-09-13 오전 9:49:23,대성파인텍,2475,2495,2235
2018-09-13 오전 9:49:23,대성파인텍,2470,2495,2235
2018-09-13 오전 9:49:23,대성파인텍,2480,2495,2235
2018-09-13 오전 9:49:23,대성파인텍,2475,2495,2235
2018-09-13 오전 9:49:23,대성파인텍,2475,2495,2235
2018-09-13 오전 9:49:23,대성파인텍,2480,2495,2235
2018-09-13 오전 9:49:23,대성파인텍,2475,2495,2235
2018-09-13 오전 9:49:23,대성파인텍,2475,2495,2235
2018-09-13 오전 9:49:24,대성파인텍,2475,2495,2235
2018-09-13 오전 9:49:24,대성파인텍,2475,2495,2235
2018-09-13 오전 9:49:24,대성파인텍,2475,2495,2235
2018-09-13 오전 9:49:24,대성파인텍,2480,2495,2235
2018-09-13 오전 9:49:24,대성파인텍,2480,2495,2235
2018-09-13 오전 9:49:24,대성파인텍,2475,2495,2235
2018-09-13 오전 9:49:24,대성파인텍,2475,2495,2235
2018-09-13 오전 9:49:24,대성파인텍,2475,2495,2235
2018-09-13 오전 9:49:25,대성파인텍,2470,2495,2235
2018-09-13 오전 9:49:25,대성파인텍,2475,2495,2235
2018-09-13 오전 9:49:25,대성파인텍,2480,2495,2235
2018-09-13 오전 9:49:25,대성파인텍,2470,2495,2235
2018-09-13 오전 9:49:25,대성파인텍,2475,2495,2235
2018-09-13 오전 9:49:26,대성파인텍,2475,2495,2235
2018-09-13 오전 9:49:26,대성파인텍,2480,2495,2235
2018-09-13 오전 9:49:26,대성파인텍,2475,2495,2235
2018-09-13 오전 9:49:26,대성파인텍,2480,2495,2235
2018-09-13 오전 9:49:26,대성파인텍,2475,2495,2235
2018-09-13 오전 9:49:26,대성파인텍,2480,2495,2235
2018-09-13 오전 9:49:27,대성파인텍,2475,2495,2235
2018-09-13 오전 9:49:27,대성파인텍,2475,2495,2235
2018-09-13 오전 9:49:27,대성파인텍,2475,2495,2235
2018-09-13 오전 9:49:27,대성파인텍,2475,2495,2235
2018-09-13 오전 9:49:27,대성파인텍,2470,2495,2235
2018-09-13 오전 9:49:28,대성파인텍,2470,2495,2235
2018-09-13 오전 9:49:28,대성파인텍,2475,2495,2235
2018-09-13 오전 9:49:28,대성파인텍,2475,2495,2235
2018-09-13 오전 9:49:28,대성파인텍,2475,2495,2235
2018-09-13 오전 9:49:28,대성파인텍,2475,2495,2235
2018-09-13 오전 9:49:28,대성파인텍,2475,2495,2235
2018-09-13 오전 9:49:29,대성파인텍,2475,2495,2235
2018-09-13 오전 9:49:29,대성파인텍,2480,2495,2235
2018-09-13 오전 9:49:29,대성파인텍,2475,2495,2235
2018-09-13 오전 9:49:29,대성파인텍,2480,2495,2235
2018-09-13 오전 9:49:29,대성파인텍,2480,2495,2235
2018-09-13 오전 9:49:29,대성파인텍,2475,2495,2235
2018-09-13 오전 9:49:29,대성파인텍,2480,2495,2235
2018-09-13 오전 9:49:29,대성파인텍,2475,2495,2235
2018-09-13 오전 9:49:29,대성파인텍,2470,2495,2235
2018-09-13 오전 9:49:30,대성파인텍,2470,2495,2235
2018-09-13 오전 9:49:30,대성파인텍,2475,2495,2235
2018-09-13 오전 9:49:30,대성파인텍,2475,2495,2235
2018-09-13 오전 9:49:30,대성파인텍,2480,2495,2235
2018-09-13 오전 9:49:30,대성파인텍,2475,2495,2235
2018-09-13 오전 9:49:30,대성파인텍,2480,2495,2235
2018-09-13 오전 9:49:30,대성파인텍,2475,2495,2235
2018-09-13 오전 9:49:30,대성파인텍,2480,2495,2235
2018-09-13 오전 9:49:31,대성파인텍,2475,2495,2235
2018-09-13 오전 9:49:31,대성파인텍,2480,2495,2235
2018-09-13 오전 9:49:31,대성파인텍,2480,2495,2235
2018-09-13 오전 9:49:32,대성파인텍,2480,2495,2235
2018-09-13 오전 9:49:32,대성파인텍,2480,2495,2235
2018-09-13 오전 9:49:32,대성파인텍,2480,2495,2235
2018-09-13 오전 9:49:32,대성파인텍,2475,2495,2235
2018-09-13 오전 9:49:32,대성파인텍,2475,2495,2235
2018-09-13 오전 9:49:32,대성파인텍,2475,2495,2235
2018-09-13 오전 9:49:33,대성파인텍,2480,2495,2235
2018-09-13 오전 9:49:33,대성파인텍,2480,2495,2235
2018-09-13 오전 9:49:33,대성파인텍,2475,2495,2235
2018-09-13 오전 9:49:33,대성파인텍,2480,2495,2235
2018-09-13 오전 9:49:34,대성파인텍,2475,2495,2235
2018-09-13 오전 9:49:34,대성파인텍,2480,2495,2235
2018-09-13 오전 9:49:34,대성파인텍,2480,2495,2235
2018-09-13 오전 9:49:34,대성파인텍,2480,2495,2235
2018-09-13 오전 9:49:34,대성파인텍,2480,2495,2235
2018-09-13 오전 9:49:34,대성파인텍,2480,2495,2235
2018-09-13 오전 9:49:35,대성파인텍,2480,2495,2235
2018-09-13 오전 9:49:35,대성파인텍,2475,2495,2235
2018-09-13 오전 9:49:35,대성파인텍,2480,2495,2235
2018-09-13 오전 9:49:35,대성파인텍,2475,2495,2235
2018-09-13 오전 9:49:35,대성파인텍,2480,2495,2235
2018-09-13 오전 9:49:35,대성파인텍,2480,2495,2235
2018-09-13 오전 9:49:35,대성파인텍,2475,2495,2235
2018-09-13 오전 9:49:35,대성파인텍,2480,2495,2235
2018-09-13 오전 9:49:35,대성파인텍,2480,2495,2235
2018-09-13 오전 9:49:35,대성파인텍,2480,2495,2235
2018-09-13 오전 9:49:35,대성파인텍,2480,2495,2235
2018-09-13 오전 9:49:35,대성파인텍,2480,2495,2235
2018-09-13 오전 9:49:35,대성파인텍,2480,2495,2235
2018-09-13 오전 9:49:36,대성파인텍,2480,2495,2235
2018-09-13 오전 9:49:36,대성파인텍,2485,2495,2235
2018-09-13 오전 9:49:36,대성파인텍,2485,2495,2235
2018-09-13 오전 9:49:36,대성파인텍,2480,2495,2235
2018-09-13 오전 9:49:36,대성파인텍,2480,2495,2235
2018-09-13 오전 9:49:37,대성파인텍,2485,2495,2235
2018-09-13 오전 9:49:37,대성파인텍,2485,2495,2235
2018-09-13 오전 9:49:37,대성파인텍,2480,2495,2235
2018-09-13 오전 9:49:37,대성파인텍,2485,2495,2235
2018-09-13 오전 9:49:38,대성파인텍,2480,2495,2235
2018-09-13 오전 9:49:38,대성파인텍,2485,2495,2235
2018-09-13 오전 9:49:39,대성파인텍,2480,2495,2235
2018-09-13 오전 9:49:39,대성파인텍,2485,2495,2235
2018-09-13 오전 9:49:39,대성파인텍,2480,2495,2235
2018-09-13 오전 9:49:39,대성파인텍,2485,2495,2235
2018-09-13 오전 9:49:39,대성파인텍,2485,2495,2235
2018-09-13 오전 9:49:39,대성파인텍,2480,2495,2235
2018-09-13 오전 9:49:40,대성파인텍,2485,2495,2235
2018-09-13 오전 9:49:40,대성파인텍,2480,2495,2235
2018-09-13 오전 9:49:40,대성파인텍,2480,2495,2235
2018-09-13 오전 9:49:40,대성파인텍,2480,2495,2235
2018-09-13 오전 9:49:40,대성파인텍,2485,2495,2235
2018-09-13 오전 9:49:40,대성파인텍,2480,2495,2235
2018-09-13 오전 9:49:40,대성파인텍,2485,2495,2235
2018-09-13 오전 9:49:40,대성파인텍,2485,2495,2235
2018-09-13 오전 9:49:40,대성파인텍,2480,2495,2235
2018-09-13 오전 9:49:40,대성파인텍,2485,2495,2235
2018-09-13 오전 9:49:40,대성파인텍,2480,2495,2235
2018-09-13 오전 9:49:41,대성파인텍,2480,2495,2235
2018-09-13 오전 9:49:41,대성파인텍,2480,2495,2235
2018-09-13 오전 9:49:41,대성파인텍,2480,2495,2235
2018-09-13 오전 9:49:42,대성파인텍,2485,2495,2235
2018-09-13 오전 9:49:42,대성파인텍,2480,2495,2235
2018-09-13 오전 9:49:42,대성파인텍,2480,2495,2235
2018-09-13 오전 9:49:42,대성파인텍,2485,2495,2235
2018-09-13 오전 9:49:42,대성파인텍,2480,2495,2235
2018-09-13 오전 9:49:42,대성파인텍,2485,2495,2235
2018-09-13 오전 9:49:42,대성파인텍,2480,2495,2235
2018-09-13 오전 9:49:43,대성파인텍,2485,2495,2235
2018-09-13 오전 9:49:43,대성파인텍,2485,2495,2235
2018-09-13 오전 9:49:43,대성파인텍,2480,2495,2235
2018-09-13 오전 9:49:43,대성파인텍,2485,2495,2235
2018-09-13 오전 9:49:43,대성파인텍,2480,2495,2235
2018-09-13 오전 9:49:44,대성파인텍,2480,2495,2235
2018-09-13 오전 9:49:44,대성파인텍,2485,2495,2235
2018-09-13 오전 9:49:44,대성파인텍,2480,2495,2235
2018-09-13 오전 9:49:44,대성파인텍,2480,2495,2235
2018-09-13 오전 9:49:44,대성파인텍,2475,2495,2235
2018-09-13 오전 9:49:44,대성파인텍,2470,2495,2235
2018-09-13 오전 9:49:44,대성파인텍,2465,2495,2235
2018-09-13 오전 9:49:44,대성파인텍,2460,2495,2235
2018-09-13 오전 9:49:44,대성파인텍,2460,2495,2235
2018-09-13 오전 9:49:44,대성파인텍,2460,2495,2235
2018-09-13 오전 9:49:44,대성파인텍,2460,2495,2235
2018-09-13 오전 9:49:44,대성파인텍,2460,2495,2235
2018-09-13 오전 9:49:44,대성파인텍,2460,2495,2235
2018-09-13 오전 9:49:44,대성파인텍,2460,2495,2235
2018-09-13 오전 9:49:45,대성파인텍,2460,2495,2235
2018-09-13 오전 9:49:45,대성파인텍,2455,2495,2235
2018-09-13 오전 9:49:45,대성파인텍,2455,2495,2235
2018-09-13 오전 9:49:45,대성파인텍,2460,2495,2235
2018-09-13 오전 9:49:45,대성파인텍,2455,2495,2235
2018-09-13 오전 9:49:45,대성파인텍,2450,2495,2235
2018-09-13 오전 9:49:45,대성파인텍,2450,2495,2235
2018-09-13 오전 9:49:45,대성파인텍,2450,2495,2235
2018-09-13 오전 9:49:45,대성파인텍,2455,2495,2235
2018-09-13 오전 9:49:45,대성파인텍,2450,2495,2235
2018-09-13 오전 9:49:45,대성파인텍,2450,2495,2235
2018-09-13 오전 9:49:45,대성파인텍,2450,2495,2235
2018-09-13 오전 9:49:45,대성파인텍,2455,2495,2235
2018-09-13 오전 9:49:45,대성파인텍,2455,2495,2235
2018-09-13 오전 9:49:46,대성파인텍,2450,2495,2235
2018-09-13 오전 9:49:46,대성파인텍,2450,2495,2235
2018-09-13 오전 9:49:46,대성파인텍,2450,2495,2235
2018-09-13 오전 9:49:46,대성파인텍,2450,2495,2235
2018-09-13 오전 9:49:46,대성파인텍,2455,2495,2235
2018-09-13 오전 9:49:46,대성파인텍,2450,2495,2235
2018-09-13 오전 9:49:46,대성파인텍,2445,2495,2235
2018-09-13 오전 9:49:46,대성파인텍,2440,2495,2235
2018-09-13 오전 9:49:46,대성파인텍,2440,2495,2235
2018-09-13 오전 9:49:46,대성파인텍,2440,2495,2235
2018-09-13 오전 9:49:47,대성파인텍,2455,2495,2235
2018-09-13 오전 9:49:47,대성파인텍,2440,2495,2235
2018-09-13 오전 9:49:47,대성파인텍,2440,2495,2235
2018-09-13 오전 9:49:47,대성파인텍,2440,2495,2235
2018-09-13 오전 9:49:47,대성파인텍,2440,2495,2235
2018-09-13 오전 9:49:47,대성파인텍,2440,2495,2235
2018-09-13 오전 9:49:47,대성파인텍,2440,2495,2235
2018-09-13 오전 9:49:47,대성파인텍,2440,2495,2235
2018-09-13 오전 9:49:47,대성파인텍,2440,2495,2235
2018-09-13 오전 9:49:47,대성파인텍,2435,2495,2235
2018-09-13 오전 9:49:47,대성파인텍,2440,2495,2235
2018-09-13 오전 9:49:47,대성파인텍,2435,2495,2235
2018-09-13 오전 9:49:47,대성파인텍,2435,2495,2235
2018-09-13 오전 9:49:47,대성파인텍,2435,2495,2235
2018-09-13 오전 9:49:47,대성파인텍,2435,2495,2235
2018-09-13 오전 9:49:47,대성파인텍,2435,2495,2235
2018-09-13 오전 9:49:47,대성파인텍,2435,2495,2235
2018-09-13 오전 9:49:47,대성파인텍,2435,2495,2235
2018-09-13 오전 9:49:47,대성파인텍,2435,2495,2235
2018-09-13 오전 9:49:47,대성파인텍,2435,2495,2235
2018-09-13 오전 9:49:47,대성파인텍,2430,2495,2235
2018-09-13 오전 9:49:48,대성파인텍,2440,2495,2235
2018-09-13 오전 9:49:48,대성파인텍,2430,2495,2235
2018-09-13 오전 9:49:48,대성파인텍,2440,2495,2235
2018-09-13 오전 9:49:48,대성파인텍,2430,2495,2235
2018-09-13 오전 9:49:49,대성파인텍,2430,2495,2235
2018-09-13 오전 9:49:49,대성파인텍,2430,2495,2235
2018-09-13 오전 9:49:49,대성파인텍,2435,2495,2235
2018-09-13 오전 9:49:49,대성파인텍,2430,2495,2235
2018-09-13 오전 9:49:49,대성파인텍,2440,2495,2235
2018-09-13 오전 9:49:49,대성파인텍,2430,2495,2235
2018-09-13 오전 9:49:50,대성파인텍,2430,2495,2235
2018-09-13 오전 9:49:50,대성파인텍,2430,2495,2235
2018-09-13 오전 9:49:50,대성파인텍,2430,2495,2235
2018-09-13 오전 9:49:50,대성파인텍,2430,2495,2235
2018-09-13 오전 9:49:50,대성파인텍,2430,2495,2235
2018-09-13 오전 9:49:50,대성파인텍,2430,2495,2235
2018-09-13 오전 9:49:50,대성파인텍,2440,2495,2235
2018-09-13 오전 9:49:50,대성파인텍,2430,2495,2235
2018-09-13 오전 9:49:50,대성파인텍,2430,2495,2235
2018-09-13 오전 9:49:50,대성파인텍,2430,2495,2235
2018-09-13 오전 9:49:50,대성파인텍,2430,2495,2235
2018-09-13 오전 9:49:51,대성파인텍,2430,2495,2235
2018-09-13 오전 9:49:51,대성파인텍,2440,2495,2235
2018-09-13 오전 9:49:51,대성파인텍,2430,2495,2235
2018-09-13 오전 9:49:51,대성파인텍,2440,2495,2235
2018-09-13 오전 9:49:51,대성파인텍,2435,2495,2235
2018-09-13 오전 9:49:51,대성파인텍,2430,2495,2235
2018-09-13 오전 9:49:51,대성파인텍,2430,2495,2235
2018-09-13 오전 9:49:51,대성파인텍,2440,2495,2235
2018-09-13 오전 9:49:52,대성파인텍,2430,2495,2235
2018-09-13 오전 9:49:52,대성파인텍,2435,2495,2235
2018-09-13 오전 9:49:52,대성파인텍,2435,2495,2235
2018-09-13 오전 9:49:52,대성파인텍,2430,2495,2235
2018-09-13 오전 9:49:52,대성파인텍,2435,2495,2235
2018-09-13 오전 9:49:52,대성파인텍,2440,2495,2235
2018-09-13 오전 9:49:53,대성파인텍,2435,2495,2235
2018-09-13 오전 9:49:53,대성파인텍,2435,2495,2235
2018-09-13 오전 9:49:53,대성파인텍,2430,2495,2235
2018-09-13 오전 9:49:53,대성파인텍,2435,2495,2235
2018-09-13 오전 9:49:53,대성파인텍,2435,2495,2235
2018-09-13 오전 9:49:53,대성파인텍,2435,2495,2235
2018-09-13 오전 9:49:53,대성파인텍,2440,2495,2235
2018-09-13 오전 9:49:53,대성파인텍,2435,2495,2235
2018-09-13 오전 9:49:53,대성파인텍,2430,2495,2235
2018-09-13 오전 9:49:53,대성파인텍,2440,2495,2235
2018-09-13 오전 9:49:54,대성파인텍,2430,2495,2235
2018-09-13 오전 9:49:54,대성파인텍,2430,2495,2235
2018-09-13 오전 9:49:54,대성파인텍,2435,2495,2235
2018-09-13 오전 9:49:54,대성파인텍,2435,2495,2235
2018-09-13 오전 9:49:54,대성파인텍,2435,2495,2235
2018-09-13 오전 9:49:54,대성파인텍,2440,2495,2235
2018-09-13 오전 9:49:54,대성파인텍,2440,2495,2235
2018-09-13 오전 9:49:54,대성파인텍,2435,2495,2235
2018-09-13 오전 9:49:54,대성파인텍,2440,2495,2235
2018-09-13 오전 9:49:55,대성파인텍,2435,2495,2235
2018-09-13 오전 9:49:55,대성파인텍,2440,2495,2235
2018-09-13 오전 9:49:55,대성파인텍,2440,2495,2235
2018-09-13 오전 9:49:55,대성파인텍,2435,2495,2235
2018-09-13 오전 9:49:55,대성파인텍,2435,2495,2235
2018-09-13 오전 9:49:55,대성파인텍,2440,2495,2235
2018-09-13 오전 9:49:55,대성파인텍,2440,2495,2235
2018-09-13 오전 9:49:56,대성파인텍,2440,2495,2235
2018-09-13 오전 9:49:56,대성파인텍,2440,2495,2235
2018-09-13 오전 9:49:56,대성파인텍,2445,2495,2235
2018-09-13 오전 9:49:56,대성파인텍,2445,2495,2235
2018-09-13 오전 9:49:56,대성파인텍,2445,2495,2235
2018-09-13 오전 9:49:56,대성파인텍,2440,2495,2235
2018-09-13 오전 9:49:57,대성파인텍,2445,2495,2235
2018-09-13 오전 9:49:57,대성파인텍,2445,2495,2235
2018-09-13 오전 9:49:57,대성파인텍,2445,2495,2235
2018-09-13 오전 9:49:57,대성파인텍,2440,2495,2235
2018-09-13 오전 9:49:57,대성파인텍,2440,2495,2235
2018-09-13 오전 9:49:57,대성파인텍,2440,2495,2235
2018-09-13 오전 9:49:57,대성파인텍,2440,2495,2235
2018-09-13 오전 9:49:57,대성파인텍,2440,2495,2235
2018-09-13 오전 9:49:57,대성파인텍,2440,2495,2235
2018-09-13 오전 9:49:57,대성파인텍,2440,2495,2235
2018-09-13 오전 9:49:58,대성파인텍,2440,2495,2235
2018-09-13 오전 9:49:58,대성파인텍,2445,2495,2235
2018-09-13 오전 9:49:58,대성파인텍,2445,2495,2235
2018-09-13 오전 9:49:58,대성파인텍,2445,2495,2235
2018-09-13 오전 9:49:58,대성파인텍,2445,2495,2235
2018-09-13 오전 9:49:58,대성파인텍,2445,2495,2235
2018-09-13 오전 9:49:59,대성파인텍,2445,2495,2235
2018-09-13 오전 9:49:59,대성파인텍,2445,2495,2235
2018-09-13 오전 9:49:59,대성파인텍,2440,2495,2235
2018-09-13 오전 9:49:59,대성파인텍,2445,2495,2235
2018-09-13 오전 9:49:59,대성파인텍,2440,2495,2235
2018-09-13 오전 9:49:59,대성파인텍,2440,2495,2235
2018-09-13 오전 9:49:59,대성파인텍,2445,2495,2235
2018-09-13 오전 9:49:59,대성파인텍,2445,2495,2235
2018-09-13 오전 9:49:59,대성파인텍,2440,2495,2235
2018-09-13 오전 9:49:59,대성파인텍,2445,2495,2235
2018-09-13 오전 9:49:59,대성파인텍,2445,2495,2235
2018-09-13 오전 9:49:59,대성파인텍,2445,2495,2235
2018-09-13 오전 9:50:00,대성파인텍,2445,2495,2235
2018-09-13 오전 9:50:00,대성파인텍,2445,2495,2235
2018-09-13 오전 9:50:00,대성파인텍,2445,2495,2235
2018-09-13 오전 9:50:00,대성파인텍,2450,2495,2235
2018-09-13 오전 9:50:00,대성파인텍,2450,2495,2235
2018-09-13 오전 9:50:00,대성파인텍,2450,2495,2235
2018-09-13 오전 9:50:00,대성파인텍,2450,2495,2235
2018-09-13 오전 9:50:00,대성파인텍,2450,2495,2235
2018-09-13 오전 9:50:00,대성파인텍,2450,2495,2235
2018-09-13 오전 9:50:00,대성파인텍,2445,2495,2235
2018-09-13 오전 9:50:00,대성파인텍,2450,2495,2235
2018-09-13 오전 9:50:00,대성파인텍,2445,2495,2235
2018-09-13 오전 9:50:00,대성파인텍,2450,2495,2235
2018-09-13 오전 9:50:01,대성파인텍,2450,2495,2235
2018-09-13 오전 9:50:01,대성파인텍,2445,2495,2235
2018-09-13 오전 9:50:01,대성파인텍,2445,2495,2235
2018-09-13 오전 9:50:01,대성파인텍,2445,2495,2235
2018-09-13 오전 9:50:01,대성파인텍,2450,2495,2235
2018-09-13 오전 9:50:01,대성파인텍,2450,2495,2235
2018-09-13 오전 9:50:01,대성파인텍,2445,2495,2235
2018-09-13 오전 9:50:01,대성파인텍,2445,2495,2235
2018-09-13 오전 9:50:01,대성파인텍,2445,2495,2235
2018-09-13 오전 9:50:01,대성파인텍,2445,2495,2235
2018-09-13 오전 9:50:01,대성파인텍,2445,2495,2235
2018-09-13 오전 9:50:01,대성파인텍,2450,2495,2235
2018-09-13 오전 9:50:01,대성파인텍,2450,2495,2235
2018-09-13 오전 9:50:01,대성파인텍,2445,2495,2235
2018-09-13 오전 9:50:01,대성파인텍,2450,2495,2235
2018-09-13 오전 9:50:02,대성파인텍,2450,2495,2235
2018-09-13 오전 9:50:02,대성파인텍,2450,2495,2235
2018-09-13 오전 9:50:02,대성파인텍,2445,2495,2235
2018-09-13 오전 9:50:02,대성파인텍,2450,2495,2235
2018-09-13 오전 9:50:02,대성파인텍,2450,2495,2235
2018-09-13 오전 9:50:02,대성파인텍,2445,2495,2235
2018-09-13 오전 9:50:02,대성파인텍,2445,2495,2235
2018-09-13 오전 9:50:02,대성파인텍,2445,2495,2235
2018-09-13 오전 9:50:02,대성파인텍,2445,2495,2235
2018-09-13 오전 9:50:02,대성파인텍,2445,2495,2235
2018-09-13 오전 9:50:02,대성파인텍,2445,2495,2235
2018-09-13 오전 9:50:02,대성파인텍,2445,2495,2235
2018-09-13 오전 9:50:03,대성파인텍,2445,2495,2235
2018-09-13 오전 9:50:03,대성파인텍,2445,2495,2235
2018-09-13 오전 9:50:03,대성파인텍,2445,2495,2235
2018-09-13 오전 9:50:03,대성파인텍,2445,2495,2235
2018-09-13 오전 9:50:03,대성파인텍,2445,2495,2235
2018-09-13 오전 9:50:03,대성파인텍,2445,2495,2235
2018-09-13 오전 9:50:03,대성파인텍,2445,2495,2235
2018-09-13 오전 9:50:03,대성파인텍,2445,2495,2235
2018-09-13 오전 9:50:03,대성파인텍,2440,2495,2235
2018-09-13 오전 9:50:03,대성파인텍,2445,2495,2235
2018-09-13 오전 9:50:04,대성파인텍,2445,2495,2235
2018-09-13 오전 9:50:04,대성파인텍,2445,2495,2235
2018-09-13 오전 9:50:04,대성파인텍,2440,2495,2235
2018-09-13 오전 9:50:04,대성파인텍,2440,2495,2235
2018-09-13 오전 9:50:04,대성파인텍,2440,2495,2235
2018-09-13 오전 9:50:04,대성파인텍,2445,2495,2235
2018-09-13 오전 9:50:04,대성파인텍,2440,2495,2235
2018-09-13 오전 9:50:04,대성파인텍,2435,2495,2235
2018-09-13 오전 9:50:04,대성파인텍,2440,2495,2235
2018-09-13 오전 9:50:04,대성파인텍,2435,2495,2235
2018-09-13 오전 9:50:04,대성파인텍,2435,2495,2235
2018-09-13 오전 9:50:04,대성파인텍,2440,2495,2235
2018-09-13 오전 9:50:04,대성파인텍,2440,2495,2235
2018-09-13 오전 9:50:04,대성파인텍,2440,2495,2235
2018-09-13 오전 9:50:04,대성파인텍,2440,2495,2235
2018-09-13 오전 9:50:04,대성파인텍,2440,2495,2235
2018-09-13 오전 9:50:04,대성파인텍,2440,2495,2235
2018-09-13 오전 9:50:04,대성파인텍,2440,2495,2235
2018-09-13 오전 9:50:04,대성파인텍,2440,2495,2235
2018-09-13 오전 9:50:04,대성파인텍,2440,2495,2235
2018-09-13 오전 9:50:05,대성파인텍,2440,2495,2235
2018-09-13 오전 9:50:05,대성파인텍,2440,2495,2235
2018-09-13 오전 9:50:05,대성파인텍,2440,2495,2235
2018-09-13 오전 9:50:05,대성파인텍,2435,2495,2235
2018-09-13 오전 9:50:05,대성파인텍,2435,2495,2235
2018-09-13 오전 9:50:05,대성파인텍,2435,2495,2235
2018-09-13 오전 9:50:05,대성파인텍,2435,2495,2235
2018-09-13 오전 9:50:05,대성파인텍,2435,2495,2235
2018-09-13 오전 9:50:05,대성파인텍,2435,2495,2235
2018-09-13 오전 9:50:05,대성파인텍,2435,2495,2235
2018-09-13 오전 9:50:05,대성파인텍,2430,2495,2235
2018-09-13 오전 9:50:05,대성파인텍,2425,2495,2235
2018-09-13 오전 9:50:05,대성파인텍,2435,2495,2235
2018-09-13 오전 9:50:05,대성파인텍,2425,2495,2235
2018-09-13 오전 9:50:05,대성파인텍,2435,2495,2235
2018-09-13 오전 9:50:05,대성파인텍,2425,2495,2235
2018-09-13 오전 9:50:06,대성파인텍,2435,2495,2235
2018-09-13 오전 9:50:06,대성파인텍,2435,2495,2235
2018-09-13 오전 9:50:06,대성파인텍,2430,2495,2235
2018-09-13 오전 9:50:06,대성파인텍,2425,2495,2235
2018-09-13 오전 9:50:06,대성파인텍,2425,2495,2235
2018-09-13 오전 9:50:06,대성파인텍,2425,2495,2235
2018-09-13 오전 9:50:06,대성파인텍,2425,2495,2235
2018-09-13 오전 9:50:06,대성파인텍,2425,2495,2235
2018-09-13 오전 9:50:06,대성파인텍,2425,2495,2235
2018-09-13 오전 9:50:06,대성파인텍,2425,2495,2235
2018-09-13 오전 9:50:06,대성파인텍,2430,2495,2235
2018-09-13 오전 9:50:06,대성파인텍,2430,2495,2235
2018-09-13 오전 9:50:06,대성파인텍,2425,2495,2235
2018-09-13 오전 9:50:06,대성파인텍,2425,2495,2235
2018-09-13 오전 9:50:06,대성파인텍,2425,2495,2235
2018-09-13 오전 9:50:06,대성파인텍,2425,2495,2235
2018-09-13 오전 9:50:07,대성파인텍,2420,2495,2235
2018-09-13 오전 9:50:07,대성파인텍,2420,2495,2235
2018-09-13 오전 9:50:07,대성파인텍,2420,2495,2235
2018-09-13 오전 9:50:07,대성파인텍,2420,2495,2235
2018-09-13 오전 9:50:07,대성파인텍,2420,2495,2235
