2018-09-13 오전 9:07:45,로보로보,3235,3265,3055
2018-09-13 오전 9:07:45,로보로보,3240,3265,3055
2018-09-13 오전 9:07:45,로보로보,3240,3265,3055
2018-09-13 오전 9:07:45,로보로보,3240,3265,3055
2018-09-13 오전 9:07:45,로보로보,3245,3265,3055
2018-09-13 오전 9:07:45,로보로보,3240,3265,3055
2018-09-13 오전 9:07:45,로보로보,3245,3265,3055
2018-09-13 오전 9:07:45,로보로보,3250,3265,3055
2018-09-13 오전 9:07:45,로보로보,3240,3265,3055
2018-09-13 오전 9:07:45,로보로보,3240,3265,3055
2018-09-13 오전 9:07:45,로보로보,3240,3265,3055
2018-09-13 오전 9:07:46,로보로보,3240,3265,3055
2018-09-13 오전 9:07:46,로보로보,3240,3265,3055
2018-09-13 오전 9:07:46,로보로보,3235,3265,3055
2018-09-13 오전 9:07:46,로보로보,3240,3265,3055
2018-09-13 오전 9:07:46,로보로보,3230,3265,3055
2018-09-13 오전 9:07:46,로보로보,3240,3265,3055
2018-09-13 오전 9:07:46,로보로보,3240,3265,3055
2018-09-13 오전 9:07:46,로보로보,3245,3265,3055
2018-09-13 오전 9:07:46,로보로보,3240,3265,3055
2018-09-13 오전 9:07:47,로보로보,3245,3265,3055
2018-09-13 오전 9:07:47,로보로보,3245,3265,3055
2018-09-13 오전 9:07:47,로보로보,3240,3265,3055
2018-09-13 오전 9:07:47,로보로보,3235,3265,3055
2018-09-13 오전 9:07:47,로보로보,3235,3265,3055
2018-09-13 오전 9:07:47,로보로보,3235,3265,3055
2018-09-13 오전 9:07:47,로보로보,3235,3265,3055
2018-09-13 오전 9:07:47,로보로보,3240,3265,3055
2018-09-13 오전 9:07:47,로보로보,3235,3265,3055
2018-09-13 오전 9:07:48,로보로보,3235,3265,3055
2018-09-13 오전 9:07:48,로보로보,3235,3265,3055
2018-09-13 오전 9:07:48,로보로보,3235,3265,3055
2018-09-13 오전 9:07:48,로보로보,3235,3265,3055
2018-09-13 오전 9:07:48,로보로보,3235,3265,3055
2018-09-13 오전 9:07:48,로보로보,3235,3265,3055
2018-09-13 오전 9:07:49,로보로보,3230,3265,3055
2018-09-13 오전 9:07:49,로보로보,3235,3265,3055
2018-09-13 오전 9:07:49,로보로보,3235,3265,3055
2018-09-13 오전 9:07:49,로보로보,3235,3265,3055
2018-09-13 오전 9:07:49,로보로보,3235,3265,3055
2018-09-13 오전 9:07:49,로보로보,3230,3265,3055
2018-09-13 오전 9:07:49,로보로보,3235,3265,3055
2018-09-13 오전 9:07:49,로보로보,3230,3265,3055
2018-09-13 오전 9:07:49,로보로보,3235,3265,3055
2018-09-13 오전 9:07:50,로보로보,3230,3265,3055
2018-09-13 오전 9:07:50,로보로보,3230,3265,3055
2018-09-13 오전 9:07:50,로보로보,3230,3265,3055
2018-09-13 오전 9:07:50,로보로보,3230,3265,3055
2018-09-13 오전 9:07:50,로보로보,3230,3265,3055
2018-09-13 오전 9:07:50,로보로보,3235,3265,3055
2018-09-13 오전 9:07:50,로보로보,3210,3265,3055
2018-09-13 오전 9:07:50,로보로보,3235,3265,3055
2018-09-13 오전 9:07:51,로보로보,3210,3265,3055
2018-09-13 오전 9:07:51,로보로보,3205,3265,3055
2018-09-13 오전 9:07:51,로보로보,3200,3265,3055
2018-09-13 오전 9:07:51,로보로보,3190,3265,3055
2018-09-13 오전 9:07:51,로보로보,3230,3265,3055
2018-09-13 오전 9:07:51,로보로보,3235,3265,3055
2018-09-13 오전 9:07:51,로보로보,3235,3265,3055
2018-09-13 오전 9:07:51,로보로보,3235,3265,3055
2018-09-13 오전 9:07:51,로보로보,3235,3265,3055
2018-09-13 오전 9:07:51,로보로보,3240,3265,3055
2018-09-13 오전 9:07:51,로보로보,3245,3265,3055
2018-09-13 오전 9:07:51,로보로보,3250,3265,3055
2018-09-13 오전 9:07:51,로보로보,3250,3265,3055
2018-09-13 오전 9:07:52,로보로보,3240,3265,3055
2018-09-13 오전 9:07:52,로보로보,3235,3265,3055
2018-09-13 오전 9:07:52,로보로보,3235,3265,3055
2018-09-13 오전 9:07:52,로보로보,3250,3265,3055
2018-09-13 오전 9:07:52,로보로보,3240,3265,3055
2018-09-13 오전 9:07:52,로보로보,3240,3265,3055
2018-09-13 오전 9:07:52,로보로보,3235,3265,3055
2018-09-13 오전 9:07:52,로보로보,3240,3265,3055
2018-09-13 오전 9:07:52,로보로보,3250,3265,3055
2018-09-13 오전 9:07:52,로보로보,3245,3265,3055
2018-09-13 오전 9:07:53,로보로보,3245,3265,3055
2018-09-13 오전 9:07:53,로보로보,3245,3265,3055
2018-09-13 오전 9:07:53,로보로보,3245,3265,3055
2018-09-13 오전 9:07:53,로보로보,3245,3265,3055
2018-09-13 오전 9:07:53,로보로보,3245,3265,3055
2018-09-13 오전 9:07:53,로보로보,3245,3265,3055
2018-09-13 오전 9:07:54,로보로보,3245,3265,3055
2018-09-13 오전 9:07:54,로보로보,3250,3265,3055
2018-09-13 오전 9:07:54,로보로보,3240,3265,3055
2018-09-13 오전 9:07:54,로보로보,3235,3265,3055
2018-09-13 오전 9:07:54,로보로보,3245,3265,3055
2018-09-13 오전 9:07:54,로보로보,3245,3265,3055
2018-09-13 오전 9:07:54,로보로보,3245,3265,3055
2018-09-13 오전 9:07:54,로보로보,3245,3265,3055
2018-09-13 오전 9:07:54,로보로보,3250,3265,3055
2018-09-13 오전 9:07:54,로보로보,3250,3265,3055
2018-09-13 오전 9:07:54,로보로보,3235,3265,3055
2018-09-13 오전 9:07:54,로보로보,3235,3265,3055
2018-09-13 오전 9:07:54,로보로보,3230,3265,3055
2018-09-13 오전 9:07:54,로보로보,3230,3265,3055
2018-09-13 오전 9:07:55,로보로보,3210,3265,3055
2018-09-13 오전 9:07:55,로보로보,3230,3265,3055
2018-09-13 오전 9:07:55,로보로보,3215,3265,3055
2018-09-13 오전 9:07:55,로보로보,3230,3265,3055
2018-09-13 오전 9:07:55,로보로보,3230,3265,3055
2018-09-13 오전 9:07:55,로보로보,3215,3265,3055
2018-09-13 오전 9:07:55,로보로보,3215,3265,3055
2018-09-13 오전 9:07:56,로보로보,3230,3265,3055
2018-09-13 오전 9:07:56,로보로보,3230,3265,3055
2018-09-13 오전 9:07:56,로보로보,3215,3265,3055
2018-09-13 오전 9:07:56,로보로보,3230,3265,3055
2018-09-13 오전 9:07:56,로보로보,3230,3265,3055
2018-09-13 오전 9:07:56,로보로보,3210,3265,3055
2018-09-13 오전 9:07:56,로보로보,3225,3265,3055
2018-09-13 오전 9:07:56,로보로보,3225,3265,3055
2018-09-13 오전 9:07:56,로보로보,3215,3265,3055
2018-09-13 오전 9:07:56,로보로보,3210,3265,3055
2018-09-13 오전 9:07:56,로보로보,3205,3265,3055
2018-09-13 오전 9:07:57,로보로보,3225,3265,3055
2018-09-13 오전 9:07:57,로보로보,3225,3265,3055
2018-09-13 오전 9:07:57,로보로보,3205,3265,3055
2018-09-13 오전 9:07:58,로보로보,3225,3265,3055
2018-09-13 오전 9:07:58,로보로보,3230,3265,3055
2018-09-13 오전 9:07:58,로보로보,3205,3265,3055
2018-09-13 오전 9:07:58,로보로보,3205,3265,3055
2018-09-13 오전 9:07:58,로보로보,3225,3265,3055
2018-09-13 오전 9:07:58,로보로보,3205,3265,3055
2018-09-13 오전 9:07:58,로보로보,3220,3265,3055
2018-09-13 오전 9:07:58,로보로보,3220,3265,3055
2018-09-13 오전 9:07:58,로보로보,3230,3265,3055
2018-09-13 오전 9:07:58,로보로보,3210,3265,3055
2018-09-13 오전 9:07:59,로보로보,3210,3265,3055
2018-09-13 오전 9:07:59,로보로보,3205,3265,3055
2018-09-13 오전 9:07:59,로보로보,3200,3265,3055
2018-09-13 오전 9:07:59,로보로보,3195,3265,3055
2018-09-13 오전 9:07:59,로보로보,3190,3265,3055
2018-09-13 오전 9:07:59,로보로보,3185,3265,3055
2018-09-13 오전 9:07:59,로보로보,3180,3265,3055
2018-09-13 오전 9:07:59,로보로보,3175,3265,3055
2018-09-13 오전 9:07:59,로보로보,3170,3265,3055
2018-09-13 오전 9:07:59,로보로보,3165,3265,3055
2018-09-13 오전 9:07:59,로보로보,3160,3265,3055
2018-09-13 오전 9:07:59,로보로보,3155,3265,3055
2018-09-13 오전 9:07:59,로보로보,3150,3265,3055
2018-09-13 오전 9:07:59,로보로보,3150,3265,3055
2018-09-13 오전 9:07:59,로보로보,3165,3265,3055
2018-09-13 오전 9:07:59,로보로보,3170,3265,3055
2018-09-13 오전 9:07:59,로보로보,3175,3265,3055
2018-09-13 오전 9:07:59,로보로보,3180,3265,3055
2018-09-13 오전 9:07:59,로보로보,3180,3265,3055
2018-09-13 오전 9:07:59,로보로보,3230,3265,3055
2018-09-13 오전 9:07:59,로보로보,3180,3265,3055
2018-09-13 오전 9:07:59,로보로보,3185,3265,3055
2018-09-13 오전 9:07:59,로보로보,3185,3265,3055
2018-09-13 오전 9:07:59,로보로보,3185,3265,3055
2018-09-13 오전 9:07:59,로보로보,3180,3265,3055
2018-09-13 오전 9:07:59,로보로보,3215,3265,3055
2018-09-13 오전 9:07:59,로보로보,3220,3265,3055
2018-09-13 오전 9:08:00,로보로보,3215,3265,3055
2018-09-13 오전 9:08:00,로보로보,3185,3265,3055
2018-09-13 오전 9:08:00,로보로보,3155,3265,3055
2018-09-13 오전 9:08:00,로보로보,3215,3265,3055
2018-09-13 오전 9:08:00,로보로보,3205,3265,3055
2018-09-13 오전 9:08:00,로보로보,3160,3265,3055
2018-09-13 오전 9:08:01,로보로보,3195,3265,3055
2018-09-13 오전 9:08:01,로보로보,3185,3265,3055
2018-09-13 오전 9:08:01,로보로보,3160,3265,3055
2018-09-13 오전 9:08:01,로보로보,3200,3265,3055
2018-09-13 오전 9:08:01,로보로보,3195,3265,3055
2018-09-13 오전 9:08:01,로보로보,3160,3265,3055
2018-09-13 오전 9:08:01,로보로보,3155,3265,3055
2018-09-13 오전 9:08:01,로보로보,3185,3265,3055
2018-09-13 오전 9:08:01,로보로보,3170,3265,3055
2018-09-13 오전 9:08:01,로보로보,3160,3265,3055
