2018-09-11 오전 8:30:01,현대엘리베이,117500,0,0
2018-09-11 오전 8:30:02,현대엘리베이,117500,0,0
2018-09-11 오전 8:30:03,현대엘리베이,117000,0,0
2018-09-11 오전 8:30:06,현대엘리베이,117000,0,0
2018-09-11 오전 8:30:09,현대엘리베이,117000,0,0
2018-09-11 오전 8:30:11,현대엘리베이,117000,0,0
2018-09-11 오전 8:30:12,현대엘리베이,117000,0,0
2018-09-11 오전 8:30:12,현대엘리베이,117000,0,0
2018-09-11 오전 8:30:13,현대엘리베이,117000,0,0
2018-09-11 오전 8:30:14,현대엘리베이,117000,0,0
2018-09-11 오전 8:30:14,현대엘리베이,117000,0,0
2018-09-11 오전 8:30:17,현대엘리베이,117000,0,0
2018-09-11 오전 8:30:18,현대엘리베이,117000,0,0
2018-09-11 오전 8:30:18,현대엘리베이,117000,0,0
2018-09-11 오전 8:30:19,현대엘리베이,117000,0,0
2018-09-11 오전 8:30:20,현대엘리베이,117000,0,0
2018-09-11 오전 8:30:24,현대엘리베이,117000,0,0
2018-09-11 오전 8:30:25,현대엘리베이,117000,0,0
2018-09-11 오전 8:30:31,현대엘리베이,117000,0,0
2018-09-11 오전 8:30:32,현대엘리베이,117000,0,0
2018-09-11 오전 8:30:37,현대엘리베이,117000,0,0
2018-09-11 오전 8:30:37,현대엘리베이,117000,0,0
2018-09-11 오전 8:30:37,현대엘리베이,117000,0,0
2018-09-11 오전 8:30:38,현대엘리베이,117000,0,0
2018-09-11 오전 8:30:41,현대엘리베이,117000,0,0
2018-09-11 오전 8:30:43,현대엘리베이,117000,0,0
2018-09-11 오전 8:30:47,현대엘리베이,117000,0,0
2018-09-11 오전 8:30:48,현대엘리베이,117000,0,0
2018-09-11 오전 8:30:49,현대엘리베이,117000,0,0
2018-09-11 오전 8:30:52,현대엘리베이,117000,0,0
2018-09-11 오전 8:30:54,현대엘리베이,117000,0,0
2018-09-11 오전 8:30:54,현대엘리베이,116500,0,0
2018-09-11 오전 8:30:54,현대엘리베이,116500,0,0
2018-09-11 오전 8:30:54,현대엘리베이,116500,0,0
2018-09-11 오전 8:30:59,현대엘리베이,116500,0,0
2018-09-11 오전 8:31:00,현대엘리베이,116500,0,0
2018-09-11 오전 8:31:04,현대엘리베이,116500,0,0
2018-09-11 오전 8:31:07,현대엘리베이,116500,0,0
2018-09-11 오전 8:31:16,현대엘리베이,116500,0,0
2018-09-11 오전 8:31:16,현대엘리베이,116500,0,0
2018-09-11 오전 8:31:17,현대엘리베이,116500,0,0
2018-09-11 오전 8:31:17,현대엘리베이,116500,0,0
2018-09-11 오전 8:31:22,현대엘리베이,116500,0,0
2018-09-11 오전 8:31:22,현대엘리베이,116500,0,0
2018-09-11 오전 8:31:41,현대엘리베이,116500,0,0
2018-09-11 오전 8:31:43,현대엘리베이,116500,0,0
2018-09-11 오전 8:31:53,현대엘리베이,116500,0,0
2018-09-11 오전 8:31:54,현대엘리베이,116500,0,0
2018-09-11 오전 8:31:57,현대엘리베이,116500,0,0
2018-09-11 오전 8:32:11,현대엘리베이,116500,0,0
2018-09-11 오전 8:32:12,현대엘리베이,116000,0,0
2018-09-11 오전 8:32:13,현대엘리베이,115500,0,0
2018-09-11 오전 8:32:14,현대엘리베이,115500,0,0
2018-09-11 오전 8:32:21,현대엘리베이,115500,0,0
2018-09-11 오전 8:32:21,현대엘리베이,115500,0,0
2018-09-11 오전 8:32:25,현대엘리베이,115500,0,0
2018-09-11 오전 8:32:25,현대엘리베이,115500,0,0
2018-09-11 오전 8:32:26,현대엘리베이,115000,0,0
2018-09-11 오전 8:32:30,현대엘리베이,115000,0,0
2018-09-11 오전 8:32:31,현대엘리베이,115000,0,0
2018-09-11 오전 8:32:34,현대엘리베이,115000,0,0
2018-09-11 오전 8:32:35,현대엘리베이,115000,0,0
2018-09-11 오전 8:32:35,현대엘리베이,115000,0,0
2018-09-11 오전 8:32:35,현대엘리베이,115000,0,0
2018-09-11 오전 8:32:39,현대엘리베이,115000,0,0
2018-09-11 오전 8:32:42,현대엘리베이,115000,0,0
2018-09-11 오전 8:32:43,현대엘리베이,115000,0,0
2018-09-11 오전 8:32:43,현대엘리베이,115000,0,0
2018-09-11 오전 8:32:46,현대엘리베이,115000,0,0
2018-09-11 오전 8:32:47,현대엘리베이,115000,0,0
2018-09-11 오전 8:32:49,현대엘리베이,115000,0,0
2018-09-11 오전 8:32:53,현대엘리베이,115000,0,0
2018-09-11 오전 8:33:00,현대엘리베이,115000,0,0
2018-09-11 오전 8:33:01,현대엘리베이,115000,0,0
2018-09-11 오전 8:33:02,현대엘리베이,115000,0,0
2018-09-11 오전 8:33:10,현대엘리베이,115000,0,0
2018-09-11 오전 8:33:12,현대엘리베이,115000,0,0
2018-09-11 오전 8:33:18,현대엘리베이,115000,0,0
2018-09-11 오전 8:33:20,현대엘리베이,115000,0,0
2018-09-11 오전 8:33:25,현대엘리베이,115000,0,0
2018-09-11 오전 8:33:26,현대엘리베이,115000,0,0
2018-09-11 오전 8:33:43,현대엘리베이,115000,0,0
2018-09-11 오전 8:33:47,현대엘리베이,115000,0,0
2018-09-11 오전 8:33:57,현대엘리베이,115000,0,0
2018-09-11 오전 8:33:57,현대엘리베이,115000,0,0
2018-09-11 오전 8:34:01,현대엘리베이,115000,0,0
2018-09-11 오전 8:34:04,현대엘리베이,115000,0,0
2018-09-11 오전 8:34:06,현대엘리베이,115000,0,0
2018-09-11 오전 8:34:09,현대엘리베이,115000,0,0
2018-09-11 오전 8:34:09,현대엘리베이,115000,0,0
2018-09-11 오전 8:34:21,현대엘리베이,115000,0,0
2018-09-11 오전 8:34:22,현대엘리베이,115000,0,0
2018-09-11 오전 8:34:30,현대엘리베이,115000,0,0
2018-09-11 오전 8:34:33,현대엘리베이,115000,0,0
2018-09-11 오전 8:34:50,현대엘리베이,115000,0,0
2018-09-11 오전 8:34:50,현대엘리베이,115000,0,0
2018-09-11 오전 8:34:53,현대엘리베이,115000,0,0
2018-09-11 오전 8:34:54,현대엘리베이,115000,0,0
2018-09-11 오전 8:34:55,현대엘리베이,115000,0,0
2018-09-11 오전 8:34:56,현대엘리베이,115000,0,0
2018-09-11 오전 8:34:58,현대엘리베이,115000,0,0
2018-09-11 오전 8:35:04,현대엘리베이,115000,0,0
2018-09-11 오전 8:35:06,현대엘리베이,115000,0,0
2018-09-11 오전 8:35:07,현대엘리베이,115000,0,0
2018-09-11 오전 8:35:10,현대엘리베이,115000,0,0
2018-09-11 오전 8:35:10,현대엘리베이,115000,0,0
2018-09-11 오전 8:35:12,현대엘리베이,115000,0,0
2018-09-11 오전 8:35:14,현대엘리베이,115000,0,0
2018-09-11 오전 8:35:17,현대엘리베이,115000,0,0
2018-09-11 오전 8:35:17,현대엘리베이,115000,0,0
2018-09-11 오전 8:35:32,현대엘리베이,115500,0,0
2018-09-11 오전 8:35:33,현대엘리베이,115500,0,0
2018-09-11 오전 8:35:34,현대엘리베이,115500,0,0
2018-09-11 오전 8:35:37,현대엘리베이,115500,0,0
2018-09-11 오전 8:35:38,현대엘리베이,115500,0,0
2018-09-11 오전 8:35:40,현대엘리베이,115500,0,0
2018-09-11 오전 8:35:45,현대엘리베이,115500,0,0
2018-09-11 오전 8:35:46,현대엘리베이,115500,0,0
2018-09-11 오전 8:35:49,현대엘리베이,115500,0,0
2018-09-11 오전 8:35:57,현대엘리베이,115500,0,0
2018-09-11 오전 8:35:59,현대엘리베이,115500,0,0
2018-09-11 오전 8:35:59,현대엘리베이,115500,0,0
2018-09-11 오전 8:36:01,현대엘리베이,115500,0,0
2018-09-11 오전 8:36:05,현대엘리베이,115500,0,0
2018-09-11 오전 8:36:06,현대엘리베이,115500,0,0
2018-09-11 오전 8:36:10,현대엘리베이,115500,0,0
2018-09-11 오전 8:36:14,현대엘리베이,115500,0,0
2018-09-11 오전 8:36:14,현대엘리베이,118000,0,0
2018-09-11 오전 8:36:15,현대엘리베이,118000,0,0
2018-09-11 오전 8:36:16,현대엘리베이,118000,0,0
2018-09-11 오전 8:36:18,현대엘리베이,118000,0,0
2018-09-11 오전 8:36:20,현대엘리베이,117500,0,0
2018-09-11 오전 8:36:20,현대엘리베이,117500,0,0
2018-09-11 오전 8:36:23,현대엘리베이,117500,0,0
2018-09-11 오전 8:36:27,현대엘리베이,117500,0,0
2018-09-11 오전 8:36:30,현대엘리베이,117500,0,0
2018-09-11 오전 8:36:30,현대엘리베이,117500,0,0
2018-09-11 오전 8:36:34,현대엘리베이,117500,0,0
2018-09-11 오전 8:36:34,현대엘리베이,117500,0,0
2018-09-11 오전 8:36:34,현대엘리베이,117500,0,0
2018-09-11 오전 8:36:35,현대엘리베이,117500,0,0
2018-09-11 오전 8:36:38,현대엘리베이,117500,0,0
2018-09-11 오전 8:36:39,현대엘리베이,117500,0,0
2018-09-11 오전 8:36:39,현대엘리베이,117500,0,0
2018-09-11 오전 8:36:44,현대엘리베이,118000,0,0
2018-09-11 오전 8:36:44,현대엘리베이,118000,0,0
2018-09-11 오전 8:36:44,현대엘리베이,118000,0,0
2018-09-11 오전 8:36:47,현대엘리베이,118000,0,0
2018-09-11 오전 8:36:48,현대엘리베이,118000,0,0
2018-09-11 오전 8:36:49,현대엘리베이,118000,0,0
2018-09-11 오전 8:36:50,현대엘리베이,118000,0,0
2018-09-11 오전 8:36:52,현대엘리베이,117500,0,0
2018-09-11 오전 8:36:56,현대엘리베이,117500,0,0
2018-09-11 오전 8:37:00,현대엘리베이,117500,0,0
2018-09-11 오전 8:37:01,현대엘리베이,117500,0,0
2018-09-11 오전 8:37:02,현대엘리베이,117500,0,0
2018-09-11 오전 8:37:02,현대엘리베이,117500,0,0
2018-09-11 오전 8:37:04,현대엘리베이,117500,0,0
2018-09-11 오전 8:37:05,현대엘리베이,117500,0,0
2018-09-11 오전 8:37:05,현대엘리베이,117500,0,0
2018-09-11 오전 8:37:12,현대엘리베이,117500,0,0
2018-09-11 오전 8:37:12,현대엘리베이,117500,0,0
2018-09-11 오전 8:37:12,현대엘리베이,117500,0,0
2018-09-11 오전 8:37:13,현대엘리베이,117500,0,0
2018-09-11 오전 8:37:14,현대엘리베이,117500,0,0
2018-09-11 오전 8:37:15,현대엘리베이,117500,0,0
2018-09-11 오전 8:37:16,현대엘리베이,117500,0,0
2018-09-11 오전 8:37:17,현대엘리베이,117500,0,0
2018-09-11 오전 8:37:19,현대엘리베이,117500,0,0
2018-09-11 오전 8:37:19,현대엘리베이,117500,0,0
2018-09-11 오전 8:37:20,현대엘리베이,117500,0,0
2018-09-11 오전 8:37:21,현대엘리베이,117500,0,0
2018-09-11 오전 8:37:21,현대엘리베이,117500,0,0
2018-09-11 오전 8:37:33,현대엘리베이,117500,0,0
2018-09-11 오전 8:37:34,현대엘리베이,117500,0,0
2018-09-11 오전 8:37:34,현대엘리베이,117500,0,0
2018-09-11 오전 8:37:34,현대엘리베이,117500,0,0
2018-09-11 오전 8:37:37,현대엘리베이,117500,0,0
2018-09-11 오전 8:37:38,현대엘리베이,117500,0,0
2018-09-11 오전 8:37:40,현대엘리베이,117500,0,0
2018-09-11 오전 8:37:41,현대엘리베이,117500,0,0
2018-09-11 오전 8:37:50,현대엘리베이,117500,0,0
2018-09-11 오전 8:37:53,현대엘리베이,117500,0,0
2018-09-11 오전 8:37:55,현대엘리베이,117500,0,0
2018-09-11 오전 8:37:56,현대엘리베이,117500,0,0
2018-09-11 오전 8:37:58,현대엘리베이,117500,0,0
2018-09-11 오전 8:38:02,현대엘리베이,117500,0,0
2018-09-11 오전 8:38:03,현대엘리베이,117500,0,0
2018-09-11 오전 8:38:04,현대엘리베이,117500,0,0
2018-09-11 오전 8:38:06,현대엘리베이,117500,0,0
2018-09-11 오전 8:38:08,현대엘리베이,117500,0,0
2018-09-11 오전 8:38:09,현대엘리베이,117500,0,0
2018-09-11 오전 8:38:13,현대엘리베이,117500,0,0
2018-09-11 오전 8:38:13,현대엘리베이,117500,0,0
2018-09-11 오전 8:38:13,현대엘리베이,117500,0,0
2018-09-11 오전 8:38:15,현대엘리베이,117500,0,0
2018-09-11 오전 8:38:16,현대엘리베이,117500,0,0
2018-09-11 오전 8:38:32,현대엘리베이,117500,0,0
2018-09-11 오전 8:38:32,현대엘리베이,117500,0,0
2018-09-11 오전 8:38:34,현대엘리베이,117500,0,0
2018-09-11 오전 8:38:40,현대엘리베이,117500,0,0
2018-09-11 오전 8:38:42,현대엘리베이,117500,0,0
2018-09-11 오전 8:38:50,현대엘리베이,117500,0,0
2018-09-11 오전 8:38:51,현대엘리베이,117500,0,0
2018-09-11 오전 8:38:56,현대엘리베이,117500,0,0
2018-09-11 오전 8:39:00,현대엘리베이,117500,0,0
2018-09-11 오전 8:39:00,현대엘리베이,117500,0,0
2018-09-11 오전 8:39:02,현대엘리베이,117500,0,0
2018-09-11 오전 8:39:03,현대엘리베이,117500,0,0
2018-09-11 오전 8:39:04,현대엘리베이,117500,0,0
2018-09-11 오전 8:39:05,현대엘리베이,117500,0,0
2018-09-11 오전 8:39:07,현대엘리베이,117500,0,0
2018-09-11 오전 8:39:10,현대엘리베이,117500,0,0
2018-09-11 오전 8:39:13,현대엘리베이,117500,0,0
2018-09-11 오전 8:39:15,현대엘리베이,115500,0,0
2018-09-11 오전 8:39:15,현대엘리베이,115500,0,0
2018-09-11 오전 8:39:17,현대엘리베이,115500,0,0
2018-09-11 오전 8:39:28,현대엘리베이,115500,0,0
2018-09-11 오전 8:39:31,현대엘리베이,115500,0,0
2018-09-11 오전 8:39:50,현대엘리베이,115500,0,0
2018-09-11 오전 8:39:50,현대엘리베이,115500,0,0
2018-09-11 오전 8:39:52,현대엘리베이,115500,0,0
2018-09-11 오전 8:39:54,현대엘리베이,115500,0,0
2018-09-11 오전 8:39:55,현대엘리베이,115500,0,0
2018-09-11 오전 8:39:56,현대엘리베이,115500,0,0
2018-09-11 오전 8:39:57,현대엘리베이,115500,0,0
2018-09-11 오전 8:40:00,현대엘리베이,115500,0,0
2018-09-11 오전 8:40:02,현대엘리베이,115500,0,0
2018-09-11 오전 8:40:05,현대엘리베이,115500,0,0
2018-09-11 오전 8:40:08,현대엘리베이,115500,0,0
2018-09-11 오전 8:40:12,현대엘리베이,115500,0,0
2018-09-11 오전 8:40:12,현대엘리베이,115500,0,0
2018-09-11 오전 8:40:14,현대엘리베이,115500,0,0
2018-09-11 오전 8:40:16,현대엘리베이,115500,0,0
2018-09-11 오전 8:40:17,현대엘리베이,115500,0,0
2018-09-11 오전 8:40:19,현대엘리베이,115500,0,0
2018-09-11 오전 8:40:19,현대엘리베이,115500,0,0
2018-09-11 오전 8:40:26,현대엘리베이,115500,0,0
2018-09-11 오전 8:40:27,현대엘리베이,115500,0,0
2018-09-11 오전 8:40:27,현대엘리베이,115500,0,0
2018-09-11 오전 8:40:28,현대엘리베이,115500,0,0
2018-09-11 오전 8:40:32,현대엘리베이,115500,0,0
2018-09-11 오전 8:40:33,현대엘리베이,115500,0,0
2018-09-11 오전 8:40:39,현대엘리베이,115500,0,0
2018-09-11 오전 8:40:39,현대엘리베이,115500,0,0
2018-09-11 오전 8:40:45,현대엘리베이,115500,0,0
2018-09-11 오전 8:40:47,현대엘리베이,115500,0,0
2018-09-11 오전 8:40:50,현대엘리베이,115500,0,0
2018-09-11 오전 8:40:50,현대엘리베이,115500,0,0
2018-09-11 오전 8:40:52,현대엘리베이,115500,0,0
2018-09-11 오전 8:40:52,현대엘리베이,115500,0,0
2018-09-11 오전 8:40:55,현대엘리베이,115500,0,0
2018-09-11 오전 8:40:56,현대엘리베이,115500,0,0
2018-09-11 오전 8:40:56,현대엘리베이,115500,0,0
2018-09-11 오전 8:40:57,현대엘리베이,115500,0,0
2018-09-11 오전 8:40:57,현대엘리베이,115500,0,0
2018-09-11 오전 8:41:00,현대엘리베이,115500,0,0
2018-09-11 오전 8:41:02,현대엘리베이,115500,0,0
2018-09-11 오전 8:41:07,현대엘리베이,115500,0,0
2018-09-11 오전 8:41:07,현대엘리베이,115500,0,0
2018-09-11 오전 8:41:08,현대엘리베이,115500,0,0
2018-09-11 오전 8:41:10,현대엘리베이,115500,0,0
2018-09-11 오전 8:41:11,현대엘리베이,115500,0,0
2018-09-11 오전 8:41:12,현대엘리베이,115500,0,0
2018-09-11 오전 8:41:13,현대엘리베이,115500,0,0
2018-09-11 오전 8:41:15,현대엘리베이,115500,0,0
2018-09-11 오전 8:41:17,현대엘리베이,115500,0,0
2018-09-11 오전 8:41:18,현대엘리베이,115000,0,0
2018-09-11 오전 8:41:18,현대엘리베이,115000,0,0
2018-09-11 오전 8:41:31,현대엘리베이,115000,0,0
2018-09-11 오전 8:41:36,현대엘리베이,115000,0,0
2018-09-11 오전 8:41:46,현대엘리베이,115000,0,0
2018-09-11 오전 8:41:47,현대엘리베이,115000,0,0
2018-09-11 오전 8:41:48,현대엘리베이,115000,0,0
2018-09-11 오전 8:41:48,현대엘리베이,115000,0,0
2018-09-11 오전 8:41:55,현대엘리베이,115000,0,0
2018-09-11 오전 8:41:59,현대엘리베이,115000,0,0
2018-09-11 오전 8:42:05,현대엘리베이,115000,0,0
2018-09-11 오전 8:42:05,현대엘리베이,115000,0,0
2018-09-11 오전 8:42:08,현대엘리베이,115000,0,0
2018-09-11 오전 8:42:15,현대엘리베이,115000,0,0
2018-09-11 오전 8:42:16,현대엘리베이,115000,0,0
2018-09-11 오전 8:42:27,현대엘리베이,115000,0,0
2018-09-11 오전 8:42:27,현대엘리베이,115000,0,0
2018-09-11 오전 8:42:31,현대엘리베이,115000,0,0
2018-09-11 오전 8:42:32,현대엘리베이,115000,0,0
2018-09-11 오전 8:42:32,현대엘리베이,115000,0,0
2018-09-11 오전 8:42:33,현대엘리베이,115000,0,0
2018-09-11 오전 8:42:38,현대엘리베이,115000,0,0
2018-09-11 오전 8:42:40,현대엘리베이,115000,0,0
2018-09-11 오전 8:42:40,현대엘리베이,115000,0,0
2018-09-11 오전 8:42:40,현대엘리베이,115000,0,0
2018-09-11 오전 8:42:41,현대엘리베이,115000,0,0
2018-09-11 오전 8:42:42,현대엘리베이,115000,0,0
2018-09-11 오전 8:42:42,현대엘리베이,115000,0,0
2018-09-11 오전 8:42:43,현대엘리베이,115000,0,0
2018-09-11 오전 8:42:45,현대엘리베이,115000,0,0
2018-09-11 오전 8:42:45,현대엘리베이,115000,0,0
2018-09-11 오전 8:42:49,현대엘리베이,115000,0,0
2018-09-11 오전 8:42:50,현대엘리베이,115000,0,0
2018-09-11 오전 8:42:54,현대엘리베이,115000,0,0
2018-09-11 오전 8:42:59,현대엘리베이,115000,0,0
2018-09-11 오전 8:42:59,현대엘리베이,115000,0,0
2018-09-11 오전 8:43:10,현대엘리베이,115000,0,0
2018-09-11 오전 8:43:10,현대엘리베이,115000,0,0
2018-09-11 오전 8:43:10,현대엘리베이,115000,0,0
2018-09-11 오전 8:43:10,현대엘리베이,115000,0,0
2018-09-11 오전 8:43:17,현대엘리베이,115000,0,0
2018-09-11 오전 8:43:18,현대엘리베이,115000,0,0
2018-09-11 오전 8:43:21,현대엘리베이,115000,0,0
2018-09-11 오전 8:43:21,현대엘리베이,115000,0,0
2018-09-11 오전 8:43:24,현대엘리베이,115000,0,0
2018-09-11 오전 8:43:24,현대엘리베이,115000,0,0
2018-09-11 오전 8:43:26,현대엘리베이,115000,0,0
2018-09-11 오전 8:43:27,현대엘리베이,115000,0,0
2018-09-11 오전 8:43:29,현대엘리베이,115000,0,0
2018-09-11 오전 8:43:29,현대엘리베이,115000,0,0
2018-09-11 오전 8:43:30,현대엘리베이,115000,0,0
2018-09-11 오전 8:43:30,현대엘리베이,115000,0,0
2018-09-11 오전 8:43:36,현대엘리베이,115000,0,0
2018-09-11 오전 8:43:37,현대엘리베이,115000,0,0
2018-09-11 오전 8:43:38,현대엘리베이,115000,0,0
2018-09-11 오전 8:43:41,현대엘리베이,115000,0,0
2018-09-11 오전 8:43:41,현대엘리베이,115000,0,0
2018-09-11 오전 8:43:42,현대엘리베이,115000,0,0
2018-09-11 오전 8:43:43,현대엘리베이,115000,0,0
2018-09-11 오전 8:43:46,현대엘리베이,115000,0,0
2018-09-11 오전 8:43:47,현대엘리베이,115000,0,0
2018-09-11 오전 8:43:48,현대엘리베이,115000,0,0
2018-09-11 오전 8:43:50,현대엘리베이,115000,0,0
2018-09-11 오전 8:43:51,현대엘리베이,115000,0,0
2018-09-11 오전 8:43:51,현대엘리베이,115000,0,0
2018-09-11 오전 8:43:52,현대엘리베이,115000,0,0
2018-09-11 오전 8:43:55,현대엘리베이,115000,0,0
2018-09-11 오전 8:43:55,현대엘리베이,115000,0,0
2018-09-11 오전 8:43:56,현대엘리베이,115500,0,0
2018-09-11 오전 8:43:56,현대엘리베이,115500,0,0
2018-09-11 오전 8:43:57,현대엘리베이,115500,0,0
2018-09-11 오전 8:43:58,현대엘리베이,115500,0,0
2018-09-11 오전 8:43:59,현대엘리베이,115500,0,0
2018-09-11 오전 8:43:59,현대엘리베이,115500,0,0
2018-09-11 오전 8:44:04,현대엘리베이,115500,0,0
2018-09-11 오전 8:44:04,현대엘리베이,115500,0,0
2018-09-11 오전 8:44:05,현대엘리베이,115000,0,0
2018-09-11 오전 8:44:05,현대엘리베이,115000,0,0
2018-09-11 오전 8:44:12,현대엘리베이,115000,0,0
2018-09-11 오전 8:44:13,현대엘리베이,115000,0,0
2018-09-11 오전 8:44:13,현대엘리베이,115000,0,0
2018-09-11 오전 8:44:13,현대엘리베이,115000,0,0
2018-09-11 오전 8:44:13,현대엘리베이,115000,0,0
2018-09-11 오전 8:44:15,현대엘리베이,115000,0,0
2018-09-11 오전 8:44:17,현대엘리베이,115000,0,0
2018-09-11 오전 8:44:20,현대엘리베이,115000,0,0
2018-09-11 오전 8:44:21,현대엘리베이,115000,0,0
2018-09-11 오전 8:44:21,현대엘리베이,115000,0,0
2018-09-11 오전 8:44:22,현대엘리베이,115000,0,0
2018-09-11 오전 8:44:22,현대엘리베이,115000,0,0
2018-09-11 오전 8:44:25,현대엘리베이,115000,0,0
2018-09-11 오전 8:44:26,현대엘리베이,115000,0,0
2018-09-11 오전 8:44:27,현대엘리베이,115000,0,0
2018-09-11 오전 8:44:38,현대엘리베이,115000,0,0
2018-09-11 오전 8:44:39,현대엘리베이,115000,0,0
2018-09-11 오전 8:44:40,현대엘리베이,115000,0,0
2018-09-11 오전 8:44:41,현대엘리베이,115000,0,0
2018-09-11 오전 8:44:42,현대엘리베이,115000,0,0
2018-09-11 오전 8:44:42,현대엘리베이,115000,0,0
2018-09-11 오전 8:44:43,현대엘리베이,115000,0,0
2018-09-11 오전 8:44:45,현대엘리베이,115000,0,0
2018-09-11 오전 8:44:54,현대엘리베이,115000,0,0
2018-09-11 오전 8:44:56,현대엘리베이,115000,0,0
2018-09-11 오전 8:44:56,현대엘리베이,115000,0,0
2018-09-11 오전 8:44:57,현대엘리베이,115000,0,0
2018-09-11 오전 8:44:58,현대엘리베이,115000,0,0
2018-09-11 오전 8:44:59,현대엘리베이,115000,0,0
2018-09-11 오전 8:45:00,현대엘리베이,115000,0,0
2018-09-11 오전 8:45:01,현대엘리베이,115000,0,0
2018-09-11 오전 8:45:03,현대엘리베이,115000,0,0
2018-09-11 오전 8:45:04,현대엘리베이,115000,0,0
2018-09-11 오전 8:45:12,현대엘리베이,115000,0,0
2018-09-11 오전 8:45:14,현대엘리베이,115000,0,0
2018-09-11 오전 8:45:18,현대엘리베이,115000,0,0
2018-09-11 오전 8:45:19,현대엘리베이,115000,0,0
2018-09-11 오전 8:45:20,현대엘리베이,115000,0,0
2018-09-11 오전 8:45:21,현대엘리베이,115000,0,0
2018-09-11 오전 8:45:22,현대엘리베이,115000,0,0
2018-09-11 오전 8:45:22,현대엘리베이,115000,0,0
2018-09-11 오전 8:45:28,현대엘리베이,115000,0,0
2018-09-11 오전 8:45:28,현대엘리베이,115000,0,0
2018-09-11 오전 8:45:41,현대엘리베이,115000,0,0
2018-09-11 오전 8:45:43,현대엘리베이,115000,0,0
2018-09-11 오전 8:45:43,현대엘리베이,115000,0,0
2018-09-11 오전 8:45:44,현대엘리베이,115000,0,0
2018-09-11 오전 8:45:46,현대엘리베이,115000,0,0
2018-09-11 오전 8:45:47,현대엘리베이,115000,0,0
2018-09-11 오전 8:45:48,현대엘리베이,115000,0,0
2018-09-11 오전 8:45:48,현대엘리베이,115000,0,0
2018-09-11 오전 8:45:49,현대엘리베이,115000,0,0
2018-09-11 오전 8:45:53,현대엘리베이,115000,0,0
2018-09-11 오전 8:45:53,현대엘리베이,115000,0,0
2018-09-11 오전 8:45:53,현대엘리베이,115000,0,0
2018-09-11 오전 8:45:54,현대엘리베이,115000,0,0
2018-09-11 오전 8:45:54,현대엘리베이,115000,0,0
2018-09-11 오전 8:46:01,현대엘리베이,115000,0,0
2018-09-11 오전 8:46:02,현대엘리베이,115000,0,0
2018-09-11 오전 8:46:05,현대엘리베이,115000,0,0
2018-09-11 오전 8:46:06,현대엘리베이,115000,0,0
2018-09-11 오전 8:46:06,현대엘리베이,115000,0,0
2018-09-11 오전 8:46:07,현대엘리베이,115000,0,0
2018-09-11 오전 8:46:08,현대엘리베이,115000,0,0
2018-09-11 오전 8:46:11,현대엘리베이,115000,0,0
2018-09-11 오전 8:46:11,현대엘리베이,115000,0,0
2018-09-11 오전 8:46:17,현대엘리베이,115000,0,0
2018-09-11 오전 8:46:17,현대엘리베이,115000,0,0
2018-09-11 오전 8:46:22,현대엘리베이,115000,0,0
2018-09-11 오전 8:46:24,현대엘리베이,115000,0,0
2018-09-11 오전 8:46:29,현대엘리베이,115000,0,0
2018-09-11 오전 8:46:30,현대엘리베이,115000,0,0
2018-09-11 오전 8:46:47,현대엘리베이,115000,0,0
2018-09-11 오전 8:46:48,현대엘리베이,115000,0,0
2018-09-11 오전 8:46:54,현대엘리베이,115000,0,0
2018-09-11 오전 8:46:57,현대엘리베이,115000,0,0
2018-09-11 오전 8:46:58,현대엘리베이,115000,0,0
2018-09-11 오전 8:46:58,현대엘리베이,115000,0,0
2018-09-11 오전 8:46:58,현대엘리베이,115000,0,0
2018-09-11 오전 8:46:59,현대엘리베이,115000,0,0
2018-09-11 오전 8:47:01,현대엘리베이,115000,0,0
2018-09-11 오전 8:47:07,현대엘리베이,115000,0,0
2018-09-11 오전 8:47:10,현대엘리베이,115000,0,0
2018-09-11 오전 8:47:11,현대엘리베이,115000,0,0
2018-09-11 오전 8:47:16,현대엘리베이,115000,0,0
2018-09-11 오전 8:47:22,현대엘리베이,115000,0,0
2018-09-11 오전 8:47:23,현대엘리베이,115000,0,0
2018-09-11 오전 8:47:36,현대엘리베이,115000,0,0
2018-09-11 오전 8:47:36,현대엘리베이,115000,0,0
2018-09-11 오전 8:47:43,현대엘리베이,115000,0,0
2018-09-11 오전 8:47:44,현대엘리베이,115000,0,0
2018-09-11 오전 8:47:45,현대엘리베이,115000,0,0
2018-09-11 오전 8:47:50,현대엘리베이,115000,0,0
2018-09-11 오전 8:47:50,현대엘리베이,115000,0,0
2018-09-11 오전 8:47:50,현대엘리베이,115000,0,0
2018-09-11 오전 8:47:52,현대엘리베이,115000,0,0
2018-09-11 오전 8:47:54,현대엘리베이,115000,0,0
2018-09-11 오전 8:47:57,현대엘리베이,115000,0,0
2018-09-11 오전 8:47:58,현대엘리베이,115000,0,0
2018-09-11 오전 8:48:01,현대엘리베이,115000,0,0
2018-09-11 오전 8:48:03,현대엘리베이,115000,0,0
2018-09-11 오전 8:48:06,현대엘리베이,115000,0,0
2018-09-11 오전 8:48:06,현대엘리베이,115000,0,0
2018-09-11 오전 8:48:08,현대엘리베이,115000,0,0
2018-09-11 오전 8:48:10,현대엘리베이,115000,0,0
2018-09-11 오전 8:48:11,현대엘리베이,115000,0,0
2018-09-11 오전 8:48:12,현대엘리베이,115000,0,0
2018-09-11 오전 8:48:13,현대엘리베이,115000,0,0
2018-09-11 오전 8:48:15,현대엘리베이,115000,0,0
2018-09-11 오전 8:48:15,현대엘리베이,115000,0,0
2018-09-11 오전 8:48:16,현대엘리베이,115000,0,0
2018-09-11 오전 8:48:18,현대엘리베이,115000,0,0
2018-09-11 오전 8:48:19,현대엘리베이,115000,0,0
2018-09-11 오전 8:48:21,현대엘리베이,115000,0,0
2018-09-11 오전 8:48:21,현대엘리베이,115000,0,0
2018-09-11 오전 8:48:22,현대엘리베이,115000,0,0
2018-09-11 오전 8:48:23,현대엘리베이,115000,0,0
2018-09-11 오전 8:48:25,현대엘리베이,115000,0,0
2018-09-11 오전 8:48:26,현대엘리베이,115000,0,0
2018-09-11 오전 8:48:28,현대엘리베이,115000,0,0
2018-09-11 오전 8:48:29,현대엘리베이,115000,0,0
2018-09-11 오전 8:48:29,현대엘리베이,115000,0,0
2018-09-11 오전 8:48:29,현대엘리베이,115000,0,0
2018-09-11 오전 8:48:30,현대엘리베이,115000,0,0
2018-09-11 오전 8:48:31,현대엘리베이,115000,0,0
2018-09-11 오전 8:48:33,현대엘리베이,115000,0,0
2018-09-11 오전 8:48:34,현대엘리베이,115000,0,0
2018-09-11 오전 8:48:35,현대엘리베이,115000,0,0
2018-09-11 오전 8:48:36,현대엘리베이,115000,0,0
2018-09-11 오전 8:48:36,현대엘리베이,115000,0,0
2018-09-11 오전 8:48:36,현대엘리베이,115000,0,0
2018-09-11 오전 8:48:45,현대엘리베이,115000,0,0
2018-09-11 오전 8:48:46,현대엘리베이,115000,0,0
2018-09-11 오전 8:48:51,현대엘리베이,115000,0,0
2018-09-11 오전 8:48:51,현대엘리베이,115000,0,0
2018-09-11 오전 8:48:53,현대엘리베이,115000,0,0
2018-09-11 오전 8:48:54,현대엘리베이,115000,0,0
2018-09-11 오전 8:48:54,현대엘리베이,115000,0,0
2018-09-11 오전 8:48:54,현대엘리베이,115000,0,0
2018-09-11 오전 8:48:55,현대엘리베이,115000,0,0
2018-09-11 오전 8:48:56,현대엘리베이,115000,0,0
2018-09-11 오전 8:48:56,현대엘리베이,115000,0,0
2018-09-11 오전 8:48:56,현대엘리베이,115000,0,0
2018-09-11 오전 8:48:56,현대엘리베이,115000,0,0
2018-09-11 오전 8:49:02,현대엘리베이,115000,0,0
2018-09-11 오전 8:49:03,현대엘리베이,115000,0,0
2018-09-11 오전 8:49:04,현대엘리베이,115000,0,0
2018-09-11 오전 8:49:12,현대엘리베이,115000,0,0
2018-09-11 오전 8:49:13,현대엘리베이,115000,0,0
2018-09-11 오전 8:49:16,현대엘리베이,115000,0,0
2018-09-11 오전 8:49:19,현대엘리베이,115000,0,0
2018-09-11 오전 8:49:20,현대엘리베이,115000,0,0
2018-09-11 오전 8:49:21,현대엘리베이,115000,0,0
2018-09-11 오전 8:49:25,현대엘리베이,115000,0,0
2018-09-11 오전 8:49:25,현대엘리베이,115000,0,0
2018-09-11 오전 8:49:28,현대엘리베이,115000,0,0
2018-09-11 오전 8:49:29,현대엘리베이,115000,0,0
2018-09-11 오전 8:49:40,현대엘리베이,115000,0,0
2018-09-11 오전 8:49:41,현대엘리베이,115000,0,0
2018-09-11 오전 8:49:41,현대엘리베이,115000,0,0
2018-09-11 오전 8:49:41,현대엘리베이,115000,0,0
2018-09-11 오전 8:49:42,현대엘리베이,115000,0,0
2018-09-11 오전 8:49:44,현대엘리베이,115000,0,0
2018-09-11 오전 8:49:44,현대엘리베이,115000,0,0
2018-09-11 오전 8:49:45,현대엘리베이,115000,0,0
2018-09-11 오전 8:49:46,현대엘리베이,115000,0,0
2018-09-11 오전 8:49:47,현대엘리베이,115000,0,0
2018-09-11 오전 8:49:54,현대엘리베이,115000,0,0
2018-09-11 오전 8:49:54,현대엘리베이,115000,0,0
2018-09-11 오전 8:49:56,현대엘리베이,115000,0,0
2018-09-11 오전 8:49:58,현대엘리베이,115000,0,0
2018-09-11 오전 8:49:58,현대엘리베이,115000,0,0
2018-09-11 오전 8:49:58,현대엘리베이,115000,0,0
2018-09-11 오전 8:50:01,현대엘리베이,115000,0,0
2018-09-11 오전 8:50:01,현대엘리베이,115000,0,0
2018-09-11 오전 8:50:02,현대엘리베이,115000,0,0
2018-09-11 오전 8:50:03,현대엘리베이,115000,0,0
2018-09-11 오전 8:50:03,현대엘리베이,115000,0,0
2018-09-11 오전 8:50:05,현대엘리베이,115000,0,0
2018-09-11 오전 8:50:05,현대엘리베이,115000,0,0
2018-09-11 오전 8:50:06,현대엘리베이,115000,0,0
2018-09-11 오전 8:50:07,현대엘리베이,115000,0,0
2018-09-11 오전 8:50:07,현대엘리베이,115000,0,0
2018-09-11 오전 8:50:11,현대엘리베이,115000,0,0
2018-09-11 오전 8:50:11,현대엘리베이,115000,0,0
2018-09-11 오전 8:50:12,현대엘리베이,115000,0,0
2018-09-11 오전 8:50:13,현대엘리베이,115000,0,0
2018-09-11 오전 8:50:13,현대엘리베이,115000,0,0
2018-09-11 오전 8:50:14,현대엘리베이,115000,0,0
2018-09-11 오전 8:50:15,현대엘리베이,115000,0,0
2018-09-11 오전 8:50:16,현대엘리베이,115000,0,0
2018-09-11 오전 8:50:16,현대엘리베이,115000,0,0
2018-09-11 오전 8:50:17,현대엘리베이,115000,0,0
2018-09-11 오전 8:50:17,현대엘리베이,115000,0,0
2018-09-11 오전 8:50:17,현대엘리베이,115000,0,0
2018-09-11 오전 8:50:18,현대엘리베이,115000,0,0
2018-09-11 오전 8:50:19,현대엘리베이,115000,0,0
2018-09-11 오전 8:50:19,현대엘리베이,115000,0,0
2018-09-11 오전 8:50:20,현대엘리베이,115000,0,0
2018-09-11 오전 8:50:21,현대엘리베이,115000,0,0
2018-09-11 오전 8:50:22,현대엘리베이,115000,0,0
2018-09-11 오전 8:50:22,현대엘리베이,115000,0,0
2018-09-11 오전 8:50:23,현대엘리베이,115000,0,0
2018-09-11 오전 8:50:24,현대엘리베이,115000,0,0
2018-09-11 오전 8:50:27,현대엘리베이,115000,0,0
2018-09-11 오전 8:50:29,현대엘리베이,115000,0,0
2018-09-11 오전 8:50:30,현대엘리베이,115000,0,0
2018-09-11 오전 8:50:30,현대엘리베이,115000,0,0
2018-09-11 오전 8:50:31,현대엘리베이,115000,0,0
2018-09-11 오전 8:50:31,현대엘리베이,115000,0,0
2018-09-11 오전 8:50:33,현대엘리베이,115000,0,0
2018-09-11 오전 8:50:34,현대엘리베이,115000,0,0
2018-09-11 오전 8:50:35,현대엘리베이,115000,0,0
2018-09-11 오전 8:50:36,현대엘리베이,115000,0,0
2018-09-11 오전 8:50:37,현대엘리베이,115000,0,0
2018-09-11 오전 8:50:37,현대엘리베이,115000,0,0
2018-09-11 오전 8:50:37,현대엘리베이,115000,0,0
2018-09-11 오전 8:50:38,현대엘리베이,115000,0,0
2018-09-11 오전 8:50:39,현대엘리베이,115000,0,0
2018-09-11 오전 8:50:39,현대엘리베이,115000,0,0
2018-09-11 오전 8:50:41,현대엘리베이,115000,0,0
2018-09-11 오전 8:50:45,현대엘리베이,115000,0,0
2018-09-11 오전 8:50:46,현대엘리베이,115000,0,0
2018-09-11 오전 8:50:48,현대엘리베이,115000,0,0
2018-09-11 오전 8:50:48,현대엘리베이,115000,0,0
2018-09-11 오전 8:50:48,현대엘리베이,115000,0,0
2018-09-11 오전 8:50:49,현대엘리베이,115000,0,0
2018-09-11 오전 8:50:49,현대엘리베이,115000,0,0
2018-09-11 오전 8:50:50,현대엘리베이,115000,0,0
2018-09-11 오전 8:50:55,현대엘리베이,115000,0,0
2018-09-11 오전 8:50:56,현대엘리베이,115000,0,0
2018-09-11 오전 8:50:56,현대엘리베이,115000,0,0
2018-09-11 오전 8:50:57,현대엘리베이,115000,0,0
2018-09-11 오전 8:50:58,현대엘리베이,115000,0,0
2018-09-11 오전 8:51:01,현대엘리베이,115000,0,0
2018-09-11 오전 8:51:01,현대엘리베이,115000,0,0
2018-09-11 오전 8:51:03,현대엘리베이,115000,0,0
2018-09-11 오전 8:51:05,현대엘리베이,115000,0,0
2018-09-11 오전 8:51:05,현대엘리베이,115000,0,0
2018-09-11 오전 8:51:07,현대엘리베이,115000,0,0
2018-09-11 오전 8:51:09,현대엘리베이,115000,0,0
2018-09-11 오전 8:51:12,현대엘리베이,115000,0,0
2018-09-11 오전 8:51:14,현대엘리베이,115000,0,0
2018-09-11 오전 8:51:15,현대엘리베이,115000,0,0
2018-09-11 오전 8:51:16,현대엘리베이,115000,0,0
2018-09-11 오전 8:51:16,현대엘리베이,115000,0,0
2018-09-11 오전 8:51:18,현대엘리베이,115000,0,0
2018-09-11 오전 8:51:21,현대엘리베이,115000,0,0
2018-09-11 오전 8:51:22,현대엘리베이,115000,0,0
2018-09-11 오전 8:51:22,현대엘리베이,115000,0,0
2018-09-11 오전 8:51:23,현대엘리베이,115000,0,0
2018-09-11 오전 8:51:27,현대엘리베이,115000,0,0
2018-09-11 오전 8:51:27,현대엘리베이,115000,0,0
2018-09-11 오전 8:51:28,현대엘리베이,115000,0,0
2018-09-11 오전 8:51:28,현대엘리베이,115000,0,0
2018-09-11 오전 8:51:30,현대엘리베이,115000,0,0
2018-09-11 오전 8:51:30,현대엘리베이,115000,0,0
2018-09-11 오전 8:51:31,현대엘리베이,115000,0,0
2018-09-11 오전 8:51:31,현대엘리베이,115000,0,0
2018-09-11 오전 8:51:32,현대엘리베이,115000,0,0
2018-09-11 오전 8:51:33,현대엘리베이,115000,0,0
2018-09-11 오전 8:51:34,현대엘리베이,115000,0,0
2018-09-11 오전 8:51:39,현대엘리베이,115000,0,0
2018-09-11 오전 8:51:39,현대엘리베이,115000,0,0
2018-09-11 오전 8:51:40,현대엘리베이,115000,0,0
2018-09-11 오전 8:51:40,현대엘리베이,115000,0,0
2018-09-11 오전 8:51:41,현대엘리베이,115000,0,0
2018-09-11 오전 8:51:45,현대엘리베이,115000,0,0
2018-09-11 오전 8:51:46,현대엘리베이,115000,0,0
2018-09-11 오전 8:51:46,현대엘리베이,115000,0,0
2018-09-11 오전 8:51:55,현대엘리베이,115000,0,0
2018-09-11 오전 8:51:56,현대엘리베이,115000,0,0
2018-09-11 오전 8:51:57,현대엘리베이,115000,0,0
2018-09-11 오전 8:52:02,현대엘리베이,115000,0,0
2018-09-11 오전 8:52:04,현대엘리베이,115000,0,0
2018-09-11 오전 8:52:06,현대엘리베이,115000,0,0
2018-09-11 오전 8:52:06,현대엘리베이,115000,0,0
2018-09-11 오전 8:52:08,현대엘리베이,115000,0,0
2018-09-11 오전 8:52:08,현대엘리베이,115000,0,0
2018-09-11 오전 8:52:11,현대엘리베이,115000,0,0
2018-09-11 오전 8:52:11,현대엘리베이,115000,0,0
2018-09-11 오전 8:52:12,현대엘리베이,115000,0,0
2018-09-11 오전 8:52:13,현대엘리베이,115000,0,0
2018-09-11 오전 8:52:14,현대엘리베이,115000,0,0
2018-09-11 오전 8:52:15,현대엘리베이,115000,0,0
2018-09-11 오전 8:52:16,현대엘리베이,115000,0,0
2018-09-11 오전 8:52:17,현대엘리베이,115000,0,0
2018-09-11 오전 8:52:18,현대엘리베이,115000,0,0
2018-09-11 오전 8:52:18,현대엘리베이,115000,0,0
2018-09-11 오전 8:52:19,현대엘리베이,115000,0,0
2018-09-11 오전 8:52:19,현대엘리베이,115000,0,0
2018-09-11 오전 8:52:19,현대엘리베이,115000,0,0
2018-09-11 오전 8:52:20,현대엘리베이,115000,0,0
2018-09-11 오전 8:52:22,현대엘리베이,115000,0,0
2018-09-11 오전 8:52:23,현대엘리베이,115000,0,0
2018-09-11 오전 8:52:24,현대엘리베이,115000,0,0
2018-09-11 오전 8:52:25,현대엘리베이,115000,0,0
2018-09-11 오전 8:52:26,현대엘리베이,115000,0,0
2018-09-11 오전 8:52:29,현대엘리베이,115000,0,0
2018-09-11 오전 8:52:30,현대엘리베이,115000,0,0
2018-09-11 오전 8:52:31,현대엘리베이,115000,0,0
2018-09-11 오전 8:52:32,현대엘리베이,115000,0,0
2018-09-11 오전 8:52:33,현대엘리베이,115000,0,0
2018-09-11 오전 8:52:35,현대엘리베이,115000,0,0
2018-09-11 오전 8:52:35,현대엘리베이,115000,0,0
2018-09-11 오전 8:52:36,현대엘리베이,115000,0,0
2018-09-11 오전 8:52:38,현대엘리베이,115000,0,0
2018-09-11 오전 8:52:39,현대엘리베이,115000,0,0
2018-09-11 오전 8:52:39,현대엘리베이,115000,0,0
2018-09-11 오전 8:52:40,현대엘리베이,115000,0,0
2018-09-11 오전 8:52:45,현대엘리베이,115000,0,0
2018-09-11 오전 8:52:46,현대엘리베이,115000,0,0
2018-09-11 오전 8:52:46,현대엘리베이,115000,0,0
2018-09-11 오전 8:52:48,현대엘리베이,115000,0,0
2018-09-11 오전 8:52:48,현대엘리베이,115000,0,0
2018-09-11 오전 8:52:49,현대엘리베이,115000,0,0
2018-09-11 오전 8:52:50,현대엘리베이,115000,0,0
2018-09-11 오전 8:52:50,현대엘리베이,115000,0,0
2018-09-11 오전 8:52:53,현대엘리베이,115000,0,0
2018-09-11 오전 8:52:53,현대엘리베이,115000,0,0
2018-09-11 오전 8:52:55,현대엘리베이,115000,0,0
2018-09-11 오전 8:52:55,현대엘리베이,115000,0,0
2018-09-11 오전 8:53:04,현대엘리베이,115000,0,0
2018-09-11 오전 8:53:05,현대엘리베이,115000,0,0
2018-09-11 오전 8:53:06,현대엘리베이,115000,0,0
2018-09-11 오전 8:53:07,현대엘리베이,115000,0,0
2018-09-11 오전 8:53:08,현대엘리베이,115000,0,0
2018-09-11 오전 8:53:09,현대엘리베이,115000,0,0
2018-09-11 오전 8:53:10,현대엘리베이,115000,0,0
2018-09-11 오전 8:53:12,현대엘리베이,115000,0,0
2018-09-11 오전 8:53:13,현대엘리베이,115000,0,0
2018-09-11 오전 8:53:14,현대엘리베이,115000,0,0
2018-09-11 오전 8:53:17,현대엘리베이,115000,0,0
2018-09-11 오전 8:53:18,현대엘리베이,115000,0,0
2018-09-11 오전 8:53:18,현대엘리베이,115000,0,0
2018-09-11 오전 8:53:19,현대엘리베이,115000,0,0
2018-09-11 오전 8:53:19,현대엘리베이,115000,0,0
2018-09-11 오전 8:53:24,현대엘리베이,115000,0,0
2018-09-11 오전 8:53:25,현대엘리베이,115000,0,0
2018-09-11 오전 8:53:25,현대엘리베이,115000,0,0
2018-09-11 오전 8:53:26,현대엘리베이,115000,0,0
2018-09-11 오전 8:53:27,현대엘리베이,115000,0,0
2018-09-11 오전 8:53:27,현대엘리베이,115000,0,0
2018-09-11 오전 8:53:27,현대엘리베이,115000,0,0
2018-09-11 오전 8:53:28,현대엘리베이,115000,0,0
2018-09-11 오전 8:53:29,현대엘리베이,115000,0,0
2018-09-11 오전 8:53:29,현대엘리베이,115000,0,0
2018-09-11 오전 8:53:35,현대엘리베이,115000,0,0
2018-09-11 오전 8:53:37,현대엘리베이,115000,0,0
2018-09-11 오전 8:53:37,현대엘리베이,115000,0,0
2018-09-11 오전 8:53:37,현대엘리베이,115000,0,0
2018-09-11 오전 8:53:38,현대엘리베이,115000,0,0
2018-09-11 오전 8:53:38,현대엘리베이,115000,0,0
2018-09-11 오전 8:53:40,현대엘리베이,115000,0,0
2018-09-11 오전 8:53:41,현대엘리베이,115000,0,0
2018-09-11 오전 8:53:41,현대엘리베이,115000,0,0
2018-09-11 오전 8:53:44,현대엘리베이,115000,0,0
2018-09-11 오전 8:53:44,현대엘리베이,115000,0,0
2018-09-11 오전 8:53:48,현대엘리베이,115000,0,0
2018-09-11 오전 8:53:49,현대엘리베이,115500,0,0
2018-09-11 오전 8:53:50,현대엘리베이,115500,0,0
2018-09-11 오전 8:53:53,현대엘리베이,115500,0,0
2018-09-11 오전 8:53:55,현대엘리베이,115500,0,0
2018-09-11 오전 8:53:55,현대엘리베이,115500,0,0
2018-09-11 오전 8:53:57,현대엘리베이,115500,0,0
2018-09-11 오전 8:53:57,현대엘리베이,115500,0,0
2018-09-11 오전 8:53:57,현대엘리베이,115500,0,0
2018-09-11 오전 8:53:58,현대엘리베이,115500,0,0
2018-09-11 오전 8:54:02,현대엘리베이,115500,0,0
2018-09-11 오전 8:54:05,현대엘리베이,115500,0,0
2018-09-11 오전 8:54:10,현대엘리베이,115500,0,0
2018-09-11 오전 8:54:11,현대엘리베이,115500,0,0
2018-09-11 오전 8:54:12,현대엘리베이,115500,0,0
2018-09-11 오전 8:54:16,현대엘리베이,115500,0,0
2018-09-11 오전 8:54:19,현대엘리베이,115500,0,0
2018-09-11 오전 8:54:19,현대엘리베이,115500,0,0
2018-09-11 오전 8:54:22,현대엘리베이,115500,0,0
2018-09-11 오전 8:54:23,현대엘리베이,115500,0,0
2018-09-11 오전 8:54:26,현대엘리베이,115500,0,0
2018-09-11 오전 8:54:27,현대엘리베이,115500,0,0
2018-09-11 오전 8:54:29,현대엘리베이,115500,0,0
2018-09-11 오전 8:54:30,현대엘리베이,115500,0,0
2018-09-11 오전 8:54:30,현대엘리베이,115500,0,0
2018-09-11 오전 8:54:30,현대엘리베이,115500,0,0
2018-09-11 오전 8:54:30,현대엘리베이,115500,0,0
2018-09-11 오전 8:54:31,현대엘리베이,115500,0,0
2018-09-11 오전 8:54:31,현대엘리베이,115500,0,0
2018-09-11 오전 8:54:32,현대엘리베이,115500,0,0
2018-09-11 오전 8:54:32,현대엘리베이,115500,0,0
2018-09-11 오전 8:54:33,현대엘리베이,115500,0,0
2018-09-11 오전 8:54:35,현대엘리베이,115500,0,0
2018-09-11 오전 8:54:35,현대엘리베이,115500,0,0
2018-09-11 오전 8:54:37,현대엘리베이,115500,0,0
2018-09-11 오전 8:54:38,현대엘리베이,115500,0,0
2018-09-11 오전 8:54:38,현대엘리베이,115500,0,0
2018-09-11 오전 8:54:40,현대엘리베이,115500,0,0
2018-09-11 오전 8:54:40,현대엘리베이,115500,0,0
2018-09-11 오전 8:54:40,현대엘리베이,115500,0,0
2018-09-11 오전 8:54:42,현대엘리베이,115500,0,0
2018-09-11 오전 8:54:43,현대엘리베이,115500,0,0
2018-09-11 오전 8:54:43,현대엘리베이,115500,0,0
2018-09-11 오전 8:54:44,현대엘리베이,115500,0,0
2018-09-11 오전 8:54:45,현대엘리베이,115500,0,0
2018-09-11 오전 8:54:46,현대엘리베이,115500,0,0
2018-09-11 오전 8:54:46,현대엘리베이,115500,0,0
2018-09-11 오전 8:54:46,현대엘리베이,115500,0,0
2018-09-11 오전 8:54:47,현대엘리베이,115500,0,0
2018-09-11 오전 8:54:48,현대엘리베이,115500,0,0
2018-09-11 오전 8:54:48,현대엘리베이,115500,0,0
2018-09-11 오전 8:54:51,현대엘리베이,115500,0,0
2018-09-11 오전 8:54:51,현대엘리베이,115500,0,0
2018-09-11 오전 8:54:52,현대엘리베이,115500,0,0
2018-09-11 오전 8:54:53,현대엘리베이,115500,0,0
2018-09-11 오전 8:54:53,현대엘리베이,115500,0,0
2018-09-11 오전 8:54:53,현대엘리베이,115500,0,0
2018-09-11 오전 8:54:54,현대엘리베이,115500,0,0
2018-09-11 오전 8:54:54,현대엘리베이,115500,0,0
2018-09-11 오전 8:54:54,현대엘리베이,115500,0,0
2018-09-11 오전 8:54:57,현대엘리베이,115500,0,0
2018-09-11 오전 8:54:58,현대엘리베이,115500,0,0
2018-09-11 오전 8:54:58,현대엘리베이,115500,0,0
2018-09-11 오전 8:55:00,현대엘리베이,115500,0,0
2018-09-11 오전 8:55:02,현대엘리베이,115500,0,0
2018-09-11 오전 8:55:02,현대엘리베이,115500,0,0
2018-09-11 오전 8:55:02,현대엘리베이,115500,0,0
2018-09-11 오전 8:55:03,현대엘리베이,115500,0,0
2018-09-11 오전 8:55:03,현대엘리베이,115500,0,0
2018-09-11 오전 8:55:03,현대엘리베이,115500,0,0
2018-09-11 오전 8:55:04,현대엘리베이,115500,0,0
2018-09-11 오전 8:55:05,현대엘리베이,115500,0,0
2018-09-11 오전 8:55:05,현대엘리베이,115500,0,0
2018-09-11 오전 8:55:06,현대엘리베이,115500,0,0
2018-09-11 오전 8:55:07,현대엘리베이,115500,0,0
2018-09-11 오전 8:55:11,현대엘리베이,115500,0,0
2018-09-11 오전 8:55:11,현대엘리베이,115500,0,0
2018-09-11 오전 8:55:11,현대엘리베이,115500,0,0
2018-09-11 오전 8:55:11,현대엘리베이,115500,0,0
2018-09-11 오전 8:55:11,현대엘리베이,115500,0,0
2018-09-11 오전 8:55:12,현대엘리베이,115500,0,0
2018-09-11 오전 8:55:12,현대엘리베이,115500,0,0
2018-09-11 오전 8:55:12,현대엘리베이,115500,0,0
2018-09-11 오전 8:55:13,현대엘리베이,115500,0,0
2018-09-11 오전 8:55:13,현대엘리베이,115500,0,0
2018-09-11 오전 8:55:14,현대엘리베이,115500,0,0
2018-09-11 오전 8:55:14,현대엘리베이,115500,0,0
2018-09-11 오전 8:55:15,현대엘리베이,115500,0,0
2018-09-11 오전 8:55:15,현대엘리베이,115500,0,0
2018-09-11 오전 8:55:15,현대엘리베이,115500,0,0
2018-09-11 오전 8:55:15,현대엘리베이,115500,0,0
2018-09-11 오전 8:55:15,현대엘리베이,115500,0,0
2018-09-11 오전 8:55:16,현대엘리베이,115500,0,0
2018-09-11 오전 8:55:17,현대엘리베이,115500,0,0
2018-09-11 오전 8:55:17,현대엘리베이,115500,0,0
2018-09-11 오전 8:55:17,현대엘리베이,115500,0,0
2018-09-11 오전 8:55:18,현대엘리베이,115500,0,0
2018-09-11 오전 8:55:18,현대엘리베이,115500,0,0
2018-09-11 오전 8:55:19,현대엘리베이,115500,0,0
2018-09-11 오전 8:55:19,현대엘리베이,115500,0,0
2018-09-11 오전 8:55:20,현대엘리베이,115500,0,0
2018-09-11 오전 8:55:21,현대엘리베이,115500,0,0
2018-09-11 오전 8:55:21,현대엘리베이,115500,0,0
2018-09-11 오전 8:55:21,현대엘리베이,115500,0,0
2018-09-11 오전 8:55:25,현대엘리베이,115500,0,0
2018-09-11 오전 8:55:25,현대엘리베이,115500,0,0
2018-09-11 오전 8:55:25,현대엘리베이,115500,0,0
2018-09-11 오전 8:55:25,현대엘리베이,115500,0,0
2018-09-11 오전 8:55:26,현대엘리베이,115500,0,0
2018-09-11 오전 8:55:28,현대엘리베이,115500,0,0
2018-09-11 오전 8:55:28,현대엘리베이,115500,0,0
2018-09-11 오전 8:55:28,현대엘리베이,115500,0,0
2018-09-11 오전 8:55:28,현대엘리베이,115500,0,0
2018-09-11 오전 8:55:28,현대엘리베이,115500,0,0
2018-09-11 오전 8:55:29,현대엘리베이,115500,0,0
2018-09-11 오전 8:55:29,현대엘리베이,115500,0,0
2018-09-11 오전 8:55:29,현대엘리베이,115500,0,0
2018-09-11 오전 8:55:29,현대엘리베이,115500,0,0
2018-09-11 오전 8:55:30,현대엘리베이,115500,0,0
2018-09-11 오전 8:55:30,현대엘리베이,115500,0,0
2018-09-11 오전 8:55:30,현대엘리베이,115500,0,0
2018-09-11 오전 8:55:31,현대엘리베이,115500,0,0
2018-09-11 오전 8:55:32,현대엘리베이,115500,0,0
2018-09-11 오전 8:55:33,현대엘리베이,115500,0,0
2018-09-11 오전 8:55:33,현대엘리베이,115500,0,0
2018-09-11 오전 8:55:35,현대엘리베이,115500,0,0
2018-09-11 오전 8:55:35,현대엘리베이,115500,0,0
2018-09-11 오전 8:55:36,현대엘리베이,115500,0,0
2018-09-11 오전 8:55:38,현대엘리베이,115500,0,0
2018-09-11 오전 8:55:38,현대엘리베이,115500,0,0
2018-09-11 오전 8:55:39,현대엘리베이,115500,0,0
2018-09-11 오전 8:55:40,현대엘리베이,115500,0,0
2018-09-11 오전 8:55:41,현대엘리베이,115500,0,0
2018-09-11 오전 8:55:41,현대엘리베이,115500,0,0
2018-09-11 오전 8:55:41,현대엘리베이,115500,0,0
2018-09-11 오전 8:55:42,현대엘리베이,115500,0,0
2018-09-11 오전 8:55:43,현대엘리베이,115500,0,0
2018-09-11 오전 8:55:43,현대엘리베이,115500,0,0
2018-09-11 오전 8:55:44,현대엘리베이,115500,0,0
2018-09-11 오전 8:55:45,현대엘리베이,115500,0,0
2018-09-11 오전 8:55:45,현대엘리베이,115500,0,0
2018-09-11 오전 8:55:47,현대엘리베이,115500,0,0
2018-09-11 오전 8:55:48,현대엘리베이,115500,0,0
2018-09-11 오전 8:55:49,현대엘리베이,115500,0,0
2018-09-11 오전 8:55:51,현대엘리베이,115500,0,0
2018-09-11 오전 8:55:53,현대엘리베이,115500,0,0
2018-09-11 오전 8:55:53,현대엘리베이,115500,0,0
2018-09-11 오전 8:55:54,현대엘리베이,115500,0,0
2018-09-11 오전 8:55:55,현대엘리베이,115500,0,0
2018-09-11 오전 8:55:55,현대엘리베이,115500,0,0
2018-09-11 오전 8:55:56,현대엘리베이,115500,0,0
2018-09-11 오전 8:55:57,현대엘리베이,115500,0,0
2018-09-11 오전 8:55:59,현대엘리베이,115500,0,0
2018-09-11 오전 8:55:59,현대엘리베이,115500,0,0
2018-09-11 오전 8:56:00,현대엘리베이,115500,0,0
2018-09-11 오전 8:56:02,현대엘리베이,115500,0,0
2018-09-11 오전 8:56:03,현대엘리베이,115500,0,0
2018-09-11 오전 8:56:07,현대엘리베이,115500,0,0
2018-09-11 오전 8:56:08,현대엘리베이,115500,0,0
2018-09-11 오전 8:56:08,현대엘리베이,115500,0,0
2018-09-11 오전 8:56:08,현대엘리베이,115500,0,0
2018-09-11 오전 8:56:08,현대엘리베이,115500,0,0
2018-09-11 오전 8:56:08,현대엘리베이,115500,0,0
2018-09-11 오전 8:56:09,현대엘리베이,115500,0,0
2018-09-11 오전 8:56:09,현대엘리베이,115500,0,0
2018-09-11 오전 8:56:15,현대엘리베이,115500,0,0
2018-09-11 오전 8:56:15,현대엘리베이,115500,0,0
2018-09-11 오전 8:56:16,현대엘리베이,115500,0,0
2018-09-11 오전 8:56:17,현대엘리베이,115500,0,0
2018-09-11 오전 8:56:17,현대엘리베이,115500,0,0
2018-09-11 오전 8:56:17,현대엘리베이,115500,0,0
2018-09-11 오전 8:56:20,현대엘리베이,115500,0,0
2018-09-11 오전 8:56:22,현대엘리베이,115500,0,0
2018-09-11 오전 8:56:22,현대엘리베이,115500,0,0
2018-09-11 오전 8:56:23,현대엘리베이,115500,0,0
2018-09-11 오전 8:56:23,현대엘리베이,115500,0,0
2018-09-11 오전 8:56:24,현대엘리베이,115500,0,0
2018-09-11 오전 8:56:24,현대엘리베이,115500,0,0
2018-09-11 오전 8:56:24,현대엘리베이,115500,0,0
2018-09-11 오전 8:56:27,현대엘리베이,115500,0,0
2018-09-11 오전 8:56:29,현대엘리베이,115500,0,0
2018-09-11 오전 8:56:29,현대엘리베이,115500,0,0
2018-09-11 오전 8:56:29,현대엘리베이,115500,0,0
2018-09-11 오전 8:56:34,현대엘리베이,115500,0,0
2018-09-11 오전 8:56:34,현대엘리베이,115500,0,0
2018-09-11 오전 8:56:34,현대엘리베이,115500,0,0
2018-09-11 오전 8:56:34,현대엘리베이,115500,0,0
2018-09-11 오전 8:56:36,현대엘리베이,115500,0,0
2018-09-11 오전 8:56:37,현대엘리베이,115500,0,0
2018-09-11 오전 8:56:37,현대엘리베이,115500,0,0
2018-09-11 오전 8:56:37,현대엘리베이,115500,0,0
2018-09-11 오전 8:56:38,현대엘리베이,115500,0,0
2018-09-11 오전 8:56:38,현대엘리베이,115500,0,0
2018-09-11 오전 8:56:38,현대엘리베이,115500,0,0
2018-09-11 오전 8:56:38,현대엘리베이,115500,0,0
2018-09-11 오전 8:56:39,현대엘리베이,115500,0,0
2018-09-11 오전 8:56:39,현대엘리베이,115500,0,0
2018-09-11 오전 8:56:41,현대엘리베이,115500,0,0
2018-09-11 오전 8:56:41,현대엘리베이,115500,0,0
2018-09-11 오전 8:56:41,현대엘리베이,115500,0,0
2018-09-11 오전 8:56:42,현대엘리베이,115500,0,0
2018-09-11 오전 8:56:43,현대엘리베이,115500,0,0
2018-09-11 오전 8:56:43,현대엘리베이,115500,0,0
2018-09-11 오전 8:56:44,현대엘리베이,115500,0,0
2018-09-11 오전 8:56:44,현대엘리베이,115500,0,0
2018-09-11 오전 8:56:45,현대엘리베이,115500,0,0
2018-09-11 오전 8:56:45,현대엘리베이,115500,0,0
2018-09-11 오전 8:56:45,현대엘리베이,115500,0,0
2018-09-11 오전 8:56:46,현대엘리베이,115500,0,0
2018-09-11 오전 8:56:46,현대엘리베이,115500,0,0
2018-09-11 오전 8:56:46,현대엘리베이,115500,0,0
2018-09-11 오전 8:56:48,현대엘리베이,115500,0,0
2018-09-11 오전 8:56:48,현대엘리베이,115500,0,0
2018-09-11 오전 8:56:50,현대엘리베이,115500,0,0
2018-09-11 오전 8:56:50,현대엘리베이,115500,0,0
2018-09-11 오전 8:56:51,현대엘리베이,115500,0,0
2018-09-11 오전 8:56:51,현대엘리베이,115500,0,0
2018-09-11 오전 8:56:52,현대엘리베이,115500,0,0
2018-09-11 오전 8:56:53,현대엘리베이,115500,0,0
2018-09-11 오전 8:56:53,현대엘리베이,115500,0,0
2018-09-11 오전 8:56:55,현대엘리베이,115500,0,0
2018-09-11 오전 8:56:55,현대엘리베이,115500,0,0
2018-09-11 오전 8:56:56,현대엘리베이,115500,0,0
2018-09-11 오전 8:56:56,현대엘리베이,115500,0,0
2018-09-11 오전 8:56:56,현대엘리베이,115500,0,0
2018-09-11 오전 8:56:56,현대엘리베이,115500,0,0
2018-09-11 오전 8:56:58,현대엘리베이,115500,0,0
2018-09-11 오전 8:56:58,현대엘리베이,115500,0,0
2018-09-11 오전 8:56:58,현대엘리베이,115500,0,0
2018-09-11 오전 8:57:00,현대엘리베이,115500,0,0
2018-09-11 오전 8:57:00,현대엘리베이,115500,0,0
2018-09-11 오전 8:57:00,현대엘리베이,115500,0,0
2018-09-11 오전 8:57:00,현대엘리베이,115500,0,0
2018-09-11 오전 8:57:03,현대엘리베이,115500,0,0
2018-09-11 오전 8:57:03,현대엘리베이,115500,0,0
2018-09-11 오전 8:57:04,현대엘리베이,115500,0,0
2018-09-11 오전 8:57:04,현대엘리베이,115500,0,0
2018-09-11 오전 8:57:04,현대엘리베이,115500,0,0
2018-09-11 오전 8:57:05,현대엘리베이,115500,0,0
2018-09-11 오전 8:57:06,현대엘리베이,115500,0,0
2018-09-11 오전 8:57:06,현대엘리베이,115500,0,0
2018-09-11 오전 8:57:07,현대엘리베이,115500,0,0
2018-09-11 오전 8:57:10,현대엘리베이,115500,0,0
2018-09-11 오전 8:57:11,현대엘리베이,115500,0,0
2018-09-11 오전 8:57:13,현대엘리베이,115500,0,0
2018-09-11 오전 8:57:14,현대엘리베이,115500,0,0
2018-09-11 오전 8:57:14,현대엘리베이,115500,0,0
2018-09-11 오전 8:57:14,현대엘리베이,115500,0,0
2018-09-11 오전 8:57:16,현대엘리베이,115500,0,0
2018-09-11 오전 8:57:17,현대엘리베이,115500,0,0
2018-09-11 오전 8:57:17,현대엘리베이,115500,0,0
2018-09-11 오전 8:57:18,현대엘리베이,115500,0,0
2018-09-11 오전 8:57:18,현대엘리베이,115500,0,0
2018-09-11 오전 8:57:20,현대엘리베이,115500,0,0
2018-09-11 오전 8:57:21,현대엘리베이,115500,0,0
2018-09-11 오전 8:57:23,현대엘리베이,115500,0,0
2018-09-11 오전 8:57:23,현대엘리베이,115500,0,0
2018-09-11 오전 8:57:24,현대엘리베이,115500,0,0
2018-09-11 오전 8:57:24,현대엘리베이,115500,0,0
2018-09-11 오전 8:57:24,현대엘리베이,115500,0,0
2018-09-11 오전 8:57:25,현대엘리베이,115500,0,0
2018-09-11 오전 8:57:25,현대엘리베이,115500,0,0
2018-09-11 오전 8:57:25,현대엘리베이,115500,0,0
2018-09-11 오전 8:57:26,현대엘리베이,115500,0,0
2018-09-11 오전 8:57:26,현대엘리베이,115500,0,0
2018-09-11 오전 8:57:26,현대엘리베이,115500,0,0
2018-09-11 오전 8:57:27,현대엘리베이,115500,0,0
2018-09-11 오전 8:57:27,현대엘리베이,115500,0,0
2018-09-11 오전 8:57:27,현대엘리베이,115500,0,0
2018-09-11 오전 8:57:30,현대엘리베이,115500,0,0
2018-09-11 오전 8:57:30,현대엘리베이,115500,0,0
2018-09-11 오전 8:57:30,현대엘리베이,115500,0,0
2018-09-11 오전 8:57:31,현대엘리베이,115500,0,0
2018-09-11 오전 8:57:31,현대엘리베이,115500,0,0
2018-09-11 오전 8:57:31,현대엘리베이,115500,0,0
2018-09-11 오전 8:57:32,현대엘리베이,115500,0,0
2018-09-11 오전 8:57:33,현대엘리베이,115500,0,0
2018-09-11 오전 8:57:35,현대엘리베이,115500,0,0
2018-09-11 오전 8:57:35,현대엘리베이,115500,0,0
2018-09-11 오전 8:57:36,현대엘리베이,115500,0,0
2018-09-11 오전 8:57:36,현대엘리베이,115500,0,0
2018-09-11 오전 8:57:36,현대엘리베이,115500,0,0
2018-09-11 오전 8:57:39,현대엘리베이,115500,0,0
2018-09-11 오전 8:57:39,현대엘리베이,115500,0,0
2018-09-11 오전 8:57:39,현대엘리베이,115500,0,0
2018-09-11 오전 8:57:40,현대엘리베이,115500,0,0
2018-09-11 오전 8:57:40,현대엘리베이,115500,0,0
2018-09-11 오전 8:57:40,현대엘리베이,115500,0,0
2018-09-11 오전 8:57:40,현대엘리베이,115500,0,0
2018-09-11 오전 8:57:40,현대엘리베이,115500,0,0
2018-09-11 오전 8:57:42,현대엘리베이,115500,0,0
2018-09-11 오전 8:57:42,현대엘리베이,115500,0,0
2018-09-11 오전 8:57:43,현대엘리베이,115500,0,0
2018-09-11 오전 8:57:43,현대엘리베이,115500,0,0
2018-09-11 오전 8:57:43,현대엘리베이,115500,0,0
2018-09-11 오전 8:57:44,현대엘리베이,115500,0,0
2018-09-11 오전 8:57:45,현대엘리베이,115500,0,0
2018-09-11 오전 8:57:45,현대엘리베이,115500,0,0
2018-09-11 오전 8:57:45,현대엘리베이,115500,0,0
2018-09-11 오전 8:57:45,현대엘리베이,115500,0,0
2018-09-11 오전 8:57:48,현대엘리베이,115500,0,0
2018-09-11 오전 8:57:48,현대엘리베이,115500,0,0
2018-09-11 오전 8:57:49,현대엘리베이,115500,0,0
2018-09-11 오전 8:57:49,현대엘리베이,115500,0,0
2018-09-11 오전 8:57:49,현대엘리베이,115500,0,0
2018-09-11 오전 8:57:49,현대엘리베이,115500,0,0
2018-09-11 오전 8:57:49,현대엘리베이,115500,0,0
2018-09-11 오전 8:57:50,현대엘리베이,115500,0,0
2018-09-11 오전 8:57:50,현대엘리베이,115500,0,0
2018-09-11 오전 8:57:51,현대엘리베이,115500,0,0
2018-09-11 오전 8:57:52,현대엘리베이,115500,0,0
2018-09-11 오전 8:57:52,현대엘리베이,115500,0,0
2018-09-11 오전 8:57:53,현대엘리베이,115500,0,0
2018-09-11 오전 8:57:53,현대엘리베이,115500,0,0
2018-09-11 오전 8:57:54,현대엘리베이,115500,0,0
2018-09-11 오전 8:57:54,현대엘리베이,115500,0,0
2018-09-11 오전 8:57:54,현대엘리베이,115500,0,0
2018-09-11 오전 8:57:54,현대엘리베이,115500,0,0
2018-09-11 오전 8:57:54,현대엘리베이,115500,0,0
2018-09-11 오전 8:57:55,현대엘리베이,115500,0,0
2018-09-11 오전 8:57:55,현대엘리베이,115500,0,0
2018-09-11 오전 8:57:55,현대엘리베이,115500,0,0
2018-09-11 오전 8:57:55,현대엘리베이,115500,0,0
2018-09-11 오전 8:57:55,현대엘리베이,115500,0,0
2018-09-11 오전 8:57:55,현대엘리베이,115000,0,0
2018-09-11 오전 8:57:56,현대엘리베이,115000,0,0
2018-09-11 오전 8:57:56,현대엘리베이,115000,0,0
2018-09-11 오전 8:57:57,현대엘리베이,115000,0,0
2018-09-11 오전 8:57:58,현대엘리베이,115000,0,0
2018-09-11 오전 8:57:58,현대엘리베이,115000,0,0
2018-09-11 오전 8:57:58,현대엘리베이,115000,0,0
2018-09-11 오전 8:57:59,현대엘리베이,115000,0,0
2018-09-11 오전 8:57:59,현대엘리베이,115000,0,0
2018-09-11 오전 8:58:00,현대엘리베이,115000,0,0
2018-09-11 오전 8:58:02,현대엘리베이,115000,0,0
2018-09-11 오전 8:58:03,현대엘리베이,115000,0,0
2018-09-11 오전 8:58:03,현대엘리베이,115000,0,0
2018-09-11 오전 8:58:03,현대엘리베이,115000,0,0
2018-09-11 오전 8:58:03,현대엘리베이,115000,0,0
2018-09-11 오전 8:58:04,현대엘리베이,115000,0,0
2018-09-11 오전 8:58:04,현대엘리베이,115000,0,0
2018-09-11 오전 8:58:04,현대엘리베이,115000,0,0
2018-09-11 오전 8:58:04,현대엘리베이,115000,0,0
2018-09-11 오전 8:58:05,현대엘리베이,115000,0,0
2018-09-11 오전 8:58:05,현대엘리베이,115000,0,0
2018-09-11 오전 8:58:05,현대엘리베이,115000,0,0
2018-09-11 오전 8:58:06,현대엘리베이,115000,0,0
2018-09-11 오전 8:58:06,현대엘리베이,115000,0,0
2018-09-11 오전 8:58:07,현대엘리베이,115000,0,0
2018-09-11 오전 8:58:08,현대엘리베이,115000,0,0
2018-09-11 오전 8:58:10,현대엘리베이,115000,0,0
2018-09-11 오전 8:58:10,현대엘리베이,115000,0,0
2018-09-11 오전 8:58:11,현대엘리베이,115000,0,0
2018-09-11 오전 8:58:11,현대엘리베이,115000,0,0
2018-09-11 오전 8:58:11,현대엘리베이,115000,0,0
2018-09-11 오전 8:58:12,현대엘리베이,115000,0,0
2018-09-11 오전 8:58:13,현대엘리베이,115000,0,0
2018-09-11 오전 8:58:13,현대엘리베이,115000,0,0
2018-09-11 오전 8:58:13,현대엘리베이,115000,0,0
2018-09-11 오전 8:58:13,현대엘리베이,115000,0,0
2018-09-11 오전 8:58:13,현대엘리베이,115000,0,0
2018-09-11 오전 8:58:13,현대엘리베이,115000,0,0
2018-09-11 오전 8:58:14,현대엘리베이,115000,0,0
2018-09-11 오전 8:58:14,현대엘리베이,115000,0,0
2018-09-11 오전 8:58:14,현대엘리베이,115000,0,0
2018-09-11 오전 8:58:15,현대엘리베이,115000,0,0
2018-09-11 오전 8:58:16,현대엘리베이,115000,0,0
2018-09-11 오전 8:58:16,현대엘리베이,115000,0,0
2018-09-11 오전 8:58:16,현대엘리베이,115000,0,0
2018-09-11 오전 8:58:16,현대엘리베이,115000,0,0
2018-09-11 오전 8:58:16,현대엘리베이,115000,0,0
2018-09-11 오전 8:58:17,현대엘리베이,115000,0,0
2018-09-11 오전 8:58:17,현대엘리베이,115000,0,0
2018-09-11 오전 8:58:17,현대엘리베이,115500,0,0
2018-09-11 오전 8:58:17,현대엘리베이,115500,0,0
2018-09-11 오전 8:58:18,현대엘리베이,115500,0,0
2018-09-11 오전 8:58:21,현대엘리베이,115500,0,0
2018-09-11 오전 8:58:21,현대엘리베이,115500,0,0
2018-09-11 오전 8:58:22,현대엘리베이,115500,0,0
2018-09-11 오전 8:58:22,현대엘리베이,115500,0,0
2018-09-11 오전 8:58:24,현대엘리베이,115500,0,0
2018-09-11 오전 8:58:24,현대엘리베이,115500,0,0
2018-09-11 오전 8:58:25,현대엘리베이,115500,0,0
2018-09-11 오전 8:58:25,현대엘리베이,115500,0,0
2018-09-11 오전 8:58:26,현대엘리베이,115500,0,0
2018-09-11 오전 8:58:26,현대엘리베이,115500,0,0
2018-09-11 오전 8:58:27,현대엘리베이,115500,0,0
2018-09-11 오전 8:58:27,현대엘리베이,115500,0,0
2018-09-11 오전 8:58:28,현대엘리베이,115500,0,0
2018-09-11 오전 8:58:28,현대엘리베이,115500,0,0
2018-09-11 오전 8:58:28,현대엘리베이,115500,0,0
2018-09-11 오전 8:58:28,현대엘리베이,115500,0,0
2018-09-11 오전 8:58:28,현대엘리베이,115500,0,0
2018-09-11 오전 8:58:28,현대엘리베이,115500,0,0
2018-09-11 오전 8:58:29,현대엘리베이,115500,0,0
2018-09-11 오전 8:58:29,현대엘리베이,115500,0,0
2018-09-11 오전 8:58:30,현대엘리베이,115500,0,0
2018-09-11 오전 8:58:30,현대엘리베이,115500,0,0
2018-09-11 오전 8:58:30,현대엘리베이,115500,0,0
2018-09-11 오전 8:58:31,현대엘리베이,115500,0,0
2018-09-11 오전 8:58:31,현대엘리베이,115500,0,0
2018-09-11 오전 8:58:31,현대엘리베이,115500,0,0
2018-09-11 오전 8:58:31,현대엘리베이,115500,0,0
2018-09-11 오전 8:58:31,현대엘리베이,115500,0,0
2018-09-11 오전 8:58:32,현대엘리베이,115500,0,0
2018-09-11 오전 8:58:33,현대엘리베이,115500,0,0
2018-09-11 오전 8:58:33,현대엘리베이,115500,0,0
2018-09-11 오전 8:58:33,현대엘리베이,115500,0,0
2018-09-11 오전 8:58:34,현대엘리베이,115500,0,0
2018-09-11 오전 8:58:34,현대엘리베이,115500,0,0
2018-09-11 오전 8:58:34,현대엘리베이,115500,0,0
2018-09-11 오전 8:58:34,현대엘리베이,115500,0,0
2018-09-11 오전 8:58:34,현대엘리베이,115500,0,0
2018-09-11 오전 8:58:35,현대엘리베이,115500,0,0
2018-09-11 오전 8:58:36,현대엘리베이,115500,0,0
2018-09-11 오전 8:58:36,현대엘리베이,115500,0,0
2018-09-11 오전 8:58:36,현대엘리베이,115500,0,0
2018-09-11 오전 8:58:36,현대엘리베이,115500,0,0
2018-09-11 오전 8:58:37,현대엘리베이,115500,0,0
2018-09-11 오전 8:58:37,현대엘리베이,115500,0,0
2018-09-11 오전 8:58:37,현대엘리베이,115500,0,0
2018-09-11 오전 8:58:38,현대엘리베이,115500,0,0
2018-09-11 오전 8:58:38,현대엘리베이,115500,0,0
2018-09-11 오전 8:58:38,현대엘리베이,115500,0,0
2018-09-11 오전 8:58:39,현대엘리베이,115500,0,0
2018-09-11 오전 8:58:39,현대엘리베이,115500,0,0
2018-09-11 오전 8:58:40,현대엘리베이,115500,0,0
2018-09-11 오전 8:58:40,현대엘리베이,115500,0,0
2018-09-11 오전 8:58:40,현대엘리베이,115500,0,0
2018-09-11 오전 8:58:40,현대엘리베이,115500,0,0
2018-09-11 오전 8:58:41,현대엘리베이,115500,0,0
2018-09-11 오전 8:58:41,현대엘리베이,115500,0,0
2018-09-11 오전 8:58:41,현대엘리베이,115500,0,0
2018-09-11 오전 8:58:42,현대엘리베이,115500,0,0
2018-09-11 오전 8:58:42,현대엘리베이,115500,0,0
2018-09-11 오전 8:58:42,현대엘리베이,115500,0,0
2018-09-11 오전 8:58:43,현대엘리베이,115500,0,0
2018-09-11 오전 8:58:44,현대엘리베이,115500,0,0
2018-09-11 오전 8:58:44,현대엘리베이,115500,0,0
2018-09-11 오전 8:58:44,현대엘리베이,115500,0,0
2018-09-11 오전 8:58:44,현대엘리베이,115500,0,0
2018-09-11 오전 8:58:44,현대엘리베이,115500,0,0
2018-09-11 오전 8:58:45,현대엘리베이,115500,0,0
2018-09-11 오전 8:58:45,현대엘리베이,115500,0,0
2018-09-11 오전 8:58:45,현대엘리베이,115500,0,0
2018-09-11 오전 8:58:45,현대엘리베이,115500,0,0
2018-09-11 오전 8:58:46,현대엘리베이,115500,0,0
2018-09-11 오전 8:58:47,현대엘리베이,115500,0,0
2018-09-11 오전 8:58:48,현대엘리베이,115500,0,0
2018-09-11 오전 8:58:48,현대엘리베이,115500,0,0
2018-09-11 오전 8:58:48,현대엘리베이,115500,0,0
2018-09-11 오전 8:58:49,현대엘리베이,115500,0,0
2018-09-11 오전 8:58:50,현대엘리베이,115500,0,0
2018-09-11 오전 8:58:50,현대엘리베이,115500,0,0
2018-09-11 오전 8:58:50,현대엘리베이,115500,0,0
2018-09-11 오전 8:58:51,현대엘리베이,115500,0,0
2018-09-11 오전 8:58:51,현대엘리베이,115500,0,0
2018-09-11 오전 8:58:51,현대엘리베이,115500,0,0
2018-09-11 오전 8:58:51,현대엘리베이,115500,0,0
2018-09-11 오전 8:58:52,현대엘리베이,115500,0,0
2018-09-11 오전 8:58:52,현대엘리베이,115500,0,0
2018-09-11 오전 8:58:52,현대엘리베이,115500,0,0
2018-09-11 오전 8:58:52,현대엘리베이,115500,0,0
2018-09-11 오전 8:58:52,현대엘리베이,115500,0,0
2018-09-11 오전 8:58:53,현대엘리베이,115500,0,0
2018-09-11 오전 8:58:54,현대엘리베이,115500,0,0
2018-09-11 오전 8:58:54,현대엘리베이,115500,0,0
2018-09-11 오전 8:58:55,현대엘리베이,115500,0,0
2018-09-11 오전 8:58:55,현대엘리베이,115500,0,0
2018-09-11 오전 8:58:55,현대엘리베이,115500,0,0
2018-09-11 오전 8:58:55,현대엘리베이,115500,0,0
2018-09-11 오전 8:58:55,현대엘리베이,115500,0,0
2018-09-11 오전 8:58:56,현대엘리베이,115500,0,0
2018-09-11 오전 8:58:57,현대엘리베이,115500,0,0
2018-09-11 오전 8:58:58,현대엘리베이,115500,0,0
2018-09-11 오전 8:58:58,현대엘리베이,115500,0,0
2018-09-11 오전 8:58:58,현대엘리베이,115500,0,0
2018-09-11 오전 8:58:58,현대엘리베이,115500,0,0
2018-09-11 오전 8:58:59,현대엘리베이,115500,0,0
2018-09-11 오전 8:59:00,현대엘리베이,115500,0,0
2018-09-11 오전 8:59:00,현대엘리베이,115500,0,0
2018-09-11 오전 8:59:01,현대엘리베이,115500,0,0
2018-09-11 오전 8:59:01,현대엘리베이,115500,0,0
2018-09-11 오전 8:59:01,현대엘리베이,115500,0,0
2018-09-11 오전 8:59:01,현대엘리베이,115500,0,0
2018-09-11 오전 8:59:01,현대엘리베이,115500,0,0
2018-09-11 오전 8:59:02,현대엘리베이,115500,0,0
2018-09-11 오전 8:59:02,현대엘리베이,115500,0,0
2018-09-11 오전 8:59:02,현대엘리베이,115500,0,0
2018-09-11 오전 8:59:02,현대엘리베이,115500,0,0
2018-09-11 오전 8:59:02,현대엘리베이,115500,0,0
2018-09-11 오전 8:59:03,현대엘리베이,115500,0,0
2018-09-11 오전 8:59:03,현대엘리베이,115500,0,0
2018-09-11 오전 8:59:03,현대엘리베이,115500,0,0
2018-09-11 오전 8:59:03,현대엘리베이,115500,0,0
2018-09-11 오전 8:59:03,현대엘리베이,115500,0,0
2018-09-11 오전 8:59:03,현대엘리베이,115500,0,0
2018-09-11 오전 8:59:03,현대엘리베이,115500,0,0
2018-09-11 오전 8:59:04,현대엘리베이,115500,0,0
2018-09-11 오전 8:59:04,현대엘리베이,115500,0,0
2018-09-11 오전 8:59:04,현대엘리베이,115500,0,0
2018-09-11 오전 8:59:04,현대엘리베이,115500,0,0
2018-09-11 오전 8:59:04,현대엘리베이,115500,0,0
2018-09-11 오전 8:59:04,현대엘리베이,115500,0,0
2018-09-11 오전 8:59:04,현대엘리베이,115500,0,0
2018-09-11 오전 8:59:04,현대엘리베이,115500,0,0
2018-09-11 오전 8:59:05,현대엘리베이,115500,0,0
2018-09-11 오전 8:59:05,현대엘리베이,115500,0,0
2018-09-11 오전 8:59:05,현대엘리베이,115500,0,0
2018-09-11 오전 8:59:05,현대엘리베이,115500,0,0
2018-09-11 오전 8:59:06,현대엘리베이,115500,0,0
2018-09-11 오전 8:59:06,현대엘리베이,115500,0,0
2018-09-11 오전 8:59:06,현대엘리베이,115500,0,0
2018-09-11 오전 8:59:07,현대엘리베이,115500,0,0
2018-09-11 오전 8:59:07,현대엘리베이,115500,0,0
2018-09-11 오전 8:59:07,현대엘리베이,115500,0,0
2018-09-11 오전 8:59:08,현대엘리베이,115500,0,0
2018-09-11 오전 8:59:08,현대엘리베이,115500,0,0
2018-09-11 오전 8:59:09,현대엘리베이,115500,0,0
2018-09-11 오전 8:59:09,현대엘리베이,115500,0,0
2018-09-11 오전 8:59:09,현대엘리베이,115500,0,0
2018-09-11 오전 8:59:10,현대엘리베이,115500,0,0
2018-09-11 오전 8:59:10,현대엘리베이,115500,0,0
2018-09-11 오전 8:59:10,현대엘리베이,115500,0,0
2018-09-11 오전 8:59:11,현대엘리베이,115500,0,0
2018-09-11 오전 8:59:11,현대엘리베이,115500,0,0
2018-09-11 오전 8:59:12,현대엘리베이,115500,0,0
2018-09-11 오전 8:59:12,현대엘리베이,115500,0,0
2018-09-11 오전 8:59:13,현대엘리베이,115500,0,0
2018-09-11 오전 8:59:13,현대엘리베이,115500,0,0
2018-09-11 오전 8:59:13,현대엘리베이,115500,0,0
2018-09-11 오전 8:59:14,현대엘리베이,115500,0,0
2018-09-11 오전 8:59:14,현대엘리베이,115500,0,0
2018-09-11 오전 8:59:14,현대엘리베이,115500,0,0
2018-09-11 오전 8:59:14,현대엘리베이,115500,0,0
2018-09-11 오전 8:59:15,현대엘리베이,115500,0,0
2018-09-11 오전 8:59:15,현대엘리베이,115500,0,0
2018-09-11 오전 8:59:15,현대엘리베이,115500,0,0
2018-09-11 오전 8:59:15,현대엘리베이,115500,0,0
2018-09-11 오전 8:59:15,현대엘리베이,115500,0,0
2018-09-11 오전 8:59:16,현대엘리베이,115500,0,0
2018-09-11 오전 8:59:16,현대엘리베이,115500,0,0
2018-09-11 오전 8:59:16,현대엘리베이,115000,0,0
2018-09-11 오전 8:59:16,현대엘리베이,115000,0,0
2018-09-11 오전 8:59:17,현대엘리베이,115000,0,0
2018-09-11 오전 8:59:17,현대엘리베이,115000,0,0
2018-09-11 오전 8:59:17,현대엘리베이,115000,0,0
2018-09-11 오전 8:59:17,현대엘리베이,115000,0,0
2018-09-11 오전 8:59:17,현대엘리베이,115000,0,0
2018-09-11 오전 8:59:18,현대엘리베이,115000,0,0
2018-09-11 오전 8:59:18,현대엘리베이,115000,0,0
2018-09-11 오전 8:59:18,현대엘리베이,115000,0,0
2018-09-11 오전 8:59:19,현대엘리베이,115000,0,0
2018-09-11 오전 8:59:19,현대엘리베이,115000,0,0
2018-09-11 오전 8:59:19,현대엘리베이,115000,0,0
2018-09-11 오전 8:59:19,현대엘리베이,115000,0,0
2018-09-11 오전 8:59:19,현대엘리베이,115000,0,0
2018-09-11 오전 8:59:19,현대엘리베이,115000,0,0
2018-09-11 오전 8:59:20,현대엘리베이,115000,0,0
2018-09-11 오전 8:59:20,현대엘리베이,115000,0,0
2018-09-11 오전 8:59:20,현대엘리베이,115000,0,0
2018-09-11 오전 8:59:20,현대엘리베이,115000,0,0
2018-09-11 오전 8:59:20,현대엘리베이,115000,0,0
2018-09-11 오전 8:59:20,현대엘리베이,115000,0,0
2018-09-11 오전 8:59:21,현대엘리베이,115000,0,0
2018-09-11 오전 8:59:21,현대엘리베이,115000,0,0
2018-09-11 오전 8:59:21,현대엘리베이,115000,0,0
2018-09-11 오전 8:59:21,현대엘리베이,115000,0,0
2018-09-11 오전 8:59:22,현대엘리베이,115000,0,0
2018-09-11 오전 8:59:22,현대엘리베이,115000,0,0
2018-09-11 오전 8:59:22,현대엘리베이,115000,0,0
2018-09-11 오전 8:59:22,현대엘리베이,115000,0,0
2018-09-11 오전 8:59:22,현대엘리베이,115000,0,0
2018-09-11 오전 8:59:22,현대엘리베이,115000,0,0
2018-09-11 오전 8:59:22,현대엘리베이,115000,0,0
2018-09-11 오전 8:59:22,현대엘리베이,115000,0,0
2018-09-11 오전 8:59:22,현대엘리베이,115000,0,0
2018-09-11 오전 8:59:23,현대엘리베이,115000,0,0
2018-09-11 오전 8:59:23,현대엘리베이,115000,0,0
2018-09-11 오전 8:59:23,현대엘리베이,115000,0,0
2018-09-11 오전 8:59:23,현대엘리베이,115000,0,0
2018-09-11 오전 8:59:23,현대엘리베이,115000,0,0
2018-09-11 오전 8:59:24,현대엘리베이,115000,0,0
2018-09-11 오전 8:59:24,현대엘리베이,115000,0,0
2018-09-11 오전 8:59:24,현대엘리베이,115000,0,0
2018-09-11 오전 8:59:24,현대엘리베이,115000,0,0
2018-09-11 오전 8:59:24,현대엘리베이,115000,0,0
2018-09-11 오전 8:59:24,현대엘리베이,115000,0,0
2018-09-11 오전 8:59:24,현대엘리베이,115000,0,0
2018-09-11 오전 8:59:25,현대엘리베이,115000,0,0
2018-09-11 오전 8:59:25,현대엘리베이,115000,0,0
2018-09-11 오전 8:59:25,현대엘리베이,115000,0,0
2018-09-11 오전 8:59:25,현대엘리베이,115000,0,0
2018-09-11 오전 8:59:25,현대엘리베이,115000,0,0
2018-09-11 오전 8:59:25,현대엘리베이,115000,0,0
2018-09-11 오전 8:59:26,현대엘리베이,115000,0,0
2018-09-11 오전 8:59:26,현대엘리베이,115000,0,0
2018-09-11 오전 8:59:26,현대엘리베이,115000,0,0
2018-09-11 오전 8:59:26,현대엘리베이,115000,0,0
2018-09-11 오전 8:59:26,현대엘리베이,115000,0,0
2018-09-11 오전 8:59:26,현대엘리베이,115000,0,0
2018-09-11 오전 8:59:26,현대엘리베이,115000,0,0
2018-09-11 오전 8:59:26,현대엘리베이,115000,0,0
2018-09-11 오전 8:59:26,현대엘리베이,115000,0,0
2018-09-11 오전 8:59:26,현대엘리베이,115000,0,0
2018-09-11 오전 8:59:27,현대엘리베이,115000,0,0
2018-09-11 오전 8:59:27,현대엘리베이,115000,0,0
2018-09-11 오전 8:59:27,현대엘리베이,115000,0,0
2018-09-11 오전 8:59:27,현대엘리베이,115000,0,0
2018-09-11 오전 8:59:27,현대엘리베이,115000,0,0
2018-09-11 오전 8:59:27,현대엘리베이,115000,0,0
2018-09-11 오전 8:59:28,현대엘리베이,115000,0,0
2018-09-11 오전 8:59:28,현대엘리베이,115000,0,0
2018-09-11 오전 8:59:28,현대엘리베이,115000,0,0
2018-09-11 오전 8:59:28,현대엘리베이,115000,0,0
2018-09-11 오전 8:59:28,현대엘리베이,115000,0,0
2018-09-11 오전 8:59:28,현대엘리베이,115000,0,0
2018-09-11 오전 8:59:28,현대엘리베이,115000,0,0
2018-09-11 오전 8:59:28,현대엘리베이,115000,0,0
2018-09-11 오전 8:59:29,현대엘리베이,115000,0,0
2018-09-11 오전 8:59:29,현대엘리베이,115000,0,0
2018-09-11 오전 8:59:29,현대엘리베이,115000,0,0
2018-09-11 오전 8:59:29,현대엘리베이,115000,0,0
2018-09-11 오전 8:59:30,현대엘리베이,115000,0,0
2018-09-11 오전 8:59:30,현대엘리베이,115000,0,0
2018-09-11 오전 8:59:30,현대엘리베이,115000,0,0
2018-09-11 오전 8:59:30,현대엘리베이,115000,0,0
2018-09-11 오전 8:59:31,현대엘리베이,115000,0,0
2018-09-11 오전 8:59:31,현대엘리베이,115000,0,0
2018-09-11 오전 8:59:31,현대엘리베이,115000,0,0
2018-09-11 오전 8:59:31,현대엘리베이,115000,0,0
2018-09-11 오전 8:59:31,현대엘리베이,115000,0,0
2018-09-11 오전 8:59:31,현대엘리베이,115000,0,0
2018-09-11 오전 8:59:31,현대엘리베이,115000,0,0
2018-09-11 오전 8:59:31,현대엘리베이,115000,0,0
2018-09-11 오전 8:59:32,현대엘리베이,115000,0,0
2018-09-11 오전 8:59:32,현대엘리베이,115000,0,0
2018-09-11 오전 8:59:32,현대엘리베이,115000,0,0
2018-09-11 오전 8:59:33,현대엘리베이,115000,0,0
2018-09-11 오전 8:59:33,현대엘리베이,115000,0,0
2018-09-11 오전 8:59:33,현대엘리베이,115000,0,0
2018-09-11 오전 8:59:33,현대엘리베이,115000,0,0
2018-09-11 오전 8:59:33,현대엘리베이,115000,0,0
2018-09-11 오전 8:59:33,현대엘리베이,115000,0,0
2018-09-11 오전 8:59:33,현대엘리베이,115000,0,0
2018-09-11 오전 8:59:33,현대엘리베이,115000,0,0
2018-09-11 오전 8:59:33,현대엘리베이,115000,0,0
2018-09-11 오전 8:59:33,현대엘리베이,115000,0,0
2018-09-11 오전 8:59:34,현대엘리베이,115000,0,0
2018-09-11 오전 8:59:34,현대엘리베이,115000,0,0
2018-09-11 오전 8:59:34,현대엘리베이,115000,0,0
2018-09-11 오전 8:59:34,현대엘리베이,115000,0,0
2018-09-11 오전 8:59:34,현대엘리베이,115000,0,0
2018-09-11 오전 8:59:35,현대엘리베이,115000,0,0
2018-09-11 오전 8:59:35,현대엘리베이,115000,0,0
2018-09-11 오전 8:59:35,현대엘리베이,115000,0,0
2018-09-11 오전 8:59:35,현대엘리베이,115000,0,0
2018-09-11 오전 8:59:35,현대엘리베이,115000,0,0
2018-09-11 오전 8:59:35,현대엘리베이,115000,0,0
2018-09-11 오전 8:59:36,현대엘리베이,115000,0,0
2018-09-11 오전 8:59:36,현대엘리베이,115000,0,0
2018-09-11 오전 8:59:36,현대엘리베이,115000,0,0
2018-09-11 오전 8:59:36,현대엘리베이,115000,0,0
2018-09-11 오전 8:59:36,현대엘리베이,115000,0,0
2018-09-11 오전 8:59:36,현대엘리베이,115000,0,0
2018-09-11 오전 8:59:37,현대엘리베이,115000,0,0
2018-09-11 오전 8:59:37,현대엘리베이,115000,0,0
2018-09-11 오전 8:59:37,현대엘리베이,115000,0,0
2018-09-11 오전 8:59:38,현대엘리베이,115000,0,0
2018-09-11 오전 8:59:38,현대엘리베이,115000,0,0
2018-09-11 오전 8:59:38,현대엘리베이,115000,0,0
2018-09-11 오전 8:59:38,현대엘리베이,115000,0,0
2018-09-11 오전 8:59:39,현대엘리베이,115000,0,0
2018-09-11 오전 8:59:39,현대엘리베이,115000,0,0
2018-09-11 오전 8:59:40,현대엘리베이,115000,0,0
2018-09-11 오전 8:59:40,현대엘리베이,115000,0,0
2018-09-11 오전 8:59:40,현대엘리베이,115000,0,0
2018-09-11 오전 8:59:40,현대엘리베이,115000,0,0
2018-09-11 오전 8:59:40,현대엘리베이,115000,0,0
2018-09-11 오전 8:59:40,현대엘리베이,115000,0,0
2018-09-11 오전 8:59:40,현대엘리베이,115000,0,0
2018-09-11 오전 8:59:41,현대엘리베이,115000,0,0
2018-09-11 오전 8:59:41,현대엘리베이,115000,0,0
2018-09-11 오전 8:59:42,현대엘리베이,115000,0,0
2018-09-11 오전 8:59:43,현대엘리베이,115000,0,0
2018-09-11 오전 8:59:43,현대엘리베이,115000,0,0
2018-09-11 오전 8:59:43,현대엘리베이,115000,0,0
2018-09-11 오전 8:59:44,현대엘리베이,115000,0,0
2018-09-11 오전 8:59:44,현대엘리베이,115000,0,0
2018-09-11 오전 8:59:44,현대엘리베이,115000,0,0
2018-09-11 오전 8:59:45,현대엘리베이,115000,0,0
2018-09-11 오전 8:59:45,현대엘리베이,115000,0,0
2018-09-11 오전 8:59:45,현대엘리베이,115000,0,0
2018-09-11 오전 8:59:45,현대엘리베이,115000,0,0
2018-09-11 오전 8:59:45,현대엘리베이,115000,0,0
2018-09-11 오전 8:59:46,현대엘리베이,115000,0,0
2018-09-11 오전 8:59:46,현대엘리베이,115000,0,0
2018-09-11 오전 8:59:46,현대엘리베이,115000,0,0
2018-09-11 오전 8:59:46,현대엘리베이,115000,0,0
2018-09-11 오전 8:59:46,현대엘리베이,115000,0,0
2018-09-11 오전 8:59:46,현대엘리베이,115000,0,0
2018-09-11 오전 8:59:46,현대엘리베이,115000,0,0
2018-09-11 오전 8:59:46,현대엘리베이,115000,0,0
2018-09-11 오전 8:59:46,현대엘리베이,115000,0,0
2018-09-11 오전 8:59:47,현대엘리베이,115000,0,0
2018-09-11 오전 8:59:47,현대엘리베이,115000,0,0
2018-09-11 오전 8:59:47,현대엘리베이,115000,0,0
2018-09-11 오전 8:59:47,현대엘리베이,115000,0,0
2018-09-11 오전 8:59:47,현대엘리베이,115000,0,0
2018-09-11 오전 8:59:47,현대엘리베이,115000,0,0
2018-09-11 오전 8:59:48,현대엘리베이,115000,0,0
2018-09-11 오전 8:59:48,현대엘리베이,115000,0,0
2018-09-11 오전 8:59:48,현대엘리베이,115000,0,0
2018-09-11 오전 8:59:48,현대엘리베이,115000,0,0
2018-09-11 오전 8:59:48,현대엘리베이,115000,0,0
2018-09-11 오전 8:59:48,현대엘리베이,115000,0,0
2018-09-11 오전 8:59:48,현대엘리베이,115000,0,0
2018-09-11 오전 8:59:48,현대엘리베이,115000,0,0
2018-09-11 오전 8:59:48,현대엘리베이,115000,0,0
2018-09-11 오전 8:59:48,현대엘리베이,115000,0,0
2018-09-11 오전 8:59:49,현대엘리베이,115000,0,0
2018-09-11 오전 8:59:49,현대엘리베이,115000,0,0
2018-09-11 오전 8:59:49,현대엘리베이,115000,0,0
2018-09-11 오전 8:59:49,현대엘리베이,115000,0,0
2018-09-11 오전 8:59:49,현대엘리베이,115000,0,0
2018-09-11 오전 8:59:49,현대엘리베이,115000,0,0
2018-09-11 오전 8:59:50,현대엘리베이,115000,0,0
2018-09-11 오전 8:59:50,현대엘리베이,115000,0,0
2018-09-11 오전 8:59:50,현대엘리베이,115000,0,0
2018-09-11 오전 8:59:50,현대엘리베이,115000,0,0
2018-09-11 오전 8:59:50,현대엘리베이,115000,0,0
2018-09-11 오전 8:59:51,현대엘리베이,115000,0,0
2018-09-11 오전 8:59:51,현대엘리베이,115000,0,0
2018-09-11 오전 8:59:52,현대엘리베이,115000,0,0
2018-09-11 오전 8:59:52,현대엘리베이,115000,0,0
2018-09-11 오전 8:59:52,현대엘리베이,115000,0,0
2018-09-11 오전 8:59:52,현대엘리베이,115000,0,0
2018-09-11 오전 8:59:52,현대엘리베이,114500,0,0
2018-09-11 오전 8:59:53,현대엘리베이,114500,0,0
2018-09-11 오전 8:59:53,현대엘리베이,114500,0,0
2018-09-11 오전 8:59:53,현대엘리베이,114500,0,0
2018-09-11 오전 8:59:53,현대엘리베이,114500,0,0
2018-09-11 오전 8:59:53,현대엘리베이,114500,0,0
2018-09-11 오전 8:59:53,현대엘리베이,114500,0,0
2018-09-11 오전 8:59:54,현대엘리베이,114500,0,0
2018-09-11 오전 8:59:54,현대엘리베이,114500,0,0
2018-09-11 오전 8:59:54,현대엘리베이,114500,0,0
2018-09-11 오전 8:59:55,현대엘리베이,114500,0,0
2018-09-11 오전 8:59:55,현대엘리베이,114500,0,0
2018-09-11 오전 8:59:55,현대엘리베이,114500,0,0
2018-09-11 오전 8:59:56,현대엘리베이,114500,0,0
2018-09-11 오전 8:59:56,현대엘리베이,114500,0,0
2018-09-11 오전 8:59:57,현대엘리베이,114500,0,0
2018-09-11 오전 8:59:58,현대엘리베이,114500,0,0
2018-09-11 오전 8:59:58,현대엘리베이,114500,0,0
