2018-09-11 오전 8:30:01,한국항공우주,49400,0,0
2018-09-11 오전 8:30:02,한국항공우주,49400,0,0
2018-09-11 오전 8:30:07,한국항공우주,49400,0,0
2018-09-11 오전 8:30:07,한국항공우주,49400,0,0
2018-09-11 오전 8:30:08,한국항공우주,49400,0,0
2018-09-11 오전 8:30:09,한국항공우주,49400,0,0
2018-09-11 오전 8:30:10,한국항공우주,49400,0,0
2018-09-11 오전 8:30:11,한국항공우주,49400,0,0
2018-09-11 오전 8:30:14,한국항공우주,49400,0,0
2018-09-11 오전 8:30:15,한국항공우주,49400,0,0
2018-09-11 오전 8:30:20,한국항공우주,49400,0,0
2018-09-11 오전 8:30:21,한국항공우주,49400,0,0
2018-09-11 오전 8:30:25,한국항공우주,49400,0,0
2018-09-11 오전 8:30:27,한국항공우주,49400,0,0
2018-09-11 오전 8:30:32,한국항공우주,49400,0,0
2018-09-11 오전 8:30:33,한국항공우주,49400,0,0
2018-09-11 오전 8:30:35,한국항공우주,49400,0,0
2018-09-11 오전 8:30:35,한국항공우주,49400,0,0
2018-09-11 오전 8:30:36,한국항공우주,49400,0,0
2018-09-11 오전 8:30:36,한국항공우주,49400,0,0
2018-09-11 오전 8:30:37,한국항공우주,49400,0,0
2018-09-11 오전 8:30:39,한국항공우주,49400,0,0
2018-09-11 오전 8:30:43,한국항공우주,49400,0,0
2018-09-11 오전 8:30:44,한국항공우주,49400,0,0
2018-09-11 오전 8:30:45,한국항공우주,49400,0,0
2018-09-11 오전 8:30:51,한국항공우주,49400,0,0
2018-09-11 오전 8:30:54,한국항공우주,49400,0,0
2018-09-11 오전 8:30:57,한국항공우주,49300,0,0
2018-09-11 오전 8:30:58,한국항공우주,49300,0,0
2018-09-11 오전 8:31:13,한국항공우주,49300,0,0
2018-09-11 오전 8:31:14,한국항공우주,49000,0,0
2018-09-11 오전 8:31:19,한국항공우주,49000,0,0
2018-09-11 오전 8:31:21,한국항공우주,49000,0,0
2018-09-11 오전 8:31:21,한국항공우주,49000,0,0
2018-09-11 오전 8:31:21,한국항공우주,49000,0,0
2018-09-11 오전 8:31:21,한국항공우주,48750,0,0
2018-09-11 오전 8:31:22,한국항공우주,48750,0,0
2018-09-11 오전 8:31:22,한국항공우주,48750,0,0
2018-09-11 오전 8:31:27,한국항공우주,48750,0,0
2018-09-11 오전 8:31:28,한국항공우주,48750,0,0
2018-09-11 오전 8:31:29,한국항공우주,48750,0,0
2018-09-11 오전 8:31:30,한국항공우주,48700,0,0
2018-09-11 오전 8:31:31,한국항공우주,48700,0,0
2018-09-11 오전 8:31:32,한국항공우주,48750,0,0
2018-09-11 오전 8:31:32,한국항공우주,49300,0,0
2018-09-11 오전 8:31:33,한국항공우주,49300,0,0
2018-09-11 오전 8:31:34,한국항공우주,49300,0,0
2018-09-11 오전 8:31:39,한국항공우주,49300,0,0
2018-09-11 오전 8:31:44,한국항공우주,49300,0,0
2018-09-11 오전 8:31:46,한국항공우주,49300,0,0
2018-09-11 오전 8:31:47,한국항공우주,49300,0,0
2018-09-11 오전 8:31:47,한국항공우주,49300,0,0
2018-09-11 오전 8:31:50,한국항공우주,49300,0,0
2018-09-11 오전 8:31:50,한국항공우주,49300,0,0
2018-09-11 오전 8:31:52,한국항공우주,49300,0,0
2018-09-11 오전 8:31:53,한국항공우주,49300,0,0
2018-09-11 오전 8:31:56,한국항공우주,49300,0,0
2018-09-11 오전 8:31:58,한국항공우주,49300,0,0
2018-09-11 오전 8:31:59,한국항공우주,49300,0,0
2018-09-11 오전 8:31:59,한국항공우주,49300,0,0
2018-09-11 오전 8:32:00,한국항공우주,49300,0,0
2018-09-11 오전 8:32:00,한국항공우주,49300,0,0
2018-09-11 오전 8:32:05,한국항공우주,49300,0,0
2018-09-11 오전 8:32:05,한국항공우주,49300,0,0
2018-09-11 오전 8:32:07,한국항공우주,49300,0,0
2018-09-11 오전 8:32:09,한국항공우주,49300,0,0
2018-09-11 오전 8:32:09,한국항공우주,49300,0,0
2018-09-11 오전 8:32:14,한국항공우주,49300,0,0
2018-09-11 오전 8:32:15,한국항공우주,49300,0,0
2018-09-11 오전 8:32:16,한국항공우주,49300,0,0
2018-09-11 오전 8:32:16,한국항공우주,49300,0,0
2018-09-11 오전 8:32:20,한국항공우주,49300,0,0
2018-09-11 오전 8:32:21,한국항공우주,49300,0,0
2018-09-11 오전 8:32:27,한국항공우주,49250,0,0
2018-09-11 오전 8:32:29,한국항공우주,49250,0,0
2018-09-11 오전 8:32:30,한국항공우주,49250,0,0
2018-09-11 오전 8:32:34,한국항공우주,49250,0,0
2018-09-11 오전 8:32:35,한국항공우주,49300,0,0
2018-09-11 오전 8:32:36,한국항공우주,49300,0,0
2018-09-11 오전 8:32:37,한국항공우주,49300,0,0
2018-09-11 오전 8:32:37,한국항공우주,49300,0,0
2018-09-11 오전 8:32:39,한국항공우주,49300,0,0
2018-09-11 오전 8:32:43,한국항공우주,49250,0,0
2018-09-11 오전 8:32:45,한국항공우주,49250,0,0
2018-09-11 오전 8:32:46,한국항공우주,49250,0,0
2018-09-11 오전 8:32:47,한국항공우주,49250,0,0
2018-09-11 오전 8:32:50,한국항공우주,49250,0,0
2018-09-11 오전 8:32:50,한국항공우주,49000,0,0
2018-09-11 오전 8:32:55,한국항공우주,49000,0,0
2018-09-11 오전 8:32:55,한국항공우주,49000,0,0
2018-09-11 오전 8:32:56,한국항공우주,49000,0,0
2018-09-11 오전 8:32:56,한국항공우주,49000,0,0
2018-09-11 오전 8:33:01,한국항공우주,49000,0,0
2018-09-11 오전 8:33:01,한국항공우주,49000,0,0
2018-09-11 오전 8:33:03,한국항공우주,49000,0,0
2018-09-11 오전 8:33:10,한국항공우주,49000,0,0
2018-09-11 오전 8:33:10,한국항공우주,49000,0,0
2018-09-11 오전 8:33:10,한국항공우주,49000,0,0
2018-09-11 오전 8:33:10,한국항공우주,49000,0,0
2018-09-11 오전 8:33:11,한국항공우주,49000,0,0
2018-09-11 오전 8:33:11,한국항공우주,49000,0,0
2018-09-11 오전 8:33:16,한국항공우주,49000,0,0
2018-09-11 오전 8:33:16,한국항공우주,49000,0,0
2018-09-11 오전 8:33:17,한국항공우주,49300,0,0
2018-09-11 오전 8:33:24,한국항공우주,49300,0,0
2018-09-11 오전 8:33:26,한국항공우주,49300,0,0
2018-09-11 오전 8:33:27,한국항공우주,49300,0,0
2018-09-11 오전 8:33:27,한국항공우주,49300,0,0
2018-09-11 오전 8:33:30,한국항공우주,49300,0,0
2018-09-11 오전 8:33:30,한국항공우주,49300,0,0
2018-09-11 오전 8:33:30,한국항공우주,49300,0,0
2018-09-11 오전 8:33:32,한국항공우주,49300,0,0
2018-09-11 오전 8:33:33,한국항공우주,49300,0,0
2018-09-11 오전 8:33:35,한국항공우주,49300,0,0
2018-09-11 오전 8:33:36,한국항공우주,49300,0,0
2018-09-11 오전 8:33:37,한국항공우주,49300,0,0
2018-09-11 오전 8:33:37,한국항공우주,49300,0,0
2018-09-11 오전 8:33:40,한국항공우주,49300,0,0
2018-09-11 오전 8:33:41,한국항공우주,49300,0,0
2018-09-11 오전 8:33:47,한국항공우주,49300,0,0
2018-09-11 오전 8:33:48,한국항공우주,49300,0,0
2018-09-11 오전 8:34:00,한국항공우주,49300,0,0
2018-09-11 오전 8:34:00,한국항공우주,49300,0,0
2018-09-11 오전 8:34:04,한국항공우주,49300,0,0
2018-09-11 오전 8:34:05,한국항공우주,49300,0,0
2018-09-11 오전 8:34:06,한국항공우주,49300,0,0
2018-09-11 오전 8:34:09,한국항공우주,49300,0,0
2018-09-11 오전 8:34:11,한국항공우주,49300,0,0
2018-09-11 오전 8:34:12,한국항공우주,49300,0,0
2018-09-11 오전 8:34:12,한국항공우주,49300,0,0
2018-09-11 오전 8:34:15,한국항공우주,49300,0,0
2018-09-11 오전 8:34:16,한국항공우주,49300,0,0
2018-09-11 오전 8:34:16,한국항공우주,49300,0,0
2018-09-11 오전 8:34:18,한국항공우주,49300,0,0
2018-09-11 오전 8:34:19,한국항공우주,49300,0,0
2018-09-11 오전 8:34:20,한국항공우주,49300,0,0
2018-09-11 오전 8:34:21,한국항공우주,49300,0,0
2018-09-11 오전 8:34:22,한국항공우주,49300,0,0
2018-09-11 오전 8:34:24,한국항공우주,49300,0,0
2018-09-11 오전 8:34:24,한국항공우주,49300,0,0
2018-09-11 오전 8:34:25,한국항공우주,49300,0,0
2018-09-11 오전 8:34:26,한국항공우주,49300,0,0
2018-09-11 오전 8:34:26,한국항공우주,49300,0,0
2018-09-11 오전 8:34:28,한국항공우주,49300,0,0
2018-09-11 오전 8:34:29,한국항공우주,49300,0,0
2018-09-11 오전 8:34:32,한국항공우주,49300,0,0
2018-09-11 오전 8:34:34,한국항공우주,49300,0,0
2018-09-11 오전 8:34:36,한국항공우주,49300,0,0
2018-09-11 오전 8:34:36,한국항공우주,49300,0,0
2018-09-11 오전 8:34:36,한국항공우주,49300,0,0
2018-09-11 오전 8:34:38,한국항공우주,49300,0,0
2018-09-11 오전 8:34:41,한국항공우주,49300,0,0
2018-09-11 오전 8:34:42,한국항공우주,49300,0,0
2018-09-11 오전 8:34:43,한국항공우주,49300,0,0
2018-09-11 오전 8:34:43,한국항공우주,49300,0,0
2018-09-11 오전 8:34:46,한국항공우주,49300,0,0
2018-09-11 오전 8:34:47,한국항공우주,49300,0,0
2018-09-11 오전 8:34:47,한국항공우주,49300,0,0
2018-09-11 오전 8:34:48,한국항공우주,49300,0,0
2018-09-11 오전 8:34:49,한국항공우주,49300,0,0
2018-09-11 오전 8:34:50,한국항공우주,49300,0,0
2018-09-11 오전 8:34:51,한국항공우주,45950,0,0
2018-09-11 오전 8:34:54,한국항공우주,45900,0,0
2018-09-11 오전 8:34:55,한국항공우주,45900,0,0
2018-09-11 오전 8:34:56,한국항공우주,45900,0,0
2018-09-11 오전 8:34:59,한국항공우주,45900,0,0
2018-09-11 오전 8:34:59,한국항공우주,45900,0,0
2018-09-11 오전 8:35:00,한국항공우주,45900,0,0
2018-09-11 오전 8:35:01,한국항공우주,45900,0,0
2018-09-11 오전 8:35:03,한국항공우주,45900,0,0
2018-09-11 오전 8:35:03,한국항공우주,45900,0,0
2018-09-11 오전 8:35:04,한국항공우주,45900,0,0
2018-09-11 오전 8:35:04,한국항공우주,45900,0,0
2018-09-11 오전 8:35:10,한국항공우주,45900,0,0
2018-09-11 오전 8:35:11,한국항공우주,45900,0,0
2018-09-11 오전 8:35:11,한국항공우주,45900,0,0
2018-09-11 오전 8:35:11,한국항공우주,45900,0,0
2018-09-11 오전 8:35:11,한국항공우주,45900,0,0
2018-09-11 오전 8:35:16,한국항공우주,45000,0,0
2018-09-11 오전 8:35:23,한국항공우주,44850,0,0
2018-09-11 오전 8:35:25,한국항공우주,44850,0,0
2018-09-11 오전 8:35:26,한국항공우주,44850,0,0
2018-09-11 오전 8:35:28,한국항공우주,44850,0,0
2018-09-11 오전 8:35:29,한국항공우주,44850,0,0
2018-09-11 오전 8:35:36,한국항공우주,44850,0,0
2018-09-11 오전 8:35:36,한국항공우주,44850,0,0
2018-09-11 오전 8:35:40,한국항공우주,44900,0,0
2018-09-11 오전 8:35:40,한국항공우주,44900,0,0
2018-09-11 오전 8:35:44,한국항공우주,44900,0,0
2018-09-11 오전 8:35:44,한국항공우주,44900,0,0
2018-09-11 오전 8:35:45,한국항공우주,44950,0,0
2018-09-11 오전 8:35:45,한국항공우주,44950,0,0
2018-09-11 오전 8:35:45,한국항공우주,44950,0,0
2018-09-11 오전 8:35:48,한국항공우주,44950,0,0
2018-09-11 오전 8:35:49,한국항공우주,44950,0,0
2018-09-11 오전 8:35:50,한국항공우주,44950,0,0
2018-09-11 오전 8:35:53,한국항공우주,44950,0,0
2018-09-11 오전 8:35:53,한국항공우주,44950,0,0
2018-09-11 오전 8:35:56,한국항공우주,44900,0,0
2018-09-11 오전 8:35:56,한국항공우주,44900,0,0
2018-09-11 오전 8:35:57,한국항공우주,45000,0,0
2018-09-11 오전 8:35:57,한국항공우주,45000,0,0
2018-09-11 오전 8:36:07,한국항공우주,45000,0,0
2018-09-11 오전 8:36:08,한국항공우주,45000,0,0
2018-09-11 오전 8:36:14,한국항공우주,45000,0,0
2018-09-11 오전 8:36:15,한국항공우주,45000,0,0
2018-09-11 오전 8:36:19,한국항공우주,45000,0,0
2018-09-11 오전 8:36:22,한국항공우주,45000,0,0
2018-09-11 오전 8:36:23,한국항공우주,45000,0,0
2018-09-11 오전 8:36:27,한국항공우주,45000,0,0
2018-09-11 오전 8:36:27,한국항공우주,45000,0,0
2018-09-11 오전 8:36:28,한국항공우주,45000,0,0
2018-09-11 오전 8:36:30,한국항공우주,45000,0,0
2018-09-11 오전 8:36:36,한국항공우주,45000,0,0
2018-09-11 오전 8:36:36,한국항공우주,45000,0,0
2018-09-11 오전 8:36:44,한국항공우주,45000,0,0
2018-09-11 오전 8:36:46,한국항공우주,44850,0,0
2018-09-11 오전 8:37:01,한국항공우주,44850,0,0
2018-09-11 오전 8:37:01,한국항공우주,44850,0,0
2018-09-11 오전 8:37:02,한국항공우주,44850,0,0
2018-09-11 오전 8:37:03,한국항공우주,44850,0,0
2018-09-11 오전 8:37:05,한국항공우주,44850,0,0
2018-09-11 오전 8:37:05,한국항공우주,44850,0,0
2018-09-11 오전 8:37:08,한국항공우주,44850,0,0
2018-09-11 오전 8:37:09,한국항공우주,44850,0,0
2018-09-11 오전 8:37:10,한국항공우주,44850,0,0
2018-09-11 오전 8:37:11,한국항공우주,44850,0,0
2018-09-11 오전 8:37:16,한국항공우주,44850,0,0
2018-09-11 오전 8:37:17,한국항공우주,44850,0,0
2018-09-11 오전 8:37:17,한국항공우주,44850,0,0
2018-09-11 오전 8:37:18,한국항공우주,44850,0,0
2018-09-11 오전 8:37:18,한국항공우주,44850,0,0
2018-09-11 오전 8:37:20,한국항공우주,44850,0,0
2018-09-11 오전 8:37:21,한국항공우주,44850,0,0
2018-09-11 오전 8:37:22,한국항공우주,44850,0,0
2018-09-11 오전 8:37:23,한국항공우주,44850,0,0
2018-09-11 오전 8:37:30,한국항공우주,44850,0,0
2018-09-11 오전 8:37:30,한국항공우주,44850,0,0
2018-09-11 오전 8:37:31,한국항공우주,44850,0,0
2018-09-11 오전 8:37:35,한국항공우주,44850,0,0
2018-09-11 오전 8:37:35,한국항공우주,44850,0,0
2018-09-11 오전 8:37:37,한국항공우주,44850,0,0
2018-09-11 오전 8:37:38,한국항공우주,44850,0,0
2018-09-11 오전 8:37:39,한국항공우주,44850,0,0
2018-09-11 오전 8:37:39,한국항공우주,44850,0,0
2018-09-11 오전 8:37:40,한국항공우주,44850,0,0
2018-09-11 오전 8:37:42,한국항공우주,44850,0,0
2018-09-11 오전 8:37:42,한국항공우주,44850,0,0
2018-09-11 오전 8:37:44,한국항공우주,44850,0,0
2018-09-11 오전 8:37:47,한국항공우주,44850,0,0
2018-09-11 오전 8:37:47,한국항공우주,44850,0,0
2018-09-11 오전 8:37:49,한국항공우주,44850,0,0
2018-09-11 오전 8:37:49,한국항공우주,44850,0,0
2018-09-11 오전 8:37:49,한국항공우주,44850,0,0
2018-09-11 오전 8:37:51,한국항공우주,44850,0,0
2018-09-11 오전 8:37:54,한국항공우주,44850,0,0
2018-09-11 오전 8:37:55,한국항공우주,44850,0,0
2018-09-11 오전 8:37:55,한국항공우주,44850,0,0
2018-09-11 오전 8:38:00,한국항공우주,44850,0,0
2018-09-11 오전 8:38:01,한국항공우주,44850,0,0
2018-09-11 오전 8:38:02,한국항공우주,44850,0,0
2018-09-11 오전 8:38:16,한국항공우주,44850,0,0
2018-09-11 오전 8:38:17,한국항공우주,44850,0,0
2018-09-11 오전 8:38:19,한국항공우주,44850,0,0
2018-09-11 오전 8:38:21,한국항공우주,44850,0,0
2018-09-11 오전 8:38:27,한국항공우주,44850,0,0
2018-09-11 오전 8:38:28,한국항공우주,44850,0,0
2018-09-11 오전 8:38:35,한국항공우주,44850,0,0
2018-09-11 오전 8:38:35,한국항공우주,44850,0,0
2018-09-11 오전 8:38:40,한국항공우주,44850,0,0
2018-09-11 오전 8:38:42,한국항공우주,44850,0,0
2018-09-11 오전 8:38:47,한국항공우주,44850,0,0
2018-09-11 오전 8:38:47,한국항공우주,44850,0,0
2018-09-11 오전 8:38:47,한국항공우주,44850,0,0
2018-09-11 오전 8:38:49,한국항공우주,44850,0,0
2018-09-11 오전 8:38:51,한국항공우주,44850,0,0
2018-09-11 오전 8:38:51,한국항공우주,44850,0,0
2018-09-11 오전 8:38:52,한국항공우주,44850,0,0
2018-09-11 오전 8:38:52,한국항공우주,44850,0,0
2018-09-11 오전 8:38:59,한국항공우주,44850,0,0
2018-09-11 오전 8:39:02,한국항공우주,44850,0,0
2018-09-11 오전 8:39:04,한국항공우주,44850,0,0
2018-09-11 오전 8:39:06,한국항공우주,44850,0,0
2018-09-11 오전 8:39:07,한국항공우주,44850,0,0
2018-09-11 오전 8:39:07,한국항공우주,44850,0,0
2018-09-11 오전 8:39:10,한국항공우주,44850,0,0
2018-09-11 오전 8:39:14,한국항공우주,44850,0,0
2018-09-11 오전 8:39:15,한국항공우주,44850,0,0
2018-09-11 오전 8:39:30,한국항공우주,44850,0,0
2018-09-11 오전 8:39:31,한국항공우주,44850,0,0
2018-09-11 오전 8:39:32,한국항공우주,44850,0,0
2018-09-11 오전 8:39:37,한국항공우주,44900,0,0
2018-09-11 오전 8:39:39,한국항공우주,44900,0,0
2018-09-11 오전 8:39:41,한국항공우주,44900,0,0
2018-09-11 오전 8:39:45,한국항공우주,44900,0,0
2018-09-11 오전 8:39:53,한국항공우주,44900,0,0
2018-09-11 오전 8:40:01,한국항공우주,44900,0,0
2018-09-11 오전 8:40:04,한국항공우주,44900,0,0
2018-09-11 오전 8:40:07,한국항공우주,44900,0,0
2018-09-11 오전 8:40:08,한국항공우주,44900,0,0
2018-09-11 오전 8:40:10,한국항공우주,44900,0,0
2018-09-11 오전 8:40:12,한국항공우주,44900,0,0
2018-09-11 오전 8:40:15,한국항공우주,44900,0,0
2018-09-11 오전 8:40:16,한국항공우주,44900,0,0
2018-09-11 오전 8:40:18,한국항공우주,44900,0,0
2018-09-11 오전 8:40:21,한국항공우주,44900,0,0
2018-09-11 오전 8:40:34,한국항공우주,44900,0,0
2018-09-11 오전 8:40:35,한국항공우주,44900,0,0
2018-09-11 오전 8:40:36,한국항공우주,44900,0,0
2018-09-11 오전 8:40:42,한국항공우주,44900,0,0
2018-09-11 오전 8:40:43,한국항공우주,44900,0,0
2018-09-11 오전 8:40:50,한국항공우주,44900,0,0
2018-09-11 오전 8:40:52,한국항공우주,44900,0,0
2018-09-11 오전 8:40:54,한국항공우주,44900,0,0
2018-09-11 오전 8:40:55,한국항공우주,44900,0,0
2018-09-11 오전 8:40:58,한국항공우주,44900,0,0
2018-09-11 오전 8:40:58,한국항공우주,44900,0,0
2018-09-11 오전 8:41:08,한국항공우주,44900,0,0
2018-09-11 오전 8:41:10,한국항공우주,44900,0,0
2018-09-11 오전 8:41:10,한국항공우주,44900,0,0
2018-09-11 오전 8:41:11,한국항공우주,44900,0,0
2018-09-11 오전 8:41:12,한국항공우주,44900,0,0
2018-09-11 오전 8:41:13,한국항공우주,44900,0,0
2018-09-11 오전 8:41:22,한국항공우주,44900,0,0
2018-09-11 오전 8:41:26,한국항공우주,44900,0,0
2018-09-11 오전 8:41:29,한국항공우주,44900,0,0
2018-09-11 오전 8:41:31,한국항공우주,44900,0,0
2018-09-11 오전 8:41:32,한국항공우주,44900,0,0
2018-09-11 오전 8:41:32,한국항공우주,44900,0,0
2018-09-11 오전 8:41:35,한국항공우주,44900,0,0
2018-09-11 오전 8:41:39,한국항공우주,44900,0,0
2018-09-11 오전 8:41:42,한국항공우주,44900,0,0
2018-09-11 오전 8:41:43,한국항공우주,44900,0,0
2018-09-11 오전 8:41:46,한국항공우주,44900,0,0
2018-09-11 오전 8:41:49,한국항공우주,44900,0,0
2018-09-11 오전 8:41:53,한국항공우주,44900,0,0
2018-09-11 오전 8:41:58,한국항공우주,44900,0,0
2018-09-11 오전 8:41:59,한국항공우주,44900,0,0
2018-09-11 오전 8:42:00,한국항공우주,44900,0,0
2018-09-11 오전 8:42:06,한국항공우주,44900,0,0
2018-09-11 오전 8:42:11,한국항공우주,44900,0,0
2018-09-11 오전 8:42:13,한국항공우주,44900,0,0
2018-09-11 오전 8:42:15,한국항공우주,44900,0,0
2018-09-11 오전 8:42:16,한국항공우주,44900,0,0
2018-09-11 오전 8:42:19,한국항공우주,44900,0,0
2018-09-11 오전 8:42:22,한국항공우주,44900,0,0
2018-09-11 오전 8:42:25,한국항공우주,44900,0,0
2018-09-11 오전 8:42:32,한국항공우주,44900,0,0
2018-09-11 오전 8:42:35,한국항공우주,44900,0,0
2018-09-11 오전 8:42:43,한국항공우주,44900,0,0
2018-09-11 오전 8:42:43,한국항공우주,44900,0,0
2018-09-11 오전 8:42:44,한국항공우주,44900,0,0
2018-09-11 오전 8:42:53,한국항공우주,44900,0,0
2018-09-11 오전 8:42:54,한국항공우주,44900,0,0
2018-09-11 오전 8:42:56,한국항공우주,44900,0,0
2018-09-11 오전 8:43:11,한국항공우주,44900,0,0
2018-09-11 오전 8:43:13,한국항공우주,44900,0,0
2018-09-11 오전 8:43:13,한국항공우주,44900,0,0
2018-09-11 오전 8:43:14,한국항공우주,44900,0,0
2018-09-11 오전 8:43:16,한국항공우주,44900,0,0
2018-09-11 오전 8:43:19,한국항공우주,44900,0,0
2018-09-11 오전 8:43:20,한국항공우주,44900,0,0
2018-09-11 오전 8:43:26,한국항공우주,44900,0,0
2018-09-11 오전 8:43:27,한국항공우주,44900,0,0
2018-09-11 오전 8:43:45,한국항공우주,44900,0,0
2018-09-11 오전 8:43:45,한국항공우주,44900,0,0
2018-09-11 오전 8:43:47,한국항공우주,44900,0,0
2018-09-11 오전 8:43:47,한국항공우주,44900,0,0
2018-09-11 오전 8:43:49,한국항공우주,44900,0,0
2018-09-11 오전 8:43:49,한국항공우주,44900,0,0
2018-09-11 오전 8:43:50,한국항공우주,44900,0,0
2018-09-11 오전 8:44:03,한국항공우주,44900,0,0
2018-09-11 오전 8:44:07,한국항공우주,44900,0,0
2018-09-11 오전 8:44:08,한국항공우주,44900,0,0
2018-09-11 오전 8:44:09,한국항공우주,44900,0,0
2018-09-11 오전 8:44:10,한국항공우주,44900,0,0
2018-09-11 오전 8:44:11,한국항공우주,44900,0,0
2018-09-11 오전 8:44:15,한국항공우주,44900,0,0
2018-09-11 오전 8:44:15,한국항공우주,44900,0,0
2018-09-11 오전 8:44:17,한국항공우주,44900,0,0
2018-09-11 오전 8:44:19,한국항공우주,44900,0,0
2018-09-11 오전 8:44:22,한국항공우주,44900,0,0
2018-09-11 오전 8:44:24,한국항공우주,44900,0,0
2018-09-11 오전 8:44:27,한국항공우주,44900,0,0
2018-09-11 오전 8:44:30,한국항공우주,44900,0,0
2018-09-11 오전 8:44:38,한국항공우주,44900,0,0
2018-09-11 오전 8:44:40,한국항공우주,44900,0,0
2018-09-11 오전 8:44:43,한국항공우주,44900,0,0
2018-09-11 오전 8:44:44,한국항공우주,44900,0,0
2018-09-11 오전 8:44:53,한국항공우주,44900,0,0
2018-09-11 오전 8:44:57,한국항공우주,44900,0,0
2018-09-11 오전 8:45:20,한국항공우주,44900,0,0
2018-09-11 오전 8:45:21,한국항공우주,44900,0,0
2018-09-11 오전 8:45:26,한국항공우주,44900,0,0
2018-09-11 오전 8:45:27,한국항공우주,44900,0,0
2018-09-11 오전 8:45:28,한국항공우주,44900,0,0
2018-09-11 오전 8:45:28,한국항공우주,44900,0,0
2018-09-11 오전 8:45:43,한국항공우주,44900,0,0
2018-09-11 오전 8:45:43,한국항공우주,44900,0,0
2018-09-11 오전 8:45:43,한국항공우주,44900,0,0
2018-09-11 오전 8:45:48,한국항공우주,44900,0,0
2018-09-11 오전 8:45:48,한국항공우주,44900,0,0
2018-09-11 오전 8:45:48,한국항공우주,44900,0,0
2018-09-11 오전 8:46:08,한국항공우주,44900,0,0
2018-09-11 오전 8:46:10,한국항공우주,44900,0,0
2018-09-11 오전 8:46:13,한국항공우주,44900,0,0
2018-09-11 오전 8:46:14,한국항공우주,44900,0,0
2018-09-11 오전 8:46:20,한국항공우주,44900,0,0
2018-09-11 오전 8:46:20,한국항공우주,44900,0,0
2018-09-11 오전 8:46:27,한국항공우주,44900,0,0
2018-09-11 오전 8:46:28,한국항공우주,44900,0,0
2018-09-11 오전 8:46:28,한국항공우주,44900,0,0
2018-09-11 오전 8:46:30,한국항공우주,44900,0,0
2018-09-11 오전 8:46:30,한국항공우주,44900,0,0
2018-09-11 오전 8:46:30,한국항공우주,44900,0,0
2018-09-11 오전 8:46:32,한국항공우주,44900,0,0
2018-09-11 오전 8:46:32,한국항공우주,44900,0,0
2018-09-11 오전 8:46:36,한국항공우주,44900,0,0
2018-09-11 오전 8:46:37,한국항공우주,44900,0,0
2018-09-11 오전 8:47:06,한국항공우주,44900,0,0
2018-09-11 오전 8:47:09,한국항공우주,44900,0,0
2018-09-11 오전 8:47:09,한국항공우주,44900,0,0
2018-09-11 오전 8:47:29,한국항공우주,44900,0,0
2018-09-11 오전 8:47:31,한국항공우주,44900,0,0
2018-09-11 오전 8:47:32,한국항공우주,44900,0,0
2018-09-11 오전 8:47:32,한국항공우주,44900,0,0
2018-09-11 오전 8:47:35,한국항공우주,44900,0,0
2018-09-11 오전 8:47:36,한국항공우주,44900,0,0
2018-09-11 오전 8:47:42,한국항공우주,44900,0,0
2018-09-11 오전 8:47:42,한국항공우주,44900,0,0
2018-09-11 오전 8:47:45,한국항공우주,44900,0,0
2018-09-11 오전 8:47:45,한국항공우주,44900,0,0
2018-09-11 오전 8:47:48,한국항공우주,44900,0,0
2018-09-11 오전 8:47:49,한국항공우주,44900,0,0
2018-09-11 오전 8:47:51,한국항공우주,44900,0,0
2018-09-11 오전 8:47:52,한국항공우주,44900,0,0
2018-09-11 오전 8:47:58,한국항공우주,44900,0,0
2018-09-11 오전 8:47:59,한국항공우주,44900,0,0
2018-09-11 오전 8:48:05,한국항공우주,44900,0,0
2018-09-11 오전 8:48:05,한국항공우주,44900,0,0
2018-09-11 오전 8:48:05,한국항공우주,45000,0,0
2018-09-11 오전 8:48:05,한국항공우주,45000,0,0
2018-09-11 오전 8:48:22,한국항공우주,45000,0,0
2018-09-11 오전 8:48:23,한국항공우주,45000,0,0
2018-09-11 오전 8:48:24,한국항공우주,45000,0,0
2018-09-11 오전 8:48:28,한국항공우주,45000,0,0
2018-09-11 오전 8:48:29,한국항공우주,45000,0,0
2018-09-11 오전 8:48:29,한국항공우주,45000,0,0
2018-09-11 오전 8:48:30,한국항공우주,45000,0,0
2018-09-11 오전 8:48:30,한국항공우주,45000,0,0
2018-09-11 오전 8:48:31,한국항공우주,45000,0,0
2018-09-11 오전 8:48:35,한국항공우주,45000,0,0
2018-09-11 오전 8:48:36,한국항공우주,45000,0,0
2018-09-11 오전 8:48:40,한국항공우주,45000,0,0
2018-09-11 오전 8:48:41,한국항공우주,45000,0,0
2018-09-11 오전 8:48:42,한국항공우주,45000,0,0
2018-09-11 오전 8:48:42,한국항공우주,45000,0,0
2018-09-11 오전 8:48:42,한국항공우주,45000,0,0
2018-09-11 오전 8:48:43,한국항공우주,45000,0,0
2018-09-11 오전 8:48:46,한국항공우주,45000,0,0
2018-09-11 오전 8:48:46,한국항공우주,45000,0,0
2018-09-11 오전 8:48:47,한국항공우주,45000,0,0
2018-09-11 오전 8:48:52,한국항공우주,45000,0,0
2018-09-11 오전 8:48:53,한국항공우주,45000,0,0
2018-09-11 오전 8:48:55,한국항공우주,45000,0,0
2018-09-11 오전 8:48:59,한국항공우주,45000,0,0
2018-09-11 오전 8:49:00,한국항공우주,45000,0,0
2018-09-11 오전 8:49:15,한국항공우주,45000,0,0
2018-09-11 오전 8:49:15,한국항공우주,45000,0,0
2018-09-11 오전 8:49:27,한국항공우주,45000,0,0
2018-09-11 오전 8:49:27,한국항공우주,45000,0,0
2018-09-11 오전 8:49:35,한국항공우주,45000,0,0
2018-09-11 오전 8:49:35,한국항공우주,45000,0,0
2018-09-11 오전 8:49:38,한국항공우주,45000,0,0
2018-09-11 오전 8:49:39,한국항공우주,45000,0,0
2018-09-11 오전 8:49:44,한국항공우주,45000,0,0
2018-09-11 오전 8:49:44,한국항공우주,45000,0,0
2018-09-11 오전 8:49:45,한국항공우주,45000,0,0
2018-09-11 오전 8:49:47,한국항공우주,45000,0,0
2018-09-11 오전 8:49:47,한국항공우주,45000,0,0
2018-09-11 오전 8:49:48,한국항공우주,45000,0,0
2018-09-11 오전 8:49:48,한국항공우주,45000,0,0
2018-09-11 오전 8:49:53,한국항공우주,45000,0,0
2018-09-11 오전 8:49:53,한국항공우주,45000,0,0
2018-09-11 오전 8:49:54,한국항공우주,45000,0,0
2018-09-11 오전 8:49:54,한국항공우주,45000,0,0
2018-09-11 오전 8:49:55,한국항공우주,45000,0,0
2018-09-11 오전 8:49:59,한국항공우주,45000,0,0
2018-09-11 오전 8:50:03,한국항공우주,45000,0,0
2018-09-11 오전 8:50:03,한국항공우주,45000,0,0
2018-09-11 오전 8:50:06,한국항공우주,45000,0,0
2018-09-11 오전 8:50:06,한국항공우주,45000,0,0
2018-09-11 오전 8:50:11,한국항공우주,45000,0,0
2018-09-11 오전 8:50:12,한국항공우주,45000,0,0
2018-09-11 오전 8:50:13,한국항공우주,45000,0,0
2018-09-11 오전 8:50:14,한국항공우주,45000,0,0
2018-09-11 오전 8:50:14,한국항공우주,45000,0,0
2018-09-11 오전 8:50:18,한국항공우주,45000,0,0
2018-09-11 오전 8:50:19,한국항공우주,45000,0,0
2018-09-11 오전 8:50:20,한국항공우주,45000,0,0
2018-09-11 오전 8:50:22,한국항공우주,45000,0,0
2018-09-11 오전 8:50:24,한국항공우주,45000,0,0
2018-09-11 오전 8:50:24,한국항공우주,45000,0,0
2018-09-11 오전 8:50:28,한국항공우주,45000,0,0
2018-09-11 오전 8:50:32,한국항공우주,45000,0,0
2018-09-11 오전 8:50:47,한국항공우주,45000,0,0
2018-09-11 오전 8:50:48,한국항공우주,45000,0,0
2018-09-11 오전 8:50:57,한국항공우주,45000,0,0
2018-09-11 오전 8:50:58,한국항공우주,45000,0,0
2018-09-11 오전 8:51:00,한국항공우주,45000,0,0
2018-09-11 오전 8:51:01,한국항공우주,45000,0,0
2018-09-11 오전 8:51:02,한국항공우주,45000,0,0
2018-09-11 오전 8:51:02,한국항공우주,45000,0,0
2018-09-11 오전 8:51:10,한국항공우주,45000,0,0
2018-09-11 오전 8:51:11,한국항공우주,45000,0,0
2018-09-11 오전 8:51:12,한국항공우주,45000,0,0
2018-09-11 오전 8:51:13,한국항공우주,45000,0,0
2018-09-11 오전 8:51:13,한국항공우주,45000,0,0
2018-09-11 오전 8:51:15,한국항공우주,45000,0,0
2018-09-11 오전 8:51:16,한국항공우주,45000,0,0
2018-09-11 오전 8:51:17,한국항공우주,45000,0,0
2018-09-11 오전 8:51:22,한국항공우주,45000,0,0
2018-09-11 오전 8:51:23,한국항공우주,45000,0,0
2018-09-11 오전 8:51:23,한국항공우주,45000,0,0
2018-09-11 오전 8:51:25,한국항공우주,45000,0,0
2018-09-11 오전 8:51:25,한국항공우주,45000,0,0
2018-09-11 오전 8:51:35,한국항공우주,45000,0,0
2018-09-11 오전 8:51:35,한국항공우주,45000,0,0
2018-09-11 오전 8:51:38,한국항공우주,45000,0,0
2018-09-11 오전 8:51:41,한국항공우주,45000,0,0
2018-09-11 오전 8:51:42,한국항공우주,45000,0,0
2018-09-11 오전 8:51:43,한국항공우주,45000,0,0
2018-09-11 오전 8:51:45,한국항공우주,45000,0,0
2018-09-11 오전 8:51:45,한국항공우주,45000,0,0
2018-09-11 오전 8:51:48,한국항공우주,45000,0,0
2018-09-11 오전 8:51:50,한국항공우주,45000,0,0
2018-09-11 오전 8:51:51,한국항공우주,45000,0,0
2018-09-11 오전 8:51:53,한국항공우주,45000,0,0
2018-09-11 오전 8:51:53,한국항공우주,45000,0,0
2018-09-11 오전 8:51:53,한국항공우주,45000,0,0
2018-09-11 오전 8:51:54,한국항공우주,45000,0,0
2018-09-11 오전 8:51:55,한국항공우주,45000,0,0
2018-09-11 오전 8:51:56,한국항공우주,45000,0,0
2018-09-11 오전 8:51:59,한국항공우주,45000,0,0
2018-09-11 오전 8:52:00,한국항공우주,45000,0,0
2018-09-11 오전 8:52:00,한국항공우주,45000,0,0
2018-09-11 오전 8:52:11,한국항공우주,45000,0,0
2018-09-11 오전 8:52:11,한국항공우주,45000,0,0
2018-09-11 오전 8:52:11,한국항공우주,45000,0,0
2018-09-11 오전 8:52:12,한국항공우주,45000,0,0
2018-09-11 오전 8:52:18,한국항공우주,45000,0,0
2018-09-11 오전 8:52:18,한국항공우주,45000,0,0
2018-09-11 오전 8:52:29,한국항공우주,45000,0,0
2018-09-11 오전 8:52:29,한국항공우주,45000,0,0
2018-09-11 오전 8:52:35,한국항공우주,45000,0,0
2018-09-11 오전 8:52:36,한국항공우주,45000,0,0
2018-09-11 오전 8:52:37,한국항공우주,45000,0,0
2018-09-11 오전 8:52:37,한국항공우주,45000,0,0
2018-09-11 오전 8:52:40,한국항공우주,45000,0,0
2018-09-11 오전 8:52:41,한국항공우주,45000,0,0
2018-09-11 오전 8:52:41,한국항공우주,45000,0,0
2018-09-11 오전 8:52:47,한국항공우주,45000,0,0
2018-09-11 오전 8:52:47,한국항공우주,45000,0,0
2018-09-11 오전 8:52:47,한국항공우주,45000,0,0
2018-09-11 오전 8:52:48,한국항공우주,45000,0,0
2018-09-11 오전 8:52:49,한국항공우주,45000,0,0
2018-09-11 오전 8:52:52,한국항공우주,45000,0,0
2018-09-11 오전 8:53:06,한국항공우주,45000,0,0
2018-09-11 오전 8:53:07,한국항공우주,45000,0,0
2018-09-11 오전 8:53:09,한국항공우주,45000,0,0
2018-09-11 오전 8:53:10,한국항공우주,45000,0,0
2018-09-11 오전 8:53:13,한국항공우주,45000,0,0
2018-09-11 오전 8:53:19,한국항공우주,45000,0,0
2018-09-11 오전 8:53:19,한국항공우주,45000,0,0
2018-09-11 오전 8:53:23,한국항공우주,45000,0,0
2018-09-11 오전 8:53:26,한국항공우주,45000,0,0
2018-09-11 오전 8:53:31,한국항공우주,45000,0,0
2018-09-11 오전 8:53:33,한국항공우주,45000,0,0
2018-09-11 오전 8:53:38,한국항공우주,45000,0,0
2018-09-11 오전 8:53:39,한국항공우주,45000,0,0
2018-09-11 오전 8:53:40,한국항공우주,45000,0,0
2018-09-11 오전 8:53:47,한국항공우주,45000,0,0
2018-09-11 오전 8:53:47,한국항공우주,45000,0,0
2018-09-11 오전 8:53:54,한국항공우주,45000,0,0
2018-09-11 오전 8:53:55,한국항공우주,45000,0,0
2018-09-11 오전 8:53:58,한국항공우주,45000,0,0
2018-09-11 오전 8:53:58,한국항공우주,45000,0,0
2018-09-11 오전 8:53:58,한국항공우주,45000,0,0
2018-09-11 오전 8:53:59,한국항공우주,45000,0,0
2018-09-11 오전 8:53:59,한국항공우주,45000,0,0
2018-09-11 오전 8:54:00,한국항공우주,45000,0,0
2018-09-11 오전 8:54:00,한국항공우주,45000,0,0
2018-09-11 오전 8:54:05,한국항공우주,45000,0,0
2018-09-11 오전 8:54:06,한국항공우주,45000,0,0
2018-09-11 오전 8:54:12,한국항공우주,45000,0,0
2018-09-11 오전 8:54:13,한국항공우주,45000,0,0
2018-09-11 오전 8:54:20,한국항공우주,45000,0,0
2018-09-11 오전 8:54:20,한국항공우주,45000,0,0
2018-09-11 오전 8:54:25,한국항공우주,45000,0,0
2018-09-11 오전 8:54:27,한국항공우주,45000,0,0
2018-09-11 오전 8:54:31,한국항공우주,45000,0,0
2018-09-11 오전 8:54:31,한국항공우주,45000,0,0
2018-09-11 오전 8:54:34,한국항공우주,45000,0,0
2018-09-11 오전 8:54:35,한국항공우주,45000,0,0
2018-09-11 오전 8:54:36,한국항공우주,45000,0,0
2018-09-11 오전 8:54:36,한국항공우주,45000,0,0
2018-09-11 오전 8:54:36,한국항공우주,45000,0,0
2018-09-11 오전 8:54:39,한국항공우주,45000,0,0
2018-09-11 오전 8:54:40,한국항공우주,45000,0,0
2018-09-11 오전 8:54:43,한국항공우주,45000,0,0
2018-09-11 오전 8:54:43,한국항공우주,45000,0,0
2018-09-11 오전 8:54:53,한국항공우주,45000,0,0
2018-09-11 오전 8:54:53,한국항공우주,45000,0,0
2018-09-11 오전 8:54:54,한국항공우주,45000,0,0
2018-09-11 오전 8:54:55,한국항공우주,45000,0,0
2018-09-11 오전 8:54:56,한국항공우주,45000,0,0
2018-09-11 오전 8:55:00,한국항공우주,45000,0,0
2018-09-11 오전 8:55:01,한국항공우주,45000,0,0
2018-09-11 오전 8:55:05,한국항공우주,45000,0,0
2018-09-11 오전 8:55:06,한국항공우주,45000,0,0
2018-09-11 오전 8:55:07,한국항공우주,45000,0,0
2018-09-11 오전 8:55:07,한국항공우주,45000,0,0
2018-09-11 오전 8:55:07,한국항공우주,45000,0,0
2018-09-11 오전 8:55:07,한국항공우주,45000,0,0
2018-09-11 오전 8:55:09,한국항공우주,45000,0,0
2018-09-11 오전 8:55:10,한국항공우주,45000,0,0
2018-09-11 오전 8:55:11,한국항공우주,45000,0,0
2018-09-11 오전 8:55:11,한국항공우주,45000,0,0
2018-09-11 오전 8:55:16,한국항공우주,45000,0,0
2018-09-11 오전 8:55:17,한국항공우주,45000,0,0
2018-09-11 오전 8:55:21,한국항공우주,45000,0,0
2018-09-11 오전 8:55:22,한국항공우주,45000,0,0
2018-09-11 오전 8:55:23,한국항공우주,45000,0,0
2018-09-11 오전 8:55:25,한국항공우주,45000,0,0
2018-09-11 오전 8:55:26,한국항공우주,45000,0,0
2018-09-11 오전 8:55:28,한국항공우주,45000,0,0
2018-09-11 오전 8:55:29,한국항공우주,45000,0,0
2018-09-11 오전 8:55:29,한국항공우주,45000,0,0
2018-09-11 오전 8:55:29,한국항공우주,45000,0,0
2018-09-11 오전 8:55:35,한국항공우주,45000,0,0
2018-09-11 오전 8:55:35,한국항공우주,45000,0,0
2018-09-11 오전 8:55:44,한국항공우주,45000,0,0
2018-09-11 오전 8:55:45,한국항공우주,45000,0,0
2018-09-11 오전 8:55:51,한국항공우주,45000,0,0
2018-09-11 오전 8:55:52,한국항공우주,45000,0,0
2018-09-11 오전 8:55:52,한국항공우주,45000,0,0
2018-09-11 오전 8:55:54,한국항공우주,45000,0,0
2018-09-11 오전 8:55:54,한국항공우주,45000,0,0
2018-09-11 오전 8:55:54,한국항공우주,45000,0,0
2018-09-11 오전 8:55:57,한국항공우주,45000,0,0
2018-09-11 오전 8:55:58,한국항공우주,45000,0,0
2018-09-11 오전 8:56:01,한국항공우주,45000,0,0
2018-09-11 오전 8:56:01,한국항공우주,45000,0,0
2018-09-11 오전 8:56:05,한국항공우주,45000,0,0
2018-09-11 오전 8:56:05,한국항공우주,45000,0,0
2018-09-11 오전 8:56:06,한국항공우주,45000,0,0
2018-09-11 오전 8:56:08,한국항공우주,45000,0,0
2018-09-11 오전 8:56:08,한국항공우주,45000,0,0
2018-09-11 오전 8:56:24,한국항공우주,45000,0,0
2018-09-11 오전 8:56:24,한국항공우주,45000,0,0
2018-09-11 오전 8:56:27,한국항공우주,45000,0,0
2018-09-11 오전 8:56:28,한국항공우주,45000,0,0
2018-09-11 오전 8:56:31,한국항공우주,45000,0,0
2018-09-11 오전 8:56:31,한국항공우주,45000,0,0
2018-09-11 오전 8:56:33,한국항공우주,45000,0,0
2018-09-11 오전 8:56:33,한국항공우주,45000,0,0
2018-09-11 오전 8:56:33,한국항공우주,45000,0,0
2018-09-11 오전 8:56:34,한국항공우주,45000,0,0
2018-09-11 오전 8:56:34,한국항공우주,45000,0,0
2018-09-11 오전 8:56:35,한국항공우주,45000,0,0
2018-09-11 오전 8:56:36,한국항공우주,45000,0,0
2018-09-11 오전 8:56:36,한국항공우주,45000,0,0
2018-09-11 오전 8:56:37,한국항공우주,45000,0,0
2018-09-11 오전 8:56:38,한국항공우주,45000,0,0
2018-09-11 오전 8:56:41,한국항공우주,45000,0,0
2018-09-11 오전 8:56:42,한국항공우주,45000,0,0
2018-09-11 오전 8:56:42,한국항공우주,45000,0,0
2018-09-11 오전 8:56:43,한국항공우주,45000,0,0
2018-09-11 오전 8:56:44,한국항공우주,45000,0,0
2018-09-11 오전 8:56:44,한국항공우주,45000,0,0
2018-09-11 오전 8:56:44,한국항공우주,45000,0,0
2018-09-11 오전 8:56:46,한국항공우주,45000,0,0
2018-09-11 오전 8:56:46,한국항공우주,45000,0,0
2018-09-11 오전 8:56:48,한국항공우주,45000,0,0
2018-09-11 오전 8:56:48,한국항공우주,45000,0,0
2018-09-11 오전 8:56:49,한국항공우주,45000,0,0
2018-09-11 오전 8:56:49,한국항공우주,45000,0,0
2018-09-11 오전 8:56:49,한국항공우주,45000,0,0
2018-09-11 오전 8:56:54,한국항공우주,45000,0,0
2018-09-11 오전 8:56:55,한국항공우주,45000,0,0
2018-09-11 오전 8:57:00,한국항공우주,45000,0,0
2018-09-11 오전 8:57:00,한국항공우주,45000,0,0
2018-09-11 오전 8:57:05,한국항공우주,45000,0,0
2018-09-11 오전 8:57:05,한국항공우주,45000,0,0
2018-09-11 오전 8:57:05,한국항공우주,45000,0,0
2018-09-11 오전 8:57:07,한국항공우주,45000,0,0
2018-09-11 오전 8:57:07,한국항공우주,45000,0,0
2018-09-11 오전 8:57:12,한국항공우주,45000,0,0
2018-09-11 오전 8:57:12,한국항공우주,45000,0,0
2018-09-11 오전 8:57:13,한국항공우주,45000,0,0
2018-09-11 오전 8:57:14,한국항공우주,45000,0,0
2018-09-11 오전 8:57:18,한국항공우주,45000,0,0
2018-09-11 오전 8:57:18,한국항공우주,45000,0,0
2018-09-11 오전 8:57:22,한국항공우주,45000,0,0
2018-09-11 오전 8:57:22,한국항공우주,45000,0,0
2018-09-11 오전 8:57:24,한국항공우주,45000,0,0
2018-09-11 오전 8:57:25,한국항공우주,45000,0,0
2018-09-11 오전 8:57:27,한국항공우주,45000,0,0
2018-09-11 오전 8:57:29,한국항공우주,45000,0,0
2018-09-11 오전 8:57:32,한국항공우주,45000,0,0
2018-09-11 오전 8:57:33,한국항공우주,45000,0,0
2018-09-11 오전 8:57:35,한국항공우주,45000,0,0
2018-09-11 오전 8:57:35,한국항공우주,45000,0,0
2018-09-11 오전 8:57:38,한국항공우주,45000,0,0
2018-09-11 오전 8:57:39,한국항공우주,45000,0,0
2018-09-11 오전 8:57:42,한국항공우주,45000,0,0
2018-09-11 오전 8:57:46,한국항공우주,45000,0,0
2018-09-11 오전 8:57:46,한국항공우주,45000,0,0
2018-09-11 오전 8:57:48,한국항공우주,45000,0,0
2018-09-11 오전 8:57:48,한국항공우주,45000,0,0
2018-09-11 오전 8:58:12,한국항공우주,45000,0,0
2018-09-11 오전 8:58:12,한국항공우주,45000,0,0
2018-09-11 오전 8:58:17,한국항공우주,45000,0,0
2018-09-11 오전 8:58:18,한국항공우주,45000,0,0
2018-09-11 오전 8:58:19,한국항공우주,45000,0,0
2018-09-11 오전 8:58:21,한국항공우주,45000,0,0
2018-09-11 오전 8:58:22,한국항공우주,45000,0,0
2018-09-11 오전 8:58:27,한국항공우주,45000,0,0
2018-09-11 오전 8:58:29,한국항공우주,45000,0,0
2018-09-11 오전 8:58:32,한국항공우주,45000,0,0
2018-09-11 오전 8:58:32,한국항공우주,45000,0,0
2018-09-11 오전 8:58:32,한국항공우주,45000,0,0
2018-09-11 오전 8:58:38,한국항공우주,45000,0,0
2018-09-11 오전 8:58:39,한국항공우주,45000,0,0
2018-09-11 오전 8:58:39,한국항공우주,45000,0,0
2018-09-11 오전 8:58:40,한국항공우주,45000,0,0
2018-09-11 오전 8:58:40,한국항공우주,45000,0,0
2018-09-11 오전 8:58:41,한국항공우주,45000,0,0
2018-09-11 오전 8:58:42,한국항공우주,45000,0,0
2018-09-11 오전 8:58:42,한국항공우주,45000,0,0
2018-09-11 오전 8:58:43,한국항공우주,45000,0,0
2018-09-11 오전 8:58:46,한국항공우주,45000,0,0
2018-09-11 오전 8:58:47,한국항공우주,45000,0,0
2018-09-11 오전 8:58:48,한국항공우주,45000,0,0
2018-09-11 오전 8:58:49,한국항공우주,45000,0,0
2018-09-11 오전 8:58:49,한국항공우주,45000,0,0
2018-09-11 오전 8:58:50,한국항공우주,45000,0,0
2018-09-11 오전 8:58:52,한국항공우주,45000,0,0
2018-09-11 오전 8:58:52,한국항공우주,45000,0,0
2018-09-11 오전 8:58:52,한국항공우주,45000,0,0
2018-09-11 오전 8:58:53,한국항공우주,45000,0,0
2018-09-11 오전 8:58:53,한국항공우주,45000,0,0
2018-09-11 오전 8:58:54,한국항공우주,45000,0,0
2018-09-11 오전 8:58:55,한국항공우주,45000,0,0
2018-09-11 오전 8:58:57,한국항공우주,45000,0,0
2018-09-11 오전 8:59:00,한국항공우주,45000,0,0
2018-09-11 오전 8:59:00,한국항공우주,45000,0,0
2018-09-11 오전 8:59:00,한국항공우주,45000,0,0
2018-09-11 오전 8:59:01,한국항공우주,45000,0,0
2018-09-11 오전 8:59:07,한국항공우주,45000,0,0
2018-09-11 오전 8:59:08,한국항공우주,45000,0,0
2018-09-11 오전 8:59:09,한국항공우주,45000,0,0
2018-09-11 오전 8:59:09,한국항공우주,45000,0,0
2018-09-11 오전 8:59:09,한국항공우주,45000,0,0
2018-09-11 오전 8:59:09,한국항공우주,45000,0,0
2018-09-11 오전 8:59:09,한국항공우주,45000,0,0
2018-09-11 오전 8:59:11,한국항공우주,45000,0,0
2018-09-11 오전 8:59:13,한국항공우주,45000,0,0
2018-09-11 오전 8:59:14,한국항공우주,45000,0,0
2018-09-11 오전 8:59:18,한국항공우주,45000,0,0
2018-09-11 오전 8:59:19,한국항공우주,45000,0,0
2018-09-11 오전 8:59:19,한국항공우주,45000,0,0
2018-09-11 오전 8:59:20,한국항공우주,45000,0,0
2018-09-11 오전 8:59:20,한국항공우주,45000,0,0
2018-09-11 오전 8:59:23,한국항공우주,45000,0,0
2018-09-11 오전 8:59:23,한국항공우주,45000,0,0
2018-09-11 오전 8:59:24,한국항공우주,45000,0,0
2018-09-11 오전 8:59:24,한국항공우주,45000,0,0
2018-09-11 오전 8:59:27,한국항공우주,45000,0,0
2018-09-11 오전 8:59:27,한국항공우주,45000,0,0
2018-09-11 오전 8:59:27,한국항공우주,45000,0,0
2018-09-11 오전 8:59:27,한국항공우주,45000,0,0
2018-09-11 오전 8:59:28,한국항공우주,45000,0,0
2018-09-11 오전 8:59:29,한국항공우주,45000,0,0
2018-09-11 오전 8:59:29,한국항공우주,45000,0,0
2018-09-11 오전 8:59:30,한국항공우주,45000,0,0
2018-09-11 오전 8:59:30,한국항공우주,45000,0,0
2018-09-11 오전 8:59:31,한국항공우주,45000,0,0
2018-09-11 오전 8:59:33,한국항공우주,45000,0,0
2018-09-11 오전 8:59:34,한국항공우주,45000,0,0
2018-09-11 오전 8:59:34,한국항공우주,45000,0,0
2018-09-11 오전 8:59:34,한국항공우주,45000,0,0
2018-09-11 오전 8:59:35,한국항공우주,45000,0,0
2018-09-11 오전 8:59:35,한국항공우주,45000,0,0
2018-09-11 오전 8:59:35,한국항공우주,45000,0,0
2018-09-11 오전 8:59:36,한국항공우주,45000,0,0
2018-09-11 오전 8:59:39,한국항공우주,45000,0,0
2018-09-11 오전 8:59:39,한국항공우주,45000,0,0
2018-09-11 오전 8:59:40,한국항공우주,45000,0,0
2018-09-11 오전 8:59:40,한국항공우주,45000,0,0
2018-09-11 오전 8:59:40,한국항공우주,45000,0,0
2018-09-11 오전 8:59:41,한국항공우주,45000,0,0
2018-09-11 오전 8:59:41,한국항공우주,45000,0,0
2018-09-11 오전 8:59:41,한국항공우주,45000,0,0
2018-09-11 오전 8:59:43,한국항공우주,45000,0,0
2018-09-11 오전 8:59:43,한국항공우주,45000,0,0
2018-09-11 오전 8:59:44,한국항공우주,45000,0,0
2018-09-11 오전 8:59:45,한국항공우주,45000,0,0
2018-09-11 오전 8:59:45,한국항공우주,45000,0,0
2018-09-11 오전 8:59:45,한국항공우주,45000,0,0
2018-09-11 오전 8:59:46,한국항공우주,45000,0,0
2018-09-11 오전 8:59:46,한국항공우주,45000,0,0
2018-09-11 오전 8:59:47,한국항공우주,44950,0,0
2018-09-11 오전 8:59:47,한국항공우주,44950,0,0
2018-09-11 오전 8:59:48,한국항공우주,44950,0,0
2018-09-11 오전 8:59:50,한국항공우주,44950,0,0
2018-09-11 오전 8:59:51,한국항공우주,44950,0,0
2018-09-11 오전 8:59:51,한국항공우주,44950,0,0
2018-09-11 오전 8:59:51,한국항공우주,44950,0,0
2018-09-11 오전 8:59:52,한국항공우주,44950,0,0
2018-09-11 오전 8:59:52,한국항공우주,44950,0,0
2018-09-11 오전 8:59:52,한국항공우주,44950,0,0
2018-09-11 오전 8:59:55,한국항공우주,44950,0,0
2018-09-11 오전 8:59:56,한국항공우주,44950,0,0
2018-09-11 오전 8:59:56,한국항공우주,44950,0,0
2018-09-11 오전 8:59:57,한국항공우주,44950,0,0
2018-09-11 오전 8:59:57,한국항공우주,44950,0,0
2018-09-11 오전 8:59:58,한국항공우주,44950,0,0
2018-09-11 오전 8:59:58,한국항공우주,44950,0,0
2018-09-11 오전 8:59:59,한국항공우주,44950,0,0
2018-09-11 오전 9:00:01,한국항공우주,44950,0,0
2018-09-11 오전 9:00:02,한국항공우주,44950,0,0
2018-09-11 오전 9:00:03,한국항공우주,44900,0,0
2018-09-11 오전 9:00:03,한국항공우주,44900,0,0
2018-09-11 오전 9:00:04,한국항공우주,44900,0,0
2018-09-11 오전 9:00:06,한국항공우주,44900,0,0
2018-09-11 오전 9:00:06,한국항공우주,44900,0,0
2018-09-11 오전 9:00:07,한국항공우주,44900,0,0
2018-09-11 오전 9:00:08,한국항공우주,44900,0,0
2018-09-11 오전 9:00:08,한국항공우주,44900,0,0
2018-09-11 오전 9:00:09,한국항공우주,44900,0,0
2018-09-11 오전 9:00:09,한국항공우주,44900,0,0
2018-09-11 오전 9:00:10,한국항공우주,44900,0,0
2018-09-11 오전 9:00:11,한국항공우주,44900,0,0
2018-09-11 오전 9:00:11,한국항공우주,44900,0,0
2018-09-11 오전 9:00:12,한국항공우주,44900,0,0
2018-09-11 오전 9:00:12,한국항공우주,44900,0,0
2018-09-11 오전 9:00:13,한국항공우주,44900,0,0
2018-09-11 오전 9:00:13,한국항공우주,44900,0,0
2018-09-11 오전 9:00:14,한국항공우주,44900,0,0
2018-09-11 오전 9:00:15,한국항공우주,44900,0,0
2018-09-11 오전 9:00:16,한국항공우주,44900,0,0
2018-09-11 오전 9:00:17,한국항공우주,44900,0,0
2018-09-11 오전 9:00:17,한국항공우주,44900,0,0
2018-09-11 오전 9:00:19,한국항공우주,44900,0,0
2018-09-11 오전 9:00:19,한국항공우주,44900,0,0
2018-09-11 오전 9:00:20,한국항공우주,44900,0,0
2018-09-11 오전 9:00:20,한국항공우주,44900,0,0
2018-09-11 오전 9:00:21,한국항공우주,44900,0,0
2018-09-11 오전 9:00:22,한국항공우주,44900,44900,44900
2018-09-11 오전 9:00:22,한국항공우주,44900,44900,44900
2018-09-11 오전 9:00:23,한국항공우주,44850,44900,44850
2018-09-11 오전 9:00:23,한국항공우주,44900,44900,44850
2018-09-11 오전 9:00:23,한국항공우주,44850,44900,44850
2018-09-11 오전 9:00:24,한국항공우주,44850,44900,44850
2018-09-11 오전 9:00:27,한국항공우주,44850,44900,44850
2018-09-11 오전 9:00:27,한국항공우주,44850,44900,44850
2018-09-11 오전 9:00:27,한국항공우주,44850,44900,44850
2018-09-11 오전 9:00:28,한국항공우주,44900,44900,44850
2018-09-11 오전 9:00:28,한국항공우주,44850,44900,44850
2018-09-11 오전 9:00:29,한국항공우주,44850,44900,44850
2018-09-11 오전 9:00:31,한국항공우주,44850,44900,44850
2018-09-11 오전 9:00:33,한국항공우주,44850,44900,44850
2018-09-11 오전 9:00:33,한국항공우주,44850,44900,44850
2018-09-11 오전 9:00:33,한국항공우주,44850,44900,44850
2018-09-11 오전 9:00:34,한국항공우주,44800,44900,44800
2018-09-11 오전 9:00:34,한국항공우주,44750,44900,44750
2018-09-11 오전 9:00:35,한국항공우주,44750,44900,44750
2018-09-11 오전 9:00:35,한국항공우주,44750,44900,44750
2018-09-11 오전 9:00:35,한국항공우주,44750,44900,44750
2018-09-11 오전 9:00:35,한국항공우주,44750,44900,44750
2018-09-11 오전 9:00:36,한국항공우주,44700,44900,44700
2018-09-11 오전 9:00:36,한국항공우주,44700,44900,44700
2018-09-11 오전 9:00:36,한국항공우주,44650,44900,44650
2018-09-11 오전 9:00:36,한국항공우주,44600,44900,44600
2018-09-11 오전 9:00:36,한국항공우주,44600,44900,44600
2018-09-11 오전 9:00:36,한국항공우주,44600,44900,44600
2018-09-11 오전 9:00:36,한국항공우주,44600,44900,44600
2018-09-11 오전 9:00:36,한국항공우주,44600,44900,44600
2018-09-11 오전 9:00:36,한국항공우주,44600,44900,44600
2018-09-11 오전 9:00:37,한국항공우주,44600,44900,44600
2018-09-11 오전 9:00:38,한국항공우주,44600,44900,44600
2018-09-11 오전 9:00:38,한국항공우주,44550,44900,44550
2018-09-11 오전 9:00:38,한국항공우주,44550,44900,44550
2018-09-11 오전 9:00:39,한국항공우주,44550,44900,44550
2018-09-11 오전 9:00:40,한국항공우주,44550,44900,44550
2018-09-11 오전 9:00:40,한국항공우주,44500,44900,44500
2018-09-11 오전 9:00:43,한국항공우주,44500,44900,44500
2018-09-11 오전 9:00:49,한국항공우주,44550,44900,44500
2018-09-11 오전 9:00:49,한국항공우주,44600,44900,44500
2018-09-11 오전 9:00:49,한국항공우주,44800,44900,44500
2018-09-11 오전 9:00:50,한국항공우주,44800,44900,44500
2018-09-11 오전 9:00:50,한국항공우주,44850,44900,44500
2018-09-11 오전 9:00:51,한국항공우주,44550,44900,44500
2018-09-11 오전 9:00:52,한국항공우주,44850,44900,44500
2018-09-11 오전 9:00:53,한국항공우주,44850,44900,44500
2018-09-11 오전 9:00:53,한국항공우주,44900,44900,44500
2018-09-11 오전 9:00:54,한국항공우주,44850,44900,44500
2018-09-11 오전 9:00:56,한국항공우주,44800,44900,44500
2018-09-11 오전 9:00:56,한국항공우주,44800,44900,44500
2018-09-11 오전 9:00:56,한국항공우주,44800,44900,44500
2018-09-11 오전 9:00:57,한국항공우주,44550,44900,44500
2018-09-11 오전 9:00:58,한국항공우주,44550,44900,44500
2018-09-11 오전 9:00:59,한국항공우주,44800,44900,44500
2018-09-11 오전 9:00:59,한국항공우주,44800,44900,44500
2018-09-11 오전 9:01:01,한국항공우주,44800,44900,44500
2018-09-11 오전 9:01:02,한국항공우주,44800,44900,44500
2018-09-11 오전 9:01:02,한국항공우주,44800,44900,44500
2018-09-11 오전 9:01:04,한국항공우주,44800,44900,44500
2018-09-11 오전 9:01:05,한국항공우주,44750,44900,44500
2018-09-11 오전 9:01:06,한국항공우주,44750,44900,44500
2018-09-11 오전 9:01:07,한국항공우주,44700,44900,44500
2018-09-11 오전 9:01:10,한국항공우주,44750,44900,44500
2018-09-11 오전 9:01:10,한국항공우주,44600,44900,44500
2018-09-11 오전 9:01:12,한국항공우주,44700,44900,44500
2018-09-11 오전 9:01:12,한국항공우주,44600,44900,44500
2018-09-11 오전 9:01:12,한국항공우주,44550,44900,44500
2018-09-11 오전 9:01:12,한국항공우주,44700,44900,44500
2018-09-11 오전 9:01:12,한국항공우주,44650,44900,44500
2018-09-11 오전 9:01:19,한국항공우주,44700,44900,44500
2018-09-11 오전 9:01:20,한국항공우주,44700,44900,44500
2018-09-11 오전 9:01:21,한국항공우주,44700,44900,44500
2018-09-11 오전 9:01:25,한국항공우주,44700,44900,44500
2018-09-11 오전 9:01:26,한국항공우주,44700,44900,44500
2018-09-11 오전 9:01:28,한국항공우주,44750,44900,44500
2018-09-11 오전 9:01:28,한국항공우주,44700,44900,44500
2018-09-11 오전 9:01:29,한국항공우주,44700,44900,44500
2018-09-11 오전 9:01:30,한국항공우주,44750,44900,44500
2018-09-11 오전 9:01:31,한국항공우주,44700,44900,44500
2018-09-11 오전 9:01:32,한국항공우주,44700,44900,44500
2018-09-11 오전 9:01:33,한국항공우주,44700,44900,44500
2018-09-11 오전 9:01:34,한국항공우주,44700,44900,44500
2018-09-11 오전 9:01:34,한국항공우주,44650,44900,44500
2018-09-11 오전 9:01:34,한국항공우주,44600,44900,44500
2018-09-11 오전 9:01:34,한국항공우주,44550,44900,44500
