2018-09-11 오전 8:30:18,테라젠이텍스,13550,0,0
2018-09-11 오전 8:30:19,테라젠이텍스,13550,0,0
2018-09-11 오전 8:30:19,테라젠이텍스,13550,0,0
2018-09-11 오전 8:30:22,테라젠이텍스,13550,0,0
2018-09-11 오전 8:30:26,테라젠이텍스,13550,0,0
2018-09-11 오전 8:30:29,테라젠이텍스,13550,0,0
2018-09-11 오전 8:30:31,테라젠이텍스,13550,0,0
2018-09-11 오전 8:30:42,테라젠이텍스,13550,0,0
2018-09-11 오전 8:30:49,테라젠이텍스,13550,0,0
2018-09-11 오전 8:30:52,테라젠이텍스,13550,0,0
2018-09-11 오전 8:30:57,테라젠이텍스,13550,0,0
2018-09-11 오전 8:31:19,테라젠이텍스,13550,0,0
2018-09-11 오전 8:31:24,테라젠이텍스,13550,0,0
2018-09-11 오전 8:31:35,테라젠이텍스,13650,0,0
2018-09-11 오전 8:31:54,테라젠이텍스,13650,0,0
2018-09-11 오전 8:31:57,테라젠이텍스,13650,0,0
2018-09-11 오전 8:31:59,테라젠이텍스,13650,0,0
2018-09-11 오전 8:32:02,테라젠이텍스,13650,0,0
2018-09-11 오전 8:32:06,테라젠이텍스,16700,0,0
2018-09-11 오전 8:32:07,테라젠이텍스,16700,0,0
2018-09-11 오전 8:32:08,테라젠이텍스,16700,0,0
2018-09-11 오전 8:32:15,테라젠이텍스,16700,0,0
2018-09-11 오전 8:32:19,테라젠이텍스,16700,0,0
2018-09-11 오전 8:32:21,테라젠이텍스,16700,0,0
2018-09-11 오전 8:32:21,테라젠이텍스,16700,0,0
2018-09-11 오전 8:32:22,테라젠이텍스,16700,0,0
2018-09-11 오전 8:32:24,테라젠이텍스,16700,0,0
2018-09-11 오전 8:32:24,테라젠이텍스,16650,0,0
2018-09-11 오전 8:32:25,테라젠이텍스,16700,0,0
2018-09-11 오전 8:32:28,테라젠이텍스,16700,0,0
2018-09-11 오전 8:32:30,테라젠이텍스,16700,0,0
2018-09-11 오전 8:32:31,테라젠이텍스,16650,0,0
2018-09-11 오전 8:32:34,테라젠이텍스,16650,0,0
2018-09-11 오전 8:32:35,테라젠이텍스,16650,0,0
2018-09-11 오전 8:32:35,테라젠이텍스,16650,0,0
2018-09-11 오전 8:32:36,테라젠이텍스,16650,0,0
2018-09-11 오전 8:32:37,테라젠이텍스,16650,0,0
2018-09-11 오전 8:32:38,테라젠이텍스,16650,0,0
2018-09-11 오전 8:32:49,테라젠이텍스,16650,0,0
2018-09-11 오전 8:32:50,테라젠이텍스,16700,0,0
2018-09-11 오전 8:32:50,테라젠이텍스,16700,0,0
2018-09-11 오전 8:32:51,테라젠이텍스,16700,0,0
2018-09-11 오전 8:32:55,테라젠이텍스,16700,0,0
2018-09-11 오전 8:32:59,테라젠이텍스,16700,0,0
2018-09-11 오전 8:33:01,테라젠이텍스,16700,0,0
2018-09-11 오전 8:33:06,테라젠이텍스,16700,0,0
2018-09-11 오전 8:33:06,테라젠이텍스,16700,0,0
2018-09-11 오전 8:33:06,테라젠이텍스,16700,0,0
2018-09-11 오전 8:33:09,테라젠이텍스,16700,0,0
2018-09-11 오전 8:33:10,테라젠이텍스,16700,0,0
2018-09-11 오전 8:33:11,테라젠이텍스,16700,0,0
2018-09-11 오전 8:33:11,테라젠이텍스,16700,0,0
2018-09-11 오전 8:33:12,테라젠이텍스,16700,0,0
2018-09-11 오전 8:33:13,테라젠이텍스,16700,0,0
2018-09-11 오전 8:33:13,테라젠이텍스,16700,0,0
2018-09-11 오전 8:33:14,테라젠이텍스,16700,0,0
2018-09-11 오전 8:33:17,테라젠이텍스,16700,0,0
2018-09-11 오전 8:33:18,테라젠이텍스,16700,0,0
2018-09-11 오전 8:33:19,테라젠이텍스,16700,0,0
2018-09-11 오전 8:33:20,테라젠이텍스,16700,0,0
2018-09-11 오전 8:33:21,테라젠이텍스,16700,0,0
2018-09-11 오전 8:33:21,테라젠이텍스,16700,0,0
2018-09-11 오전 8:33:21,테라젠이텍스,16700,0,0
2018-09-11 오전 8:33:22,테라젠이텍스,16700,0,0
2018-09-11 오전 8:33:24,테라젠이텍스,16700,0,0
2018-09-11 오전 8:33:24,테라젠이텍스,16700,0,0
2018-09-11 오전 8:33:25,테라젠이텍스,16700,0,0
2018-09-11 오전 8:33:26,테라젠이텍스,16700,0,0
2018-09-11 오전 8:33:26,테라젠이텍스,16700,0,0
2018-09-11 오전 8:33:26,테라젠이텍스,16700,0,0
2018-09-11 오전 8:33:29,테라젠이텍스,16700,0,0
2018-09-11 오전 8:33:30,테라젠이텍스,16700,0,0
2018-09-11 오전 8:33:31,테라젠이텍스,16700,0,0
2018-09-11 오전 8:33:34,테라젠이텍스,16700,0,0
2018-09-11 오전 8:33:35,테라젠이텍스,16700,0,0
2018-09-11 오전 8:33:37,테라젠이텍스,16700,0,0
2018-09-11 오전 8:33:37,테라젠이텍스,16700,0,0
2018-09-11 오전 8:33:40,테라젠이텍스,16700,0,0
2018-09-11 오전 8:33:41,테라젠이텍스,16700,0,0
2018-09-11 오전 8:33:49,테라젠이텍스,16700,0,0
2018-09-11 오전 8:33:51,테라젠이텍스,16700,0,0
2018-09-11 오전 8:33:52,테라젠이텍스,16700,0,0
2018-09-11 오전 8:33:54,테라젠이텍스,16700,0,0
2018-09-11 오전 8:33:56,테라젠이텍스,16700,0,0
2018-09-11 오전 8:33:58,테라젠이텍스,16700,0,0
2018-09-11 오전 8:34:00,테라젠이텍스,16700,0,0
2018-09-11 오전 8:34:01,테라젠이텍스,16700,0,0
2018-09-11 오전 8:34:02,테라젠이텍스,16700,0,0
2018-09-11 오전 8:34:03,테라젠이텍스,16700,0,0
2018-09-11 오전 8:34:04,테라젠이텍스,16700,0,0
2018-09-11 오전 8:34:05,테라젠이텍스,16700,0,0
2018-09-11 오전 8:34:06,테라젠이텍스,16700,0,0
2018-09-11 오전 8:34:07,테라젠이텍스,16700,0,0
2018-09-11 오전 8:34:15,테라젠이텍스,16700,0,0
2018-09-11 오전 8:34:15,테라젠이텍스,16700,0,0
2018-09-11 오전 8:34:16,테라젠이텍스,16700,0,0
2018-09-11 오전 8:34:17,테라젠이텍스,16700,0,0
2018-09-11 오전 8:34:20,테라젠이텍스,16700,0,0
2018-09-11 오전 8:34:21,테라젠이텍스,16700,0,0
2018-09-11 오전 8:34:21,테라젠이텍스,16700,0,0
2018-09-11 오전 8:34:23,테라젠이텍스,16700,0,0
2018-09-11 오전 8:34:23,테라젠이텍스,16700,0,0
2018-09-11 오전 8:34:24,테라젠이텍스,16700,0,0
2018-09-11 오전 8:34:24,테라젠이텍스,16700,0,0
2018-09-11 오전 8:34:26,테라젠이텍스,16700,0,0
2018-09-11 오전 8:34:26,테라젠이텍스,16700,0,0
2018-09-11 오전 8:34:27,테라젠이텍스,16700,0,0
2018-09-11 오전 8:34:29,테라젠이텍스,16700,0,0
2018-09-11 오전 8:34:34,테라젠이텍스,16700,0,0
2018-09-11 오전 8:34:35,테라젠이텍스,16700,0,0
2018-09-11 오전 8:34:35,테라젠이텍스,16700,0,0
2018-09-11 오전 8:34:36,테라젠이텍스,16700,0,0
2018-09-11 오전 8:34:39,테라젠이텍스,16700,0,0
2018-09-11 오전 8:34:42,테라젠이텍스,16700,0,0
2018-09-11 오전 8:34:43,테라젠이텍스,16700,0,0
2018-09-11 오전 8:34:49,테라젠이텍스,16700,0,0
2018-09-11 오전 8:34:50,테라젠이텍스,16700,0,0
2018-09-11 오전 8:34:50,테라젠이텍스,16700,0,0
2018-09-11 오전 8:34:51,테라젠이텍스,16700,0,0
2018-09-11 오전 8:34:52,테라젠이텍스,16700,0,0
2018-09-11 오전 8:34:53,테라젠이텍스,16700,0,0
2018-09-11 오전 8:34:55,테라젠이텍스,16700,0,0
2018-09-11 오전 8:34:55,테라젠이텍스,16700,0,0
2018-09-11 오전 8:35:00,테라젠이텍스,16700,0,0
2018-09-11 오전 8:35:01,테라젠이텍스,16700,0,0
2018-09-11 오전 8:35:02,테라젠이텍스,16700,0,0
2018-09-11 오전 8:35:03,테라젠이텍스,16700,0,0
2018-09-11 오전 8:35:03,테라젠이텍스,16700,0,0
2018-09-11 오전 8:35:03,테라젠이텍스,16700,0,0
2018-09-11 오전 8:35:04,테라젠이텍스,16700,0,0
2018-09-11 오전 8:35:04,테라젠이텍스,16700,0,0
2018-09-11 오전 8:35:05,테라젠이텍스,16700,0,0
2018-09-11 오전 8:35:08,테라젠이텍스,16700,0,0
2018-09-11 오전 8:35:08,테라젠이텍스,16700,0,0
2018-09-11 오전 8:35:08,테라젠이텍스,16700,0,0
2018-09-11 오전 8:35:11,테라젠이텍스,16700,0,0
2018-09-11 오전 8:35:12,테라젠이텍스,16700,0,0
2018-09-11 오전 8:35:15,테라젠이텍스,16700,0,0
2018-09-11 오전 8:35:15,테라젠이텍스,16700,0,0
2018-09-11 오전 8:35:16,테라젠이텍스,16700,0,0
2018-09-11 오전 8:35:17,테라젠이텍스,16700,0,0
2018-09-11 오전 8:35:17,테라젠이텍스,16700,0,0
2018-09-11 오전 8:35:21,테라젠이텍스,16700,0,0
2018-09-11 오전 8:35:22,테라젠이텍스,16700,0,0
2018-09-11 오전 8:35:25,테라젠이텍스,16700,0,0
2018-09-11 오전 8:35:27,테라젠이텍스,16700,0,0
2018-09-11 오전 8:35:30,테라젠이텍스,16700,0,0
2018-09-11 오전 8:35:32,테라젠이텍스,16700,0,0
2018-09-11 오전 8:35:46,테라젠이텍스,16700,0,0
2018-09-11 오전 8:35:47,테라젠이텍스,16700,0,0
2018-09-11 오전 8:35:51,테라젠이텍스,16700,0,0
2018-09-11 오전 8:35:53,테라젠이텍스,16700,0,0
2018-09-11 오전 8:35:57,테라젠이텍스,16700,0,0
2018-09-11 오전 8:36:00,테라젠이텍스,16700,0,0
2018-09-11 오전 8:36:01,테라젠이텍스,16700,0,0
2018-09-11 오전 8:36:01,테라젠이텍스,16700,0,0
2018-09-11 오전 8:36:03,테라젠이텍스,16700,0,0
2018-09-11 오전 8:36:05,테라젠이텍스,16700,0,0
2018-09-11 오전 8:36:10,테라젠이텍스,16700,0,0
2018-09-11 오전 8:36:17,테라젠이텍스,16700,0,0
2018-09-11 오전 8:36:18,테라젠이텍스,16700,0,0
2018-09-11 오전 8:36:18,테라젠이텍스,16700,0,0
2018-09-11 오전 8:36:22,테라젠이텍스,16700,0,0
2018-09-11 오전 8:36:24,테라젠이텍스,16700,0,0
2018-09-11 오전 8:36:24,테라젠이텍스,16500,0,0
2018-09-11 오전 8:36:30,테라젠이텍스,16500,0,0
2018-09-11 오전 8:36:33,테라젠이텍스,16500,0,0
2018-09-11 오전 8:36:33,테라젠이텍스,16500,0,0
2018-09-11 오전 8:36:37,테라젠이텍스,16500,0,0
2018-09-11 오전 8:36:40,테라젠이텍스,16500,0,0
2018-09-11 오전 8:36:40,테라젠이텍스,16500,0,0
2018-09-11 오전 8:36:43,테라젠이텍스,16500,0,0
2018-09-11 오전 8:36:46,테라젠이텍스,16500,0,0
2018-09-11 오전 8:36:48,테라젠이텍스,16500,0,0
2018-09-11 오전 8:36:51,테라젠이텍스,16500,0,0
2018-09-11 오전 8:36:52,테라젠이텍스,16500,0,0
2018-09-11 오전 8:36:55,테라젠이텍스,16500,0,0
2018-09-11 오전 8:36:55,테라젠이텍스,16500,0,0
2018-09-11 오전 8:36:56,테라젠이텍스,16500,0,0
2018-09-11 오전 8:36:57,테라젠이텍스,16500,0,0
2018-09-11 오전 8:36:58,테라젠이텍스,16500,0,0
2018-09-11 오전 8:37:07,테라젠이텍스,16500,0,0
2018-09-11 오전 8:37:07,테라젠이텍스,16500,0,0
2018-09-11 오전 8:37:10,테라젠이텍스,16500,0,0
2018-09-11 오전 8:37:12,테라젠이텍스,16500,0,0
2018-09-11 오전 8:37:12,테라젠이텍스,16500,0,0
2018-09-11 오전 8:37:17,테라젠이텍스,16500,0,0
2018-09-11 오전 8:37:22,테라젠이텍스,16500,0,0
2018-09-11 오전 8:37:23,테라젠이텍스,16500,0,0
2018-09-11 오전 8:37:23,테라젠이텍스,16500,0,0
2018-09-11 오전 8:37:26,테라젠이텍스,16500,0,0
2018-09-11 오전 8:37:27,테라젠이텍스,16500,0,0
2018-09-11 오전 8:37:28,테라젠이텍스,16500,0,0
2018-09-11 오전 8:37:28,테라젠이텍스,16500,0,0
2018-09-11 오전 8:37:29,테라젠이텍스,16500,0,0
2018-09-11 오전 8:37:30,테라젠이텍스,16500,0,0
2018-09-11 오전 8:37:34,테라젠이텍스,16500,0,0
2018-09-11 오전 8:37:36,테라젠이텍스,16500,0,0
2018-09-11 오전 8:37:38,테라젠이텍스,16500,0,0
2018-09-11 오전 8:37:38,테라젠이텍스,16500,0,0
2018-09-11 오전 8:37:40,테라젠이텍스,16500,0,0
2018-09-11 오전 8:37:40,테라젠이텍스,16500,0,0
2018-09-11 오전 8:37:40,테라젠이텍스,16500,0,0
2018-09-11 오전 8:37:45,테라젠이텍스,16500,0,0
2018-09-11 오전 8:37:45,테라젠이텍스,16500,0,0
2018-09-11 오전 8:37:45,테라젠이텍스,16500,0,0
2018-09-11 오전 8:37:46,테라젠이텍스,16500,0,0
2018-09-11 오전 8:37:47,테라젠이텍스,16500,0,0
2018-09-11 오전 8:37:47,테라젠이텍스,16500,0,0
2018-09-11 오전 8:37:51,테라젠이텍스,16500,0,0
2018-09-11 오전 8:37:51,테라젠이텍스,16500,0,0
2018-09-11 오전 8:37:54,테라젠이텍스,16500,0,0
2018-09-11 오전 8:37:55,테라젠이텍스,16500,0,0
2018-09-11 오전 8:37:58,테라젠이텍스,16500,0,0
2018-09-11 오전 8:37:58,테라젠이텍스,16500,0,0
2018-09-11 오전 8:37:58,테라젠이텍스,16500,0,0
2018-09-11 오전 8:37:59,테라젠이텍스,16500,0,0
2018-09-11 오전 8:38:01,테라젠이텍스,16500,0,0
2018-09-11 오전 8:38:05,테라젠이텍스,16500,0,0
2018-09-11 오전 8:38:06,테라젠이텍스,16500,0,0
2018-09-11 오전 8:38:06,테라젠이텍스,16500,0,0
2018-09-11 오전 8:38:07,테라젠이텍스,16500,0,0
2018-09-11 오전 8:38:09,테라젠이텍스,16500,0,0
2018-09-11 오전 8:38:11,테라젠이텍스,16500,0,0
2018-09-11 오전 8:38:12,테라젠이텍스,16500,0,0
2018-09-11 오전 8:38:13,테라젠이텍스,16500,0,0
2018-09-11 오전 8:38:14,테라젠이텍스,16500,0,0
2018-09-11 오전 8:38:14,테라젠이텍스,16500,0,0
2018-09-11 오전 8:38:14,테라젠이텍스,16500,0,0
2018-09-11 오전 8:38:14,테라젠이텍스,16500,0,0
2018-09-11 오전 8:38:16,테라젠이텍스,16500,0,0
2018-09-11 오전 8:38:18,테라젠이텍스,16500,0,0
2018-09-11 오전 8:38:20,테라젠이텍스,16500,0,0
2018-09-11 오전 8:38:23,테라젠이텍스,16500,0,0
2018-09-11 오전 8:38:23,테라젠이텍스,16500,0,0
2018-09-11 오전 8:38:24,테라젠이텍스,16500,0,0
2018-09-11 오전 8:38:24,테라젠이텍스,16500,0,0
2018-09-11 오전 8:38:24,테라젠이텍스,16500,0,0
2018-09-11 오전 8:38:26,테라젠이텍스,16500,0,0
2018-09-11 오전 8:38:27,테라젠이텍스,16500,0,0
2018-09-11 오전 8:38:28,테라젠이텍스,16500,0,0
2018-09-11 오전 8:38:28,테라젠이텍스,16500,0,0
2018-09-11 오전 8:38:29,테라젠이텍스,16500,0,0
2018-09-11 오전 8:38:31,테라젠이텍스,16500,0,0
2018-09-11 오전 8:38:31,테라젠이텍스,16500,0,0
2018-09-11 오전 8:38:32,테라젠이텍스,16500,0,0
2018-09-11 오전 8:38:32,테라젠이텍스,16500,0,0
2018-09-11 오전 8:38:37,테라젠이텍스,16500,0,0
2018-09-11 오전 8:38:42,테라젠이텍스,16500,0,0
2018-09-11 오전 8:38:44,테라젠이텍스,16500,0,0
2018-09-11 오전 8:38:44,테라젠이텍스,16500,0,0
2018-09-11 오전 8:38:45,테라젠이텍스,16500,0,0
2018-09-11 오전 8:38:47,테라젠이텍스,16500,0,0
2018-09-11 오전 8:38:49,테라젠이텍스,16500,0,0
2018-09-11 오전 8:38:52,테라젠이텍스,16500,0,0
2018-09-11 오전 8:38:52,테라젠이텍스,16500,0,0
2018-09-11 오전 8:38:54,테라젠이텍스,16500,0,0
2018-09-11 오전 8:38:56,테라젠이텍스,16500,0,0
2018-09-11 오전 8:38:57,테라젠이텍스,16500,0,0
2018-09-11 오전 8:38:58,테라젠이텍스,16500,0,0
2018-09-11 오전 8:38:58,테라젠이텍스,16500,0,0
2018-09-11 오전 8:39:06,테라젠이텍스,16500,0,0
2018-09-11 오전 8:39:06,테라젠이텍스,16500,0,0
2018-09-11 오전 8:39:07,테라젠이텍스,16500,0,0
2018-09-11 오전 8:39:08,테라젠이텍스,16500,0,0
2018-09-11 오전 8:39:09,테라젠이텍스,16500,0,0
2018-09-11 오전 8:39:10,테라젠이텍스,16500,0,0
2018-09-11 오전 8:39:10,테라젠이텍스,16500,0,0
2018-09-11 오전 8:39:11,테라젠이텍스,16500,0,0
2018-09-11 오전 8:39:13,테라젠이텍스,16500,0,0
2018-09-11 오전 8:39:13,테라젠이텍스,16500,0,0
2018-09-11 오전 8:39:13,테라젠이텍스,16500,0,0
2018-09-11 오전 8:39:16,테라젠이텍스,16500,0,0
2018-09-11 오전 8:39:18,테라젠이텍스,16500,0,0
2018-09-11 오전 8:39:19,테라젠이텍스,16500,0,0
2018-09-11 오전 8:39:19,테라젠이텍스,16500,0,0
2018-09-11 오전 8:39:21,테라젠이텍스,16500,0,0
2018-09-11 오전 8:39:23,테라젠이텍스,16500,0,0
2018-09-11 오전 8:39:23,테라젠이텍스,16500,0,0
2018-09-11 오전 8:39:26,테라젠이텍스,16500,0,0
2018-09-11 오전 8:39:27,테라젠이텍스,16500,0,0
2018-09-11 오전 8:39:27,테라젠이텍스,16500,0,0
2018-09-11 오전 8:39:28,테라젠이텍스,16500,0,0
2018-09-11 오전 8:39:28,테라젠이텍스,16500,0,0
2018-09-11 오전 8:39:29,테라젠이텍스,16500,0,0
2018-09-11 오전 8:39:31,테라젠이텍스,16500,0,0
2018-09-11 오전 8:39:32,테라젠이텍스,16500,0,0
2018-09-11 오전 8:39:33,테라젠이텍스,16500,0,0
2018-09-11 오전 8:39:35,테라젠이텍스,16500,0,0
2018-09-11 오전 8:39:37,테라젠이텍스,16500,0,0
2018-09-11 오전 8:39:37,테라젠이텍스,16500,0,0
2018-09-11 오전 8:39:38,테라젠이텍스,16500,0,0
2018-09-11 오전 8:39:39,테라젠이텍스,16500,0,0
2018-09-11 오전 8:39:40,테라젠이텍스,16500,0,0
2018-09-11 오전 8:39:40,테라젠이텍스,16500,0,0
2018-09-11 오전 8:39:42,테라젠이텍스,16500,0,0
2018-09-11 오전 8:39:42,테라젠이텍스,16500,0,0
2018-09-11 오전 8:39:46,테라젠이텍스,16500,0,0
2018-09-11 오전 8:39:48,테라젠이텍스,16500,0,0
2018-09-11 오전 8:39:51,테라젠이텍스,16500,0,0
2018-09-11 오전 8:39:51,테라젠이텍스,16500,0,0
2018-09-11 오전 8:39:52,테라젠이텍스,16500,0,0
2018-09-11 오전 8:39:53,테라젠이텍스,16500,0,0
2018-09-11 오전 8:39:54,테라젠이텍스,16500,0,0
2018-09-11 오전 8:39:54,테라젠이텍스,16500,0,0
2018-09-11 오전 8:39:56,테라젠이텍스,16500,0,0
2018-09-11 오전 8:39:57,테라젠이텍스,16500,0,0
2018-09-11 오전 8:39:58,테라젠이텍스,16500,0,0
2018-09-11 오전 8:40:00,테라젠이텍스,16500,0,0
2018-09-11 오전 8:40:00,테라젠이텍스,16500,0,0
2018-09-11 오전 8:40:01,테라젠이텍스,16500,0,0
2018-09-11 오전 8:40:02,테라젠이텍스,16500,0,0
2018-09-11 오전 8:40:06,테라젠이텍스,16500,0,0
2018-09-11 오전 8:40:06,테라젠이텍스,16500,0,0
2018-09-11 오전 8:40:09,테라젠이텍스,16500,0,0
2018-09-11 오전 8:40:10,테라젠이텍스,16500,0,0
2018-09-11 오전 8:40:11,테라젠이텍스,16500,0,0
2018-09-11 오전 8:40:11,테라젠이텍스,16500,0,0
2018-09-11 오전 8:40:11,테라젠이텍스,16500,0,0
2018-09-11 오전 8:40:13,테라젠이텍스,16500,0,0
2018-09-11 오전 8:40:15,테라젠이텍스,16500,0,0
2018-09-11 오전 8:40:17,테라젠이텍스,16500,0,0
2018-09-11 오전 8:40:18,테라젠이텍스,16500,0,0
2018-09-11 오전 8:40:20,테라젠이텍스,16500,0,0
2018-09-11 오전 8:40:21,테라젠이텍스,16500,0,0
2018-09-11 오전 8:40:21,테라젠이텍스,16500,0,0
2018-09-11 오전 8:40:22,테라젠이텍스,16500,0,0
2018-09-11 오전 8:40:24,테라젠이텍스,16500,0,0
2018-09-11 오전 8:40:25,테라젠이텍스,16500,0,0
2018-09-11 오전 8:40:25,테라젠이텍스,16500,0,0
2018-09-11 오전 8:40:27,테라젠이텍스,16500,0,0
2018-09-11 오전 8:40:29,테라젠이텍스,16500,0,0
2018-09-11 오전 8:40:29,테라젠이텍스,16500,0,0
2018-09-11 오전 8:40:35,테라젠이텍스,16500,0,0
2018-09-11 오전 8:40:35,테라젠이텍스,16500,0,0
2018-09-11 오전 8:40:37,테라젠이텍스,16500,0,0
2018-09-11 오전 8:40:40,테라젠이텍스,16500,0,0
2018-09-11 오전 8:40:40,테라젠이텍스,16500,0,0
2018-09-11 오전 8:40:41,테라젠이텍스,16500,0,0
2018-09-11 오전 8:40:42,테라젠이텍스,16500,0,0
2018-09-11 오전 8:40:42,테라젠이텍스,16500,0,0
2018-09-11 오전 8:40:42,테라젠이텍스,16500,0,0
2018-09-11 오전 8:40:43,테라젠이텍스,16500,0,0
2018-09-11 오전 8:40:43,테라젠이텍스,16500,0,0
2018-09-11 오전 8:40:49,테라젠이텍스,16500,0,0
2018-09-11 오전 8:40:49,테라젠이텍스,16500,0,0
2018-09-11 오전 8:40:51,테라젠이텍스,16500,0,0
2018-09-11 오전 8:40:55,테라젠이텍스,16500,0,0
2018-09-11 오전 8:40:56,테라젠이텍스,16500,0,0
2018-09-11 오전 8:40:58,테라젠이텍스,16500,0,0
2018-09-11 오전 8:41:01,테라젠이텍스,16500,0,0
2018-09-11 오전 8:41:08,테라젠이텍스,16500,0,0
2018-09-11 오전 8:41:09,테라젠이텍스,16500,0,0
2018-09-11 오전 8:41:11,테라젠이텍스,16500,0,0
2018-09-11 오전 8:41:12,테라젠이텍스,16500,0,0
2018-09-11 오전 8:41:12,테라젠이텍스,16500,0,0
2018-09-11 오전 8:41:15,테라젠이텍스,16500,0,0
2018-09-11 오전 8:41:19,테라젠이텍스,16500,0,0
2018-09-11 오전 8:41:22,테라젠이텍스,16500,0,0
2018-09-11 오전 8:41:25,테라젠이텍스,16500,0,0
2018-09-11 오전 8:41:27,테라젠이텍스,16500,0,0
2018-09-11 오전 8:41:31,테라젠이텍스,16500,0,0
2018-09-11 오전 8:41:37,테라젠이텍스,16500,0,0
2018-09-11 오전 8:41:39,테라젠이텍스,16500,0,0
2018-09-11 오전 8:41:40,테라젠이텍스,16500,0,0
2018-09-11 오전 8:41:41,테라젠이텍스,16500,0,0
2018-09-11 오전 8:41:41,테라젠이텍스,16500,0,0
2018-09-11 오전 8:41:42,테라젠이텍스,16500,0,0
2018-09-11 오전 8:41:42,테라젠이텍스,16500,0,0
2018-09-11 오전 8:41:43,테라젠이텍스,16500,0,0
2018-09-11 오전 8:41:44,테라젠이텍스,16500,0,0
2018-09-11 오전 8:41:45,테라젠이텍스,16500,0,0
2018-09-11 오전 8:41:47,테라젠이텍스,16500,0,0
2018-09-11 오전 8:41:47,테라젠이텍스,16500,0,0
2018-09-11 오전 8:41:48,테라젠이텍스,16500,0,0
2018-09-11 오전 8:41:50,테라젠이텍스,16500,0,0
2018-09-11 오전 8:41:50,테라젠이텍스,16500,0,0
2018-09-11 오전 8:41:54,테라젠이텍스,16500,0,0
2018-09-11 오전 8:41:55,테라젠이텍스,16500,0,0
2018-09-11 오전 8:41:59,테라젠이텍스,16500,0,0
2018-09-11 오전 8:42:00,테라젠이텍스,16500,0,0
2018-09-11 오전 8:42:01,테라젠이텍스,16500,0,0
2018-09-11 오전 8:42:02,테라젠이텍스,16500,0,0
2018-09-11 오전 8:42:03,테라젠이텍스,16500,0,0
2018-09-11 오전 8:42:04,테라젠이텍스,16500,0,0
2018-09-11 오전 8:42:05,테라젠이텍스,16500,0,0
2018-09-11 오전 8:42:05,테라젠이텍스,16500,0,0
2018-09-11 오전 8:42:06,테라젠이텍스,16500,0,0
2018-09-11 오전 8:42:08,테라젠이텍스,16500,0,0
2018-09-11 오전 8:42:09,테라젠이텍스,16500,0,0
2018-09-11 오전 8:42:09,테라젠이텍스,16500,0,0
2018-09-11 오전 8:42:10,테라젠이텍스,16450,0,0
2018-09-11 오전 8:42:10,테라젠이텍스,16450,0,0
2018-09-11 오전 8:42:12,테라젠이텍스,16450,0,0
2018-09-11 오전 8:42:13,테라젠이텍스,16450,0,0
2018-09-11 오전 8:42:15,테라젠이텍스,16450,0,0
2018-09-11 오전 8:42:16,테라젠이텍스,16500,0,0
2018-09-11 오전 8:42:16,테라젠이텍스,16500,0,0
2018-09-11 오전 8:42:16,테라젠이텍스,16500,0,0
2018-09-11 오전 8:42:17,테라젠이텍스,16500,0,0
2018-09-11 오전 8:42:18,테라젠이텍스,16500,0,0
2018-09-11 오전 8:42:19,테라젠이텍스,16500,0,0
2018-09-11 오전 8:42:20,테라젠이텍스,16500,0,0
2018-09-11 오전 8:42:20,테라젠이텍스,16500,0,0
2018-09-11 오전 8:42:20,테라젠이텍스,16500,0,0
2018-09-11 오전 8:42:23,테라젠이텍스,16500,0,0
2018-09-11 오전 8:42:23,테라젠이텍스,16500,0,0
2018-09-11 오전 8:42:24,테라젠이텍스,16500,0,0
2018-09-11 오전 8:42:24,테라젠이텍스,16450,0,0
2018-09-11 오전 8:42:24,테라젠이텍스,16450,0,0
2018-09-11 오전 8:42:26,테라젠이텍스,16450,0,0
2018-09-11 오전 8:42:28,테라젠이텍스,16450,0,0
2018-09-11 오전 8:42:28,테라젠이텍스,16450,0,0
2018-09-11 오전 8:42:29,테라젠이텍스,16450,0,0
2018-09-11 오전 8:42:30,테라젠이텍스,16450,0,0
2018-09-11 오전 8:42:32,테라젠이텍스,16450,0,0
2018-09-11 오전 8:42:33,테라젠이텍스,16450,0,0
2018-09-11 오전 8:42:33,테라젠이텍스,16450,0,0
2018-09-11 오전 8:42:35,테라젠이텍스,16450,0,0
2018-09-11 오전 8:42:36,테라젠이텍스,16450,0,0
2018-09-11 오전 8:42:36,테라젠이텍스,16450,0,0
2018-09-11 오전 8:42:36,테라젠이텍스,16450,0,0
2018-09-11 오전 8:42:36,테라젠이텍스,16450,0,0
2018-09-11 오전 8:42:40,테라젠이텍스,16450,0,0
2018-09-11 오전 8:42:41,테라젠이텍스,16450,0,0
2018-09-11 오전 8:42:41,테라젠이텍스,16450,0,0
2018-09-11 오전 8:42:41,테라젠이텍스,16450,0,0
2018-09-11 오전 8:42:41,테라젠이텍스,16450,0,0
2018-09-11 오전 8:42:42,테라젠이텍스,16450,0,0
2018-09-11 오전 8:42:44,테라젠이텍스,16450,0,0
2018-09-11 오전 8:42:44,테라젠이텍스,16450,0,0
2018-09-11 오전 8:42:45,테라젠이텍스,16450,0,0
2018-09-11 오전 8:42:46,테라젠이텍스,16450,0,0
2018-09-11 오전 8:42:47,테라젠이텍스,16450,0,0
2018-09-11 오전 8:42:48,테라젠이텍스,16450,0,0
2018-09-11 오전 8:42:49,테라젠이텍스,16450,0,0
2018-09-11 오전 8:42:49,테라젠이텍스,16450,0,0
2018-09-11 오전 8:42:50,테라젠이텍스,16450,0,0
2018-09-11 오전 8:42:50,테라젠이텍스,16450,0,0
2018-09-11 오전 8:42:51,테라젠이텍스,16450,0,0
2018-09-11 오전 8:42:51,테라젠이텍스,16450,0,0
2018-09-11 오전 8:42:52,테라젠이텍스,16450,0,0
2018-09-11 오전 8:42:52,테라젠이텍스,16450,0,0
2018-09-11 오전 8:42:53,테라젠이텍스,16450,0,0
2018-09-11 오전 8:42:53,테라젠이텍스,16450,0,0
2018-09-11 오전 8:42:54,테라젠이텍스,16450,0,0
2018-09-11 오전 8:42:55,테라젠이텍스,16450,0,0
2018-09-11 오전 8:42:56,테라젠이텍스,16450,0,0
2018-09-11 오전 8:42:57,테라젠이텍스,16450,0,0
2018-09-11 오전 8:42:58,테라젠이텍스,16450,0,0
2018-09-11 오전 8:42:58,테라젠이텍스,16450,0,0
2018-09-11 오전 8:42:58,테라젠이텍스,16500,0,0
2018-09-11 오전 8:42:59,테라젠이텍스,16500,0,0
2018-09-11 오전 8:42:59,테라젠이텍스,16500,0,0
2018-09-11 오전 8:43:00,테라젠이텍스,16500,0,0
2018-09-11 오전 8:43:01,테라젠이텍스,16400,0,0
2018-09-11 오전 8:43:01,테라젠이텍스,16400,0,0
2018-09-11 오전 8:43:01,테라젠이텍스,16500,0,0
2018-09-11 오전 8:43:03,테라젠이텍스,16500,0,0
2018-09-11 오전 8:43:04,테라젠이텍스,16500,0,0
2018-09-11 오전 8:43:05,테라젠이텍스,16500,0,0
2018-09-11 오전 8:43:07,테라젠이텍스,16500,0,0
2018-09-11 오전 8:43:07,테라젠이텍스,16500,0,0
2018-09-11 오전 8:43:11,테라젠이텍스,16500,0,0
2018-09-11 오전 8:43:12,테라젠이텍스,16500,0,0
2018-09-11 오전 8:43:16,테라젠이텍스,16500,0,0
2018-09-11 오전 8:43:16,테라젠이텍스,16500,0,0
2018-09-11 오전 8:43:16,테라젠이텍스,16500,0,0
2018-09-11 오전 8:43:18,테라젠이텍스,16500,0,0
2018-09-11 오전 8:43:18,테라젠이텍스,16500,0,0
2018-09-11 오전 8:43:19,테라젠이텍스,16500,0,0
2018-09-11 오전 8:43:19,테라젠이텍스,16500,0,0
2018-09-11 오전 8:43:21,테라젠이텍스,16500,0,0
2018-09-11 오전 8:43:22,테라젠이텍스,16500,0,0
2018-09-11 오전 8:43:22,테라젠이텍스,16500,0,0
2018-09-11 오전 8:43:22,테라젠이텍스,16500,0,0
2018-09-11 오전 8:43:22,테라젠이텍스,16500,0,0
2018-09-11 오전 8:43:23,테라젠이텍스,16500,0,0
2018-09-11 오전 8:43:23,테라젠이텍스,16500,0,0
2018-09-11 오전 8:43:23,테라젠이텍스,16500,0,0
2018-09-11 오전 8:43:27,테라젠이텍스,16500,0,0
2018-09-11 오전 8:43:28,테라젠이텍스,16500,0,0
2018-09-11 오전 8:43:29,테라젠이텍스,16500,0,0
2018-09-11 오전 8:43:30,테라젠이텍스,16500,0,0
2018-09-11 오전 8:43:32,테라젠이텍스,16500,0,0
2018-09-11 오전 8:43:33,테라젠이텍스,16500,0,0
2018-09-11 오전 8:43:34,테라젠이텍스,16500,0,0
2018-09-11 오전 8:43:35,테라젠이텍스,16500,0,0
2018-09-11 오전 8:43:37,테라젠이텍스,16500,0,0
2018-09-11 오전 8:43:38,테라젠이텍스,16500,0,0
2018-09-11 오전 8:43:38,테라젠이텍스,16500,0,0
2018-09-11 오전 8:43:39,테라젠이텍스,16500,0,0
2018-09-11 오전 8:43:40,테라젠이텍스,16500,0,0
2018-09-11 오전 8:43:41,테라젠이텍스,16500,0,0
2018-09-11 오전 8:43:42,테라젠이텍스,16500,0,0
2018-09-11 오전 8:43:46,테라젠이텍스,16500,0,0
2018-09-11 오전 8:43:47,테라젠이텍스,16500,0,0
2018-09-11 오전 8:43:48,테라젠이텍스,16500,0,0
2018-09-11 오전 8:43:49,테라젠이텍스,16500,0,0
2018-09-11 오전 8:43:49,테라젠이텍스,16500,0,0
2018-09-11 오전 8:43:49,테라젠이텍스,16500,0,0
2018-09-11 오전 8:43:49,테라젠이텍스,16500,0,0
2018-09-11 오전 8:43:50,테라젠이텍스,16500,0,0
2018-09-11 오전 8:43:52,테라젠이텍스,16500,0,0
2018-09-11 오전 8:43:52,테라젠이텍스,16500,0,0
2018-09-11 오전 8:43:53,테라젠이텍스,16500,0,0
2018-09-11 오전 8:43:53,테라젠이텍스,16500,0,0
2018-09-11 오전 8:43:54,테라젠이텍스,16500,0,0
2018-09-11 오전 8:43:56,테라젠이텍스,16500,0,0
2018-09-11 오전 8:43:56,테라젠이텍스,16500,0,0
2018-09-11 오전 8:43:56,테라젠이텍스,16500,0,0
2018-09-11 오전 8:43:57,테라젠이텍스,16500,0,0
2018-09-11 오전 8:44:00,테라젠이텍스,16500,0,0
2018-09-11 오전 8:44:01,테라젠이텍스,16500,0,0
2018-09-11 오전 8:44:01,테라젠이텍스,16500,0,0
2018-09-11 오전 8:44:02,테라젠이텍스,16500,0,0
2018-09-11 오전 8:44:04,테라젠이텍스,16500,0,0
2018-09-11 오전 8:44:06,테라젠이텍스,16500,0,0
2018-09-11 오전 8:44:07,테라젠이텍스,16500,0,0
2018-09-11 오전 8:44:07,테라젠이텍스,16500,0,0
2018-09-11 오전 8:44:09,테라젠이텍스,16500,0,0
2018-09-11 오전 8:44:09,테라젠이텍스,16500,0,0
2018-09-11 오전 8:44:11,테라젠이텍스,16500,0,0
2018-09-11 오전 8:44:12,테라젠이텍스,16500,0,0
2018-09-11 오전 8:44:12,테라젠이텍스,16500,0,0
2018-09-11 오전 8:44:12,테라젠이텍스,16500,0,0
2018-09-11 오전 8:44:16,테라젠이텍스,16500,0,0
2018-09-11 오전 8:44:17,테라젠이텍스,16500,0,0
2018-09-11 오전 8:44:19,테라젠이텍스,16500,0,0
2018-09-11 오전 8:44:19,테라젠이텍스,16500,0,0
2018-09-11 오전 8:44:22,테라젠이텍스,16500,0,0
2018-09-11 오전 8:44:23,테라젠이텍스,16500,0,0
2018-09-11 오전 8:44:26,테라젠이텍스,16500,0,0
2018-09-11 오전 8:44:26,테라젠이텍스,16500,0,0
2018-09-11 오전 8:44:27,테라젠이텍스,16500,0,0
2018-09-11 오전 8:44:28,테라젠이텍스,16500,0,0
2018-09-11 오전 8:44:29,테라젠이텍스,16400,0,0
2018-09-11 오전 8:44:29,테라젠이텍스,16400,0,0
2018-09-11 오전 8:44:30,테라젠이텍스,16400,0,0
2018-09-11 오전 8:44:31,테라젠이텍스,16400,0,0
2018-09-11 오전 8:44:31,테라젠이텍스,16400,0,0
2018-09-11 오전 8:44:32,테라젠이텍스,16400,0,0
2018-09-11 오전 8:44:35,테라젠이텍스,16400,0,0
2018-09-11 오전 8:44:38,테라젠이텍스,16400,0,0
2018-09-11 오전 8:44:40,테라젠이텍스,16400,0,0
2018-09-11 오전 8:44:40,테라젠이텍스,16400,0,0
2018-09-11 오전 8:44:40,테라젠이텍스,16400,0,0
2018-09-11 오전 8:44:42,테라젠이텍스,16400,0,0
2018-09-11 오전 8:44:43,테라젠이텍스,16400,0,0
2018-09-11 오전 8:44:44,테라젠이텍스,16400,0,0
2018-09-11 오전 8:44:48,테라젠이텍스,16400,0,0
2018-09-11 오전 8:44:49,테라젠이텍스,16400,0,0
2018-09-11 오전 8:44:49,테라젠이텍스,16400,0,0
2018-09-11 오전 8:44:49,테라젠이텍스,16400,0,0
2018-09-11 오전 8:44:49,테라젠이텍스,15950,0,0
2018-09-11 오전 8:44:55,테라젠이텍스,15950,0,0
2018-09-11 오전 8:44:58,테라젠이텍스,15950,0,0
2018-09-11 오전 8:44:59,테라젠이텍스,15950,0,0
2018-09-11 오전 8:45:02,테라젠이텍스,16000,0,0
2018-09-11 오전 8:45:04,테라젠이텍스,16000,0,0
2018-09-11 오전 8:45:05,테라젠이텍스,16000,0,0
2018-09-11 오전 8:45:09,테라젠이텍스,16000,0,0
2018-09-11 오전 8:45:09,테라젠이텍스,16000,0,0
2018-09-11 오전 8:45:09,테라젠이텍스,16000,0,0
2018-09-11 오전 8:45:10,테라젠이텍스,16000,0,0
2018-09-11 오전 8:45:10,테라젠이텍스,16000,0,0
2018-09-11 오전 8:45:12,테라젠이텍스,15950,0,0
2018-09-11 오전 8:45:17,테라젠이텍스,15950,0,0
2018-09-11 오전 8:45:18,테라젠이텍스,15950,0,0
2018-09-11 오전 8:45:20,테라젠이텍스,15900,0,0
2018-09-11 오전 8:45:20,테라젠이텍스,15900,0,0
2018-09-11 오전 8:45:21,테라젠이텍스,15900,0,0
2018-09-11 오전 8:45:21,테라젠이텍스,15900,0,0
2018-09-11 오전 8:45:22,테라젠이텍스,15900,0,0
2018-09-11 오전 8:45:23,테라젠이텍스,15900,0,0
2018-09-11 오전 8:45:27,테라젠이텍스,15900,0,0
2018-09-11 오전 8:45:28,테라젠이텍스,15900,0,0
2018-09-11 오전 8:45:28,테라젠이텍스,15900,0,0
2018-09-11 오전 8:45:28,테라젠이텍스,15900,0,0
2018-09-11 오전 8:45:28,테라젠이텍스,15900,0,0
2018-09-11 오전 8:45:29,테라젠이텍스,15850,0,0
2018-09-11 오전 8:45:29,테라젠이텍스,15850,0,0
2018-09-11 오전 8:45:29,테라젠이텍스,15850,0,0
2018-09-11 오전 8:45:30,테라젠이텍스,15850,0,0
2018-09-11 오전 8:45:31,테라젠이텍스,15800,0,0
2018-09-11 오전 8:45:35,테라젠이텍스,15800,0,0
2018-09-11 오전 8:45:37,테라젠이텍스,15800,0,0
2018-09-11 오전 8:45:41,테라젠이텍스,15800,0,0
2018-09-11 오전 8:45:42,테라젠이텍스,15650,0,0
2018-09-11 오전 8:45:43,테라젠이텍스,15650,0,0
2018-09-11 오전 8:45:43,테라젠이텍스,15650,0,0
2018-09-11 오전 8:45:43,테라젠이텍스,15650,0,0
2018-09-11 오전 8:45:47,테라젠이텍스,15650,0,0
2018-09-11 오전 8:45:48,테라젠이텍스,15650,0,0
2018-09-11 오전 8:45:54,테라젠이텍스,15600,0,0
2018-09-11 오전 8:45:54,테라젠이텍스,15600,0,0
2018-09-11 오전 8:45:55,테라젠이텍스,15500,0,0
2018-09-11 오전 8:45:55,테라젠이텍스,15500,0,0
2018-09-11 오전 8:45:57,테라젠이텍스,15500,0,0
2018-09-11 오전 8:45:58,테라젠이텍스,15500,0,0
2018-09-11 오전 8:45:58,테라젠이텍스,15500,0,0
2018-09-11 오전 8:45:59,테라젠이텍스,15500,0,0
2018-09-11 오전 8:46:00,테라젠이텍스,15500,0,0
2018-09-11 오전 8:46:01,테라젠이텍스,15500,0,0
2018-09-11 오전 8:46:01,테라젠이텍스,15500,0,0
2018-09-11 오전 8:46:02,테라젠이텍스,15500,0,0
2018-09-11 오전 8:46:03,테라젠이텍스,15500,0,0
2018-09-11 오전 8:46:04,테라젠이텍스,15450,0,0
2018-09-11 오전 8:46:04,테라젠이텍스,15450,0,0
2018-09-11 오전 8:46:05,테라젠이텍스,15450,0,0
2018-09-11 오전 8:46:08,테라젠이텍스,15450,0,0
2018-09-11 오전 8:46:19,테라젠이텍스,15100,0,0
2018-09-11 오전 8:46:20,테라젠이텍스,15100,0,0
2018-09-11 오전 8:46:21,테라젠이텍스,15100,0,0
2018-09-11 오전 8:46:22,테라젠이텍스,15100,0,0
2018-09-11 오전 8:46:24,테라젠이텍스,13800,0,0
2018-09-11 오전 8:46:25,테라젠이텍스,13800,0,0
2018-09-11 오전 8:46:25,테라젠이텍스,13800,0,0
2018-09-11 오전 8:46:26,테라젠이텍스,13800,0,0
2018-09-11 오전 8:46:33,테라젠이텍스,13800,0,0
2018-09-11 오전 8:46:34,테라젠이텍스,13800,0,0
2018-09-11 오전 8:46:40,테라젠이텍스,14300,0,0
2018-09-11 오전 8:46:41,테라젠이텍스,14300,0,0
2018-09-11 오전 8:46:43,테라젠이텍스,14300,0,0
2018-09-11 오전 8:46:46,테라젠이텍스,14300,0,0
2018-09-11 오전 8:46:46,테라젠이텍스,14300,0,0
2018-09-11 오전 8:46:49,테라젠이텍스,14300,0,0
2018-09-11 오전 8:46:50,테라젠이텍스,14300,0,0
2018-09-11 오전 8:46:53,테라젠이텍스,14300,0,0
2018-09-11 오전 8:46:55,테라젠이텍스,14300,0,0
2018-09-11 오전 8:46:58,테라젠이텍스,14350,0,0
2018-09-11 오전 8:46:59,테라젠이텍스,14350,0,0
2018-09-11 오전 8:47:00,테라젠이텍스,14350,0,0
2018-09-11 오전 8:47:00,테라젠이텍스,14350,0,0
2018-09-11 오전 8:47:02,테라젠이텍스,14350,0,0
2018-09-11 오전 8:47:05,테라젠이텍스,14350,0,0
2018-09-11 오전 8:47:05,테라젠이텍스,14350,0,0
2018-09-11 오전 8:47:05,테라젠이텍스,14350,0,0
2018-09-11 오전 8:47:06,테라젠이텍스,14350,0,0
2018-09-11 오전 8:47:07,테라젠이텍스,14350,0,0
2018-09-11 오전 8:47:07,테라젠이텍스,14350,0,0
2018-09-11 오전 8:47:10,테라젠이텍스,14350,0,0
2018-09-11 오전 8:47:11,테라젠이텍스,14350,0,0
2018-09-11 오전 8:47:11,테라젠이텍스,14350,0,0
2018-09-11 오전 8:47:12,테라젠이텍스,14350,0,0
2018-09-11 오전 8:47:12,테라젠이텍스,14350,0,0
2018-09-11 오전 8:47:14,테라젠이텍스,14350,0,0
2018-09-11 오전 8:47:15,테라젠이텍스,14350,0,0
2018-09-11 오전 8:47:15,테라젠이텍스,14350,0,0
2018-09-11 오전 8:47:16,테라젠이텍스,14350,0,0
2018-09-11 오전 8:47:16,테라젠이텍스,14350,0,0
2018-09-11 오전 8:47:19,테라젠이텍스,14350,0,0
2018-09-11 오전 8:47:19,테라젠이텍스,14350,0,0
2018-09-11 오전 8:47:20,테라젠이텍스,14350,0,0
2018-09-11 오전 8:47:20,테라젠이텍스,14150,0,0
2018-09-11 오전 8:47:22,테라젠이텍스,14150,0,0
2018-09-11 오전 8:47:22,테라젠이텍스,14150,0,0
2018-09-11 오전 8:47:27,테라젠이텍스,14150,0,0
2018-09-11 오전 8:47:27,테라젠이텍스,14200,0,0
2018-09-11 오전 8:47:27,테라젠이텍스,14200,0,0
2018-09-11 오전 8:47:29,테라젠이텍스,14200,0,0
2018-09-11 오전 8:47:30,테라젠이텍스,14200,0,0
2018-09-11 오전 8:47:32,테라젠이텍스,14200,0,0
2018-09-11 오전 8:47:33,테라젠이텍스,14200,0,0
2018-09-11 오전 8:47:34,테라젠이텍스,14200,0,0
2018-09-11 오전 8:47:35,테라젠이텍스,14200,0,0
2018-09-11 오전 8:47:35,테라젠이텍스,14200,0,0
2018-09-11 오전 8:47:36,테라젠이텍스,14200,0,0
2018-09-11 오전 8:47:37,테라젠이텍스,14200,0,0
2018-09-11 오전 8:47:38,테라젠이텍스,14200,0,0
2018-09-11 오전 8:47:39,테라젠이텍스,14200,0,0
2018-09-11 오전 8:47:42,테라젠이텍스,14200,0,0
2018-09-11 오전 8:47:43,테라젠이텍스,14200,0,0
2018-09-11 오전 8:47:43,테라젠이텍스,14200,0,0
2018-09-11 오전 8:47:45,테라젠이텍스,14200,0,0
2018-09-11 오전 8:47:45,테라젠이텍스,14200,0,0
2018-09-11 오전 8:47:46,테라젠이텍스,14200,0,0
2018-09-11 오전 8:47:47,테라젠이텍스,14200,0,0
2018-09-11 오전 8:47:49,테라젠이텍스,14200,0,0
2018-09-11 오전 8:47:51,테라젠이텍스,14200,0,0
2018-09-11 오전 8:47:51,테라젠이텍스,14200,0,0
2018-09-11 오전 8:47:53,테라젠이텍스,14200,0,0
2018-09-11 오전 8:47:53,테라젠이텍스,14200,0,0
2018-09-11 오전 8:47:58,테라젠이텍스,14200,0,0
2018-09-11 오전 8:48:00,테라젠이텍스,14200,0,0
2018-09-11 오전 8:48:07,테라젠이텍스,14200,0,0
2018-09-11 오전 8:48:08,테라젠이텍스,14200,0,0
2018-09-11 오전 8:48:08,테라젠이텍스,14200,0,0
2018-09-11 오전 8:48:08,테라젠이텍스,14200,0,0
2018-09-11 오전 8:48:16,테라젠이텍스,14200,0,0
2018-09-11 오전 8:48:20,테라젠이텍스,14200,0,0
2018-09-11 오전 8:48:21,테라젠이텍스,14200,0,0
2018-09-11 오전 8:48:23,테라젠이텍스,14200,0,0
2018-09-11 오전 8:48:25,테라젠이텍스,14200,0,0
2018-09-11 오전 8:48:25,테라젠이텍스,14200,0,0
2018-09-11 오전 8:48:32,테라젠이텍스,14200,0,0
2018-09-11 오전 8:48:33,테라젠이텍스,14200,0,0
2018-09-11 오전 8:48:35,테라젠이텍스,14200,0,0
2018-09-11 오전 8:48:43,테라젠이텍스,14200,0,0
2018-09-11 오전 8:48:44,테라젠이텍스,14200,0,0
2018-09-11 오전 8:48:47,테라젠이텍스,14200,0,0
2018-09-11 오전 8:48:50,테라젠이텍스,14200,0,0
2018-09-11 오전 8:48:51,테라젠이텍스,14200,0,0
2018-09-11 오전 8:48:54,테라젠이텍스,14200,0,0
2018-09-11 오전 8:48:56,테라젠이텍스,14200,0,0
2018-09-11 오전 8:48:56,테라젠이텍스,14200,0,0
2018-09-11 오전 8:48:56,테라젠이텍스,13900,0,0
2018-09-11 오전 8:48:56,테라젠이텍스,13700,0,0
2018-09-11 오전 8:48:56,테라젠이텍스,13200,0,0
2018-09-11 오전 8:49:02,테라젠이텍스,13200,0,0
2018-09-11 오전 8:49:04,테라젠이텍스,13200,0,0
2018-09-11 오전 8:49:10,테라젠이텍스,13200,0,0
2018-09-11 오전 8:49:11,테라젠이텍스,13200,0,0
2018-09-11 오전 8:49:12,테라젠이텍스,13200,0,0
2018-09-11 오전 8:49:12,테라젠이텍스,13200,0,0
2018-09-11 오전 8:49:14,테라젠이텍스,13250,0,0
2018-09-11 오전 8:49:14,테라젠이텍스,13250,0,0
2018-09-11 오전 8:49:22,테라젠이텍스,13250,0,0
2018-09-11 오전 8:49:23,테라젠이텍스,13250,0,0
2018-09-11 오전 8:49:25,테라젠이텍스,13250,0,0
2018-09-11 오전 8:49:25,테라젠이텍스,13300,0,0
2018-09-11 오전 8:49:26,테라젠이텍스,13300,0,0
2018-09-11 오전 8:49:27,테라젠이텍스,13300,0,0
2018-09-11 오전 8:49:29,테라젠이텍스,13300,0,0
2018-09-11 오전 8:49:29,테라젠이텍스,13300,0,0
2018-09-11 오전 8:49:34,테라젠이텍스,13250,0,0
2018-09-11 오전 8:49:36,테라젠이텍스,13250,0,0
2018-09-11 오전 8:49:37,테라젠이텍스,13250,0,0
2018-09-11 오전 8:49:37,테라젠이텍스,13250,0,0
2018-09-11 오전 8:49:38,테라젠이텍스,13250,0,0
2018-09-11 오전 8:49:41,테라젠이텍스,13250,0,0
2018-09-11 오전 8:49:42,테라젠이텍스,13250,0,0
2018-09-11 오전 8:49:45,테라젠이텍스,13250,0,0
2018-09-11 오전 8:49:45,테라젠이텍스,13250,0,0
2018-09-11 오전 8:49:48,테라젠이텍스,13250,0,0
2018-09-11 오전 8:49:48,테라젠이텍스,13250,0,0
2018-09-11 오전 8:49:53,테라젠이텍스,13250,0,0
2018-09-11 오전 8:49:54,테라젠이텍스,13250,0,0
2018-09-11 오전 8:49:54,테라젠이텍스,13250,0,0
2018-09-11 오전 8:49:55,테라젠이텍스,13250,0,0
2018-09-11 오전 8:50:03,테라젠이텍스,13250,0,0
2018-09-11 오전 8:50:04,테라젠이텍스,13250,0,0
2018-09-11 오전 8:50:04,테라젠이텍스,13250,0,0
2018-09-11 오전 8:50:07,테라젠이텍스,13250,0,0
2018-09-11 오전 8:50:08,테라젠이텍스,13250,0,0
2018-09-11 오전 8:50:08,테라젠이텍스,13250,0,0
2018-09-11 오전 8:50:10,테라젠이텍스,13250,0,0
2018-09-11 오전 8:50:11,테라젠이텍스,13250,0,0
2018-09-11 오전 8:50:12,테라젠이텍스,13250,0,0
2018-09-11 오전 8:50:12,테라젠이텍스,13250,0,0
2018-09-11 오전 8:50:14,테라젠이텍스,13250,0,0
2018-09-11 오전 8:50:15,테라젠이텍스,13250,0,0
2018-09-11 오전 8:50:19,테라젠이텍스,13250,0,0
2018-09-11 오전 8:50:20,테라젠이텍스,13250,0,0
2018-09-11 오전 8:50:20,테라젠이텍스,13250,0,0
2018-09-11 오전 8:50:21,테라젠이텍스,13250,0,0
2018-09-11 오전 8:50:21,테라젠이텍스,13250,0,0
2018-09-11 오전 8:50:24,테라젠이텍스,13250,0,0
2018-09-11 오전 8:50:27,테라젠이텍스,13250,0,0
2018-09-11 오전 8:50:31,테라젠이텍스,13250,0,0
2018-09-11 오전 8:50:32,테라젠이텍스,13250,0,0
2018-09-11 오전 8:50:33,테라젠이텍스,13250,0,0
2018-09-11 오전 8:50:34,테라젠이텍스,13200,0,0
2018-09-11 오전 8:50:36,테라젠이텍스,13200,0,0
2018-09-11 오전 8:50:37,테라젠이텍스,13200,0,0
2018-09-11 오전 8:50:37,테라젠이텍스,13200,0,0
2018-09-11 오전 8:50:41,테라젠이텍스,13200,0,0
2018-09-11 오전 8:50:41,테라젠이텍스,13200,0,0
2018-09-11 오전 8:50:42,테라젠이텍스,13200,0,0
2018-09-11 오전 8:50:44,테라젠이텍스,13200,0,0
2018-09-11 오전 8:50:48,테라젠이텍스,13200,0,0
2018-09-11 오전 8:50:50,테라젠이텍스,13200,0,0
2018-09-11 오전 8:50:50,테라젠이텍스,13200,0,0
2018-09-11 오전 8:50:50,테라젠이텍스,13200,0,0
2018-09-11 오전 8:50:51,테라젠이텍스,13200,0,0
2018-09-11 오전 8:50:51,테라젠이텍스,13200,0,0
2018-09-11 오전 8:50:53,테라젠이텍스,13250,0,0
2018-09-11 오전 8:50:58,테라젠이텍스,13250,0,0
2018-09-11 오전 8:51:02,테라젠이텍스,13250,0,0
2018-09-11 오전 8:51:05,테라젠이텍스,13250,0,0
2018-09-11 오전 8:51:06,테라젠이텍스,13250,0,0
2018-09-11 오전 8:51:07,테라젠이텍스,13250,0,0
2018-09-11 오전 8:51:08,테라젠이텍스,13250,0,0
2018-09-11 오전 8:51:17,테라젠이텍스,13300,0,0
2018-09-11 오전 8:51:17,테라젠이텍스,13300,0,0
2018-09-11 오전 8:51:19,테라젠이텍스,13300,0,0
2018-09-11 오전 8:51:21,테라젠이텍스,13300,0,0
2018-09-11 오전 8:51:24,테라젠이텍스,13300,0,0
2018-09-11 오전 8:51:24,테라젠이텍스,13300,0,0
2018-09-11 오전 8:51:26,테라젠이텍스,13300,0,0
2018-09-11 오전 8:51:30,테라젠이텍스,13300,0,0
2018-09-11 오전 8:51:31,테라젠이텍스,13300,0,0
2018-09-11 오전 8:51:32,테라젠이텍스,13300,0,0
2018-09-11 오전 8:51:38,테라젠이텍스,13300,0,0
2018-09-11 오전 8:51:39,테라젠이텍스,13300,0,0
2018-09-11 오전 8:51:41,테라젠이텍스,13300,0,0
2018-09-11 오전 8:51:42,테라젠이텍스,13300,0,0
2018-09-11 오전 8:51:43,테라젠이텍스,13300,0,0
2018-09-11 오전 8:51:44,테라젠이텍스,13300,0,0
2018-09-11 오전 8:51:45,테라젠이텍스,13300,0,0
2018-09-11 오전 8:51:46,테라젠이텍스,13300,0,0
2018-09-11 오전 8:51:50,테라젠이텍스,13300,0,0
2018-09-11 오전 8:51:50,테라젠이텍스,13300,0,0
2018-09-11 오전 8:51:53,테라젠이텍스,13300,0,0
2018-09-11 오전 8:52:00,테라젠이텍스,13300,0,0
2018-09-11 오전 8:52:02,테라젠이텍스,13300,0,0
2018-09-11 오전 8:52:11,테라젠이텍스,13300,0,0
2018-09-11 오전 8:52:11,테라젠이텍스,13300,0,0
2018-09-11 오전 8:52:11,테라젠이텍스,13300,0,0
2018-09-11 오전 8:52:12,테라젠이텍스,13300,0,0
2018-09-11 오전 8:52:13,테라젠이텍스,13300,0,0
2018-09-11 오전 8:52:14,테라젠이텍스,13300,0,0
2018-09-11 오전 8:52:17,테라젠이텍스,13300,0,0
2018-09-11 오전 8:52:20,테라젠이텍스,13300,0,0
2018-09-11 오전 8:52:21,테라젠이텍스,13300,0,0
2018-09-11 오전 8:52:22,테라젠이텍스,13300,0,0
2018-09-11 오전 8:52:24,테라젠이텍스,13300,0,0
2018-09-11 오전 8:52:25,테라젠이텍스,13300,0,0
2018-09-11 오전 8:52:25,테라젠이텍스,13300,0,0
2018-09-11 오전 8:52:25,테라젠이텍스,13300,0,0
2018-09-11 오전 8:52:27,테라젠이텍스,13300,0,0
2018-09-11 오전 8:52:30,테라젠이텍스,13300,0,0
2018-09-11 오전 8:52:33,테라젠이텍스,13300,0,0
2018-09-11 오전 8:52:36,테라젠이텍스,13300,0,0
2018-09-11 오전 8:52:36,테라젠이텍스,13300,0,0
2018-09-11 오전 8:52:37,테라젠이텍스,13300,0,0
2018-09-11 오전 8:52:39,테라젠이텍스,13300,0,0
2018-09-11 오전 8:52:40,테라젠이텍스,13300,0,0
2018-09-11 오전 8:52:41,테라젠이텍스,13300,0,0
2018-09-11 오전 8:52:41,테라젠이텍스,13300,0,0
2018-09-11 오전 8:52:43,테라젠이텍스,13300,0,0
2018-09-11 오전 8:52:43,테라젠이텍스,13300,0,0
2018-09-11 오전 8:52:45,테라젠이텍스,13300,0,0
2018-09-11 오전 8:52:46,테라젠이텍스,13300,0,0
2018-09-11 오전 8:52:47,테라젠이텍스,13300,0,0
2018-09-11 오전 8:53:02,테라젠이텍스,13300,0,0
2018-09-11 오전 8:53:04,테라젠이텍스,13300,0,0
2018-09-11 오전 8:53:04,테라젠이텍스,13300,0,0
2018-09-11 오전 8:53:05,테라젠이텍스,13300,0,0
2018-09-11 오전 8:53:06,테라젠이텍스,13300,0,0
2018-09-11 오전 8:53:06,테라젠이텍스,13300,0,0
2018-09-11 오전 8:53:08,테라젠이텍스,13300,0,0
2018-09-11 오전 8:53:09,테라젠이텍스,13300,0,0
2018-09-11 오전 8:53:09,테라젠이텍스,13300,0,0
2018-09-11 오전 8:53:11,테라젠이텍스,13300,0,0
2018-09-11 오전 8:53:11,테라젠이텍스,13300,0,0
2018-09-11 오전 8:53:12,테라젠이텍스,13300,0,0
2018-09-11 오전 8:53:14,테라젠이텍스,13300,0,0
2018-09-11 오전 8:53:15,테라젠이텍스,13300,0,0
2018-09-11 오전 8:53:20,테라젠이텍스,13300,0,0
2018-09-11 오전 8:53:23,테라젠이텍스,13300,0,0
2018-09-11 오전 8:53:33,테라젠이텍스,13300,0,0
2018-09-11 오전 8:53:39,테라젠이텍스,13300,0,0
2018-09-11 오전 8:53:39,테라젠이텍스,13300,0,0
2018-09-11 오전 8:53:39,테라젠이텍스,13300,0,0
2018-09-11 오전 8:53:42,테라젠이텍스,13300,0,0
2018-09-11 오전 8:53:43,테라젠이텍스,13300,0,0
2018-09-11 오전 8:53:43,테라젠이텍스,13300,0,0
2018-09-11 오전 8:53:44,테라젠이텍스,13300,0,0
2018-09-11 오전 8:53:44,테라젠이텍스,13300,0,0
2018-09-11 오전 8:53:47,테라젠이텍스,13300,0,0
2018-09-11 오전 8:53:47,테라젠이텍스,13300,0,0
2018-09-11 오전 8:53:52,테라젠이텍스,13300,0,0
2018-09-11 오전 8:53:56,테라젠이텍스,13300,0,0
2018-09-11 오전 8:53:58,테라젠이텍스,13300,0,0
2018-09-11 오전 8:53:58,테라젠이텍스,13300,0,0
2018-09-11 오전 8:53:58,테라젠이텍스,13300,0,0
2018-09-11 오전 8:53:59,테라젠이텍스,13300,0,0
2018-09-11 오전 8:54:00,테라젠이텍스,13300,0,0
2018-09-11 오전 8:54:04,테라젠이텍스,13300,0,0
2018-09-11 오전 8:54:05,테라젠이텍스,13300,0,0
2018-09-11 오전 8:54:17,테라젠이텍스,13300,0,0
2018-09-11 오전 8:54:17,테라젠이텍스,13300,0,0
2018-09-11 오전 8:54:17,테라젠이텍스,13300,0,0
2018-09-11 오전 8:54:22,테라젠이텍스,13300,0,0
2018-09-11 오전 8:54:22,테라젠이텍스,13300,0,0
2018-09-11 오전 8:54:32,테라젠이텍스,13300,0,0
2018-09-11 오전 8:54:33,테라젠이텍스,13300,0,0
2018-09-11 오전 8:54:39,테라젠이텍스,13300,0,0
2018-09-11 오전 8:54:39,테라젠이텍스,13300,0,0
2018-09-11 오전 8:54:41,테라젠이텍스,13300,0,0
2018-09-11 오전 8:54:45,테라젠이텍스,13300,0,0
2018-09-11 오전 8:54:48,테라젠이텍스,13300,0,0
2018-09-11 오전 8:54:52,테라젠이텍스,13300,0,0
2018-09-11 오전 8:54:53,테라젠이텍스,13300,0,0
2018-09-11 오전 8:54:54,테라젠이텍스,13300,0,0
2018-09-11 오전 8:54:54,테라젠이텍스,13300,0,0
2018-09-11 오전 8:54:55,테라젠이텍스,13300,0,0
2018-09-11 오전 8:54:57,테라젠이텍스,13300,0,0
2018-09-11 오전 8:54:57,테라젠이텍스,13300,0,0
2018-09-11 오전 8:54:58,테라젠이텍스,13300,0,0
2018-09-11 오전 8:54:58,테라젠이텍스,13300,0,0
2018-09-11 오전 8:54:59,테라젠이텍스,13300,0,0
2018-09-11 오전 8:54:59,테라젠이텍스,13300,0,0
2018-09-11 오전 8:55:01,테라젠이텍스,13300,0,0
2018-09-11 오전 8:55:04,테라젠이텍스,13300,0,0
2018-09-11 오전 8:55:10,테라젠이텍스,13300,0,0
2018-09-11 오전 8:55:11,테라젠이텍스,13300,0,0
2018-09-11 오전 8:55:13,테라젠이텍스,13300,0,0
2018-09-11 오전 8:55:13,테라젠이텍스,13300,0,0
2018-09-11 오전 8:55:15,테라젠이텍스,13300,0,0
2018-09-11 오전 8:55:19,테라젠이텍스,13300,0,0
2018-09-11 오전 8:55:19,테라젠이텍스,13300,0,0
2018-09-11 오전 8:55:19,테라젠이텍스,13300,0,0
2018-09-11 오전 8:55:19,테라젠이텍스,13300,0,0
2018-09-11 오전 8:55:21,테라젠이텍스,13300,0,0
2018-09-11 오전 8:55:23,테라젠이텍스,13300,0,0
2018-09-11 오전 8:55:24,테라젠이텍스,13300,0,0
2018-09-11 오전 8:55:26,테라젠이텍스,13300,0,0
2018-09-11 오전 8:55:27,테라젠이텍스,13300,0,0
2018-09-11 오전 8:55:27,테라젠이텍스,13300,0,0
2018-09-11 오전 8:55:28,테라젠이텍스,13300,0,0
2018-09-11 오전 8:55:28,테라젠이텍스,13300,0,0
2018-09-11 오전 8:55:31,테라젠이텍스,13300,0,0
2018-09-11 오전 8:55:31,테라젠이텍스,13300,0,0
2018-09-11 오전 8:55:32,테라젠이텍스,13300,0,0
2018-09-11 오전 8:55:33,테라젠이텍스,13300,0,0
2018-09-11 오전 8:55:36,테라젠이텍스,13300,0,0
2018-09-11 오전 8:55:37,테라젠이텍스,13300,0,0
2018-09-11 오전 8:55:39,테라젠이텍스,13300,0,0
2018-09-11 오전 8:55:42,테라젠이텍스,13300,0,0
2018-09-11 오전 8:55:42,테라젠이텍스,13300,0,0
2018-09-11 오전 8:55:43,테라젠이텍스,13300,0,0
2018-09-11 오전 8:55:43,테라젠이텍스,13300,0,0
2018-09-11 오전 8:55:46,테라젠이텍스,13300,0,0
2018-09-11 오전 8:55:46,테라젠이텍스,13300,0,0
2018-09-11 오전 8:55:48,테라젠이텍스,13300,0,0
2018-09-11 오전 8:55:49,테라젠이텍스,13300,0,0
2018-09-11 오전 8:55:51,테라젠이텍스,13300,0,0
2018-09-11 오전 8:55:51,테라젠이텍스,13300,0,0
2018-09-11 오전 8:55:52,테라젠이텍스,13300,0,0
2018-09-11 오전 8:55:53,테라젠이텍스,13300,0,0
2018-09-11 오전 8:55:56,테라젠이텍스,13300,0,0
2018-09-11 오전 8:55:57,테라젠이텍스,13300,0,0
2018-09-11 오전 8:55:57,테라젠이텍스,13300,0,0
2018-09-11 오전 8:56:01,테라젠이텍스,13300,0,0
2018-09-11 오전 8:56:02,테라젠이텍스,13300,0,0
2018-09-11 오전 8:56:02,테라젠이텍스,13300,0,0
2018-09-11 오전 8:56:05,테라젠이텍스,13300,0,0
2018-09-11 오전 8:56:05,테라젠이텍스,13300,0,0
2018-09-11 오전 8:56:07,테라젠이텍스,13300,0,0
2018-09-11 오전 8:56:08,테라젠이텍스,13300,0,0
2018-09-11 오전 8:56:09,테라젠이텍스,13300,0,0
2018-09-11 오전 8:56:10,테라젠이텍스,13300,0,0
2018-09-11 오전 8:56:11,테라젠이텍스,13300,0,0
2018-09-11 오전 8:56:12,테라젠이텍스,13300,0,0
2018-09-11 오전 8:56:14,테라젠이텍스,13300,0,0
2018-09-11 오전 8:56:15,테라젠이텍스,13300,0,0
2018-09-11 오전 8:56:16,테라젠이텍스,13300,0,0
2018-09-11 오전 8:56:18,테라젠이텍스,13300,0,0
2018-09-11 오전 8:56:19,테라젠이텍스,13300,0,0
2018-09-11 오전 8:56:19,테라젠이텍스,13300,0,0
2018-09-11 오전 8:56:21,테라젠이텍스,13300,0,0
2018-09-11 오전 8:56:23,테라젠이텍스,13300,0,0
2018-09-11 오전 8:56:28,테라젠이텍스,13300,0,0
2018-09-11 오전 8:56:30,테라젠이텍스,13300,0,0
2018-09-11 오전 8:56:30,테라젠이텍스,13300,0,0
2018-09-11 오전 8:56:35,테라젠이텍스,13250,0,0
2018-09-11 오전 8:56:36,테라젠이텍스,13250,0,0
2018-09-11 오전 8:56:38,테라젠이텍스,13250,0,0
2018-09-11 오전 8:56:40,테라젠이텍스,13250,0,0
2018-09-11 오전 8:56:41,테라젠이텍스,13250,0,0
2018-09-11 오전 8:56:48,테라젠이텍스,13250,0,0
2018-09-11 오전 8:56:50,테라젠이텍스,13250,0,0
2018-09-11 오전 8:56:50,테라젠이텍스,13300,0,0
2018-09-11 오전 8:56:50,테라젠이텍스,13300,0,0
2018-09-11 오전 8:56:51,테라젠이텍스,13300,0,0
2018-09-11 오전 8:56:52,테라젠이텍스,13300,0,0
2018-09-11 오전 8:56:54,테라젠이텍스,13300,0,0
2018-09-11 오전 8:57:00,테라젠이텍스,13250,0,0
2018-09-11 오전 8:57:00,테라젠이텍스,13250,0,0
2018-09-11 오전 8:57:01,테라젠이텍스,13250,0,0
2018-09-11 오전 8:57:02,테라젠이텍스,13250,0,0
2018-09-11 오전 8:57:02,테라젠이텍스,13250,0,0
2018-09-11 오전 8:57:03,테라젠이텍스,13250,0,0
2018-09-11 오전 8:57:04,테라젠이텍스,13250,0,0
2018-09-11 오전 8:57:04,테라젠이텍스,13250,0,0
2018-09-11 오전 8:57:05,테라젠이텍스,13250,0,0
2018-09-11 오전 8:57:05,테라젠이텍스,13250,0,0
2018-09-11 오전 8:57:06,테라젠이텍스,13250,0,0
2018-09-11 오전 8:57:08,테라젠이텍스,13250,0,0
2018-09-11 오전 8:57:10,테라젠이텍스,13250,0,0
2018-09-11 오전 8:57:10,테라젠이텍스,13250,0,0
2018-09-11 오전 8:57:12,테라젠이텍스,13250,0,0
2018-09-11 오전 8:57:13,테라젠이텍스,13250,0,0
2018-09-11 오전 8:57:13,테라젠이텍스,13250,0,0
2018-09-11 오전 8:57:13,테라젠이텍스,13250,0,0
2018-09-11 오전 8:57:14,테라젠이텍스,13250,0,0
2018-09-11 오전 8:57:16,테라젠이텍스,13250,0,0
2018-09-11 오전 8:57:17,테라젠이텍스,13250,0,0
2018-09-11 오전 8:57:17,테라젠이텍스,13250,0,0
2018-09-11 오전 8:57:17,테라젠이텍스,13250,0,0
2018-09-11 오전 8:57:19,테라젠이텍스,13250,0,0
2018-09-11 오전 8:57:20,테라젠이텍스,13250,0,0
2018-09-11 오전 8:57:20,테라젠이텍스,13250,0,0
2018-09-11 오전 8:57:21,테라젠이텍스,13250,0,0
2018-09-11 오전 8:57:22,테라젠이텍스,13250,0,0
2018-09-11 오전 8:57:24,테라젠이텍스,13250,0,0
2018-09-11 오전 8:57:25,테라젠이텍스,13250,0,0
2018-09-11 오전 8:57:31,테라젠이텍스,13250,0,0
2018-09-11 오전 8:57:31,테라젠이텍스,13250,0,0
2018-09-11 오전 8:57:32,테라젠이텍스,13250,0,0
2018-09-11 오전 8:57:35,테라젠이텍스,13250,0,0
2018-09-11 오전 8:57:36,테라젠이텍스,13250,0,0
2018-09-11 오전 8:57:36,테라젠이텍스,13250,0,0
2018-09-11 오전 8:57:36,테라젠이텍스,13250,0,0
2018-09-11 오전 8:57:36,테라젠이텍스,13250,0,0
2018-09-11 오전 8:57:36,테라젠이텍스,13250,0,0
2018-09-11 오전 8:57:39,테라젠이텍스,13250,0,0
2018-09-11 오전 8:57:40,테라젠이텍스,13250,0,0
2018-09-11 오전 8:57:45,테라젠이텍스,13250,0,0
2018-09-11 오전 8:57:45,테라젠이텍스,13250,0,0
2018-09-11 오전 8:57:48,테라젠이텍스,13250,0,0
2018-09-11 오전 8:57:49,테라젠이텍스,13250,0,0
2018-09-11 오전 8:57:49,테라젠이텍스,13250,0,0
2018-09-11 오전 8:57:51,테라젠이텍스,13250,0,0
2018-09-11 오전 8:57:52,테라젠이텍스,13250,0,0
2018-09-11 오전 8:57:55,테라젠이텍스,13250,0,0
2018-09-11 오전 8:57:56,테라젠이텍스,13250,0,0
2018-09-11 오전 8:58:02,테라젠이텍스,13250,0,0
2018-09-11 오전 8:58:04,테라젠이텍스,13250,0,0
2018-09-11 오전 8:58:04,테라젠이텍스,13250,0,0
2018-09-11 오전 8:58:09,테라젠이텍스,13250,0,0
2018-09-11 오전 8:58:09,테라젠이텍스,13250,0,0
2018-09-11 오전 8:58:10,테라젠이텍스,13250,0,0
2018-09-11 오전 8:58:10,테라젠이텍스,13250,0,0
2018-09-11 오전 8:58:18,테라젠이텍스,13250,0,0
2018-09-11 오전 8:58:18,테라젠이텍스,13250,0,0
2018-09-11 오전 8:58:19,테라젠이텍스,13250,0,0
2018-09-11 오전 8:58:20,테라젠이텍스,13250,0,0
2018-09-11 오전 8:58:20,테라젠이텍스,13250,0,0
2018-09-11 오전 8:58:20,테라젠이텍스,13250,0,0
2018-09-11 오전 8:58:21,테라젠이텍스,13250,0,0
2018-09-11 오전 8:58:22,테라젠이텍스,13250,0,0
2018-09-11 오전 8:58:23,테라젠이텍스,13250,0,0
2018-09-11 오전 8:58:23,테라젠이텍스,13250,0,0
2018-09-11 오전 8:58:25,테라젠이텍스,13250,0,0
2018-09-11 오전 8:58:25,테라젠이텍스,13250,0,0
2018-09-11 오전 8:58:25,테라젠이텍스,13250,0,0
2018-09-11 오전 8:58:25,테라젠이텍스,13250,0,0
2018-09-11 오전 8:58:25,테라젠이텍스,13250,0,0
2018-09-11 오전 8:58:28,테라젠이텍스,13250,0,0
2018-09-11 오전 8:58:30,테라젠이텍스,13250,0,0
2018-09-11 오전 8:58:30,테라젠이텍스,13250,0,0
2018-09-11 오전 8:58:36,테라젠이텍스,13250,0,0
2018-09-11 오전 8:58:36,테라젠이텍스,13250,0,0
2018-09-11 오전 8:58:39,테라젠이텍스,13250,0,0
2018-09-11 오전 8:58:39,테라젠이텍스,13250,0,0
2018-09-11 오전 8:58:39,테라젠이텍스,13250,0,0
2018-09-11 오전 8:58:40,테라젠이텍스,13250,0,0
2018-09-11 오전 8:58:42,테라젠이텍스,13250,0,0
2018-09-11 오전 8:58:42,테라젠이텍스,13250,0,0
2018-09-11 오전 8:58:42,테라젠이텍스,13250,0,0
2018-09-11 오전 8:58:44,테라젠이텍스,13250,0,0
2018-09-11 오전 8:58:45,테라젠이텍스,13250,0,0
2018-09-11 오전 8:58:45,테라젠이텍스,13250,0,0
2018-09-11 오전 8:58:45,테라젠이텍스,13250,0,0
2018-09-11 오전 8:58:45,테라젠이텍스,13250,0,0
2018-09-11 오전 8:58:46,테라젠이텍스,13250,0,0
2018-09-11 오전 8:58:47,테라젠이텍스,13250,0,0
2018-09-11 오전 8:58:47,테라젠이텍스,13250,0,0
2018-09-11 오전 8:58:49,테라젠이텍스,13250,0,0
2018-09-11 오전 8:58:49,테라젠이텍스,13250,0,0
2018-09-11 오전 8:58:50,테라젠이텍스,13250,0,0
2018-09-11 오전 8:58:51,테라젠이텍스,13250,0,0
2018-09-11 오전 8:58:51,테라젠이텍스,13250,0,0
2018-09-11 오전 8:58:51,테라젠이텍스,13250,0,0
2018-09-11 오전 8:58:52,테라젠이텍스,13250,0,0
2018-09-11 오전 8:58:53,테라젠이텍스,13250,0,0
2018-09-11 오전 8:58:53,테라젠이텍스,13250,0,0
2018-09-11 오전 8:58:54,테라젠이텍스,13250,0,0
2018-09-11 오전 8:58:55,테라젠이텍스,13250,0,0
2018-09-11 오전 8:58:55,테라젠이텍스,13250,0,0
2018-09-11 오전 8:58:56,테라젠이텍스,13250,0,0
2018-09-11 오전 8:58:56,테라젠이텍스,13250,0,0
2018-09-11 오전 8:58:58,테라젠이텍스,13250,0,0
2018-09-11 오전 8:58:58,테라젠이텍스,13250,0,0
2018-09-11 오전 8:58:59,테라젠이텍스,13250,0,0
2018-09-11 오전 8:59:00,테라젠이텍스,13250,0,0
2018-09-11 오전 8:59:02,테라젠이텍스,13250,0,0
2018-09-11 오전 8:59:02,테라젠이텍스,13250,0,0
2018-09-11 오전 8:59:04,테라젠이텍스,13250,0,0
2018-09-11 오전 8:59:04,테라젠이텍스,13250,0,0
2018-09-11 오전 8:59:05,테라젠이텍스,13250,0,0
2018-09-11 오전 8:59:05,테라젠이텍스,13250,0,0
2018-09-11 오전 8:59:06,테라젠이텍스,13250,0,0
2018-09-11 오전 8:59:07,테라젠이텍스,13250,0,0
2018-09-11 오전 8:59:07,테라젠이텍스,13250,0,0
2018-09-11 오전 8:59:08,테라젠이텍스,13250,0,0
2018-09-11 오전 8:59:08,테라젠이텍스,13250,0,0
2018-09-11 오전 8:59:09,테라젠이텍스,13250,0,0
2018-09-11 오전 8:59:10,테라젠이텍스,13250,0,0
2018-09-11 오전 8:59:10,테라젠이텍스,13250,0,0
2018-09-11 오전 8:59:11,테라젠이텍스,13250,0,0
2018-09-11 오전 8:59:11,테라젠이텍스,13250,0,0
2018-09-11 오전 8:59:11,테라젠이텍스,13250,0,0
2018-09-11 오전 8:59:12,테라젠이텍스,13250,0,0
2018-09-11 오전 8:59:13,테라젠이텍스,13250,0,0
2018-09-11 오전 8:59:15,테라젠이텍스,13250,0,0
2018-09-11 오전 8:59:16,테라젠이텍스,13250,0,0
2018-09-11 오전 8:59:17,테라젠이텍스,13250,0,0
2018-09-11 오전 8:59:17,테라젠이텍스,13250,0,0
2018-09-11 오전 8:59:20,테라젠이텍스,13250,0,0
2018-09-11 오전 8:59:21,테라젠이텍스,13300,0,0
2018-09-11 오전 8:59:22,테라젠이텍스,13300,0,0
2018-09-11 오전 8:59:22,테라젠이텍스,13300,0,0
2018-09-11 오전 8:59:23,테라젠이텍스,13250,0,0
2018-09-11 오전 8:59:23,테라젠이텍스,13250,0,0
2018-09-11 오전 8:59:24,테라젠이텍스,13250,0,0
2018-09-11 오전 8:59:25,테라젠이텍스,13250,0,0
2018-09-11 오전 8:59:25,테라젠이텍스,13250,0,0
2018-09-11 오전 8:59:25,테라젠이텍스,13300,0,0
2018-09-11 오전 8:59:25,테라젠이텍스,13300,0,0
2018-09-11 오전 8:59:26,테라젠이텍스,13300,0,0
2018-09-11 오전 8:59:27,테라젠이텍스,13300,0,0
2018-09-11 오전 8:59:27,테라젠이텍스,13300,0,0
2018-09-11 오전 8:59:27,테라젠이텍스,13300,0,0
2018-09-11 오전 8:59:28,테라젠이텍스,13300,0,0
2018-09-11 오전 8:59:28,테라젠이텍스,13300,0,0
2018-09-11 오전 8:59:28,테라젠이텍스,13300,0,0
2018-09-11 오전 8:59:29,테라젠이텍스,13300,0,0
2018-09-11 오전 8:59:31,테라젠이텍스,13300,0,0
2018-09-11 오전 8:59:31,테라젠이텍스,13300,0,0
2018-09-11 오전 8:59:32,테라젠이텍스,13300,0,0
2018-09-11 오전 8:59:32,테라젠이텍스,13300,0,0
2018-09-11 오전 8:59:32,테라젠이텍스,13300,0,0
2018-09-11 오전 8:59:33,테라젠이텍스,13300,0,0
2018-09-11 오전 8:59:33,테라젠이텍스,13300,0,0
2018-09-11 오전 8:59:33,테라젠이텍스,13300,0,0
2018-09-11 오전 8:59:34,테라젠이텍스,13300,0,0
2018-09-11 오전 8:59:35,테라젠이텍스,13300,0,0
2018-09-11 오전 8:59:35,테라젠이텍스,13300,0,0
2018-09-11 오전 8:59:35,테라젠이텍스,13300,0,0
2018-09-11 오전 8:59:35,테라젠이텍스,13300,0,0
2018-09-11 오전 8:59:35,테라젠이텍스,13300,0,0
2018-09-11 오전 8:59:36,테라젠이텍스,13300,0,0
2018-09-11 오전 8:59:36,테라젠이텍스,13300,0,0
2018-09-11 오전 8:59:36,테라젠이텍스,13300,0,0
2018-09-11 오전 8:59:37,테라젠이텍스,13300,0,0
2018-09-11 오전 8:59:37,테라젠이텍스,13300,0,0
2018-09-11 오전 8:59:37,테라젠이텍스,13300,0,0
2018-09-11 오전 8:59:38,테라젠이텍스,13300,0,0
2018-09-11 오전 8:59:38,테라젠이텍스,13300,0,0
2018-09-11 오전 8:59:38,테라젠이텍스,13300,0,0
2018-09-11 오전 8:59:38,테라젠이텍스,13300,0,0
2018-09-11 오전 8:59:39,테라젠이텍스,13300,0,0
2018-09-11 오전 8:59:40,테라젠이텍스,13300,0,0
2018-09-11 오전 8:59:40,테라젠이텍스,13300,0,0
2018-09-11 오전 8:59:40,테라젠이텍스,13300,0,0
2018-09-11 오전 8:59:40,테라젠이텍스,13300,0,0
2018-09-11 오전 8:59:41,테라젠이텍스,13300,0,0
2018-09-11 오전 8:59:41,테라젠이텍스,13300,0,0
2018-09-11 오전 8:59:42,테라젠이텍스,13300,0,0
2018-09-11 오전 8:59:42,테라젠이텍스,13300,0,0
2018-09-11 오전 8:59:42,테라젠이텍스,13300,0,0
2018-09-11 오전 8:59:43,테라젠이텍스,13300,0,0
2018-09-11 오전 8:59:43,테라젠이텍스,13300,0,0
2018-09-11 오전 8:59:44,테라젠이텍스,13300,0,0
2018-09-11 오전 8:59:45,테라젠이텍스,13300,0,0
2018-09-11 오전 8:59:45,테라젠이텍스,13300,0,0
2018-09-11 오전 8:59:45,테라젠이텍스,13300,0,0
2018-09-11 오전 8:59:47,테라젠이텍스,13300,0,0
2018-09-11 오전 8:59:47,테라젠이텍스,13300,0,0
2018-09-11 오전 8:59:47,테라젠이텍스,13300,0,0
2018-09-11 오전 8:59:47,테라젠이텍스,13300,0,0
2018-09-11 오전 8:59:48,테라젠이텍스,13300,0,0
2018-09-11 오전 8:59:48,테라젠이텍스,13300,0,0
2018-09-11 오전 8:59:49,테라젠이텍스,13300,0,0
2018-09-11 오전 8:59:50,테라젠이텍스,13300,0,0
2018-09-11 오전 8:59:50,테라젠이텍스,13300,0,0
2018-09-11 오전 8:59:50,테라젠이텍스,13300,0,0
2018-09-11 오전 8:59:50,테라젠이텍스,13300,0,0
2018-09-11 오전 8:59:50,테라젠이텍스,13300,0,0
2018-09-11 오전 8:59:51,테라젠이텍스,13300,0,0
2018-09-11 오전 8:59:51,테라젠이텍스,13300,0,0
2018-09-11 오전 8:59:51,테라젠이텍스,13300,0,0
2018-09-11 오전 8:59:51,테라젠이텍스,13300,0,0
2018-09-11 오전 8:59:52,테라젠이텍스,13300,0,0
2018-09-11 오전 8:59:52,테라젠이텍스,13300,0,0
2018-09-11 오전 8:59:53,테라젠이텍스,13300,0,0
2018-09-11 오전 8:59:53,테라젠이텍스,13300,0,0
2018-09-11 오전 8:59:53,테라젠이텍스,13300,0,0
2018-09-11 오전 8:59:53,테라젠이텍스,13300,0,0
2018-09-11 오전 8:59:54,테라젠이텍스,13300,0,0
2018-09-11 오전 8:59:54,테라젠이텍스,13300,0,0
2018-09-11 오전 8:59:54,테라젠이텍스,13300,0,0
2018-09-11 오전 8:59:55,테라젠이텍스,13300,0,0
2018-09-11 오전 8:59:55,테라젠이텍스,13300,0,0
2018-09-11 오전 8:59:56,테라젠이텍스,13300,0,0
2018-09-11 오전 8:59:56,테라젠이텍스,13350,0,0
2018-09-11 오전 8:59:56,테라젠이텍스,13300,0,0
2018-09-11 오전 8:59:57,테라젠이텍스,13300,0,0
2018-09-11 오전 8:59:57,테라젠이텍스,13300,0,0
2018-09-11 오전 8:59:57,테라젠이텍스,13300,0,0
2018-09-11 오전 8:59:58,테라젠이텍스,13300,0,0
2018-09-11 오전 8:59:58,테라젠이텍스,13300,0,0
2018-09-11 오전 8:59:59,테라젠이텍스,13300,0,0
2018-09-11 오전 9:00:00,테라젠이텍스,13350,0,0
2018-09-11 오전 9:00:00,테라젠이텍스,13350,0,0
2018-09-11 오전 9:00:01,테라젠이텍스,13350,0,0
2018-09-11 오전 9:00:01,테라젠이텍스,13350,0,0
2018-09-11 오전 9:00:01,테라젠이텍스,13350,0,0
2018-09-11 오전 9:00:02,테라젠이텍스,13350,0,0
2018-09-11 오전 9:00:02,테라젠이텍스,13350,0,0
2018-09-11 오전 9:00:03,테라젠이텍스,13350,0,0
2018-09-11 오전 9:00:03,테라젠이텍스,13350,0,0
2018-09-11 오전 9:00:03,테라젠이텍스,13350,0,0
2018-09-11 오전 9:00:04,테라젠이텍스,13350,0,0
2018-09-11 오전 9:00:04,테라젠이텍스,13350,0,0
2018-09-11 오전 9:00:05,테라젠이텍스,13350,0,0
2018-09-11 오전 9:00:05,테라젠이텍스,13350,0,0
2018-09-11 오전 9:00:05,테라젠이텍스,13350,0,0
2018-09-11 오전 9:00:06,테라젠이텍스,13350,0,0
2018-09-11 오전 9:00:06,테라젠이텍스,13350,0,0
2018-09-11 오전 9:00:06,테라젠이텍스,13350,0,0
2018-09-11 오전 9:00:07,테라젠이텍스,13350,0,0
2018-09-11 오전 9:00:07,테라젠이텍스,13350,0,0
2018-09-11 오전 9:00:07,테라젠이텍스,13350,0,0
2018-09-11 오전 9:00:07,테라젠이텍스,13350,0,0
2018-09-11 오전 9:00:07,테라젠이텍스,13350,0,0
2018-09-11 오전 9:00:08,테라젠이텍스,13350,13350,13350
2018-09-11 오전 9:00:08,테라젠이텍스,13350,13350,13350
2018-09-11 오전 9:00:08,테라젠이텍스,13350,13350,13350
2018-09-11 오전 9:00:08,테라젠이텍스,13400,13400,13350
2018-09-11 오전 9:00:08,테라젠이텍스,13300,13400,13300
2018-09-11 오전 9:00:08,테라젠이텍스,13400,13400,13300
2018-09-11 오전 9:00:08,테라젠이텍스,13400,13400,13300
2018-09-11 오전 9:00:08,테라젠이텍스,13400,13400,13300
2018-09-11 오전 9:00:09,테라젠이텍스,13350,13400,13300
2018-09-11 오전 9:00:09,테라젠이텍스,13350,13400,13300
2018-09-11 오전 9:00:09,테라젠이텍스,13350,13400,13300
2018-09-11 오전 9:00:09,테라젠이텍스,13350,13400,13300
2018-09-11 오전 9:00:09,테라젠이텍스,13350,13400,13300
2018-09-11 오전 9:00:09,테라젠이텍스,13350,13400,13300
2018-09-11 오전 9:00:09,테라젠이텍스,13350,13400,13300
2018-09-11 오전 9:00:10,테라젠이텍스,13300,13400,13300
2018-09-11 오전 9:00:11,테라젠이텍스,13350,13400,13300
2018-09-11 오전 9:00:11,테라젠이텍스,13350,13400,13300
2018-09-11 오전 9:00:11,테라젠이텍스,13350,13400,13300
2018-09-11 오전 9:00:12,테라젠이텍스,13300,13400,13300
2018-09-11 오전 9:00:13,테라젠이텍스,13350,13400,13300
2018-09-11 오전 9:00:13,테라젠이텍스,13350,13400,13300
2018-09-11 오전 9:00:14,테라젠이텍스,13350,13400,13300
2018-09-11 오전 9:00:14,테라젠이텍스,13400,13400,13300
2018-09-11 오전 9:00:14,테라젠이텍스,13350,13400,13300
2018-09-11 오전 9:00:14,테라젠이텍스,13400,13400,13300
2018-09-11 오전 9:00:14,테라젠이텍스,13400,13400,13300
2018-09-11 오전 9:00:14,테라젠이텍스,13350,13400,13300
2018-09-11 오전 9:00:15,테라젠이텍스,13350,13400,13300
2018-09-11 오전 9:00:16,테라젠이텍스,13350,13400,13300
2018-09-11 오전 9:00:16,테라젠이텍스,13350,13400,13300
2018-09-11 오전 9:00:16,테라젠이텍스,13350,13400,13300
2018-09-11 오전 9:00:16,테라젠이텍스,13350,13400,13300
2018-09-11 오전 9:00:16,테라젠이텍스,13350,13400,13300
2018-09-11 오전 9:00:17,테라젠이텍스,13350,13400,13300
2018-09-11 오전 9:00:17,테라젠이텍스,13350,13400,13300
2018-09-11 오전 9:00:17,테라젠이텍스,13350,13400,13300
2018-09-11 오전 9:00:17,테라젠이텍스,13350,13400,13300
2018-09-11 오전 9:00:17,테라젠이텍스,13400,13400,13300
2018-09-11 오전 9:00:17,테라젠이텍스,13350,13400,13300
2018-09-11 오전 9:00:18,테라젠이텍스,13350,13400,13300
2018-09-11 오전 9:00:18,테라젠이텍스,13400,13400,13300
2018-09-11 오전 9:00:18,테라젠이텍스,13400,13400,13300
2018-09-11 오전 9:00:18,테라젠이텍스,13350,13400,13300
2018-09-11 오전 9:00:18,테라젠이텍스,13400,13400,13300
2018-09-11 오전 9:00:19,테라젠이텍스,13400,13400,13300
2018-09-11 오전 9:00:19,테라젠이텍스,13350,13400,13300
2018-09-11 오전 9:00:19,테라젠이텍스,13400,13400,13300
2018-09-11 오전 9:00:19,테라젠이텍스,13400,13400,13300
2018-09-11 오전 9:00:19,테라젠이텍스,13400,13400,13300
2018-09-11 오전 9:00:19,테라젠이텍스,13350,13400,13300
2018-09-11 오전 9:00:19,테라젠이텍스,13400,13400,13300
2018-09-11 오전 9:00:20,테라젠이텍스,13400,13400,13300
2018-09-11 오전 9:00:20,테라젠이텍스,13400,13400,13300
2018-09-11 오전 9:00:20,테라젠이텍스,13350,13400,13300
2018-09-11 오전 9:00:20,테라젠이텍스,13400,13400,13300
2018-09-11 오전 9:00:20,테라젠이텍스,13400,13400,13300
2018-09-11 오전 9:00:21,테라젠이텍스,13400,13400,13300
2018-09-11 오전 9:00:21,테라젠이텍스,13400,13400,13300
2018-09-11 오전 9:00:21,테라젠이텍스,13400,13400,13300
2018-09-11 오전 9:00:21,테라젠이텍스,13350,13400,13300
2018-09-11 오전 9:00:21,테라젠이텍스,13400,13400,13300
2018-09-11 오전 9:00:21,테라젠이텍스,13400,13400,13300
2018-09-11 오전 9:00:21,테라젠이텍스,13350,13400,13300
2018-09-11 오전 9:00:21,테라젠이텍스,13400,13400,13300
2018-09-11 오전 9:00:22,테라젠이텍스,13400,13400,13300
2018-09-11 오전 9:00:22,테라젠이텍스,13400,13400,13300
2018-09-11 오전 9:00:22,테라젠이텍스,13400,13400,13300
2018-09-11 오전 9:00:22,테라젠이텍스,13400,13400,13300
2018-09-11 오전 9:00:23,테라젠이텍스,13400,13400,13300
2018-09-11 오전 9:00:23,테라젠이텍스,13400,13400,13300
2018-09-11 오전 9:00:23,테라젠이텍스,13400,13400,13300
2018-09-11 오전 9:00:23,테라젠이텍스,13400,13400,13300
2018-09-11 오전 9:00:23,테라젠이텍스,13400,13400,13300
2018-09-11 오전 9:00:24,테라젠이텍스,13400,13400,13300
2018-09-11 오전 9:00:25,테라젠이텍스,13400,13400,13300
2018-09-11 오전 9:00:25,테라젠이텍스,13400,13400,13300
2018-09-11 오전 9:00:25,테라젠이텍스,13400,13400,13300
2018-09-11 오전 9:00:25,테라젠이텍스,13400,13400,13300
2018-09-11 오전 9:00:26,테라젠이텍스,13400,13400,13300
2018-09-11 오전 9:00:26,테라젠이텍스,13400,13400,13300
2018-09-11 오전 9:00:26,테라젠이텍스,13400,13400,13300
2018-09-11 오전 9:00:26,테라젠이텍스,13400,13400,13300
2018-09-11 오전 9:00:26,테라젠이텍스,13400,13400,13300
2018-09-11 오전 9:00:27,테라젠이텍스,13400,13400,13300
2018-09-11 오전 9:00:27,테라젠이텍스,13400,13400,13300
2018-09-11 오전 9:00:28,테라젠이텍스,13400,13400,13300
2018-09-11 오전 9:00:28,테라젠이텍스,13400,13400,13300
2018-09-11 오전 9:00:29,테라젠이텍스,13400,13400,13300
2018-09-11 오전 9:00:29,테라젠이텍스,13400,13400,13300
2018-09-11 오전 9:00:29,테라젠이텍스,13350,13400,13300
2018-09-11 오전 9:00:30,테라젠이텍스,13350,13400,13300
2018-09-11 오전 9:00:30,테라젠이텍스,13300,13400,13300
2018-09-11 오전 9:00:31,테라젠이텍스,13350,13400,13300
2018-09-11 오전 9:00:33,테라젠이텍스,13300,13400,13300
2018-09-11 오전 9:00:34,테라젠이텍스,13350,13400,13300
2018-09-11 오전 9:00:34,테라젠이텍스,13350,13400,13300
2018-09-11 오전 9:00:34,테라젠이텍스,13350,13400,13300
2018-09-11 오전 9:00:35,테라젠이텍스,13350,13400,13300
2018-09-11 오전 9:00:35,테라젠이텍스,13300,13400,13300
2018-09-11 오전 9:00:36,테라젠이텍스,13350,13400,13300
2018-09-11 오전 9:00:37,테라젠이텍스,13350,13400,13300
2018-09-11 오전 9:00:37,테라젠이텍스,13350,13400,13300
2018-09-11 오전 9:00:38,테라젠이텍스,13300,13400,13300
2018-09-11 오전 9:00:38,테라젠이텍스,13300,13400,13300
2018-09-11 오전 9:00:38,테라젠이텍스,13300,13400,13300
2018-09-11 오전 9:00:38,테라젠이텍스,13300,13400,13300
2018-09-11 오전 9:00:38,테라젠이텍스,13250,13400,13250
2018-09-11 오전 9:00:38,테라젠이텍스,13300,13400,13250
2018-09-11 오전 9:00:38,테라젠이텍스,13300,13400,13250
2018-09-11 오전 9:00:39,테라젠이텍스,13300,13400,13250
2018-09-11 오전 9:00:39,테라젠이텍스,13300,13400,13250
2018-09-11 오전 9:00:39,테라젠이텍스,13250,13400,13250
2018-09-11 오전 9:00:41,테라젠이텍스,13250,13400,13250
2018-09-11 오전 9:00:42,테라젠이텍스,13250,13400,13250
2018-09-11 오전 9:00:42,테라젠이텍스,13250,13400,13250
2018-09-11 오전 9:00:42,테라젠이텍스,13300,13400,13250
2018-09-11 오전 9:00:42,테라젠이텍스,13300,13400,13250
2018-09-11 오전 9:00:42,테라젠이텍스,13250,13400,13250
2018-09-11 오전 9:00:42,테라젠이텍스,13250,13400,13250
2018-09-11 오전 9:00:42,테라젠이텍스,13250,13400,13250
2018-09-11 오전 9:00:43,테라젠이텍스,13250,13400,13250
2018-09-11 오전 9:00:43,테라젠이텍스,13250,13400,13250
2018-09-11 오전 9:00:44,테라젠이텍스,13250,13400,13250
2018-09-11 오전 9:00:44,테라젠이텍스,13300,13400,13250
2018-09-11 오전 9:00:44,테라젠이텍스,13300,13400,13250
2018-09-11 오전 9:00:44,테라젠이텍스,13250,13400,13250
2018-09-11 오전 9:00:44,테라젠이텍스,13250,13400,13250
2018-09-11 오전 9:00:44,테라젠이텍스,13300,13400,13250
2018-09-11 오전 9:00:44,테라젠이텍스,13300,13400,13250
2018-09-11 오전 9:00:45,테라젠이텍스,13300,13400,13250
2018-09-11 오전 9:00:45,테라젠이텍스,13300,13400,13250
2018-09-11 오전 9:00:45,테라젠이텍스,13300,13400,13250
2018-09-11 오전 9:00:45,테라젠이텍스,13300,13400,13250
2018-09-11 오전 9:00:45,테라젠이텍스,13250,13400,13250
2018-09-11 오전 9:00:46,테라젠이텍스,13300,13400,13250
2018-09-11 오전 9:00:46,테라젠이텍스,13300,13400,13250
2018-09-11 오전 9:00:46,테라젠이텍스,13250,13400,13250
2018-09-11 오전 9:00:46,테라젠이텍스,13250,13400,13250
2018-09-11 오전 9:00:46,테라젠이텍스,13300,13400,13250
2018-09-11 오전 9:00:46,테라젠이텍스,13250,13400,13250
2018-09-11 오전 9:00:47,테라젠이텍스,13300,13400,13250
2018-09-11 오전 9:00:47,테라젠이텍스,13300,13400,13250
2018-09-11 오전 9:00:47,테라젠이텍스,13300,13400,13250
2018-09-11 오전 9:00:47,테라젠이텍스,13300,13400,13250
2018-09-11 오전 9:00:47,테라젠이텍스,13300,13400,13250
2018-09-11 오전 9:00:47,테라젠이텍스,13250,13400,13250
2018-09-11 오전 9:00:48,테라젠이텍스,13300,13400,13250
2018-09-11 오전 9:00:48,테라젠이텍스,13300,13400,13250
2018-09-11 오전 9:00:48,테라젠이텍스,13300,13400,13250
2018-09-11 오전 9:00:48,테라젠이텍스,13250,13400,13250
2018-09-11 오전 9:00:49,테라젠이텍스,13250,13400,13250
2018-09-11 오전 9:00:49,테라젠이텍스,13300,13400,13250
2018-09-11 오전 9:00:49,테라젠이텍스,13300,13400,13250
2018-09-11 오전 9:00:49,테라젠이텍스,13250,13400,13250
2018-09-11 오전 9:00:49,테라젠이텍스,13300,13400,13250
2018-09-11 오전 9:00:49,테라젠이텍스,13300,13400,13250
2018-09-11 오전 9:00:49,테라젠이텍스,13300,13400,13250
2018-09-11 오전 9:00:50,테라젠이텍스,13300,13400,13250
2018-09-11 오전 9:00:50,테라젠이텍스,13300,13400,13250
2018-09-11 오전 9:00:50,테라젠이텍스,13300,13400,13250
2018-09-11 오전 9:00:50,테라젠이텍스,13300,13400,13250
2018-09-11 오전 9:00:50,테라젠이텍스,13300,13400,13250
2018-09-11 오전 9:00:50,테라젠이텍스,13300,13400,13250
2018-09-11 오전 9:00:51,테라젠이텍스,13250,13400,13250
2018-09-11 오전 9:00:51,테라젠이텍스,13300,13400,13250
2018-09-11 오전 9:00:51,테라젠이텍스,13300,13400,13250
2018-09-11 오전 9:00:51,테라젠이텍스,13300,13400,13250
2018-09-11 오전 9:00:51,테라젠이텍스,13300,13400,13250
2018-09-11 오전 9:00:52,테라젠이텍스,13300,13400,13250
2018-09-11 오전 9:00:52,테라젠이텍스,13300,13400,13250
2018-09-11 오전 9:00:52,테라젠이텍스,13300,13400,13250
2018-09-11 오전 9:00:52,테라젠이텍스,13300,13400,13250
2018-09-11 오전 9:00:52,테라젠이텍스,13300,13400,13250
2018-09-11 오전 9:00:53,테라젠이텍스,13300,13400,13250
2018-09-11 오전 9:00:53,테라젠이텍스,13300,13400,13250
2018-09-11 오전 9:00:53,테라젠이텍스,13300,13400,13250
2018-09-11 오전 9:00:53,테라젠이텍스,13300,13400,13250
2018-09-11 오전 9:00:53,테라젠이텍스,13250,13400,13250
2018-09-11 오전 9:00:54,테라젠이텍스,13300,13400,13250
2018-09-11 오전 9:00:55,테라젠이텍스,13300,13400,13250
2018-09-11 오전 9:00:56,테라젠이텍스,13250,13400,13250
2018-09-11 오전 9:00:56,테라젠이텍스,13300,13400,13250
2018-09-11 오전 9:00:57,테라젠이텍스,13250,13400,13250
2018-09-11 오전 9:00:57,테라젠이텍스,13300,13400,13250
2018-09-11 오전 9:00:58,테라젠이텍스,13250,13400,13250
2018-09-11 오전 9:00:58,테라젠이텍스,13300,13400,13250
2018-09-11 오전 9:00:59,테라젠이텍스,13250,13400,13250
2018-09-11 오전 9:01:00,테라젠이텍스,13200,13400,13200
2018-09-11 오전 9:01:00,테라젠이텍스,13250,13400,13200
2018-09-11 오전 9:01:00,테라젠이텍스,13300,13400,13200
2018-09-11 오전 9:01:01,테라젠이텍스,13300,13400,13200
2018-09-11 오전 9:01:01,테라젠이텍스,13300,13400,13200
2018-09-11 오전 9:01:01,테라젠이텍스,13300,13400,13200
2018-09-11 오전 9:01:02,테라젠이텍스,13300,13400,13200
2018-09-11 오전 9:01:02,테라젠이텍스,13300,13400,13200
2018-09-11 오전 9:01:02,테라젠이텍스,13300,13400,13200
2018-09-11 오전 9:01:02,테라젠이텍스,13300,13400,13200
2018-09-11 오전 9:01:03,테라젠이텍스,13300,13400,13200
2018-09-11 오전 9:01:03,테라젠이텍스,13300,13400,13200
2018-09-11 오전 9:01:03,테라젠이텍스,13300,13400,13200
2018-09-11 오전 9:01:03,테라젠이텍스,13300,13400,13200
2018-09-11 오전 9:01:04,테라젠이텍스,13300,13400,13200
2018-09-11 오전 9:01:04,테라젠이텍스,13300,13400,13200
2018-09-11 오전 9:01:04,테라젠이텍스,13300,13400,13200
2018-09-11 오전 9:01:04,테라젠이텍스,13300,13400,13200
2018-09-11 오전 9:01:05,테라젠이텍스,13300,13400,13200
2018-09-11 오전 9:01:05,테라젠이텍스,13250,13400,13200
2018-09-11 오전 9:01:05,테라젠이텍스,13300,13400,13200
2018-09-11 오전 9:01:05,테라젠이텍스,13300,13400,13200
2018-09-11 오전 9:01:05,테라젠이텍스,13300,13400,13200
2018-09-11 오전 9:01:05,테라젠이텍스,13300,13400,13200
2018-09-11 오전 9:01:06,테라젠이텍스,13300,13400,13200
2018-09-11 오전 9:01:06,테라젠이텍스,13300,13400,13200
2018-09-11 오전 9:01:06,테라젠이텍스,13300,13400,13200
2018-09-11 오전 9:01:06,테라젠이텍스,13250,13400,13200
2018-09-11 오전 9:01:06,테라젠이텍스,13300,13400,13200
2018-09-11 오전 9:01:06,테라젠이텍스,13300,13400,13200
2018-09-11 오전 9:01:06,테라젠이텍스,13300,13400,13200
2018-09-11 오전 9:01:07,테라젠이텍스,13300,13400,13200
2018-09-11 오전 9:01:07,테라젠이텍스,13300,13400,13200
2018-09-11 오전 9:01:07,테라젠이텍스,13300,13400,13200
2018-09-11 오전 9:01:08,테라젠이텍스,13350,13400,13200
2018-09-11 오전 9:01:08,테라젠이텍스,13350,13400,13200
2018-09-11 오전 9:01:08,테라젠이텍스,13350,13400,13200
2018-09-11 오전 9:01:08,테라젠이텍스,13350,13400,13200
2018-09-11 오전 9:01:09,테라젠이텍스,13350,13400,13200
2018-09-11 오전 9:01:09,테라젠이텍스,13350,13400,13200
2018-09-11 오전 9:01:09,테라젠이텍스,13350,13400,13200
2018-09-11 오전 9:01:09,테라젠이텍스,13350,13400,13200
2018-09-11 오전 9:01:09,테라젠이텍스,13350,13400,13200
2018-09-11 오전 9:01:09,테라젠이텍스,13300,13400,13200
2018-09-11 오전 9:01:10,테라젠이텍스,13350,13400,13200
2018-09-11 오전 9:01:10,테라젠이텍스,13350,13400,13200
2018-09-11 오전 9:01:10,테라젠이텍스,13350,13400,13200
2018-09-11 오전 9:01:10,테라젠이텍스,13350,13400,13200
2018-09-11 오전 9:01:10,테라젠이텍스,13350,13400,13200
2018-09-11 오전 9:01:11,테라젠이텍스,13350,13400,13200
2018-09-11 오전 9:01:11,테라젠이텍스,13350,13400,13200
2018-09-11 오전 9:01:11,테라젠이텍스,13350,13400,13200
2018-09-11 오전 9:01:11,테라젠이텍스,13350,13400,13200
2018-09-11 오전 9:01:11,테라젠이텍스,13350,13400,13200
2018-09-11 오전 9:01:12,테라젠이텍스,13350,13400,13200
2018-09-11 오전 9:01:12,테라젠이텍스,13350,13400,13200
2018-09-11 오전 9:01:12,테라젠이텍스,13350,13400,13200
2018-09-11 오전 9:01:13,테라젠이텍스,13350,13400,13200
2018-09-11 오전 9:01:13,테라젠이텍스,13350,13400,13200
2018-09-11 오전 9:01:13,테라젠이텍스,13350,13400,13200
2018-09-11 오전 9:01:13,테라젠이텍스,13350,13400,13200
2018-09-11 오전 9:01:13,테라젠이텍스,13350,13400,13200
2018-09-11 오전 9:01:13,테라젠이텍스,13350,13400,13200
2018-09-11 오전 9:01:14,테라젠이텍스,13350,13400,13200
2018-09-11 오전 9:01:14,테라젠이텍스,13350,13400,13200
2018-09-11 오전 9:01:14,테라젠이텍스,13350,13400,13200
2018-09-11 오전 9:01:14,테라젠이텍스,13350,13400,13200
2018-09-11 오전 9:01:14,테라젠이텍스,13350,13400,13200
2018-09-11 오전 9:01:15,테라젠이텍스,13350,13400,13200
2018-09-11 오전 9:01:15,테라젠이텍스,13350,13400,13200
2018-09-11 오전 9:01:15,테라젠이텍스,13350,13400,13200
2018-09-11 오전 9:01:15,테라젠이텍스,13300,13400,13200
2018-09-11 오전 9:01:15,테라젠이텍스,13350,13400,13200
2018-09-11 오전 9:01:15,테라젠이텍스,13350,13400,13200
2018-09-11 오전 9:01:16,테라젠이텍스,13350,13400,13200
2018-09-11 오전 9:01:16,테라젠이텍스,13350,13400,13200
2018-09-11 오전 9:01:16,테라젠이텍스,13350,13400,13200
2018-09-11 오전 9:01:16,테라젠이텍스,13350,13400,13200
2018-09-11 오전 9:01:16,테라젠이텍스,13350,13400,13200
2018-09-11 오전 9:01:17,테라젠이텍스,13350,13400,13200
2018-09-11 오전 9:01:17,테라젠이텍스,13350,13400,13200
2018-09-11 오전 9:01:17,테라젠이텍스,13350,13400,13200
2018-09-11 오전 9:01:17,테라젠이텍스,13350,13400,13200
2018-09-11 오전 9:01:17,테라젠이텍스,13350,13400,13200
2018-09-11 오전 9:01:17,테라젠이텍스,13350,13400,13200
2018-09-11 오전 9:01:17,테라젠이텍스,13350,13400,13200
2018-09-11 오전 9:01:18,테라젠이텍스,13350,13400,13200
2018-09-11 오전 9:01:18,테라젠이텍스,13350,13400,13200
2018-09-11 오전 9:01:18,테라젠이텍스,13350,13400,13200
2018-09-11 오전 9:01:18,테라젠이텍스,13350,13400,13200
2018-09-11 오전 9:01:18,테라젠이텍스,13350,13400,13200
2018-09-11 오전 9:01:18,테라젠이텍스,13350,13400,13200
2018-09-11 오전 9:01:18,테라젠이텍스,13350,13400,13200
2018-09-11 오전 9:01:19,테라젠이텍스,13350,13400,13200
2018-09-11 오전 9:01:19,테라젠이텍스,13350,13400,13200
2018-09-11 오전 9:01:19,테라젠이텍스,13350,13400,13200
2018-09-11 오전 9:01:19,테라젠이텍스,13350,13400,13200
2018-09-11 오전 9:01:19,테라젠이텍스,13350,13400,13200
2018-09-11 오전 9:01:19,테라젠이텍스,13350,13400,13200
2018-09-11 오전 9:01:19,테라젠이텍스,13350,13400,13200
2018-09-11 오전 9:01:20,테라젠이텍스,13350,13400,13200
2018-09-11 오전 9:01:20,테라젠이텍스,13350,13400,13200
2018-09-11 오전 9:01:20,테라젠이텍스,13350,13400,13200
2018-09-11 오전 9:01:20,테라젠이텍스,13350,13400,13200
2018-09-11 오전 9:01:20,테라젠이텍스,13350,13400,13200
2018-09-11 오전 9:01:20,테라젠이텍스,13350,13400,13200
2018-09-11 오전 9:01:20,테라젠이텍스,13350,13400,13200
2018-09-11 오전 9:01:20,테라젠이텍스,13350,13400,13200
2018-09-11 오전 9:01:20,테라젠이텍스,13350,13400,13200
2018-09-11 오전 9:01:20,테라젠이텍스,13350,13400,13200
2018-09-11 오전 9:01:21,테라젠이텍스,13350,13400,13200
2018-09-11 오전 9:01:21,테라젠이텍스,13350,13400,13200
2018-09-11 오전 9:01:21,테라젠이텍스,13350,13400,13200
2018-09-11 오전 9:01:21,테라젠이텍스,13350,13400,13200
2018-09-11 오전 9:01:21,테라젠이텍스,13350,13400,13200
2018-09-11 오전 9:01:21,테라젠이텍스,13350,13400,13200
2018-09-11 오전 9:01:21,테라젠이텍스,13350,13400,13200
2018-09-11 오전 9:01:22,테라젠이텍스,13350,13400,13200
2018-09-11 오전 9:01:22,테라젠이텍스,13400,13400,13200
2018-09-11 오전 9:01:22,테라젠이텍스,13400,13400,13200
2018-09-11 오전 9:01:23,테라젠이텍스,13400,13400,13200
2018-09-11 오전 9:01:23,테라젠이텍스,13400,13400,13200
2018-09-11 오전 9:01:23,테라젠이텍스,13400,13400,13200
2018-09-11 오전 9:01:23,테라젠이텍스,13400,13400,13200
2018-09-11 오전 9:01:23,테라젠이텍스,13400,13400,13200
2018-09-11 오전 9:01:24,테라젠이텍스,13400,13400,13200
2018-09-11 오전 9:01:24,테라젠이텍스,13400,13400,13200
2018-09-11 오전 9:01:24,테라젠이텍스,13400,13400,13200
2018-09-11 오전 9:01:25,테라젠이텍스,13400,13400,13200
2018-09-11 오전 9:01:25,테라젠이텍스,13400,13400,13200
2018-09-11 오전 9:01:25,테라젠이텍스,13400,13400,13200
2018-09-11 오전 9:01:25,테라젠이텍스,13400,13400,13200
2018-09-11 오전 9:01:26,테라젠이텍스,13400,13400,13200
2018-09-11 오전 9:01:26,테라젠이텍스,13400,13400,13200
2018-09-11 오전 9:01:26,테라젠이텍스,13400,13400,13200
2018-09-11 오전 9:01:26,테라젠이텍스,13400,13400,13200
2018-09-11 오전 9:01:26,테라젠이텍스,13400,13400,13200
2018-09-11 오전 9:01:26,테라젠이텍스,13400,13400,13200
2018-09-11 오전 9:01:27,테라젠이텍스,13350,13400,13200
2018-09-11 오전 9:01:27,테라젠이텍스,13350,13400,13200
2018-09-11 오전 9:01:27,테라젠이텍스,13400,13400,13200
2018-09-11 오전 9:01:27,테라젠이텍스,13400,13400,13200
2018-09-11 오전 9:01:28,테라젠이텍스,13400,13400,13200
2018-09-11 오전 9:01:28,테라젠이텍스,13400,13400,13200
2018-09-11 오전 9:01:28,테라젠이텍스,13400,13400,13200
2018-09-11 오전 9:01:28,테라젠이텍스,13400,13400,13200
2018-09-11 오전 9:01:29,테라젠이텍스,13400,13400,13200
2018-09-11 오전 9:01:29,테라젠이텍스,13400,13400,13200
2018-09-11 오전 9:01:29,테라젠이텍스,13400,13400,13200
2018-09-11 오전 9:01:29,테라젠이텍스,13400,13400,13200
2018-09-11 오전 9:01:30,테라젠이텍스,13400,13400,13200
2018-09-11 오전 9:01:30,테라젠이텍스,13400,13400,13200
2018-09-11 오전 9:01:30,테라젠이텍스,13400,13400,13200
2018-09-11 오전 9:01:30,테라젠이텍스,13400,13400,13200
2018-09-11 오전 9:01:30,테라젠이텍스,13350,13400,13200
2018-09-11 오전 9:01:30,테라젠이텍스,13400,13400,13200
2018-09-11 오전 9:01:31,테라젠이텍스,13400,13400,13200
2018-09-11 오전 9:01:31,테라젠이텍스,13400,13400,13200
2018-09-11 오전 9:01:31,테라젠이텍스,13400,13400,13200
2018-09-11 오전 9:01:32,테라젠이텍스,13400,13400,13200
2018-09-11 오전 9:01:32,테라젠이텍스,13400,13400,13200
2018-09-11 오전 9:01:32,테라젠이텍스,13350,13400,13200
2018-09-11 오전 9:01:32,테라젠이텍스,13400,13400,13200
2018-09-11 오전 9:01:32,테라젠이텍스,13400,13400,13200
2018-09-11 오전 9:01:33,테라젠이텍스,13400,13400,13200
2018-09-11 오전 9:01:33,테라젠이텍스,13400,13400,13200
2018-09-11 오전 9:01:34,테라젠이텍스,13350,13400,13200
2018-09-11 오전 9:01:35,테라젠이텍스,13400,13400,13200
2018-09-11 오전 9:01:35,테라젠이텍스,13350,13400,13200
2018-09-11 오전 9:01:35,테라젠이텍스,13400,13400,13200
2018-09-11 오전 9:01:35,테라젠이텍스,13400,13400,13200
2018-09-11 오전 9:01:35,테라젠이텍스,13400,13400,13200
2018-09-11 오전 9:01:36,테라젠이텍스,13400,13400,13200
2018-09-11 오전 9:01:37,테라젠이텍스,13350,13400,13200
2018-09-11 오전 9:01:38,테라젠이텍스,13400,13400,13200
2018-09-11 오전 9:01:39,테라젠이텍스,13400,13400,13200
2018-09-11 오전 9:01:39,테라젠이텍스,13350,13400,13200
2018-09-11 오전 9:01:39,테라젠이텍스,13400,13400,13200
2018-09-11 오전 9:01:39,테라젠이텍스,13400,13400,13200
2018-09-11 오전 9:01:40,테라젠이텍스,13350,13400,13200
2018-09-11 오전 9:01:42,테라젠이텍스,13350,13400,13200
2018-09-11 오전 9:01:42,테라젠이텍스,13350,13400,13200
2018-09-11 오전 9:01:44,테라젠이텍스,13400,13400,13200
2018-09-11 오전 9:01:44,테라젠이텍스,13350,13400,13200
2018-09-11 오전 9:01:44,테라젠이텍스,13350,13400,13200
2018-09-11 오전 9:01:44,테라젠이텍스,13350,13400,13200
2018-09-11 오전 9:01:45,테라젠이텍스,13400,13400,13200
2018-09-11 오전 9:01:45,테라젠이텍스,13350,13400,13200
2018-09-11 오전 9:01:46,테라젠이텍스,13350,13400,13200
2018-09-11 오전 9:01:46,테라젠이텍스,13350,13400,13200
2018-09-11 오전 9:01:47,테라젠이텍스,13350,13400,13200
2018-09-11 오전 9:01:47,테라젠이텍스,13350,13400,13200
2018-09-11 오전 9:01:47,테라젠이텍스,13350,13400,13200
2018-09-11 오전 9:01:48,테라젠이텍스,13350,13400,13200
2018-09-11 오전 9:01:48,테라젠이텍스,13400,13400,13200
2018-09-11 오전 9:01:49,테라젠이텍스,13350,13400,13200
2018-09-11 오전 9:01:50,테라젠이텍스,13350,13400,13200
2018-09-11 오전 9:01:50,테라젠이텍스,13350,13400,13200
2018-09-11 오전 9:01:51,테라젠이텍스,13350,13400,13200
2018-09-11 오전 9:01:52,테라젠이텍스,13400,13400,13200
2018-09-11 오전 9:01:52,테라젠이텍스,13400,13400,13200
2018-09-11 오전 9:01:52,테라젠이텍스,13400,13400,13200
2018-09-11 오전 9:01:52,테라젠이텍스,13400,13400,13200
2018-09-11 오전 9:01:53,테라젠이텍스,13400,13400,13200
2018-09-11 오전 9:01:53,테라젠이텍스,13400,13400,13200
2018-09-11 오전 9:01:53,테라젠이텍스,13400,13400,13200
2018-09-11 오전 9:01:53,테라젠이텍스,13400,13400,13200
2018-09-11 오전 9:01:53,테라젠이텍스,13400,13400,13200
2018-09-11 오전 9:01:54,테라젠이텍스,13400,13400,13200
2018-09-11 오전 9:01:54,테라젠이텍스,13400,13400,13200
2018-09-11 오전 9:01:54,테라젠이텍스,13400,13400,13200
2018-09-11 오전 9:01:55,테라젠이텍스,13400,13400,13200
2018-09-11 오전 9:01:55,테라젠이텍스,13400,13400,13200
2018-09-11 오전 9:01:56,테라젠이텍스,13350,13400,13200
2018-09-11 오전 9:01:56,테라젠이텍스,13400,13400,13200
2018-09-11 오전 9:01:56,테라젠이텍스,13400,13400,13200
2018-09-11 오전 9:01:56,테라젠이텍스,13400,13400,13200
2018-09-11 오전 9:01:57,테라젠이텍스,13400,13400,13200
2018-09-11 오전 9:01:57,테라젠이텍스,13350,13400,13200
2018-09-11 오전 9:01:57,테라젠이텍스,13400,13400,13200
2018-09-11 오전 9:01:58,테라젠이텍스,13350,13400,13200
2018-09-11 오전 9:01:59,테라젠이텍스,13400,13400,13200
2018-09-11 오전 9:01:59,테라젠이텍스,13400,13400,13200
2018-09-11 오전 9:02:00,테라젠이텍스,13400,13400,13200
2018-09-11 오전 9:02:00,테라젠이텍스,13400,13400,13200
2018-09-11 오전 9:02:01,테라젠이텍스,13400,13400,13200
2018-09-11 오전 9:02:01,테라젠이텍스,13400,13400,13200
2018-09-11 오전 9:02:01,테라젠이텍스,13400,13400,13200
2018-09-11 오전 9:02:01,테라젠이텍스,13400,13400,13200
2018-09-11 오전 9:02:01,테라젠이텍스,13400,13400,13200
2018-09-11 오전 9:02:02,테라젠이텍스,13400,13400,13200
2018-09-11 오전 9:02:02,테라젠이텍스,13400,13400,13200
2018-09-11 오전 9:02:02,테라젠이텍스,13350,13400,13200
2018-09-11 오전 9:02:02,테라젠이텍스,13400,13400,13200
2018-09-11 오전 9:02:02,테라젠이텍스,13400,13400,13200
2018-09-11 오전 9:02:03,테라젠이텍스,13400,13400,13200
2018-09-11 오전 9:02:03,테라젠이텍스,13400,13400,13200
2018-09-11 오전 9:02:03,테라젠이텍스,13400,13400,13200
2018-09-11 오전 9:02:03,테라젠이텍스,13400,13400,13200
2018-09-11 오전 9:02:04,테라젠이텍스,13400,13400,13200
2018-09-11 오전 9:02:04,테라젠이텍스,13400,13400,13200
2018-09-11 오전 9:02:04,테라젠이텍스,13400,13400,13200
2018-09-11 오전 9:02:04,테라젠이텍스,13400,13400,13200
2018-09-11 오전 9:02:04,테라젠이텍스,13350,13400,13200
2018-09-11 오전 9:02:04,테라젠이텍스,13400,13400,13200
2018-09-11 오전 9:02:05,테라젠이텍스,13400,13400,13200
2018-09-11 오전 9:02:05,테라젠이텍스,13400,13400,13200
2018-09-11 오전 9:02:05,테라젠이텍스,13400,13400,13200
2018-09-11 오전 9:02:05,테라젠이텍스,13400,13400,13200
2018-09-11 오전 9:02:05,테라젠이텍스,13400,13400,13200
2018-09-11 오전 9:02:05,테라젠이텍스,13400,13400,13200
2018-09-11 오전 9:02:05,테라젠이텍스,13400,13400,13200
2018-09-11 오전 9:02:05,테라젠이텍스,13400,13400,13200
2018-09-11 오전 9:02:05,테라젠이텍스,13400,13400,13200
2018-09-11 오전 9:02:06,테라젠이텍스,13400,13400,13200
2018-09-11 오전 9:02:06,테라젠이텍스,13400,13400,13200
2018-09-11 오전 9:02:06,테라젠이텍스,13400,13400,13200
2018-09-11 오전 9:02:06,테라젠이텍스,13400,13400,13200
2018-09-11 오전 9:02:06,테라젠이텍스,13400,13400,13200
2018-09-11 오전 9:02:06,테라젠이텍스,13400,13400,13200
2018-09-11 오전 9:02:06,테라젠이텍스,13400,13400,13200
2018-09-11 오전 9:02:06,테라젠이텍스,13400,13400,13200
2018-09-11 오전 9:02:07,테라젠이텍스,13400,13400,13200
2018-09-11 오전 9:02:07,테라젠이텍스,13400,13400,13200
2018-09-11 오전 9:02:07,테라젠이텍스,13400,13400,13200
2018-09-11 오전 9:02:07,테라젠이텍스,13400,13400,13200
2018-09-11 오전 9:02:07,테라젠이텍스,13400,13400,13200
2018-09-11 오전 9:02:07,테라젠이텍스,13400,13400,13200
2018-09-11 오전 9:02:07,테라젠이텍스,13400,13400,13200
2018-09-11 오전 9:02:07,테라젠이텍스,13400,13400,13200
2018-09-11 오전 9:02:08,테라젠이텍스,13400,13400,13200
2018-09-11 오전 9:02:08,테라젠이텍스,13400,13400,13200
2018-09-11 오전 9:02:08,테라젠이텍스,13400,13400,13200
2018-09-11 오전 9:02:09,테라젠이텍스,13400,13400,13200
2018-09-11 오전 9:02:09,테라젠이텍스,13400,13400,13200
2018-09-11 오전 9:02:09,테라젠이텍스,13400,13400,13200
2018-09-11 오전 9:02:09,테라젠이텍스,13400,13400,13200
2018-09-11 오전 9:02:09,테라젠이텍스,13400,13400,13200
2018-09-11 오전 9:02:09,테라젠이텍스,13400,13400,13200
2018-09-11 오전 9:02:09,테라젠이텍스,13450,13450,13200
2018-09-11 오전 9:02:09,테라젠이텍스,13450,13450,13200
2018-09-11 오전 9:02:09,테라젠이텍스,13450,13450,13200
2018-09-11 오전 9:02:10,테라젠이텍스,13450,13450,13200
2018-09-11 오전 9:02:10,테라젠이텍스,13450,13450,13200
2018-09-11 오전 9:02:10,테라젠이텍스,13450,13450,13200
2018-09-11 오전 9:02:10,테라젠이텍스,13450,13450,13200
2018-09-11 오전 9:02:11,테라젠이텍스,13450,13450,13200
2018-09-11 오전 9:02:11,테라젠이텍스,13450,13450,13200
2018-09-11 오전 9:02:11,테라젠이텍스,13450,13450,13200
2018-09-11 오전 9:02:12,테라젠이텍스,13400,13450,13200
2018-09-11 오전 9:02:12,테라젠이텍스,13450,13450,13200
2018-09-11 오전 9:02:12,테라젠이텍스,13400,13450,13200
2018-09-11 오전 9:02:12,테라젠이텍스,13450,13450,13200
2018-09-11 오전 9:02:13,테라젠이텍스,13450,13450,13200
2018-09-11 오전 9:02:14,테라젠이텍스,13450,13450,13200
2018-09-11 오전 9:02:15,테라젠이텍스,13400,13450,13200
2018-09-11 오전 9:02:15,테라젠이텍스,13400,13450,13200
2018-09-11 오전 9:02:15,테라젠이텍스,13450,13450,13200
2018-09-11 오전 9:02:17,테라젠이텍스,13450,13450,13200
2018-09-11 오전 9:02:18,테라젠이텍스,13400,13450,13200
2018-09-11 오전 9:02:18,테라젠이텍스,13450,13450,13200
2018-09-11 오전 9:02:19,테라젠이텍스,13400,13450,13200
2018-09-11 오전 9:02:19,테라젠이텍스,13450,13450,13200
2018-09-11 오전 9:02:19,테라젠이텍스,13400,13450,13200
2018-09-11 오전 9:02:20,테라젠이텍스,13400,13450,13200
2018-09-11 오전 9:02:21,테라젠이텍스,13400,13450,13200
2018-09-11 오전 9:02:22,테라젠이텍스,13400,13450,13200
2018-09-11 오전 9:02:22,테라젠이텍스,13400,13450,13200
2018-09-11 오전 9:02:23,테라젠이텍스,13400,13450,13200
2018-09-11 오전 9:02:23,테라젠이텍스,13400,13450,13200
2018-09-11 오전 9:02:24,테라젠이텍스,13400,13450,13200
2018-09-11 오전 9:02:26,테라젠이텍스,13400,13450,13200
2018-09-11 오전 9:02:26,테라젠이텍스,13400,13450,13200
2018-09-11 오전 9:02:27,테라젠이텍스,13400,13450,13200
2018-09-11 오전 9:02:28,테라젠이텍스,13400,13450,13200
2018-09-11 오전 9:02:28,테라젠이텍스,13400,13450,13200
2018-09-11 오전 9:02:29,테라젠이텍스,13400,13450,13200
2018-09-11 오전 9:02:29,테라젠이텍스,13400,13450,13200
2018-09-11 오전 9:02:29,테라젠이텍스,13400,13450,13200
2018-09-11 오전 9:02:30,테라젠이텍스,13400,13450,13200
2018-09-11 오전 9:02:33,테라젠이텍스,13400,13450,13200
2018-09-11 오전 9:02:33,테라젠이텍스,13400,13450,13200
2018-09-11 오전 9:02:34,테라젠이텍스,13400,13450,13200
2018-09-11 오전 9:02:34,테라젠이텍스,13400,13450,13200
2018-09-11 오전 9:02:35,테라젠이텍스,13400,13450,13200
2018-09-11 오전 9:02:36,테라젠이텍스,13400,13450,13200
2018-09-11 오전 9:02:36,테라젠이텍스,13400,13450,13200
2018-09-11 오전 9:02:39,테라젠이텍스,13400,13450,13200
2018-09-11 오전 9:02:40,테라젠이텍스,13400,13450,13200
2018-09-11 오전 9:02:40,테라젠이텍스,13400,13450,13200
2018-09-11 오전 9:02:41,테라젠이텍스,13400,13450,13200
2018-09-11 오전 9:02:41,테라젠이텍스,13400,13450,13200
2018-09-11 오전 9:02:42,테라젠이텍스,13400,13450,13200
2018-09-11 오전 9:02:42,테라젠이텍스,13400,13450,13200
2018-09-11 오전 9:02:44,테라젠이텍스,13400,13450,13200
2018-09-11 오전 9:02:44,테라젠이텍스,13400,13450,13200
2018-09-11 오전 9:02:45,테라젠이텍스,13400,13450,13200
2018-09-11 오전 9:02:45,테라젠이텍스,13400,13450,13200
2018-09-11 오전 9:02:46,테라젠이텍스,13400,13450,13200
2018-09-11 오전 9:02:47,테라젠이텍스,13400,13450,13200
2018-09-11 오전 9:02:47,테라젠이텍스,13450,13450,13200
2018-09-11 오전 9:02:48,테라젠이텍스,13400,13450,13200
2018-09-11 오전 9:02:49,테라젠이텍스,13400,13450,13200
2018-09-11 오전 9:02:50,테라젠이텍스,13400,13450,13200
2018-09-11 오전 9:02:54,테라젠이텍스,13400,13450,13200
2018-09-11 오전 9:02:54,테라젠이텍스,13400,13450,13200
2018-09-11 오전 9:02:55,테라젠이텍스,13350,13450,13200
2018-09-11 오전 9:02:56,테라젠이텍스,13400,13450,13200
2018-09-11 오전 9:02:57,테라젠이텍스,13400,13450,13200
2018-09-11 오전 9:02:58,테라젠이텍스,13400,13450,13200
2018-09-11 오전 9:03:00,테라젠이텍스,13400,13450,13200
2018-09-11 오전 9:03:01,테라젠이텍스,13400,13450,13200
2018-09-11 오전 9:03:02,테라젠이텍스,13400,13450,13200
2018-09-11 오전 9:03:04,테라젠이텍스,13450,13450,13200
2018-09-11 오전 9:03:07,테라젠이텍스,13400,13450,13200
2018-09-11 오전 9:03:07,테라젠이텍스,13450,13450,13200
2018-09-11 오전 9:03:07,테라젠이텍스,13400,13450,13200
2018-09-11 오전 9:03:09,테라젠이텍스,13400,13450,13200
2018-09-11 오전 9:03:10,테라젠이텍스,13400,13450,13200
2018-09-11 오전 9:03:10,테라젠이텍스,13400,13450,13200
2018-09-11 오전 9:03:11,테라젠이텍스,13400,13450,13200
2018-09-11 오전 9:03:11,테라젠이텍스,13450,13450,13200
2018-09-11 오전 9:03:12,테라젠이텍스,13400,13450,13200
2018-09-11 오전 9:03:13,테라젠이텍스,13400,13450,13200
2018-09-11 오전 9:03:13,테라젠이텍스,13400,13450,13200
2018-09-11 오전 9:03:14,테라젠이텍스,13400,13450,13200
2018-09-11 오전 9:03:15,테라젠이텍스,13450,13450,13200
2018-09-11 오전 9:03:15,테라젠이텍스,13400,13450,13200
2018-09-11 오전 9:03:15,테라젠이텍스,13400,13450,13200
2018-09-11 오전 9:03:18,테라젠이텍스,13400,13450,13200
2018-09-11 오전 9:03:19,테라젠이텍스,13450,13450,13200
2018-09-11 오전 9:03:19,테라젠이텍스,13400,13450,13200
2018-09-11 오전 9:03:20,테라젠이텍스,13400,13450,13200
2018-09-11 오전 9:03:21,테라젠이텍스,13450,13450,13200
2018-09-11 오전 9:03:21,테라젠이텍스,13400,13450,13200
2018-09-11 오전 9:03:21,테라젠이텍스,13400,13450,13200
2018-09-11 오전 9:03:21,테라젠이텍스,13400,13450,13200
2018-09-11 오전 9:03:21,테라젠이텍스,13400,13450,13200
2018-09-11 오전 9:03:22,테라젠이텍스,13400,13450,13200
2018-09-11 오전 9:03:22,테라젠이텍스,13400,13450,13200
2018-09-11 오전 9:03:22,테라젠이텍스,13450,13450,13200
2018-09-11 오전 9:03:23,테라젠이텍스,13400,13450,13200
2018-09-11 오전 9:03:24,테라젠이텍스,13400,13450,13200
2018-09-11 오전 9:03:25,테라젠이텍스,13400,13450,13200
2018-09-11 오전 9:03:25,테라젠이텍스,13400,13450,13200
2018-09-11 오전 9:03:27,테라젠이텍스,13400,13450,13200
2018-09-11 오전 9:03:28,테라젠이텍스,13400,13450,13200
2018-09-11 오전 9:03:28,테라젠이텍스,13400,13450,13200
2018-09-11 오전 9:03:28,테라젠이텍스,13400,13450,13200
2018-09-11 오전 9:03:29,테라젠이텍스,13450,13450,13200
2018-09-11 오전 9:03:30,테라젠이텍스,13400,13450,13200
2018-09-11 오전 9:03:30,테라젠이텍스,13400,13450,13200
2018-09-11 오전 9:03:31,테라젠이텍스,13400,13450,13200
2018-09-11 오전 9:03:32,테라젠이텍스,13350,13450,13200
2018-09-11 오전 9:03:32,테라젠이텍스,13400,13450,13200
2018-09-11 오전 9:03:33,테라젠이텍스,13400,13450,13200
2018-09-11 오전 9:03:33,테라젠이텍스,13400,13450,13200
2018-09-11 오전 9:03:34,테라젠이텍스,13400,13450,13200
