YYYY-09-DD 10:22:28,8330,8650,7350
YYYY-09-DD 10:22:29,8330,8650,7350
YYYY-09-DD 10:22:29,8340,8650,7350
YYYY-09-DD 10:22:29,8330,8650,7350
YYYY-09-DD 10:22:29,8310,8650,7350
YYYY-09-DD 10:22:29,8300,8650,7350
YYYY-09-DD 10:22:29,8300,8650,7350
YYYY-09-DD 10:22:29,8300,8650,7350
YYYY-09-DD 10:22:30,8320,8650,7350
YYYY-09-DD 10:22:30,8300,8650,7350
YYYY-09-DD 10:22:30,8300,8650,7350
YYYY-09-DD 10:22:30,8290,8650,7350
YYYY-09-DD 10:22:30,8280,8650,7350
YYYY-09-DD 10:22:31,8340,8650,7350
YYYY-09-DD 10:22:31,8300,8650,7350
YYYY-09-DD 10:22:31,8300,8650,7350
YYYY-09-DD 10:22:31,8300,8650,7350
YYYY-09-DD 10:22:31,8300,8650,7350
YYYY-09-DD 10:22:31,8280,8650,7350
YYYY-09-DD 10:22:32,8300,8650,7350
YYYY-09-DD 10:22:32,8280,8650,7350
YYYY-09-DD 10:22:32,8300,8650,7350
YYYY-09-DD 10:22:32,8300,8650,7350
YYYY-09-DD 10:22:32,8280,8650,7350
YYYY-09-DD 10:22:32,8300,8650,7350
YYYY-09-DD 10:22:33,8290,8650,7350
YYYY-09-DD 10:22:33,8290,8650,7350
YYYY-09-DD 10:22:33,8280,8650,7350
YYYY-09-DD 10:22:33,8270,8650,7350
YYYY-09-DD 10:22:33,8260,8650,7350
YYYY-09-DD 10:22:33,8260,8650,7350
YYYY-09-DD 10:22:34,8290,8650,7350
YYYY-09-DD 10:22:34,8280,8650,7350
YYYY-09-DD 10:22:34,8260,8650,7350
YYYY-09-DD 10:22:35,8280,8650,7350
YYYY-09-DD 10:22:35,8260,8650,7350
YYYY-09-DD 10:22:35,8260,8650,7350
YYYY-09-DD 10:22:35,8260,8650,7350
YYYY-09-DD 10:22:36,8260,8650,7350
YYYY-09-DD 10:22:36,8270,8650,7350
YYYY-09-DD 10:22:36,8270,8650,7350
YYYY-09-DD 10:22:36,8260,8650,7350
YYYY-09-DD 10:22:37,8260,8650,7350
YYYY-09-DD 10:22:37,8260,8650,7350
YYYY-09-DD 10:22:37,8280,8650,7350
YYYY-09-DD 10:22:37,8260,8650,7350
YYYY-09-DD 10:22:37,8260,8650,7350
YYYY-09-DD 10:22:37,8260,8650,7350
YYYY-09-DD 10:22:38,8270,8650,7350
YYYY-09-DD 10:22:38,8260,8650,7350
YYYY-09-DD 10:22:38,8260,8650,7350
YYYY-09-DD 10:22:38,8270,8650,7350
YYYY-09-DD 10:22:38,8260,8650,7350
YYYY-09-DD 10:22:39,8260,8650,7350
YYYY-09-DD 10:22:39,8260,8650,7350
YYYY-09-DD 10:22:39,8270,8650,7350
YYYY-09-DD 10:22:39,8270,8650,7350
YYYY-09-DD 10:22:39,8260,8650,7350
YYYY-09-DD 10:22:39,8270,8650,7350
YYYY-09-DD 10:22:39,8260,8650,7350
YYYY-09-DD 10:22:40,8270,8650,7350
YYYY-09-DD 10:22:40,8260,8650,7350
YYYY-09-DD 10:22:40,8260,8650,7350
YYYY-09-DD 10:22:40,8250,8650,7350
YYYY-09-DD 10:22:41,8250,8650,7350
YYYY-09-DD 10:22:41,8270,8650,7350
YYYY-09-DD 10:22:41,8260,8650,7350
YYYY-09-DD 10:22:41,8270,8650,7350
YYYY-09-DD 10:22:41,8270,8650,7350
YYYY-09-DD 10:22:42,8260,8650,7350
YYYY-09-DD 10:22:42,8270,8650,7350
YYYY-09-DD 10:22:42,8260,8650,7350
YYYY-09-DD 10:22:42,8260,8650,7350
YYYY-09-DD 10:22:42,8260,8650,7350
YYYY-09-DD 10:22:42,8260,8650,7350
YYYY-09-DD 10:22:42,8260,8650,7350
YYYY-09-DD 10:22:43,8260,8650,7350
YYYY-09-DD 10:22:43,8270,8650,7350
YYYY-09-DD 10:22:43,8260,8650,7350
YYYY-09-DD 10:22:43,8250,8650,7350
YYYY-09-DD 10:22:43,8270,8650,7350
YYYY-09-DD 10:22:43,8270,8650,7350
YYYY-09-DD 10:22:43,8270,8650,7350
YYYY-09-DD 10:22:43,8260,8650,7350
YYYY-09-DD 10:22:44,8250,8650,7350
YYYY-09-DD 10:22:44,8270,8650,7350
YYYY-09-DD 10:22:44,8260,8650,7350
YYYY-09-DD 10:22:45,8260,8650,7350
YYYY-09-DD 10:22:45,8260,8650,7350
YYYY-09-DD 10:22:45,8260,8650,7350
YYYY-09-DD 10:22:45,8260,8650,7350
YYYY-09-DD 10:22:46,8270,8650,7350
YYYY-09-DD 10:22:46,8270,8650,7350
YYYY-09-DD 10:22:47,8270,8650,7350
YYYY-09-DD 10:22:47,8270,8650,7350
YYYY-09-DD 10:22:47,8260,8650,7350
YYYY-09-DD 10:22:47,8260,8650,7350
YYYY-09-DD 10:22:47,8260,8650,7350
YYYY-09-DD 10:22:47,8270,8650,7350
YYYY-09-DD 10:22:47,8280,8650,7350
YYYY-09-DD 10:22:48,8280,8650,7350
YYYY-09-DD 10:22:48,8260,8650,7350
YYYY-09-DD 10:22:48,8260,8650,7350
YYYY-09-DD 10:22:48,8250,8650,7350
YYYY-09-DD 10:22:48,8250,8650,7350
YYYY-09-DD 10:22:49,8260,8650,7350
YYYY-09-DD 10:22:50,8260,8650,7350
YYYY-09-DD 10:22:50,8250,8650,7350
YYYY-09-DD 10:22:50,8260,8650,7350
YYYY-09-DD 10:22:50,8250,8650,7350
YYYY-09-DD 10:22:50,8260,8650,7350
YYYY-09-DD 10:22:51,8260,8650,7350
YYYY-09-DD 10:22:51,8250,8650,7350
YYYY-09-DD 10:22:51,8250,8650,7350
YYYY-09-DD 10:22:51,8260,8650,7350
YYYY-09-DD 10:22:52,8270,8650,7350
YYYY-09-DD 10:22:52,8270,8650,7350
YYYY-09-DD 10:22:52,8280,8650,7350
YYYY-09-DD 10:22:53,8270,8650,7350
YYYY-09-DD 10:22:53,8280,8650,7350
YYYY-09-DD 10:22:53,8280,8650,7350
YYYY-09-DD 10:22:53,8280,8650,7350
YYYY-09-DD 10:22:53,8280,8650,7350
YYYY-09-DD 10:22:53,8270,8650,7350
YYYY-09-DD 10:22:53,8270,8650,7350
YYYY-09-DD 10:22:54,8290,8650,7350
YYYY-09-DD 10:22:54,8290,8650,7350
YYYY-09-DD 10:22:54,8290,8650,7350
YYYY-09-DD 10:22:55,8280,8650,7350
YYYY-09-DD 10:22:55,8290,8650,7350
YYYY-09-DD 10:22:55,8280,8650,7350
YYYY-09-DD 10:22:56,8280,8650,7350
YYYY-09-DD 10:22:56,8280,8650,7350
YYYY-09-DD 10:22:56,8290,8650,7350
YYYY-09-DD 10:22:56,8290,8650,7350
YYYY-09-DD 10:22:57,8290,8650,7350
YYYY-09-DD 10:22:57,8280,8650,7350
YYYY-09-DD 10:22:57,8280,8650,7350
YYYY-09-DD 10:22:58,8280,8650,7350
YYYY-09-DD 10:22:58,8280,8650,7350
YYYY-09-DD 10:22:58,8290,8650,7350
YYYY-09-DD 10:22:58,8290,8650,7350
YYYY-09-DD 10:22:58,8280,8650,7350
YYYY-09-DD 10:22:59,8280,8650,7350
YYYY-09-DD 10:22:59,8280,8650,7350
YYYY-09-DD 10:22:59,8280,8650,7350
YYYY-09-DD 10:22:59,8290,8650,7350
YYYY-09-DD 10:22:59,8290,8650,7350
YYYY-09-DD 10:22:59,8280,8650,7350
YYYY-09-DD 10:23:01,8300,8650,7350
YYYY-09-DD 10:23:01,8300,8650,7350
YYYY-09-DD 10:23:01,8290,8650,7350
YYYY-09-DD 10:23:01,8280,8650,7350
YYYY-09-DD 10:23:01,8280,8650,7350
YYYY-09-DD 10:23:02,8280,8650,7350
YYYY-09-DD 10:23:02,8280,8650,7350
YYYY-09-DD 10:23:02,8280,8650,7350
YYYY-09-DD 10:23:03,8270,8650,7350
YYYY-09-DD 10:23:03,8280,8650,7350
YYYY-09-DD 10:23:03,8270,8650,7350
YYYY-09-DD 10:23:03,8280,8650,7350
YYYY-09-DD 10:23:04,8290,8650,7350
YYYY-09-DD 10:23:05,8300,8650,7350
YYYY-09-DD 10:23:05,8300,8650,7350
YYYY-09-DD 10:23:05,8300,8650,7350
YYYY-09-DD 10:23:06,8300,8650,7350
YYYY-09-DD 10:23:06,8290,8650,7350
YYYY-09-DD 10:23:06,8280,8650,7350
YYYY-09-DD 10:23:06,8290,8650,7350
YYYY-09-DD 10:23:06,8280,8650,7350
YYYY-09-DD 10:23:06,8290,8650,7350
YYYY-09-DD 10:23:07,8290,8650,7350
YYYY-09-DD 10:23:07,8290,8650,7350
YYYY-09-DD 10:23:07,8290,8650,7350
YYYY-09-DD 10:23:07,8280,8650,7350
YYYY-09-DD 10:23:08,8280,8650,7350
YYYY-09-DD 10:23:08,8280,8650,7350
YYYY-09-DD 10:23:09,8290,8650,7350
YYYY-09-DD 10:23:10,8280,8650,7350
YYYY-09-DD 10:23:10,8290,8650,7350
YYYY-09-DD 10:23:10,8290,8650,7350
YYYY-09-DD 10:23:10,8280,8650,7350
YYYY-09-DD 10:23:10,8280,8650,7350
YYYY-09-DD 10:23:11,8280,8650,7350
YYYY-09-DD 10:23:12,8280,8650,7350
YYYY-09-DD 10:23:12,8290,8650,7350
YYYY-09-DD 10:23:12,8290,8650,7350
YYYY-09-DD 10:23:12,8290,8650,7350
YYYY-09-DD 10:23:12,8290,8650,7350
YYYY-09-DD 10:23:12,8290,8650,7350
YYYY-09-DD 10:23:13,8280,8650,7350
YYYY-09-DD 10:23:13,8290,8650,7350
YYYY-09-DD 10:23:13,8300,8650,7350
YYYY-09-DD 10:23:13,8280,8650,7350
YYYY-09-DD 10:23:13,8300,8650,7350
YYYY-09-DD 10:23:13,8300,8650,7350
YYYY-09-DD 10:23:14,8300,8650,7350
YYYY-09-DD 10:23:14,8300,8650,7350
YYYY-09-DD 10:23:14,8310,8650,7350
YYYY-09-DD 10:23:15,8310,8650,7350
YYYY-09-DD 10:23:15,8310,8650,7350
YYYY-09-DD 10:23:15,8320,8650,7350
YYYY-09-DD 10:23:15,8320,8650,7350
YYYY-09-DD 10:23:15,8310,8650,7350
YYYY-09-DD 10:23:16,8320,8650,7350
YYYY-09-DD 10:23:16,8320,8650,7350
YYYY-09-DD 10:23:17,8320,8650,7350
YYYY-09-DD 10:23:18,8320,8650,7350
YYYY-09-DD 10:23:18,8310,8650,7350
YYYY-09-DD 10:23:18,8310,8650,7350
YYYY-09-DD 10:23:19,8320,8650,7350
YYYY-09-DD 10:23:19,8320,8650,7350
YYYY-09-DD 10:23:19,8310,8650,7350
YYYY-09-DD 10:23:19,8310,8650,7350
YYYY-09-DD 10:23:20,8320,8650,7350
YYYY-09-DD 10:23:20,8320,8650,7350
YYYY-09-DD 10:23:20,8320,8650,7350
YYYY-09-DD 10:23:20,8320,8650,7350
YYYY-09-DD 10:23:21,8320,8650,7350
YYYY-09-DD 10:23:21,8320,8650,7350
YYYY-09-DD 10:23:22,8320,8650,7350
YYYY-09-DD 10:23:22,8310,8650,7350
YYYY-09-DD 10:23:22,8320,8650,7350
YYYY-09-DD 10:23:22,8320,8650,7350
YYYY-09-DD 10:23:22,8310,8650,7350
YYYY-09-DD 10:23:22,8300,8650,7350
YYYY-09-DD 10:23:22,8310,8650,7350
YYYY-09-DD 10:23:22,8300,8650,7350
YYYY-09-DD 10:23:23,8310,8650,7350
YYYY-09-DD 10:23:23,8300,8650,7350
YYYY-09-DD 10:23:24,8310,8650,7350
YYYY-09-DD 10:23:24,8300,8650,7350
YYYY-09-DD 10:23:25,8310,8650,7350
YYYY-09-DD 10:23:25,8310,8650,7350
YYYY-09-DD 10:23:25,8310,8650,7350
YYYY-09-DD 10:23:26,8320,8650,7350
YYYY-09-DD 10:23:26,8320,8650,7350
YYYY-09-DD 10:23:26,8310,8650,7350
YYYY-09-DD 10:23:27,8320,8650,7350
YYYY-09-DD 10:23:28,8310,8650,7350
YYYY-09-DD 10:23:29,8320,8650,7350
YYYY-09-DD 10:23:29,8310,8650,7350
YYYY-09-DD 10:23:29,8300,8650,7350
YYYY-09-DD 10:23:29,8310,8650,7350
YYYY-09-DD 10:23:29,8310,8650,7350
YYYY-09-DD 10:23:30,8310,8650,7350
YYYY-09-DD 10:23:31,8310,8650,7350
YYYY-09-DD 10:23:31,8320,8650,7350
YYYY-09-DD 10:23:31,8320,8650,7350
YYYY-09-DD 10:23:31,8300,8650,7350
YYYY-09-DD 10:23:32,8310,8650,7350
YYYY-09-DD 10:23:32,8310,8650,7350
YYYY-09-DD 10:23:32,8300,8650,7350
YYYY-09-DD 10:23:32,8300,8650,7350
YYYY-09-DD 10:23:32,8300,8650,7350
YYYY-09-DD 10:23:32,8300,8650,7350
YYYY-09-DD 10:23:33,8300,8650,7350
YYYY-09-DD 10:23:33,8300,8650,7350
YYYY-09-DD 10:23:34,8300,8650,7350
YYYY-09-DD 10:23:35,8310,8650,7350
YYYY-09-DD 10:23:35,8300,8650,7350
YYYY-09-DD 10:23:36,8300,8650,7350
YYYY-09-DD 10:23:36,8290,8650,7350
YYYY-09-DD 10:23:36,8290,8650,7350
YYYY-09-DD 10:23:37,8300,8650,7350
YYYY-09-DD 10:23:37,8290,8650,7350
YYYY-09-DD 10:23:37,8300,8650,7350
YYYY-09-DD 10:23:38,8300,8650,7350
YYYY-09-DD 10:23:39,8290,8650,7350
YYYY-09-DD 10:23:40,8290,8650,7350
YYYY-09-DD 10:23:40,8300,8650,7350
YYYY-09-DD 10:23:40,8300,8650,7350
YYYY-09-DD 10:23:41,8300,8650,7350
YYYY-09-DD 10:23:41,8300,8650,7350
YYYY-09-DD 10:23:41,8290,8650,7350
YYYY-09-DD 10:23:41,8290,8650,7350
YYYY-09-DD 10:23:41,8290,8650,7350
YYYY-09-DD 10:23:41,8280,8650,7350
YYYY-09-DD 10:23:41,8280,8650,7350
YYYY-09-DD 10:23:42,8300,8650,7350
YYYY-09-DD 10:23:42,8300,8650,7350
YYYY-09-DD 10:23:42,8300,8650,7350
YYYY-09-DD 10:23:42,8280,8650,7350
YYYY-09-DD 10:23:42,8290,8650,7350
YYYY-09-DD 10:23:42,8300,8650,7350
YYYY-09-DD 10:23:43,8300,8650,7350
YYYY-09-DD 10:23:43,8300,8650,7350
YYYY-09-DD 10:23:44,8300,8650,7350
YYYY-09-DD 10:23:44,8300,8650,7350
YYYY-09-DD 10:23:44,8300,8650,7350
YYYY-09-DD 10:23:44,8300,8650,7350
YYYY-09-DD 10:23:45,8310,8650,7350
YYYY-09-DD 10:23:45,8300,8650,7350
YYYY-09-DD 10:23:45,8310,8650,7350
YYYY-09-DD 10:23:45,8300,8650,7350
YYYY-09-DD 10:23:46,8310,8650,7350
YYYY-09-DD 10:23:46,8300,8650,7350
YYYY-09-DD 10:23:46,8300,8650,7350
YYYY-09-DD 10:23:46,8290,8650,7350
YYYY-09-DD 10:23:46,8280,8650,7350
YYYY-09-DD 10:23:46,8270,8650,7350
YYYY-09-DD 10:23:46,8290,8650,7350
YYYY-09-DD 10:23:46,8290,8650,7350
YYYY-09-DD 10:23:47,8290,8650,7350
YYYY-09-DD 10:23:47,8290,8650,7350
YYYY-09-DD 10:23:47,8290,8650,7350
YYYY-09-DD 10:23:47,8290,8650,7350
YYYY-09-DD 10:23:47,8290,8650,7350
YYYY-09-DD 10:23:48,8280,8650,7350
YYYY-09-DD 10:23:49,8290,8650,7350
YYYY-09-DD 10:23:49,8290,8650,7350
YYYY-09-DD 10:23:49,8290,8650,7350
YYYY-09-DD 10:23:49,8290,8650,7350
YYYY-09-DD 10:23:49,8290,8650,7350
YYYY-09-DD 10:23:50,8290,8650,7350
YYYY-09-DD 10:23:50,8300,8650,7350
YYYY-09-DD 10:23:50,8300,8650,7350
YYYY-09-DD 10:23:50,8310,8650,7350
YYYY-09-DD 10:23:51,8300,8650,7350
YYYY-09-DD 10:23:51,8300,8650,7350
YYYY-09-DD 10:23:51,8290,8650,7350
YYYY-09-DD 10:23:51,8300,8650,7350
YYYY-09-DD 10:23:51,8290,8650,7350
YYYY-09-DD 10:23:52,8300,8650,7350
YYYY-09-DD 10:23:53,8300,8650,7350
YYYY-09-DD 10:23:53,8300,8650,7350
YYYY-09-DD 10:23:53,8290,8650,7350
YYYY-09-DD 10:23:53,8280,8650,7350
YYYY-09-DD 10:23:53,8300,8650,7350
YYYY-09-DD 10:23:53,8290,8650,7350
YYYY-09-DD 10:23:53,8300,8650,7350
YYYY-09-DD 10:23:54,8300,8650,7350
YYYY-09-DD 10:23:54,8290,8650,7350
YYYY-09-DD 10:23:55,8290,8650,7350
YYYY-09-DD 10:23:55,8290,8650,7350
YYYY-09-DD 10:23:55,8290,8650,7350
YYYY-09-DD 10:23:56,8290,8650,7350
YYYY-09-DD 10:23:57,8300,8650,7350
YYYY-09-DD 10:23:57,8290,8650,7350
YYYY-09-DD 10:23:57,8290,8650,7350
YYYY-09-DD 10:23:58,8300,8650,7350
YYYY-09-DD 10:23:58,8290,8650,7350
YYYY-09-DD 10:23:58,8290,8650,7350
YYYY-09-DD 10:23:58,8290,8650,7350
YYYY-09-DD 10:23:59,8290,8650,7350
YYYY-09-DD 10:23:59,8290,8650,7350
YYYY-09-DD 10:23:59,8290,8650,7350
YYYY-09-DD 10:23:59,8300,8650,7350
YYYY-09-DD 10:24:00,8290,8650,7350
YYYY-09-DD 10:24:00,8290,8650,7350
YYYY-09-DD 10:24:00,8290,8650,7350
YYYY-09-DD 10:24:02,8290,8650,7350
YYYY-09-DD 10:24:03,8290,8650,7350
YYYY-09-DD 10:24:03,8300,8650,7350
YYYY-09-DD 10:24:03,8290,8650,7350
YYYY-09-DD 10:24:03,8290,8650,7350
YYYY-09-DD 10:24:03,8290,8650,7350
YYYY-09-DD 10:24:03,8300,8650,7350
YYYY-09-DD 10:24:04,8290,8650,7350
YYYY-09-DD 10:24:04,8290,8650,7350
YYYY-09-DD 10:24:04,8290,8650,7350
YYYY-09-DD 10:24:05,8280,8650,7350
YYYY-09-DD 10:24:05,8280,8650,7350
YYYY-09-DD 10:24:05,8280,8650,7350
YYYY-09-DD 10:24:05,8290,8650,7350
YYYY-09-DD 10:24:05,8290,8650,7350
YYYY-09-DD 10:24:05,8290,8650,7350
YYYY-09-DD 10:24:06,8300,8650,7350
YYYY-09-DD 10:24:06,8290,8650,7350
YYYY-09-DD 10:24:07,8300,8650,7350
YYYY-09-DD 10:24:07,8290,8650,7350
YYYY-09-DD 10:24:07,8290,8650,7350
YYYY-09-DD 10:24:07,8290,8650,7350
YYYY-09-DD 10:24:07,8290,8650,7350
YYYY-09-DD 10:24:08,8300,8650,7350
YYYY-09-DD 10:24:08,8290,8650,7350
YYYY-09-DD 10:24:08,8290,8650,7350
YYYY-09-DD 10:24:08,8290,8650,7350
YYYY-09-DD 10:24:08,8280,8650,7350
YYYY-09-DD 10:24:09,8280,8650,7350
YYYY-09-DD 10:24:09,8290,8650,7350
YYYY-09-DD 10:24:09,8290,8650,7350
YYYY-09-DD 10:24:09,8290,8650,7350
YYYY-09-DD 10:24:10,8280,8650,7350
YYYY-09-DD 10:24:10,8290,8650,7350
YYYY-09-DD 10:24:11,8280,8650,7350
YYYY-09-DD 10:24:11,8290,8650,7350
YYYY-09-DD 10:24:11,8290,8650,7350
YYYY-09-DD 10:24:11,8290,8650,7350
YYYY-09-DD 10:24:11,8280,8650,7350
YYYY-09-DD 10:24:12,8290,8650,7350
YYYY-09-DD 10:24:13,8280,8650,7350
YYYY-09-DD 10:24:13,8280,8650,7350
YYYY-09-DD 10:24:13,8280,8650,7350
YYYY-09-DD 10:24:14,8280,8650,7350
YYYY-09-DD 10:24:14,8280,8650,7350
YYYY-09-DD 10:24:14,8280,8650,7350
YYYY-09-DD 10:24:14,8280,8650,7350
YYYY-09-DD 10:24:14,8280,8650,7350
YYYY-09-DD 10:24:14,8270,8650,7350
YYYY-09-DD 10:24:14,8270,8650,7350
YYYY-09-DD 10:24:14,8270,8650,7350
YYYY-09-DD 10:24:14,8260,8650,7350
YYYY-09-DD 10:24:15,8260,8650,7350
YYYY-09-DD 10:24:15,8260,8650,7350
YYYY-09-DD 10:24:15,8270,8650,7350
YYYY-09-DD 10:24:15,8260,8650,7350
YYYY-09-DD 10:24:15,8260,8650,7350
YYYY-09-DD 10:24:15,8260,8650,7350
YYYY-09-DD 10:24:16,8260,8650,7350
YYYY-09-DD 10:24:16,8260,8650,7350
YYYY-09-DD 10:24:16,8270,8650,7350
YYYY-09-DD 10:24:16,8260,8650,7350
YYYY-09-DD 10:24:16,8260,8650,7350
YYYY-09-DD 10:24:16,8250,8650,7350
YYYY-09-DD 10:24:16,8250,8650,7350
YYYY-09-DD 10:24:16,8250,8650,7350
YYYY-09-DD 10:24:18,8250,8650,7350
YYYY-09-DD 10:24:19,8250,8650,7350
YYYY-09-DD 10:24:19,8240,8650,7350
YYYY-09-DD 15:04:56,8050,9490,7350
YYYY-09-DD 15:04:56,8040,9490,7350
YYYY-09-DD 15:04:56,8040,9490,7350
YYYY-09-DD 15:04:56,8040,9490,7350
YYYY-09-DD 15:04:56,8040,9490,7350
YYYY-09-DD 15:04:56,8030,9490,7350
YYYY-09-DD 15:04:57,8040,9490,7350
YYYY-09-DD 15:04:57,8030,9490,7350
YYYY-09-DD 15:04:57,8030,9490,7350
YYYY-09-DD 15:04:58,8030,9490,7350
YYYY-09-DD 15:04:58,8050,9490,7350
YYYY-09-DD 15:04:58,8030,9490,7350
YYYY-09-DD 15:04:59,8050,9490,7350
YYYY-09-DD 15:04:59,8050,9490,7350
YYYY-09-DD 15:05:00,8030,9490,7350
YYYY-09-DD 15:05:00,8030,9490,7350
YYYY-09-DD 15:05:01,8040,9490,7350
YYYY-09-DD 15:05:02,8040,9490,7350
YYYY-09-DD 15:05:02,8030,9490,7350
YYYY-09-DD 15:05:03,8030,9490,7350
YYYY-09-DD 15:05:04,8030,9490,7350
YYYY-09-DD 15:05:04,8030,9490,7350
YYYY-09-DD 15:05:05,8040,9490,7350
YYYY-09-DD 15:05:05,8030,9490,7350
YYYY-09-DD 15:05:05,8030,9490,7350
YYYY-09-DD 15:05:06,8030,9490,7350
YYYY-09-DD 15:05:06,8040,9490,7350
YYYY-09-DD 15:05:06,8030,9490,7350
YYYY-09-DD 15:05:07,8040,9490,7350
YYYY-09-DD 15:05:08,8030,9490,7350
YYYY-09-DD 15:05:08,8040,9490,7350
YYYY-09-DD 15:05:08,8030,9490,7350
YYYY-09-DD 15:05:08,8030,9490,7350
YYYY-09-DD 15:05:09,8030,9490,7350
YYYY-09-DD 15:05:09,8020,9490,7350
YYYY-09-DD 15:05:09,8020,9490,7350
YYYY-09-DD 15:05:09,8030,9490,7350
YYYY-09-DD 15:05:11,8030,9490,7350
YYYY-09-DD 15:05:12,8030,9490,7350
YYYY-09-DD 15:05:12,8020,9490,7350
YYYY-09-DD 15:05:12,8040,9490,7350
YYYY-09-DD 15:05:12,8040,9490,7350
YYYY-09-DD 15:05:14,8040,9490,7350
YYYY-09-DD 15:05:14,8040,9490,7350
YYYY-09-DD 15:05:16,8040,9490,7350
YYYY-09-DD 15:05:16,8030,9490,7350
YYYY-09-DD 15:05:16,8040,9490,7350
YYYY-09-DD 15:05:17,8040,9490,7350
YYYY-09-DD 15:05:17,8040,9490,7350
YYYY-09-DD 15:05:17,8030,9490,7350
YYYY-09-DD 15:05:17,8020,9490,7350
YYYY-09-DD 15:05:17,8030,9490,7350
YYYY-09-DD 15:05:17,8030,9490,7350
YYYY-09-DD 15:05:17,8040,9490,7350
YYYY-09-DD 15:05:18,8030,9490,7350
YYYY-09-DD 15:05:19,8020,9490,7350
YYYY-09-DD 15:05:19,8030,9490,7350
YYYY-09-DD 15:05:20,8030,9490,7350
YYYY-09-DD 15:05:20,8040,9490,7350
YYYY-09-DD 15:05:20,8040,9490,7350
YYYY-09-DD 15:05:21,8040,9490,7350
YYYY-09-DD 15:05:22,8030,9490,7350
YYYY-09-DD 15:05:22,8030,9490,7350
YYYY-09-DD 15:05:22,8040,9490,7350
YYYY-09-DD 15:05:23,8030,9490,7350
YYYY-09-DD 15:05:23,8030,9490,7350
YYYY-09-DD 15:05:23,8040,9490,7350
YYYY-09-DD 15:05:24,8040,9490,7350
YYYY-09-DD 15:05:24,8040,9490,7350
YYYY-09-DD 15:05:24,8040,9490,7350
YYYY-09-DD 15:05:24,8040,9490,7350
YYYY-09-DD 15:05:24,8040,9490,7350
YYYY-09-DD 15:05:25,8040,9490,7350
YYYY-09-DD 15:05:25,8040,9490,7350
YYYY-09-DD 15:05:25,8040,9490,7350
YYYY-09-DD 15:05:25,8040,9490,7350
YYYY-09-DD 15:05:25,8050,9490,7350
YYYY-09-DD 15:05:25,8040,9490,7350
YYYY-09-DD 15:05:26,8040,9490,7350
YYYY-09-DD 15:05:26,8050,9490,7350
YYYY-09-DD 15:05:26,8040,9490,7350
YYYY-09-DD 15:05:26,8040,9490,7350
YYYY-09-DD 15:05:27,8050,9490,7350
YYYY-09-DD 15:05:27,8050,9490,7350
YYYY-09-DD 15:05:28,8050,9490,7350
YYYY-09-DD 15:05:28,8050,9490,7350
YYYY-09-DD 15:05:28,8050,9490,7350
YYYY-09-DD 15:05:28,8050,9490,7350
YYYY-09-DD 15:05:29,8050,9490,7350
YYYY-09-DD 15:05:29,8050,9490,7350
YYYY-09-DD 15:05:29,8050,9490,7350
YYYY-09-DD 15:05:29,8050,9490,7350
YYYY-09-DD 15:05:29,8050,9490,7350
YYYY-09-DD 15:05:29,8050,9490,7350
YYYY-09-DD 15:05:29,8060,9490,7350
YYYY-09-DD 15:05:29,8060,9490,7350
YYYY-09-DD 15:05:29,8060,9490,7350
YYYY-09-DD 15:05:29,8050,9490,7350
YYYY-09-DD 15:05:29,8060,9490,7350
YYYY-09-DD 15:05:29,8060,9490,7350
YYYY-09-DD 15:05:29,8060,9490,7350
YYYY-09-DD 15:05:29,8060,9490,7350
YYYY-09-DD 15:05:29,8060,9490,7350
YYYY-09-DD 15:05:30,8060,9490,7350
YYYY-09-DD 15:05:30,8050,9490,7350
YYYY-09-DD 15:05:30,8060,9490,7350
YYYY-09-DD 15:05:30,8060,9490,7350
YYYY-09-DD 15:05:30,8060,9490,7350
YYYY-09-DD 15:05:30,8060,9490,7350
YYYY-09-DD 15:05:30,8060,9490,7350
YYYY-09-DD 15:05:31,8060,9490,7350
YYYY-09-DD 15:05:31,8060,9490,7350
YYYY-09-DD 15:05:31,8070,9490,7350
YYYY-09-DD 15:05:32,8060,9490,7350
YYYY-09-DD 15:05:32,8070,9490,7350
YYYY-09-DD 15:05:33,8070,9490,7350
YYYY-09-DD 15:05:33,8070,9490,7350
YYYY-09-DD 15:05:33,8070,9490,7350
YYYY-09-DD 15:05:33,8070,9490,7350
YYYY-09-DD 15:05:33,8070,9490,7350
YYYY-09-DD 15:05:34,8070,9490,7350
YYYY-09-DD 15:05:34,8070,9490,7350
YYYY-09-DD 15:05:34,8060,9490,7350
YYYY-09-DD 15:05:34,8070,9490,7350
YYYY-09-DD 15:05:35,8080,9490,7350
YYYY-09-DD 15:05:35,8080,9490,7350
YYYY-09-DD 15:05:36,8080,9490,7350
YYYY-09-DD 15:05:36,8080,9490,7350
YYYY-09-DD 15:05:36,8080,9490,7350
YYYY-09-DD 15:05:36,8080,9490,7350
YYYY-09-DD 15:05:36,8080,9490,7350
YYYY-09-DD 15:05:36,8080,9490,7350
YYYY-09-DD 15:05:36,8080,9490,7350
YYYY-09-DD 15:05:37,8090,9490,7350
YYYY-09-DD 15:05:37,8080,9490,7350
YYYY-09-DD 15:05:37,8090,9490,7350
YYYY-09-DD 15:05:38,8090,9490,7350
YYYY-09-DD 15:05:38,8090,9490,7350
YYYY-09-DD 15:05:38,8090,9490,7350
YYYY-09-DD 15:05:39,8090,9490,7350
YYYY-09-DD 15:05:39,8090,9490,7350
YYYY-09-DD 15:05:39,8100,9490,7350
YYYY-09-DD 15:05:39,8100,9490,7350
YYYY-09-DD 15:05:40,8100,9490,7350
YYYY-09-DD 15:05:40,8100,9490,7350
YYYY-09-DD 15:05:40,8100,9490,7350
YYYY-09-DD 15:05:40,8100,9490,7350
YYYY-09-DD 15:05:41,8100,9490,7350
YYYY-09-DD 15:05:42,8100,9490,7350
YYYY-09-DD 15:05:42,8100,9490,7350
YYYY-09-DD 15:05:43,8100,9490,7350
YYYY-09-DD 15:05:43,8100,9490,7350
YYYY-09-DD 15:05:46,8100,9490,7350
YYYY-09-DD 15:05:47,8100,9490,7350
YYYY-09-DD 15:05:47,8100,9490,7350
YYYY-09-DD 15:05:48,8100,9490,7350
YYYY-09-DD 15:05:48,8110,9490,7350
YYYY-09-DD 15:05:48,8100,9490,7350
YYYY-09-DD 15:05:48,8100,9490,7350
YYYY-09-DD 15:05:48,8090,9490,7350
YYYY-09-DD 15:05:49,8090,9490,7350
YYYY-09-DD 15:05:49,8090,9490,7350
YYYY-09-DD 15:05:49,8100,9490,7350
YYYY-09-DD 15:05:49,8090,9490,7350
YYYY-09-DD 15:05:49,8100,9490,7350
YYYY-09-DD 15:05:50,8090,9490,7350
YYYY-09-DD 15:05:50,8100,9490,7350
YYYY-09-DD 15:05:50,8090,9490,7350
YYYY-09-DD 15:05:51,8100,9490,7350
YYYY-09-DD 15:05:51,8100,9490,7350
YYYY-09-DD 15:05:51,8100,9490,7350
YYYY-09-DD 15:05:51,8090,9490,7350
YYYY-09-DD 15:05:51,8090,9490,7350
YYYY-09-DD 15:05:51,8080,9490,7350
YYYY-09-DD 15:05:51,8070,9490,7350
YYYY-09-DD 15:05:51,8060,9490,7350
YYYY-09-DD 15:05:52,8070,9490,7350
YYYY-09-DD 15:05:52,8100,9490,7350
YYYY-09-DD 15:05:52,8060,9490,7350
YYYY-09-DD 15:05:52,8080,9490,7350
YYYY-09-DD 15:05:52,8060,9490,7350
YYYY-09-DD 15:05:53,8080,9490,7350
YYYY-09-DD 15:05:53,8090,9490,7350
YYYY-09-DD 15:05:53,8090,9490,7350
YYYY-09-DD 15:05:53,8090,9490,7350
YYYY-09-DD 15:05:53,8090,9490,7350
YYYY-09-DD 15:05:54,8070,9490,7350
YYYY-09-DD 15:05:54,8070,9490,7350
YYYY-09-DD 15:05:54,8070,9490,7350
YYYY-09-DD 15:05:55,8080,9490,7350
YYYY-09-DD 15:05:55,8100,9490,7350
YYYY-09-DD 15:05:56,8100,9490,7350
YYYY-09-DD 15:05:57,8070,9490,7350
YYYY-09-DD 15:05:57,8100,9490,7350
YYYY-09-DD 15:05:58,8080,9490,7350
YYYY-09-DD 15:05:58,8070,9490,7350
YYYY-09-DD 15:05:59,8070,9490,7350
YYYY-09-DD 15:05:59,8070,9490,7350
YYYY-09-DD 15:06:00,8090,9490,7350
YYYY-09-DD 15:06:03,8090,9490,7350
YYYY-09-DD 15:06:04,8090,9490,7350
YYYY-09-DD 15:06:04,8090,9490,7350
YYYY-09-DD 15:06:04,8090,9490,7350
YYYY-09-DD 15:06:04,8100,9490,7350
YYYY-09-DD 15:06:05,8100,9490,7350
YYYY-09-DD 15:06:06,8100,9490,7350
YYYY-09-DD 15:06:09,8100,9490,7350
YYYY-09-DD 15:06:11,8100,9490,7350
YYYY-09-DD 15:06:11,8100,9490,7350
YYYY-09-DD 15:06:11,8100,9490,7350
YYYY-09-DD 15:06:14,8100,9490,7350
YYYY-09-DD 15:06:14,8100,9490,7350
YYYY-09-DD 15:06:17,8100,9490,7350
YYYY-09-DD 15:06:18,8100,9490,7350
YYYY-09-DD 15:06:19,8100,9490,7350
YYYY-09-DD 15:06:21,8100,9490,7350
YYYY-09-DD 15:06:22,8100,9490,7350
YYYY-09-DD 15:06:22,8110,9490,7350
YYYY-09-DD 15:06:22,8100,9490,7350
YYYY-09-DD 15:06:24,8100,9490,7350
YYYY-09-DD 15:06:24,8090,9490,7350
YYYY-09-DD 15:06:24,8100,9490,7350
YYYY-09-DD 15:06:25,8100,9490,7350
YYYY-09-DD 15:06:25,8100,9490,7350
YYYY-09-DD 15:06:27,8100,9490,7350
YYYY-09-DD 15:06:27,8110,9490,7350
YYYY-09-DD 15:06:28,8110,9490,7350
YYYY-09-DD 15:06:29,8110,9490,7350
YYYY-09-DD 15:06:29,8100,9490,7350
YYYY-09-DD 15:06:29,8110,9490,7350
YYYY-09-DD 15:06:29,8110,9490,7350
YYYY-09-DD 15:06:29,8120,9490,7350
YYYY-09-DD 15:06:30,8110,9490,7350
YYYY-09-DD 15:06:30,8110,9490,7350
YYYY-09-DD 15:06:31,8110,9490,7350
YYYY-09-DD 15:06:33,8110,9490,7350
YYYY-09-DD 15:06:33,8110,9490,7350
YYYY-09-DD 15:06:34,8110,9490,7350
YYYY-09-DD 15:06:35,8110,9490,7350
YYYY-09-DD 15:06:35,8110,9490,7350
YYYY-09-DD 15:06:37,8110,9490,7350
YYYY-09-DD 15:06:37,8110,9490,7350
YYYY-09-DD 15:06:37,8110,9490,7350
YYYY-09-DD 15:06:37,8110,9490,7350
YYYY-09-DD 15:06:40,8120,9490,7350
YYYY-09-DD 15:06:40,8130,9490,7350
YYYY-09-DD 15:06:40,8130,9490,7350
YYYY-09-DD 15:06:40,8130,9490,7350
YYYY-09-DD 15:06:41,8120,9490,7350
YYYY-09-DD 15:06:41,8120,9490,7350
YYYY-09-DD 15:06:41,8120,9490,7350
YYYY-09-DD 15:06:41,8120,9490,7350
YYYY-09-DD 15:06:42,8120,9490,7350
YYYY-09-DD 15:06:42,8120,9490,7350
YYYY-09-DD 15:06:42,8110,9490,7350
YYYY-09-DD 15:06:43,8110,9490,7350
YYYY-09-DD 15:06:44,8110,9490,7350
YYYY-09-DD 15:06:44,8110,9490,7350
YYYY-09-DD 15:06:44,8110,9490,7350
YYYY-09-DD 15:06:44,8120,9490,7350
YYYY-09-DD 15:06:45,8110,9490,7350
YYYY-09-DD 15:06:45,8110,9490,7350
YYYY-09-DD 15:06:45,8100,9490,7350
YYYY-09-DD 15:06:45,8100,9490,7350
YYYY-09-DD 15:06:45,8100,9490,7350
YYYY-09-DD 15:06:46,8110,9490,7350
YYYY-09-DD 15:06:46,8120,9490,7350
YYYY-09-DD 15:06:46,8100,9490,7350
YYYY-09-DD 15:06:46,8100,9490,7350
YYYY-09-DD 15:06:47,8110,9490,7350
YYYY-09-DD 15:06:47,8100,9490,7350
YYYY-09-DD 15:06:47,8100,9490,7350
YYYY-09-DD 15:06:48,8100,9490,7350
YYYY-09-DD 15:06:48,8100,9490,7350
YYYY-09-DD 15:06:48,8100,9490,7350
YYYY-09-DD 15:06:48,8100,9490,7350
YYYY-09-DD 15:06:49,8100,9490,7350
YYYY-09-DD 15:06:49,8090,9490,7350
YYYY-09-DD 15:06:49,8090,9490,7350
YYYY-09-DD 15:06:49,8100,9490,7350
YYYY-09-DD 15:06:51,8090,9490,7350
YYYY-09-DD 15:06:51,8100,9490,7350
YYYY-09-DD 15:06:52,8080,9490,7350
YYYY-09-DD 15:06:52,8090,9490,7350
YYYY-09-DD 15:06:52,8100,9490,7350
YYYY-09-DD 15:06:54,8090,9490,7350
YYYY-09-DD 15:06:54,8100,9490,7350
YYYY-09-DD 15:06:55,8100,9490,7350
YYYY-09-DD 15:06:58,8090,9490,7350
YYYY-09-DD 15:07:00,8090,9490,7350
YYYY-09-DD 15:07:01,8090,9490,7350
YYYY-09-DD 15:07:01,8080,9490,7350
YYYY-09-DD 15:07:01,8070,9490,7350
YYYY-09-DD 15:07:02,8100,9490,7350
YYYY-09-DD 15:07:02,8070,9490,7350
YYYY-09-DD 15:07:02,8060,9490,7350
YYYY-09-DD 15:07:02,8050,9490,7350
YYYY-09-DD 15:07:02,8040,9490,7350
YYYY-09-DD 15:07:02,8030,9490,7350
YYYY-09-DD 15:07:02,8100,9490,7350
YYYY-09-DD 15:07:03,8040,9490,7350
YYYY-09-DD 15:07:03,8050,9490,7350
YYYY-09-DD 15:07:03,8100,9490,7350
YYYY-09-DD 15:07:06,8090,9490,7350
YYYY-09-DD 15:07:07,8090,9490,7350
YYYY-09-DD 15:07:08,8070,9490,7350
YYYY-09-DD 15:07:08,8050,9490,7350
YYYY-09-DD 15:07:08,8040,9490,7350
YYYY-09-DD 15:07:10,8080,9490,7350
YYYY-09-DD 15:07:11,8070,9490,7350
YYYY-09-DD 15:07:11,8070,9490,7350
YYYY-09-DD 15:07:13,8070,9490,7350
YYYY-09-DD 15:07:13,8060,9490,7350
YYYY-09-DD 15:07:13,8050,9490,7350
YYYY-09-DD 15:07:13,8040,9490,7350
YYYY-09-DD 15:07:15,8070,9490,7350
YYYY-09-DD 15:07:15,8080,9490,7350
YYYY-09-DD 15:07:16,8060,9490,7350
YYYY-09-DD 15:07:16,8050,9490,7350
YYYY-09-DD 15:07:16,8040,9490,7350
YYYY-09-DD 15:07:22,8080,9490,7350
YYYY-09-DD 15:07:22,8090,9490,7350
YYYY-09-DD 15:07:23,8080,9490,7350
YYYY-09-DD 15:07:23,8070,9490,7350
YYYY-09-DD 15:07:24,8070,9490,7350
YYYY-09-DD 15:07:25,8070,9490,7350
YYYY-09-DD 15:07:25,8060,9490,7350
YYYY-09-DD 15:07:29,8080,9490,7350
YYYY-09-DD 15:07:29,8070,9490,7350
YYYY-09-DD 15:07:32,8080,9490,7350
YYYY-09-DD 15:07:32,8070,9490,7350
YYYY-09-DD 15:07:33,8070,9490,7350
YYYY-09-DD 15:07:36,8070,9490,7350
YYYY-09-DD 15:07:36,8070,9490,7350
YYYY-09-DD 15:07:37,8070,9490,7350
YYYY-09-DD 15:07:37,8070,9490,7350
YYYY-09-DD 15:07:38,8080,9490,7350
YYYY-09-DD 15:07:38,8070,9490,7350
YYYY-09-DD 15:07:39,8080,9490,7350
YYYY-09-DD 15:07:42,8080,9490,7350
YYYY-09-DD 15:07:42,8080,9490,7350
YYYY-09-DD 15:07:42,8090,9490,7350
YYYY-09-DD 15:07:42,8070,9490,7350
YYYY-09-DD 15:07:46,8080,9490,7350
YYYY-09-DD 15:07:47,8070,9490,7350
YYYY-09-DD 15:07:49,8080,9490,7350
YYYY-09-DD 15:07:49,8070,9490,7350
YYYY-09-DD 15:07:53,8070,9490,7350
YYYY-09-DD 15:07:53,8060,9490,7350
YYYY-09-DD 15:07:53,8050,9490,7350
YYYY-09-DD 15:07:59,8070,9490,7350
YYYY-09-DD 15:08:00,8060,9490,7350
YYYY-09-DD 15:08:00,8050,9490,7350
YYYY-09-DD 15:08:02,8050,9490,7350
YYYY-09-DD 15:08:03,8050,9490,7350
YYYY-09-DD 15:08:03,8050,9490,7350
YYYY-09-DD 15:08:04,8040,9490,7350
YYYY-09-DD 15:08:06,8040,9490,7350
YYYY-09-DD 15:08:08,8040,9490,7350
YYYY-09-DD 15:08:08,8040,9490,7350
YYYY-09-DD 15:08:08,8040,9490,7350
YYYY-09-DD 15:08:08,8030,9490,7350
YYYY-09-DD 15:08:09,8050,9490,7350
YYYY-09-DD 15:08:09,8030,9490,7350
YYYY-09-DD 15:08:10,8030,9490,7350
YYYY-09-DD 15:08:11,8020,9490,7350
YYYY-09-DD 15:08:11,8020,9490,7350
YYYY-09-DD 15:08:12,8030,9490,7350
YYYY-09-DD 15:08:12,8040,9490,7350
YYYY-09-DD 15:08:12,8020,9490,7350
YYYY-09-DD 15:08:14,8020,9490,7350
YYYY-09-DD 15:08:15,8030,9490,7350
YYYY-09-DD 15:08:15,8020,9490,7350
YYYY-09-DD 15:08:15,8020,9490,7350
YYYY-09-DD 15:08:15,8020,9490,7350
YYYY-09-DD 15:08:16,8020,9490,7350
YYYY-09-DD 15:08:16,8020,9490,7350
YYYY-09-DD 15:08:16,8030,9490,7350
YYYY-09-DD 15:08:16,8040,9490,7350
YYYY-09-DD 15:08:16,8050,9490,7350
YYYY-09-DD 15:08:16,8030,9490,7350
YYYY-09-DD 15:08:17,8030,9490,7350
YYYY-09-DD 15:08:17,8020,9490,7350
YYYY-09-DD 15:08:17,8030,9490,7350
YYYY-09-DD 15:08:17,8030,9490,7350
YYYY-09-DD 15:08:17,8020,9490,7350
YYYY-09-DD 15:08:18,8020,9490,7350
YYYY-09-DD 15:08:20,8010,9490,7350
YYYY-09-DD 15:08:21,8010,9490,7350
YYYY-09-DD 15:08:21,8010,9490,7350
YYYY-09-DD 15:08:21,8010,9490,7350
YYYY-09-DD 15:08:22,8010,9490,7350
YYYY-09-DD 15:08:22,8010,9490,7350
YYYY-09-DD 15:08:23,8010,9490,7350
YYYY-09-DD 15:08:24,8010,9490,7350
YYYY-09-DD 15:08:24,8020,9490,7350
YYYY-09-DD 15:08:24,8010,9490,7350
YYYY-09-DD 15:08:24,8020,9490,7350
YYYY-09-DD 15:08:24,8020,9490,7350
YYYY-09-DD 15:08:25,8020,9490,7350
YYYY-09-DD 15:08:25,8020,9490,7350
YYYY-09-DD 15:08:25,8010,9490,7350
YYYY-09-DD 15:08:26,8020,9490,7350
YYYY-09-DD 15:08:27,8010,9490,7350
YYYY-09-DD 15:08:27,8010,9490,7350
YYYY-09-DD 15:08:27,8000,9490,7350
YYYY-09-DD 15:08:27,8000,9490,7350
YYYY-09-DD 15:08:27,8000,9490,7350
YYYY-09-DD 15:08:27,8000,9490,7350
YYYY-09-DD 15:08:27,8000,9490,7350
YYYY-09-DD 15:08:27,8000,9490,7350
YYYY-09-DD 15:08:27,8000,9490,7350
YYYY-09-DD 15:08:27,8000,9490,7350
YYYY-09-DD 15:08:28,8000,9490,7350
YYYY-09-DD 15:08:28,8010,9490,7350
YYYY-09-DD 15:08:28,8000,9490,7350
YYYY-09-DD 15:08:29,8000,9490,7350
YYYY-09-DD 15:08:29,8000,9490,7350
YYYY-09-DD 15:08:29,8000,9490,7350
YYYY-09-DD 15:08:29,8000,9490,7350
YYYY-09-DD 15:08:29,8000,9490,7350
YYYY-09-DD 15:08:29,7990,9490,7350
YYYY-09-DD 15:08:29,7990,9490,7350
YYYY-09-DD 15:08:29,7990,9490,7350
YYYY-09-DD 15:08:30,8000,9490,7350
YYYY-09-DD 15:08:30,7990,9490,7350
YYYY-09-DD 15:08:31,7990,9490,7350
YYYY-09-DD 15:08:31,7980,9490,7350
YYYY-09-DD 15:08:31,7980,9490,7350
YYYY-09-DD 15:08:32,7980,9490,7350
YYYY-09-DD 15:08:32,7980,9490,7350
YYYY-09-DD 15:08:32,7980,9490,7350
YYYY-09-DD 15:08:32,7970,9490,7350
YYYY-09-DD 15:08:32,7970,9490,7350
YYYY-09-DD 15:08:33,7970,9490,7350
YYYY-09-DD 15:08:33,7970,9490,7350
YYYY-09-DD 15:08:33,7990,9490,7350
YYYY-09-DD 15:08:33,7970,9490,7350
YYYY-09-DD 15:08:33,7970,9490,7350
YYYY-09-DD 15:08:33,7960,9490,7350
YYYY-09-DD 15:08:33,7960,9490,7350
YYYY-09-DD 15:08:33,7960,9490,7350
YYYY-09-DD 15:08:34,7960,9490,7350
YYYY-09-DD 15:08:34,7980,9490,7350
YYYY-09-DD 15:08:34,7960,9490,7350
YYYY-09-DD 15:08:34,7960,9490,7350
YYYY-09-DD 15:08:35,7960,9490,7350
YYYY-09-DD 15:08:35,7960,9490,7350
YYYY-09-DD 15:08:35,7960,9490,7350
YYYY-09-DD 15:08:35,7960,9490,7350
YYYY-09-DD 15:08:35,7970,9490,7350
YYYY-09-DD 15:08:35,7970,9490,7350
YYYY-09-DD 15:08:36,7970,9490,7350
YYYY-09-DD 15:08:36,7970,9490,7350
YYYY-09-DD 15:08:36,7970,9490,7350
YYYY-09-DD 15:08:36,7960,9490,7350
YYYY-09-DD 15:08:37,7960,9490,7350
YYYY-09-DD 15:08:37,7960,9490,7350
YYYY-09-DD 15:08:37,7970,9490,7350
YYYY-09-DD 15:08:38,7970,9490,7350
YYYY-09-DD 15:08:38,7960,9490,7350
YYYY-09-DD 15:08:38,7970,9490,7350
YYYY-09-DD 15:08:38,7970,9490,7350
YYYY-09-DD 15:08:39,7970,9490,7350
YYYY-09-DD 15:08:39,7970,9490,7350
YYYY-09-DD 15:08:39,7980,9490,7350
YYYY-09-DD 15:08:39,7980,9490,7350
YYYY-09-DD 15:08:40,7980,9490,7350
YYYY-09-DD 15:08:40,7970,9490,7350
YYYY-09-DD 15:08:40,7980,9490,7350
YYYY-09-DD 15:08:40,7970,9490,7350
YYYY-09-DD 15:08:40,7980,9490,7350
YYYY-09-DD 15:08:40,7970,9490,7350
YYYY-09-DD 15:08:40,7970,9490,7350
YYYY-09-DD 15:08:40,7980,9490,7350
YYYY-09-DD 15:08:40,7980,9490,7350
YYYY-09-DD 15:08:41,7990,9490,7350
YYYY-09-DD 15:08:41,7990,9490,7350
YYYY-09-DD 15:08:41,7970,9490,7350
YYYY-09-DD 15:08:41,7990,9490,7350
YYYY-09-DD 15:08:41,7990,9490,7350
YYYY-09-DD 15:08:41,7990,9490,7350
YYYY-09-DD 15:08:42,7990,9490,7350
YYYY-09-DD 15:08:42,7980,9490,7350
YYYY-09-DD 15:08:42,7990,9490,7350
YYYY-09-DD 15:08:42,7990,9490,7350
YYYY-09-DD 15:08:42,7990,9490,7350
YYYY-09-DD 15:08:42,7980,9490,7350
YYYY-09-DD 15:08:42,7990,9490,7350
YYYY-09-DD 15:08:42,7990,9490,7350
YYYY-09-DD 15:08:43,7990,9490,7350
YYYY-09-DD 15:08:43,8000,9490,7350
YYYY-09-DD 15:08:43,8000,9490,7350
YYYY-09-DD 15:08:43,8000,9490,7350
YYYY-09-DD 15:08:43,8000,9490,7350
YYYY-09-DD 15:08:43,8010,9490,7350
YYYY-09-DD 15:08:43,8010,9490,7350
YYYY-09-DD 15:08:43,8000,9490,7350
YYYY-09-DD 15:08:44,8000,9490,7350
YYYY-09-DD 15:08:44,8000,9490,7350
YYYY-09-DD 15:08:44,8000,9490,7350
YYYY-09-DD 15:08:44,8000,9490,7350
YYYY-09-DD 15:08:44,8000,9490,7350
YYYY-09-DD 15:08:45,8000,9490,7350
YYYY-09-DD 15:08:45,8000,9490,7350
YYYY-09-DD 15:08:45,8000,9490,7350
YYYY-09-DD 15:08:45,8000,9490,7350
YYYY-09-DD 15:08:45,8000,9490,7350
YYYY-09-DD 15:08:45,8000,9490,7350
YYYY-09-DD 15:08:45,8000,9490,7350
YYYY-09-DD 15:08:45,7990,9490,7350
YYYY-09-DD 15:08:45,8000,9490,7350
YYYY-09-DD 15:08:45,8000,9490,7350
YYYY-09-DD 15:08:46,8000,9490,7350
YYYY-09-DD 15:08:46,8000,9490,7350
YYYY-09-DD 15:08:46,8000,9490,7350
YYYY-09-DD 15:08:46,8000,9490,7350
YYYY-09-DD 15:08:46,8000,9490,7350
YYYY-09-DD 15:08:46,8000,9490,7350
YYYY-09-DD 15:08:46,8000,9490,7350
YYYY-09-DD 15:08:46,8000,9490,7350
YYYY-09-DD 15:08:47,8000,9490,7350
YYYY-09-DD 15:08:47,8000,9490,7350
YYYY-09-DD 15:08:47,8000,9490,7350
YYYY-09-DD 15:08:47,7990,9490,7350
YYYY-09-DD 15:08:47,8000,9490,7350
YYYY-09-DD 15:08:47,8000,9490,7350
YYYY-09-DD 15:08:47,8000,9490,7350
YYYY-09-DD 15:08:48,8000,9490,7350
YYYY-09-DD 15:08:48,8000,9490,7350
YYYY-09-DD 15:08:48,8000,9490,7350
YYYY-09-DD 15:08:48,8000,9490,7350
YYYY-09-DD 15:08:48,8000,9490,7350
YYYY-09-DD 15:08:48,8000,9490,7350
YYYY-09-DD 15:08:48,8000,9490,7350
YYYY-09-DD 15:08:49,8000,9490,7350
YYYY-09-DD 15:08:49,8000,9490,7350
YYYY-09-DD 15:08:49,8000,9490,7350
YYYY-09-DD 15:08:49,8000,9490,7350
YYYY-09-DD 15:08:49,8000,9490,7350
YYYY-09-DD 15:08:49,8000,9490,7350
YYYY-09-DD 15:08:49,8000,9490,7350
YYYY-09-DD 15:08:49,8000,9490,7350
YYYY-09-DD 15:08:49,8000,9490,7350
YYYY-09-DD 15:08:49,8000,9490,7350
YYYY-09-DD 15:08:50,8000,9490,7350
YYYY-09-DD 15:08:50,8000,9490,7350
YYYY-09-DD 15:08:50,8000,9490,7350
YYYY-09-DD 15:08:50,8000,9490,7350
YYYY-09-DD 15:08:50,8000,9490,7350
YYYY-09-DD 15:08:50,8000,9490,7350
YYYY-09-DD 15:08:50,8000,9490,7350
YYYY-09-DD 15:08:51,8000,9490,7350
YYYY-09-DD 15:08:51,8000,9490,7350
YYYY-09-DD 15:08:51,8000,9490,7350
YYYY-09-DD 15:08:51,8000,9490,7350
YYYY-09-DD 15:08:51,8000,9490,7350
YYYY-09-DD 15:08:51,8000,9490,7350
YYYY-09-DD 15:08:51,8000,9490,7350
YYYY-09-DD 15:08:51,8000,9490,7350
YYYY-09-DD 15:08:52,7990,9490,7350
YYYY-09-DD 15:08:52,8000,9490,7350
YYYY-09-DD 15:08:52,8000,9490,7350
YYYY-09-DD 15:08:52,8000,9490,7350
YYYY-09-DD 15:08:52,8000,9490,7350
YYYY-09-DD 15:08:52,8000,9490,7350
YYYY-09-DD 15:08:52,8000,9490,7350
YYYY-09-DD 15:08:52,8000,9490,7350
YYYY-09-DD 15:08:52,8010,9490,7350
YYYY-09-DD 15:08:53,8010,9490,7350
YYYY-09-DD 15:08:53,8010,9490,7350
YYYY-09-DD 15:08:53,8010,9490,7350
YYYY-09-DD 15:08:53,8000,9490,7350
YYYY-09-DD 15:08:53,8000,9490,7350
YYYY-09-DD 15:08:53,8000,9490,7350
YYYY-09-DD 15:08:54,8000,9490,7350
YYYY-09-DD 15:08:54,8000,9490,7350
YYYY-09-DD 15:08:54,8000,9490,7350
YYYY-09-DD 15:08:54,8000,9490,7350
YYYY-09-DD 15:08:54,8010,9490,7350
YYYY-09-DD 15:08:54,8010,9490,7350
YYYY-09-DD 15:08:54,8010,9490,7350
YYYY-09-DD 15:08:54,8000,9490,7350
YYYY-09-DD 15:08:55,8010,9490,7350
YYYY-09-DD 15:08:55,8000,9490,7350
YYYY-09-DD 15:08:55,8010,9490,7350
YYYY-09-DD 15:08:55,8010,9490,7350
YYYY-09-DD 15:08:55,8010,9490,7350
YYYY-09-DD 15:08:55,8010,9490,7350
YYYY-09-DD 15:08:56,8010,9490,7350
YYYY-09-DD 15:08:56,8010,9490,7350
YYYY-09-DD 15:08:56,8010,9490,7350
YYYY-09-DD 15:08:56,8010,9490,7350
YYYY-09-DD 15:08:56,8010,9490,7350
YYYY-09-DD 15:08:57,8010,9490,7350
YYYY-09-DD 15:08:57,8010,9490,7350
YYYY-09-DD 15:08:57,8010,9490,7350
YYYY-09-DD 15:08:57,8010,9490,7350
YYYY-09-DD 15:08:57,8010,9490,7350
YYYY-09-DD 15:08:57,8010,9490,7350
YYYY-09-DD 15:08:57,8010,9490,7350
YYYY-09-DD 15:08:58,8010,9490,7350
YYYY-09-DD 15:08:58,8010,9490,7350
YYYY-09-DD 15:08:58,8020,9490,7350
YYYY-09-DD 15:08:58,8020,9490,7350
YYYY-09-DD 15:08:58,8000,9490,7350
YYYY-09-DD 15:08:58,8020,9490,7350
YYYY-09-DD 15:08:58,8020,9490,7350
YYYY-09-DD 15:08:58,8020,9490,7350
YYYY-09-DD 15:08:59,8020,9490,7350
YYYY-09-DD 15:08:59,8020,9490,7350
YYYY-09-DD 15:08:59,8020,9490,7350
YYYY-09-DD 15:08:59,8020,9490,7350
YYYY-09-DD 15:08:59,8020,9490,7350
YYYY-09-DD 15:08:59,8020,9490,7350
YYYY-09-DD 15:09:00,8020,9490,7350
YYYY-09-DD 15:09:00,8020,9490,7350
YYYY-09-DD 15:09:00,8020,9490,7350
YYYY-09-DD 15:09:00,8020,9490,7350
YYYY-09-DD 15:09:00,8020,9490,7350
YYYY-09-DD 15:09:01,8020,9490,7350
YYYY-09-DD 15:09:01,8020,9490,7350
YYYY-09-DD 15:09:01,8020,9490,7350
YYYY-09-DD 15:09:01,8030,9490,7350
YYYY-09-DD 15:09:01,8040,9490,7350
YYYY-09-DD 15:09:01,8050,9490,7350
YYYY-09-DD 15:09:01,8010,9490,7350
YYYY-09-DD 15:09:01,8050,9490,7350
YYYY-09-DD 15:09:01,8050,9490,7350
YYYY-09-DD 15:09:02,8050,9490,7350
YYYY-09-DD 15:09:02,8050,9490,7350
YYYY-09-DD 15:09:02,8010,9490,7350
YYYY-09-DD 15:09:02,8050,9490,7350
YYYY-09-DD 15:09:03,8040,9490,7350
YYYY-09-DD 15:09:03,8050,9490,7350
YYYY-09-DD 15:09:04,8020,9490,7350
YYYY-09-DD 15:09:05,8040,9490,7350
YYYY-09-DD 15:09:06,8040,9490,7350
YYYY-09-DD 15:09:06,8040,9490,7350
YYYY-09-DD 15:09:07,8020,9490,7350
YYYY-09-DD 15:09:08,8040,9490,7350
YYYY-09-DD 15:09:10,8020,9490,7350
YYYY-09-DD 15:09:11,8030,9490,7350
YYYY-09-DD 15:09:11,8030,9490,7350
YYYY-09-DD 15:09:12,8020,9490,7350
YYYY-09-DD 15:09:12,8020,9490,7350
YYYY-09-DD 15:09:12,8030,9490,7350
YYYY-09-DD 15:09:12,8040,9490,7350
YYYY-09-DD 15:09:14,8040,9490,7350
YYYY-09-DD 15:09:14,8040,9490,7350
YYYY-09-DD 15:09:15,8040,9490,7350
YYYY-09-DD 15:09:15,8040,9490,7350
YYYY-09-DD 15:09:15,8040,9490,7350
YYYY-09-DD 15:09:15,8040,9490,7350
YYYY-09-DD 15:09:15,8040,9490,7350
YYYY-09-DD 15:09:16,8050,9490,7350
YYYY-09-DD 15:09:16,8040,9490,7350
YYYY-09-DD 15:09:16,8030,9490,7350
YYYY-09-DD 15:09:17,8040,9490,7350
YYYY-09-DD 15:09:17,8040,9490,7350
YYYY-09-DD 15:09:18,8030,9490,7350
YYYY-09-DD 15:09:18,8030,9490,7350
YYYY-09-DD 15:09:19,8040,9490,7350
YYYY-09-DD 15:09:19,8040,9490,7350
YYYY-09-DD 15:09:20,8040,9490,7350
YYYY-09-DD 15:09:22,8040,9490,7350
YYYY-09-DD 15:09:23,8050,9490,7350
YYYY-09-DD 15:09:24,8040,9490,7350
YYYY-09-DD 15:09:25,8050,9490,7350
YYYY-09-DD 15:09:27,8050,9490,7350
YYYY-09-DD 15:09:27,8050,9490,7350
YYYY-09-DD 15:09:27,8050,9490,7350
YYYY-09-DD 15:09:28,8050,9490,7350
YYYY-09-DD 15:09:28,8050,9490,7350
YYYY-09-DD 15:09:28,8040,9490,7350
YYYY-09-DD 15:09:29,8060,9490,7350
YYYY-09-DD 15:09:30,8040,9490,7350
YYYY-09-DD 15:09:30,8050,9490,7350
YYYY-09-DD 15:09:31,8060,9490,7350
YYYY-09-DD 15:09:31,8050,9490,7350
YYYY-09-DD 15:09:32,8060,9490,7350
YYYY-09-DD 15:09:32,8070,9490,7350
YYYY-09-DD 15:09:32,8080,9490,7350
YYYY-09-DD 15:09:33,8060,9490,7350
YYYY-09-DD 15:09:34,8060,9490,7350
YYYY-09-DD 15:09:35,8050,9490,7350
YYYY-09-DD 15:09:37,8060,9490,7350
YYYY-09-DD 15:09:39,8060,9490,7350
YYYY-09-DD 15:09:39,8060,9490,7350
YYYY-09-DD 15:09:39,8060,9490,7350
YYYY-09-DD 15:09:40,8060,9490,7350
YYYY-09-DD 15:09:40,8060,9490,7350
YYYY-09-DD 15:09:41,8060,9490,7350
YYYY-09-DD 15:09:41,8060,9490,7350
YYYY-09-DD 15:09:42,8060,9490,7350
YYYY-09-DD 15:09:44,8060,9490,7350
YYYY-09-DD 15:09:45,8060,9490,7350
YYYY-09-DD 15:09:45,8060,9490,7350
YYYY-09-DD 15:09:45,8060,9490,7350
YYYY-09-DD 15:09:45,8060,9490,7350
YYYY-09-DD 15:09:45,8060,9490,7350
YYYY-09-DD 15:09:46,8060,9490,7350
YYYY-09-DD 15:09:46,8050,9490,7350
YYYY-09-DD 15:09:48,8060,9490,7350
YYYY-09-DD 15:09:48,8050,9490,7350
YYYY-09-DD 15:09:49,8050,9490,7350
YYYY-09-DD 15:09:50,8060,9490,7350
YYYY-09-DD 15:09:50,8050,9490,7350
YYYY-09-DD 15:09:50,8040,9490,7350
YYYY-09-DD 15:09:51,8040,9490,7350
YYYY-09-DD 15:09:51,8040,9490,7350
YYYY-09-DD 15:09:52,8050,9490,7350
YYYY-09-DD 15:09:53,8040,9490,7350
YYYY-09-DD 15:09:53,8030,9490,7350
YYYY-09-DD 15:09:53,8050,9490,7350
YYYY-09-DD 15:09:56,8050,9490,7350
YYYY-09-DD 15:09:56,8030,9490,7350
YYYY-09-DD 15:09:57,8050,9490,7350
YYYY-09-DD 15:09:57,8050,9490,7350
YYYY-09-DD 15:09:58,8050,9490,7350
YYYY-09-DD 15:09:59,8050,9490,7350
YYYY-09-DD 15:09:59,8040,9490,7350
YYYY-09-DD 15:10:01,8040,9490,7350
YYYY-09-DD 15:10:03,8050,9490,7350
YYYY-09-DD 15:10:06,8040,9490,7350
YYYY-09-DD 15:10:07,8050,9490,7350
YYYY-09-DD 15:10:08,8060,9490,7350
YYYY-09-DD 15:10:09,8050,9490,7350
YYYY-09-DD 15:10:10,8060,9490,7350
YYYY-09-DD 15:10:11,8060,9490,7350
YYYY-09-DD 15:10:13,8060,9490,7350
YYYY-09-DD 15:10:14,8060,9490,7350
YYYY-09-DD 15:10:14,8060,9490,7350
YYYY-09-DD 15:10:15,8060,9490,7350
YYYY-09-DD 15:10:16,8060,9490,7350
YYYY-09-DD 15:10:17,8060,9490,7350
YYYY-09-DD 15:10:20,8060,9490,7350
YYYY-09-DD 15:10:21,8060,9490,7350
YYYY-09-DD 15:10:22,8060,9490,7350
YYYY-09-DD 15:10:22,8060,9490,7350
YYYY-09-DD 15:10:22,8060,9490,7350
YYYY-09-DD 15:10:23,8060,9490,7350
YYYY-09-DD 15:10:23,8060,9490,7350
YYYY-09-DD 15:10:23,8050,9490,7350
YYYY-09-DD 15:10:24,8060,9490,7350
YYYY-09-DD 15:10:25,8060,9490,7350
YYYY-09-DD 15:10:25,8060,9490,7350
YYYY-09-DD 15:10:28,8070,9490,7350
YYYY-09-DD 15:10:29,8070,9490,7350
YYYY-09-DD 15:10:30,8070,9490,7350
YYYY-09-DD 15:10:30,8070,9490,7350
YYYY-09-DD 15:10:30,8070,9490,7350
YYYY-09-DD 15:10:31,8060,9490,7350
YYYY-09-DD 15:10:31,8070,9490,7350
YYYY-09-DD 15:10:32,8060,9490,7350
YYYY-09-DD 15:10:32,8060,9490,7350
YYYY-09-DD 15:10:34,8060,9490,7350
YYYY-09-DD 15:10:36,8070,9490,7350
YYYY-09-DD 15:10:37,8070,9490,7350
YYYY-09-DD 15:10:38,8070,9490,7350
YYYY-09-DD 15:10:38,8080,9490,7350
YYYY-09-DD 15:10:39,8060,9490,7350
YYYY-09-DD 15:10:39,8060,9490,7350
YYYY-09-DD 15:10:39,8070,9490,7350
YYYY-09-DD 15:10:40,8060,9490,7350
YYYY-09-DD 15:10:40,8050,9490,7350
YYYY-09-DD 15:10:40,8080,9490,7350
YYYY-09-DD 15:10:41,8080,9490,7350
YYYY-09-DD 15:10:41,8060,9490,7350
YYYY-09-DD 15:10:41,8080,9490,7350
YYYY-09-DD 15:10:43,8070,9490,7350
YYYY-09-DD 15:10:43,8080,9490,7350
YYYY-09-DD 15:10:44,8070,9490,7350
YYYY-09-DD 15:10:44,8070,9490,7350
YYYY-09-DD 15:10:45,8050,9490,7350
YYYY-09-DD 15:10:45,8070,9490,7350
YYYY-09-DD 15:10:46,8070,9490,7350
YYYY-09-DD 15:10:46,8060,9490,7350
YYYY-09-DD 15:10:47,8060,9490,7350
YYYY-09-DD 15:10:48,8060,9490,7350
YYYY-09-DD 15:10:50,8060,9490,7350
YYYY-09-DD 15:10:51,8060,9490,7350
YYYY-09-DD 15:10:53,8060,9490,7350
YYYY-09-DD 15:10:53,8060,9490,7350
YYYY-09-DD 15:10:53,8070,9490,7350
